pair,direction,entry_date,entry_price,stop_loss,take_profit,entry_bar,ema_aligned,volume_confirmed,volume_used,breakout_strength_atr,exit_date,exit_price,outcome,bars_held,asset_class
AUDCAD=X,LONG,2021-12-22,0.9236199855804443,0.9103135294097006,0.9502328979219319,87,True,False,False,0.051,2022-01-07,0.9103135294097006,LOSS,12.0,forex
AUDCAD=X,LONG,2022-02-23,0.9226109981536865,0.9094946976989852,0.9488435990630892,132,True,False,False,0.291,2022-04-05,0.9488435990630892,WIN,29.0,forex
AUDCAD=X,LONG,2022-07-28,0.8964800238609314,0.8817408275220089,0.9259584165387764,243,True,False,False,0.027,2022-09-08,0.8817408275220089,LOSS,30.0,forex
AUDCAD=X,LONG,2022-11-15,0.8916400074958801,0.8717501063785781,0.9314198097304842,321,True,False,False,0.021,2022-12-13,0.9314198097304842,WIN,20.0,forex
AUDCAD=X,LONG,2023-01-26,0.9510700106620789,0.9325992730029676,0.9880114859803013,373,True,False,False,0.043,2023-02-03,0.9325992730029676,LOSS,6.0,forex
AUDCAD=X,LONG,2023-11-02,0.8884850144386292,0.8728345743807797,0.919785894554328,573,True,False,False,0.452,2024-02-08,0.8728345743807797,LOSS,70.0,forex
AUDCAD=X,LONG,2024-05-16,0.9106349945068359,0.8991246810777921,0.9336556213649236,713,True,False,False,0.253,2024-07-31,0.8991246810777921,LOSS,54.0,forex
AUDCAD=X,LONG,2024-08-20,0.9180690050125122,0.9045895117474514,0.9450279915426338,781,True,False,False,0.154,2024-09-06,0.9045895117474514,LOSS,13.0,forex
AUDCAD=X,LONG,2025-02-26,0.9082900285720825,0.897763580163843,0.9293429253885617,916,True,False,False,0.085,2025-02-28,0.897763580163843,LOSS,2.0,forex
AUDCAD=X,LONG,2025-07-11,0.8999999761581421,0.8875436428428404,0.9249126427887455,1011,True,False,False,0.134,2025-07-17,0.8875436428428404,LOSS,4.0,forex
AUDCAD=X,LONG,2025-09-12,0.9221199750900269,0.9102693900183912,0.9458211452332981,1056,True,False,False,0.221,2025-09-19,0.9102693900183912,LOSS,5.0,forex
AUDCAD=X,LONG,2025-12-04,0.9214400053024292,0.911944520577941,0.9404309747514057,1115,True,False,False,0.188,2025-12-16,0.911944520577941,LOSS,8.0,forex
AUDCAD=X,LONG,2026-01-07,0.9304699897766113,0.9197867245660227,0.9518365201977885,1137,True,False,False,0.382,2026-01-28,0.9518365201977885,WIN,15.0,forex
AUDCAD=X,LONG,2026-02-23,0.9705309867858887,0.9565347634435776,0.9985234334705109,1170,True,False,False,0.119,2026-03-03,0.9565347634435776,LOSS,6.0,forex
AUDCAD=X,LONG,2026-04-08,0.9795460104942322,0.9609360241202844,1.0167659832421276,1202,True,False,False,0.372,,,OPEN,,forex
AUDCHF=X,LONG,2022-03-07,0.6803299784660339,0.6659181143409653,0.7091537067161713,140,True,False,False,0.36,2022-04-06,0.7091537067161713,WIN,22.0,forex
AUDCHF=X,LONG,2022-06-08,0.7028800249099731,0.6863858718700162,0.735868330989887,207,True,False,False,0.012,2022-06-14,0.6863858718700162,LOSS,4.0,forex
AUDCHF=X,LONG,2023-01-09,0.6388999819755554,0.6242464975471238,0.6682069508324187,360,True,False,False,0.038,2023-03-07,0.6242464975471238,LOSS,41.0,forex
AUDCHF=X,LONG,2023-06-12,0.6091499924659729,0.5960116741574296,0.6354266290830595,470,True,False,False,0.053,2023-06-26,0.5960116741574296,LOSS,10.0,forex
AUDCHF=X,LONG,2023-11-06,0.5858500003814697,0.5746710356804638,0.6082079297834815,575,True,False,False,0.108,2023-11-10,0.5746710356804638,LOSS,4.0,forex
AUDCHF=X,LONG,2024-02-19,0.5757200121879578,0.5674421178027721,0.5922758009583291,650,True,False,False,0.007,2024-03-21,0.5922758009583291,WIN,23.0,forex
AUDCHF=X,LONG,2024-05-07,0.6005200147628784,0.5907405688058396,0.6200789066769561,706,True,False,False,0.008,2024-06-07,0.5907405688058396,LOSS,23.0,forex
AUDCHF=X,LONG,2024-07-11,0.6071619987487793,0.5989382894908611,0.6236094172646156,753,True,False,False,0.044,2024-07-17,0.5989382894908611,LOSS,4.0,forex
AUDCHF=X,LONG,2024-09-23,0.5793600082397461,0.5671907771869293,0.6036984703453796,805,True,False,False,0.015,2024-10-29,0.5671907771869293,LOSS,26.0,forex
AUDCHF=X,LONG,2025-02-12,0.5749599933624268,0.5656062818952018,0.5936674162968767,906,True,False,False,0.026,2025-02-25,0.5656062818952018,LOSS,9.0,forex
AUDCHF=X,LONG,2025-05-07,0.5371599793434143,0.5212021323066196,0.5690756734170037,964,True,False,False,0.216,2025-06-23,0.5212021323066196,LOSS,33.0,forex
AUDCHF=X,LONG,2025-09-12,0.5305989980697632,0.5225920625739837,0.5466128690613221,1056,True,False,False,0.152,2025-09-22,0.5225920625739837,LOSS,6.0,forex
AUDCHF=X,LONG,2025-12-05,0.5309299826622009,0.5211159884974303,0.5505579709917421,1116,True,False,False,0.006,2026-02-12,0.5505579709917421,WIN,47.0,forex
AUDCHF=X,LONG,2026-03-03,0.5532799959182739,0.5409958508593984,0.577848286036025,1176,True,False,False,0.197,2026-08-18,0.577848286036025,WIN,120.0,forex
AUDJPY=X,LONG,2022-03-03,84.24700164794922,82.22927490282868,88.2824551381903,138,True,False,False,0.023,2022-03-18,88.2824551381903,WIN,11.0,forex
AUDJPY=X,LONG,2022-03-21,88.36599731445312,86.07612278985907,92.94574636364123,150,True,False,False,0.013,2022-03-28,92.94574636364123,WIN,5.0,forex
AUDJPY=X,LONG,2022-04-20,95.62000274658203,93.12042660372964,100.61915503228681,172,True,False,False,0.49,2022-04-22,93.12042660372964,LOSS,2.0,forex
AUDJPY=X,LONG,2022-06-03,94.39600372314453,91.38294227919394,100.42212661104571,204,True,False,False,0.125,2022-08-02,91.38294227919394,LOSS,42.0,forex
AUDJPY=X,LONG,2023-06-19,97.48999786376953,95.0551120920696,102.35976940716938,475,True,False,False,0.122,2023-07-07,95.0551120920696,LOSS,14.0,forex
AUDJPY=X,LONG,2023-11-02,96.70899963378906,94.80799234863827,100.51101420409066,573,True,False,False,0.265,2023-12-08,94.80799234863827,LOSS,26.0,forex
AUDJPY=X,LONG,2024-01-11,97.6729965209961,95.68234118729798,101.65430718839232,623,True,False,False,0.088,2024-02-01,95.68234118729798,LOSS,15.0,forex
AUDJPY=X,LONG,2024-03-21,99.4540023803711,97.90160359031809,102.5587999604771,673,True,False,False,0.526,2024-04-19,97.90160359031809,LOSS,21.0,forex
AUDJPY=X,LONG,2024-04-29,103.48999786376953,101.13712174113351,108.19575010904157,700,True,False,False,0.506,2024-05-02,101.13712174113351,LOSS,3.0,forex
AUDJPY=X,LONG,2024-06-19,105.12699890136719,103.2639366022133,108.85312349967495,737,True,False,False,0.058,2024-07-10,108.85312349967495,WIN,15.0,forex
AUDJPY=X,LONG,2024-10-03,100.9260025024414,97.67187391094721,107.4342596854298,813,True,False,False,0.116,2024-11-29,97.67187391094721,LOSS,41.0,forex
AUDJPY=X,LONG,2025-05-12,93.62000274658203,91.0240253219628,98.8119575958205,967,True,False,False,0.127,2025-10-06,98.8119575958205,WIN,105.0,forex
AUDJPY=X,LONG,2025-10-07,99.45999908447266,97.88009050809283,102.6198162372323,1073,True,False,False,0.152,2025-10-14,97.88009050809283,LOSS,5.0,forex
AUDJPY=X,LONG,2025-11-20,101.87999725341797,99.75309701696722,106.13379772631947,1105,True,False,False,0.064,2026-01-12,106.13379772631947,WIN,35.0,forex
AUDJPY=X,LONG,2026-01-23,108.40299987792969,106.34189721310867,112.52520520757173,1149,True,False,False,0.195,2026-01-26,106.34189721310867,LOSS,1.0,forex
AUDJPY=X,LONG,2026-02-09,110.59300231933594,107.77353324001005,116.2319404779877,1160,True,False,False,0.246,2026-02-13,107.77353324001005,LOSS,4.0,forex
AUDJPY=X,LONG,2026-03-03,111.73500061035156,108.97740621366688,117.25018940372092,1176,True,False,False,0.039,2026-03-31,108.97740621366688,LOSS,20.0,forex
AUDJPY=X,LONG,2026-04-16,113.95099639892578,111.77275175231169,118.30748569215396,1208,True,False,False,0.076,2026-04-30,111.77275175231169,LOSS,10.0,forex
AUDNZD=X,LONG,2022-02-01,1.0745999813079834,1.063006634229288,1.097786675465374,116,True,False,False,0.142,2022-03-15,1.063006634229288,LOSS,30.0,forex
AUDNZD=X,LONG,2022-03-29,1.0857199430465698,1.073101997131144,1.1109558348774216,156,True,False,False,0.029,2022-03-31,1.073101997131144,LOSS,2.0,forex
AUDNZD=X,LONG,2022-07-28,1.1172599792480469,1.1034176337845978,1.144944670174945,243,True,False,False,0.107,2022-08-02,1.1034176337845978,LOSS,3.0,forex
AUDNZD=X,LONG,2022-09-20,1.1284689903259277,1.1157384437791467,1.1539300834194899,281,True,False,False,0.099,2022-10-13,1.1157384437791467,LOSS,17.0,forex
AUDNZD=X,LONG,2023-01-13,1.0907330513000488,1.0688010343160128,1.1345970852681209,364,True,False,False,0.034,2023-03-14,1.0688010343160128,LOSS,42.0,forex
AUDNZD=X,LONG,2023-04-17,1.0811619758605957,1.0647497934606482,1.1139863406604906,430,True,False,False,0.018,2023-05-04,1.0647497934606482,LOSS,13.0,forex
AUDNZD=X,LONG,2023-08-29,1.0880500078201294,1.0775567628087375,1.1090364978429132,526,True,False,False,0.135,2023-09-14,1.0775567628087375,LOSS,12.0,forex
AUDNZD=X,LONG,2024-03-21,1.0834399461746216,1.073413343347126,1.1034931518296127,673,True,False,False,0.299,2024-06-04,1.073413343347126,LOSS,53.0,forex
AUDNZD=X,LONG,2024-07-02,1.0972100496292114,1.0859051137475264,1.1198199213925815,746,True,False,False,0.143,2024-08-05,1.0859051137475264,LOSS,24.0,forex
AUDNZD=X,LONG,2024-10-03,1.099910020828247,1.0875896949196586,1.124550672645424,813,True,False,False,0.188,2024-10-04,1.0875896949196586,LOSS,1.0,forex
AUDNZD=X,LONG,2024-11-08,1.1086299419403076,1.0959231177804032,1.1340435902601165,839,True,False,False,0.069,2024-12-05,1.0959231177804032,LOSS,19.0,forex
AUDNZD=X,LONG,2024-12-25,1.1180000305175781,1.1045991089960396,1.144801873560655,872,True,False,False,1.158,2024-12-26,1.1045991089960396,LOSS,1.0,forex
AUDNZD=X,LONG,2025-05-14,1.0903300046920776,1.0782477718119472,1.1144944704523385,969,True,False,False,0.02,2025-05-28,1.0782477718119472,LOSS,10.0,forex
AUDNZD=X,LONG,2025-08-26,1.1080299615859985,1.098046047567597,1.1279977896228015,1043,True,False,False,0.05,2025-09-24,1.1279977896228015,WIN,21.0,forex
AUDNZD=X,LONG,2025-09-30,1.1378799676895142,1.1276192343322489,1.1584014344040447,1068,True,False,False,0.191,2025-11-10,1.1584014344040447,WIN,29.0,forex
AUDNZD=X,LONG,2025-12-29,1.1523900032043457,1.1417722038742277,1.1736256018645816,1131,True,False,False,0.051,2026-02-11,1.1736256018645816,WIN,31.0,forex
AUDNZD=X,LONG,2026-02-12,1.1779600381851196,1.1649174687838868,1.2040451769875853,1163,True,False,False,0.144,2026-03-11,1.2040451769875853,WIN,19.0,forex
AUDNZD=X,LONG,2026-04-08,1.2181199789047241,1.2036884068059883,1.2469831231021957,1202,True,False,False,0.08,2026-05-29,1.2036884068059883,LOSS,37.0,forex
AUDUSD=X,LONG,2022-03-07,0.7394808530807495,0.722814387514679,0.7728137842128906,140,True,False,False,0.236,2022-03-14,0.722814387514679,LOSS,5.0,forex
AUDUSD=X,LONG,2022-03-23,0.7462301850318909,0.7269331352029245,0.7848242846898237,152,True,False,False,0.128,2022-04-22,0.7269331352029245,LOSS,22.0,forex
AUDUSD=X,LONG,2022-06-03,0.726900041103363,0.7082524154771539,0.7641952923557813,204,True,False,False,0.119,2022-06-10,0.7082524154771539,LOSS,5.0,forex
AUDUSD=X,LONG,2022-07-28,0.6994900107383728,0.6817835924344743,0.7349028473461698,243,True,False,False,0.132,2022-09-01,0.6817835924344743,LOSS,25.0,forex
AUDUSD=X,LONG,2022-11-11,0.6606900691986084,0.6317080035407825,0.7186542005142602,319,True,False,False,0.068,2023-10-03,0.6317080035407825,LOSS,232.0,forex
AUDUSD=X,LONG,2023-11-06,0.6516865491867065,0.6369099444997334,0.6812397585606529,575,True,False,False,0.104,2023-11-10,0.6369099444997334,LOSS,4.0,forex
AUDUSD=X,LONG,2023-12-04,0.6682884097099304,0.6538645639950784,0.6971361011396344,595,True,False,False,0.129,2023-12-07,0.6538645639950784,LOSS,3.0,forex
AUDUSD=X,LONG,2024-05-16,0.6701065301895142,0.6570159926377545,0.6962876052930336,713,True,False,False,0.219,2024-07-25,0.6570159926377545,LOSS,50.0,forex
AUDUSD=X,LONG,2024-08-20,0.6735321879386902,0.6608338369141474,0.6989288899877757,781,True,False,False,0.192,2024-10-28,0.6608338369141474,LOSS,49.0,forex
AUDUSD=X,LONG,2025-02-21,0.6404098868370056,0.6286773825254033,0.6638748954602103,913,True,False,False,0.121,2025-02-27,0.6286773825254033,LOSS,4.0,forex
AUDUSD=X,LONG,2025-04-22,0.6421988606452942,0.6206574606895016,0.6852816605568794,953,True,False,False,0.289,2026-01-23,0.6852816605568794,WIN,196.0,forex
AUDUSD=X,LONG,2026-01-26,0.691399872303009,0.6794191750407899,0.7153612668274474,1150,True,False,False,0.551,2026-03-11,0.7153612668274474,WIN,32.0,forex
AUDUSD=X,LONG,2026-04-16,0.7175799012184143,0.7012314909281973,0.7502767217988484,1208,True,False,False,0.114,2026-06-10,0.7012314909281973,LOSS,39.0,forex
CADCHF=X,LONG,2022-01-11,0.7319999933242798,0.7203688482031252,0.755262283566589,101,True,False,False,0.134,2022-01-24,0.7203688482031252,LOSS,9.0,forex
CADCHF=X,LONG,2022-03-16,0.7366700172424316,0.7236190822272344,0.7627718872728262,147,True,False,False,0.123,2022-04-29,0.7627718872728262,WIN,32.0,forex
CADCHF=X,LONG,2022-05-16,0.7759000062942505,0.7623868078042301,0.8029264032742913,190,True,False,False,0.112,2022-05-19,0.7623868078042301,LOSS,3.0,forex
CADCHF=X,LONG,2023-06-05,0.6773899793624878,0.6655410662374471,0.7010878056125691,465,True,False,False,0.199,2023-07-11,0.6655410662374471,LOSS,26.0,forex
CADCHF=X,LONG,2023-09-26,0.6780700087547302,0.66821861694513,0.6977727923739308,546,True,False,False,0.085,2023-10-04,0.66821861694513,LOSS,6.0,forex
CADCHF=X,LONG,2023-12-18,0.6505699753761292,0.6419355706798558,0.6678387847686758,605,False,False,False,0.107,2023-12-21,0.6419355706798558,LOSS,3.0,forex
CADCHF=X,LONG,2024-02-08,0.6492400169372559,0.6395535366110978,0.6686129775895719,643,True,False,False,0.248,2024-04-02,0.6686129775895719,WIN,38.0,forex
CADCHF=X,LONG,2024-07-03,0.6606900095939636,0.65233001173296,0.6774100053159708,747,True,False,False,0.019,2024-07-17,0.65233001173296,LOSS,10.0,forex
CADCHF=X,LONG,2025-02-12,0.6390299797058105,0.6294033864978772,0.6582831661216773,906,True,False,False,0.106,2025-02-24,0.6294033864978772,LOSS,8.0,forex
CADJPY=X,LONG,2022-01-12,91.69200134277344,89.83566964631426,95.4046647356918,102,True,False,False,0.001,2022-01-24,89.83566964631426,LOSS,8.0,forex
CADJPY=X,LONG,2022-03-14,92.27799987792969,90.30556212521934,96.22287538335038,145,True,False,False,0.117,2022-03-23,96.22287538335038,WIN,7.0,forex
CADJPY=X,LONG,2022-03-25,97.68000030517578,95.50221771271913,102.03556549008908,154,True,False,False,0.198,2022-04-19,102.03556549008908,WIN,17.0,forex
CADJPY=X,LONG,2022-04-20,102.6050033569336,100.36745860639516,107.08009285801046,172,True,False,False,0.417,2022-04-25,100.36745860639516,LOSS,3.0,forex
CADJPY=X,LONG,2022-06-03,103.34600067138672,100.61138519371987,108.81523162672042,204,True,False,False,0.108,2022-09-06,108.81523162672042,WIN,67.0,forex
CADJPY=X,LONG,2022-10-18,108.625,106.12560889422589,113.62378221154822,301,True,False,False,0.133,2022-11-10,106.12560889422589,LOSS,17.0,forex
CADJPY=X,LONG,2023-04-12,99.21900177001953,96.74957489990247,104.15785551025365,427,True,False,False,0.025,2023-06-05,104.15785551025365,WIN,38.0,forex
CADJPY=X,LONG,2023-06-23,108.79100036621094,106.30543603575151,113.76212902712979,479,True,False,False,0.164,2023-07-11,106.30543603575151,LOSS,12.0,forex
CADJPY=X,LONG,2023-09-15,109.12000274658203,107.36404132525347,112.63192558923916,539,True,False,False,0.052,2023-11-21,107.36404132525347,LOSS,47.0,forex
CADJPY=X,LONG,2024-01-22,110.25800323486328,108.22936630670827,114.3152770911733,630,True,False,False,0.036,2024-04-26,114.3152770911733,WIN,69.0,forex
CADJPY=X,LONG,2024-04-29,115.85399627685547,113.7901634637003,119.98166190316581,700,True,False,False,0.585,2024-05-02,113.7901634637003,LOSS,3.0,forex
CADJPY=X,LONG,2024-05-28,115.0739974975586,113.3293459093081,118.56330067405958,721,True,False,False,0.016,2024-06-04,113.3293459093081,LOSS,5.0,forex
CADJPY=X,LONG,2024-06-21,116.14099884033203,114.44551888497413,119.53195875104782,739,True,False,False,0.206,2024-07-17,114.44551888497413,LOSS,18.0,forex
CADJPY=X,LONG,2025-06-17,106.61299896240234,104.49419845512853,110.85059997694998,993,True,False,False,0.207,2025-11-18,110.85059997694998,WIN,110.0,forex
CADJPY=X,LONG,2025-11-19,111.19000244140625,109.2816850378033,115.00663724861215,1104,True,False,False,0.099,2026-01-23,115.00663724861215,WIN,45.0,forex
CADJPY=X,LONG,2026-03-09,116.45600128173828,114.35208051895557,120.6638428073037,1180,True,False,False,0.512,2026-03-31,114.35208051895557,LOSS,16.0,forex
CADJPY=X,LONG,2026-07-15,115.41100311279297,114.15480574272813,117.92339785292265,1272,True,False,False,0.209,2026-07-30,114.15480574272813,LOSS,11.0,forex
CHFJPY=X,LONG,2022-03-21,127.82099914550781,125.9517033386849,131.55959075915365,150,True,False,False,0.158,2022-03-25,131.55959075915365,WIN,4.0,forex
CHFJPY=X,LONG,2022-06-02,135.09300231933594,132.27293089537295,140.7331451672619,203,True,False,False,0.1,2022-06-21,140.7331451672619,WIN,13.0,forex
CHFJPY=X,LONG,2022-09-06,143.465087890625,140.71947704953956,148.95630957279587,271,True,False,False,0.028,2022-09-12,148.95630957279587,WIN,4.0,forex
CHFJPY=X,LONG,2023-02-21,145.4945526123047,142.60159673759802,151.28046436171803,391,True,False,False,0.019,2023-03-16,142.60159673759802,LOSS,17.0,forex
CHFJPY=X,LONG,2023-04-12,147.9239959716797,144.3871848231944,154.99761826865029,427,True,False,False,0.022,2023-05-26,154.99761826865029,WIN,32.0,forex
CHFJPY=X,LONG,2023-05-29,155.25999450683594,152.5978034693367,160.58437658183442,460,True,False,False,0.071,2023-06-01,152.5978034693367,LOSS,3.0,forex
CHFJPY=X,LONG,2023-06-23,159.802001953125,156.65112924288937,166.10374737359626,479,True,False,False,0.228,2023-08-15,166.10374737359626,WIN,37.0,forex
CHFJPY=X,LONG,2023-08-22,166.4499969482422,163.4592030290339,172.4315847866588,521,True,False,False,0.045,2023-09-21,163.4592030290339,LOSS,22.0,forex
CHFJPY=X,LONG,2023-10-17,166.1020050048828,163.621333517826,171.06334797899643,561,True,False,False,0.008,2023-12-08,163.621333517826,LOSS,38.0,forex
CHFJPY=X,LONG,2024-01-11,171.3350067138672,167.01389237442578,179.97723539275,623,True,False,False,0.084,2024-03-27,167.01389237442578,LOSS,54.0,forex
CHFJPY=X,LONG,2024-04-29,173.14700317382812,170.26396599744618,178.91307752659202,700,True,False,False,0.481,2024-05-02,170.26396599744618,LOSS,3.0,forex
CHFJPY=X,LONG,2024-05-31,173.7239990234375,171.4213153407172,178.3293663888781,724,True,False,False,0.293,2024-06-18,178.3293663888781,WIN,12.0,forex
CHFJPY=X,LONG,2024-07-04,179.3800048828125,177.5054828661934,183.1290489160507,748,True,False,False,0.056,2024-07-11,177.5054828661934,LOSS,5.0,forex
CHFJPY=X,LONG,2024-10-07,173.2969970703125,169.71158560259786,180.46782000574177,815,True,False,False,0.091,2024-12-02,169.71158560259786,LOSS,40.0,forex
CHFJPY=X,LONG,2025-04-11,175.09169006347656,171.31351444153302,182.64804130736366,948,True,False,False,0.223,2025-07-07,182.64804130736366,WIN,59.0,forex
CHFJPY=X,LONG,2025-07-09,184.48599243164062,181.83066558060125,189.79664613371938,1009,True,False,False,0.175,2025-08-05,181.83066558060125,LOSS,19.0,forex
CHFJPY=X,LONG,2025-09-08,185.59771728515625,183.40407213734193,189.9850075807849,1052,True,False,False,0.439,2025-10-08,189.9850075807849,WIN,22.0,forex
CHFJPY=X,LONG,2025-12-12,195.70599365234375,193.01759665919224,201.08278763864678,1121,True,False,False,0.022,2026-01-23,201.08278763864678,WIN,28.0,forex
CHFJPY=X,LONG,2026-02-09,202.6510009765625,199.2744525332884,209.40409786311068,1160,True,False,False,0.034,2026-02-11,199.2744525332884,LOSS,2.0,forex
CHFJPY=X,LONG,2026-04-14,203.25799560546875,200.24363181990813,209.28672317659,1206,True,False,False,0.279,2026-04-30,200.24363181990813,LOSS,12.0,forex
EURAUD=X,LONG,2022-02-04,1.6009999513626099,1.569950976661927,1.6630979007639755,119,True,False,False,0.053,2022-02-22,1.569950976661927,LOSS,12.0,forex
EURAUD=X,LONG,2022-04-25,1.4941999912261963,1.4563586224660878,1.5698827287464132,175,False,False,False,0.008,2022-07-26,1.4563586224660878,LOSS,66.0,forex
EURAUD=X,LONG,2022-09-08,1.4804999828338623,1.4498107605252042,1.5418784274511785,273,True,False,False,0.039,2022-10-10,1.5418784274511785,WIN,22.0,forex
EURAUD=X,LONG,2022-12-06,1.5654900074005127,1.5322950271752371,1.6318799678510638,336,True,False,False,0.047,2023-01-25,1.5322950271752371,LOSS,36.0,forex
EURAUD=X,LONG,2023-03-10,1.6065900325775146,1.5762354117275417,1.6672992742774606,404,True,False,False,0.182,2023-04-26,1.6672992742774606,WIN,33.0,forex
EURAUD=X,LONG,2023-08-02,1.6633800268173218,1.6264713413675786,1.737197397716808,507,True,False,False,0.17,2023-12-14,1.6264713413675786,LOSS,96.0,forex
EURAUD=X,LONG,2024-07-25,1.648550033569336,1.6288589315079443,1.6879322376921193,763,True,False,False,0.132,2024-08-05,1.6879322376921193,WIN,7.0,forex
EURAUD=X,LONG,2024-10-29,1.6432199478149414,1.6192516826664287,1.6911564781119668,831,True,False,False,0.043,2024-11-07,1.6192516826664287,LOSS,7.0,forex
EURAUD=X,LONG,2024-12-19,1.6676100492477417,1.6405664772687056,1.7216971932058138,868,True,False,False,0.226,2024-12-25,1.6405664772687056,LOSS,4.0,forex
EURAUD=X,LONG,2025-03-04,1.6866999864578247,1.6617473732341232,1.7366052129052276,920,True,False,False,0.378,2025-03-11,1.7366052129052276,WIN,5.0,forex
EURAUD=X,LONG,2025-04-09,1.8436800241470337,1.7894951182229226,1.9520498359952558,946,True,False,False,0.233,2025-04-10,1.7894951182229226,LOSS,1.0,forex
EURAUD=X,LONG,2025-08-18,1.797629952430725,1.7754138068923402,1.842062243507495,1037,True,False,False,0.014,2025-09-10,1.7754138068923402,LOSS,17.0,forex
EURAUD=X,LONG,2025-10-17,1.804669976234436,1.7764540993331828,1.8611017300369426,1081,True,False,False,0.404,2025-10-27,1.7764540993331828,LOSS,6.0,forex
EURCAD=X,LONG,2022-02-04,1.4498599767684937,1.4249367314806247,1.4997064673442315,119,True,False,False,0.007,2022-02-28,1.4249367314806247,LOSS,16.0,forex
EURCAD=X,LONG,2022-09-30,1.3440699577331543,1.3177244660726743,1.3967609410541142,289,True,False,False,0.26,2022-11-28,1.3967609410541142,WIN,41.0,forex
EURCAD=X,LONG,2022-12-02,1.4144400358200073,1.3871483538413207,1.4690233997773805,334,True,False,False,0.06,2023-03-10,1.4690233997773805,WIN,70.0,forex
EURCAD=X,LONG,2023-03-23,1.490880012512207,1.4651025232211965,1.542434991094228,413,True,False,False,0.781,2023-04-03,1.4651025232211965,LOSS,7.0,forex
EURCAD=X,LONG,2023-04-24,1.4876999855041504,1.465534186095966,1.532031584320519,435,True,False,False,0.028,2023-05-10,1.465534186095966,LOSS,12.0,forex
EURCAD=X,LONG,2023-07-11,1.4608399868011475,1.4409894896684978,1.5005409810664467,491,True,False,False,0.057,2023-09-14,1.4409894896684978,LOSS,47.0,forex
EURCAD=X,LONG,2024-05-24,1.4847999811172485,1.4734588767132082,1.5074821899253292,719,True,False,False,0.157,2024-06-14,1.4734588767132082,LOSS,15.0,forex
EURCAD=X,LONG,2024-08-05,1.5146600008010864,1.4971907235018,1.5495985553996592,770,True,False,False,0.106,2024-08-08,1.4971907235018,LOSS,3.0,forex
EURCAD=X,LONG,2024-11-01,1.5166599750518799,1.5009147012211337,1.5481505227133723,834,True,False,False,0.31,2024-11-06,1.5009147012211337,LOSS,3.0,forex
EURCAD=X,LONG,2024-12-10,1.496019959449768,1.4742666994935976,1.539526479362109,861,True,False,False,0.006,2025-01-13,1.4742666994935976,LOSS,23.0,forex
EURCAD=X,LONG,2025-03-04,1.5193400382995605,1.4990527169020906,1.5599146810945004,920,True,False,False,0.663,2025-03-07,1.5599146810945004,WIN,3.0,forex
EURCAD=X,LONG,2025-06-24,1.5922000408172607,1.570646941358434,1.635306239734914,998,True,False,False,0.283,2025-09-29,1.635306239734914,WIN,69.0,forex
EURCAD=X,LONG,2025-10-17,1.6431599855422974,1.6247832074356425,1.679913541755607,1081,True,False,False,0.335,2025-10-22,1.6247832074356425,LOSS,3.0,forex
EURCAD=X,LONG,2026-01-28,1.6331199407577515,1.6186105412105047,1.662138739852245,1152,True,False,False,0.074,2026-01-29,1.6186105412105047,LOSS,1.0,forex
EURCAD=X,LONG,2026-04-08,1.6174499988555908,1.59767288524863,1.6570042260695126,1202,True,False,False,0.309,2026-04-23,1.59767288524863,LOSS,11.0,forex
EURCAD=X,LONG,2026-06-15,1.6200300455093384,1.6056704083119704,1.6487493199040744,1250,True,False,False,0.006,2026-07-14,1.6056704083119704,LOSS,21.0,forex
EURCHF=X,LONG,2022-01-11,1.0504800081253052,1.0404342466741134,1.0705715310276886,101,True,False,False,0.44,2022-01-18,1.0404342466741134,LOSS,5.0,forex
EURCHF=X,LONG,2022-02-07,1.059399962425232,1.0463137082504248,1.0855724707748462,120,True,False,False,0.012,2022-02-14,1.0463137082504248,LOSS,5.0,forex
EURCHF=X,LONG,2022-05-10,1.0491000413894653,1.0318498965948104,1.0836003309787752,186,True,False,False,0.002,2022-05-19,1.0318498965948104,LOSS,7.0,forex
EURCHF=X,LONG,2022-10-27,0.9939799904823303,0.9779627788787544,1.0260144136894822,308,True,False,False,0.066,2022-11-11,0.9779627788787544,LOSS,11.0,forex
EURCHF=X,LONG,2023-01-12,1.0019999742507935,0.9884940827309251,1.0290117572905302,363,True,False,False,0.012,2023-01-18,0.9884940827309251,LOSS,4.0,forex
EURCHF=X,LONG,2023-11-06,0.964900016784668,0.9533419621567959,0.9880161260404121,575,True,False,False,0.045,2023-11-30,0.9533419621567959,LOSS,18.0,forex
EURCHF=X,LONG,2024-02-20,0.9512500166893005,0.9413454591019405,0.9710591318640207,651,True,False,False,0.061,2024-03-21,0.9710591318640207,WIN,22.0,forex
EURCHF=X,LONG,2024-05-17,0.9846500158309937,0.9749664762217045,1.004017095049572,714,True,False,False,0.192,2024-06-03,0.9749664762217045,LOSS,11.0,forex
EURCHF=X,LONG,2024-09-23,0.9495400190353394,0.9377574705036772,0.9731051160986637,805,True,False,False,0.126,2024-10-01,0.9377574705036772,LOSS,6.0,forex
EURCHF=X,LONG,2024-12-17,0.9401800036430359,0.9304093194592699,0.959721372010568,866,True,False,False,0.223,2024-12-20,0.9304093194592699,LOSS,3.0,forex
EURCHF=X,LONG,2025-03-06,0.961430013179779,0.9473747000957647,0.9895406393478077,922,True,False,False,0.41,2025-04-04,0.9473747000957647,LOSS,21.0,forex
EURCHF=X,LONG,2026-06-04,0.9183300137519836,0.9113983489622053,0.9321933433315404,1243,False,False,False,0.164,2026-07-29,0.9321933433315404,WIN,39.0,forex
EURCHF=X,LONG,2026-08-14,0.9389700293540955,0.9322407579434802,0.9524285721753261,1294,True,False,False,0.22,2026-08-19,0.9322407579434802,LOSS,3.0,forex
EURGBP=X,LONG,2021-12-09,0.858739972114563,0.8478136422159397,0.8805926319118096,78,True,False,False,0.057,2021-12-16,0.8478136422159397,LOSS,5.0,forex
EURGBP=X,LONG,2022-03-31,0.8492699861526489,0.8347814403938107,0.8782470776703253,158,True,False,False,0.011,2022-04-05,0.8347814403938107,LOSS,3.0,forex
EURGBP=X,LONG,2022-05-12,0.8591300249099731,0.8445853412759007,0.8882193921781181,188,True,False,False,0.025,2022-05-17,0.8445853412759007,LOSS,3.0,forex
EURGBP=X,LONG,2022-06-15,0.8689000010490417,0.8534058473183284,0.8998883085104685,212,True,False,False,0.093,2022-06-16,0.8534058473183284,LOSS,1.0,forex
EURGBP=X,LONG,2022-09-01,0.8654900193214417,0.8521009396924807,0.8922681785793636,268,True,False,False,0.043,2022-09-26,0.8922681785793636,WIN,17.0,forex
EURGBP=X,LONG,2022-10-10,0.9789999723434448,0.9565306821829593,1.0239385526644158,295,True,False,False,4.933,2022-10-11,0.9565306821829593,LOSS,1.0,forex
EURGBP=X,LONG,2022-12-22,0.8782899975776672,0.8623983676136291,0.9100732575057435,348,True,False,False,0.043,2023-05-31,0.8623983676136291,LOSS,114.0,forex
EURGBP=X,LONG,2023-10-20,0.8720899820327759,0.8642890683850252,0.8876918093282773,564,True,False,False,0.097,2023-11-29,0.8642890683850252,LOSS,28.0,forex
EURGBP=X,LONG,2024-04-22,0.8611999750137329,0.8546487473950797,0.8743024302510394,695,True,False,False,0.519,2024-04-29,0.8546487473950797,LOSS,5.0,forex
EURGBP=X,LONG,2024-08-08,0.8618800044059753,0.852232521860138,0.8811749694976501,773,True,False,False,0.017,2024-08-16,0.852232521860138,LOSS,6.0,forex
EURGBP=X,LONG,2025-03-11,0.8417900204658508,0.83237247113686,0.8606251191238325,925,True,False,False,0.028,2025-03-28,0.83237247113686,LOSS,13.0,forex
EURGBP=X,LONG,2025-04-11,0.8664299845695496,0.8507566940001123,0.897776565708424,948,True,False,False,0.031,2025-04-28,0.8507566940001123,LOSS,9.0,forex
EURGBP=X,LONG,2025-07-01,0.8583599925041199,0.8498324359677439,0.8754151055768717,1003,True,False,False,0.07,2025-10-28,0.8754151055768717,WIN,85.0,forex
EURGBP=X,LONG,2025-11-05,0.8820000290870667,0.8736894811740723,0.8986211249130553,1094,True,False,False,0.082,2025-12-04,0.8736894811740723,LOSS,21.0,forex
EURJPY=X,LONG,2022-03-23,133.82699584960938,130.71525035243474,140.05048684395865,152,True,False,False,0.35,2022-06-03,140.05048684395865,WIN,52.0,forex
EURJPY=X,LONG,2022-06-07,141.3040008544922,138.08362646995295,147.74474962357067,206,True,False,False,0.302,2022-06-16,138.08362646995295,LOSS,7.0,forex
EURJPY=X,LONG,2022-09-01,139.83200073242188,136.5464217017381,146.40315879378943,268,True,False,False,0.105,2022-10-17,146.40315879378943,WIN,32.0,forex
EURJPY=X,LONG,2022-10-18,146.63600158691406,142.83076145785088,154.24648184504042,301,True,False,False,0.108,2022-11-11,142.83076145785088,LOSS,18.0,forex
EURJPY=X,LONG,2023-02-28,144.60899353027344,141.6243318651776,150.57831686046512,396,True,False,False,0.111,2023-03-13,141.6243318651776,LOSS,9.0,forex
EURJPY=X,LONG,2023-04-17,147.1300048828125,143.82499021698516,153.7400342144672,430,True,False,False,0.081,2023-06-16,153.7400342144672,WIN,44.0,forex
EURJPY=X,LONG,2023-06-19,155.17999267578125,152.33590727969604,160.86816346795166,475,True,False,False,0.165,2023-07-28,152.33590727969604,LOSS,29.0,forex
EURJPY=X,LONG,2023-08-31,159.66799926757812,156.960851492429,165.0822948178764,528,True,False,False,0.07,2023-09-11,156.960851492429,LOSS,7.0,forex
EURJPY=X,LONG,2023-10-24,159.7899932861328,157.56256683808934,164.24484618221976,566,True,False,False,0.299,2023-11-16,164.24484618221976,WIN,17.0,forex
EURJPY=X,LONG,2024-01-11,159.93899536132812,156.0537832145637,167.70941965485696,623,True,False,False,0.09,2024-04-26,167.70941965485696,WIN,76.0,forex
EURJPY=X,LONG,2024-04-29,169.39999389648438,166.26230728415706,175.675367121139,700,True,False,False,0.583,2024-05-02,166.26230728415706,LOSS,3.0,forex
EURJPY=X,LONG,2024-07-01,172.72999572753906,170.32746061078237,177.53506596105245,745,True,False,False,0.246,2024-07-18,170.32746061078237,LOSS,13.0,forex
EURJPY=X,LONG,2024-10-28,165.12399291992188,162.02716157483928,171.31765561008706,830,True,False,False,0.08,2024-11-19,162.02716157483928,LOSS,16.0,forex
EURJPY=X,LONG,2025-06-11,165.63299560546875,163.05791943425606,170.78314794789412,989,True,False,False,0.082,2025-07-07,170.78314794789412,WIN,18.0,forex
EURJPY=X,LONG,2025-07-08,171.21499633789062,168.65831516138243,176.328358690907,1008,True,False,False,0.003,2025-10-07,176.328358690907,WIN,65.0,forex
EURJPY=X,LONG,2025-10-08,177.19700622558594,174.76801132125797,182.05499603424187,1074,True,False,False,0.577,2025-12-09,182.05499603424187,WIN,44.0,forex
EURJPY=X,LONG,2026-01-23,186.2899932861328,183.6868848244766,191.49621020944522,1149,True,False,False,0.224,2026-01-26,183.6868848244766,LOSS,1.0,forex
EURJPY=X,LONG,2026-04-08,185.48300170898438,183.38938675368186,189.6702316195894,1202,True,False,False,0.328,2026-04-30,183.38938675368186,LOSS,16.0,forex
EURJPY=X,LONG,2026-07-16,185.88099670410156,183.98344099608448,189.67610812013572,1273,True,False,False,0.057,2026-07-30,183.98344099608448,LOSS,10.0,forex
EURNOK=X,LONG,2022-05-19,10.35690975189209,10.090218461046923,10.890292333582423,193,True,False,False,0.152,2022-05-31,10.090218461046923,LOSS,8.0,forex
EURNOK=X,LONG,2022-09-14,10.083999633789062,9.84382059236388,10.564357716639428,277,True,False,False,0.078,2022-09-30,10.564357716639428,WIN,12.0,forex
EURNOK=X,LONG,2023-01-04,10.6383695602417,10.403171471824475,11.108765737076148,357,True,False,False,0.021,2023-02-07,11.108765737076148,WIN,24.0,forex
EURNOK=X,LONG,2023-04-20,11.597200393676758,11.353291419762195,12.085018341505883,433,True,False,False,0.033,2023-07-12,11.353291419762195,LOSS,59.0,forex
EURNOK=X,LONG,2023-08-17,11.542200088500977,11.282866890976441,12.060866483550047,518,True,False,False,0.197,2023-09-27,11.282866890976441,LOSS,29.0,forex
EURNOK=X,LONG,2023-10-23,11.715669631958008,11.477809207551074,12.191390480771876,565,True,False,False,0.027,2023-12-15,11.477809207551074,LOSS,39.0,forex
EURNOK=X,LONG,2024-03-18,11.560640335083008,11.388887050793697,11.90414690366163,670,True,False,False,0.11,2024-05-27,11.388887050793697,LOSS,50.0,forex
EURNZD=X,LONG,2022-02-04,1.715499997138977,1.6870029389240249,1.7724941135688814,119,True,False,False,0.033,2022-02-21,1.6870029389240249,LOSS,11.0,forex
EURNZD=X,LONG,2022-05-10,1.6708999872207642,1.6306315573178531,1.7514368470265862,186,True,False,False,0.351,2022-07-18,1.6306315573178531,LOSS,49.0,forex
EURNZD=X,LONG,2022-08-31,1.634719967842102,1.6001483992124739,1.7038631051013584,267,True,False,False,0.05,2022-09-28,1.7038631051013584,WIN,20.0,forex
EURNZD=X,LONG,2022-10-03,1.7427699565887451,1.7030896466328032,1.822130576500629,290,True,False,False,0.388,2022-10-28,1.7030896466328032,LOSS,19.0,forex
EURNZD=X,LONG,2023-04-12,1.7621699571609497,1.7270828437185122,1.8323441840458248,427,True,False,False,0.065,2023-05-10,1.7270828437185122,LOSS,20.0,forex
EURNZD=X,LONG,2023-07-24,1.803629994392395,1.7674070882198023,1.8760758067375805,500,True,False,False,0.147,2023-09-28,1.7674070882198023,LOSS,48.0,forex
EURNZD=X,LONG,2024-01-23,1.7908200025558472,1.7655666067953213,1.841326794076899,631,True,False,False,0.334,2024-01-30,1.7655666067953213,LOSS,5.0,forex
EURNZD=X,LONG,2024-03-25,1.8041499853134155,1.7826677000715236,1.8471145557971993,675,True,False,False,0.009,2024-05-15,1.7826677000715236,LOSS,37.0,forex
EURNZD=X,LONG,2024-07-19,1.8035900592803955,1.7830505186630328,1.844669140515121,759,True,False,False,0.06,2024-07-26,1.844669140515121,WIN,5.0,forex
EURNZD=X,LONG,2024-12-19,1.842479944229126,1.8147881248568993,1.8978635829735793,868,True,False,False,0.665,2025-03-07,1.8978635829735793,WIN,55.0,forex
EURNZD=X,LONG,2025-04-07,1.9818899631500244,1.9336649021960686,2.078340085057936,944,True,False,False,0.374,2025-04-10,1.9336649021960686,LOSS,3.0,forex
EURNZD=X,LONG,2025-10-16,2.0372300148010254,2.0113544479924976,2.088981148418081,1080,True,False,False,0.202,2025-10-29,2.0113544479924976,LOSS,9.0,forex
EURSEK=X,LONG,2021-11-17,10.069680213928223,9.94425185880456,10.32053692417555,62,True,False,False,0.193,2021-11-26,10.32053692417555,WIN,7.0,forex
EURSEK=X,LONG,2022-01-21,10.432600021362305,10.289882594405963,10.718034875274988,109,True,False,False,0.866,2022-02-24,10.718034875274988,WIN,24.0,forex
EURSEK=X,LONG,2023-03-10,11.352689743041992,11.117124132175196,11.823820964775585,404,True,False,False,0.123,2023-03-17,11.117124132175196,LOSS,5.0,forex
EURSEK=X,LONG,2023-07-06,11.885199546813965,11.683927844857346,12.287742950727203,488,True,False,False,0.368,2023-07-12,11.683927844857346,LOSS,4.0,forex
EURSEK=X,LONG,2023-10-25,11.782360076904297,11.578332969282021,12.190414292148848,567,True,False,False,0.089,2023-11-14,11.578332969282021,LOSS,14.0,forex
EURSEK=X,LONG,2024-01-16,11.296159744262695,11.078350848200577,11.731777536386932,626,True,False,False,0.014,2024-04-30,11.731777536386932,WIN,75.0,forex
EURSEK=X,LONG,2024-10-31,11.592120170593262,11.437446520962203,11.90146746985538,833,True,False,False,0.024,2024-11-06,11.437446520962203,LOSS,4.0,forex
EURSEK=X,LONG,2024-11-07,11.700139999389648,11.372541769548166,12.355336459072614,838,True,False,False,0.004,2024-11-12,11.372541769548166,LOSS,3.0,forex
EURSEK=X,LONG,2025-06-19,11.067500114440918,10.91922263648152,11.364055070359715,995,True,False,False,0.107,2025-09-10,10.91922263648152,LOSS,59.0,forex
EURSEK=X,LONG,2026-03-16,10.800270080566406,10.64005548301944,11.120699275660339,1185,True,False,False,0.066,,,OPEN,,forex
EURUSD=X,LONG,2022-10-27,1.009193778038025,0.9827413864301549,1.062098561253765,308,True,False,False,0.086,2022-11-03,0.9827413864301549,LOSS,5.0,forex
EURUSD=X,LONG,2022-11-11,1.0192224979400635,0.9880406465271454,1.0815862007658996,319,True,False,False,0.059,2023-01-12,1.0815862007658996,WIN,44.0,forex
EURUSD=X,LONG,2023-01-13,1.0860239267349243,1.065312048191601,1.127447683821571,364,True,False,False,0.211,2023-02-17,1.065312048191601,LOSS,25.0,forex
EURUSD=X,LONG,2023-03-23,1.0870392322540283,1.06457360335814,1.1319704900458047,413,True,False,False,0.614,2023-09-15,1.06457360335814,LOSS,126.0,forex
EURUSD=X,LONG,2023-11-15,1.0878314971923828,1.069342926188836,1.1248086391994763,582,True,False,False,0.12,2024-04-12,1.069342926188836,LOSS,107.0,forex
EURUSD=X,LONG,2024-05-16,1.0889805555343628,1.076416977719152,1.1141077111647846,713,True,False,False,0.247,2024-06-10,1.076416977719152,LOSS,17.0,forex
EURUSD=X,LONG,2024-08-20,1.1086474657058716,1.095196522770818,1.1355493515759787,781,True,False,False,0.206,2024-10-09,1.095196522770818,LOSS,36.0,forex
EURUSD=X,LONG,2025-03-05,1.062699317932129,1.0416156325442418,1.104866688707903,921,True,False,False,0.64,2025-04-03,1.104866688707903,WIN,21.0,forex
EURUSD=X,LONG,2025-04-11,1.1257838010787964,1.0944752524671646,1.18840089830206,948,True,False,False,0.207,2026-01-26,1.18840089830206,WIN,202.0,forex
EURUSD=X,LONG,2026-01-28,1.2017642259597778,1.1855256180704246,1.2342414417384844,1152,True,False,False,0.343,2026-02-02,1.1855256180704246,LOSS,3.0,forex
EURUSD=X,LONG,2026-04-14,1.176885962486267,1.1583226070368227,1.214012673385156,1206,True,False,False,0.298,2026-05-21,1.1583226070368227,LOSS,27.0,forex
GBPAUD=X,LONG,2021-11-18,1.855679988861084,1.826005306066972,1.9150293544493078,63,True,False,False,0.026,2022-01-28,1.9150293544493078,WIN,51.0,forex
GBPAUD=X,LONG,2022-12-06,1.8181500434875488,1.7764254933727455,1.9015991437171555,336,True,False,False,0.25,2022-12-30,1.7764254933727455,LOSS,18.0,forex
GBPAUD=X,LONG,2023-03-10,1.8092399835586548,1.7737044902994963,1.8803109700769718,404,True,False,False,0.31,2023-04-26,1.8803109700769718,WIN,33.0,forex
GBPAUD=X,LONG,2023-08-17,1.984279990196228,1.9472168362073945,2.058406298173895,518,True,False,False,0.249,2023-09-04,1.9472168362073945,LOSS,12.0,forex
GBPAUD=X,LONG,2023-10-24,1.9328999519348145,1.9032813791564769,1.9921370974914896,566,True,False,False,0.03,2023-10-25,1.9032813791564769,LOSS,1.0,forex
GBPAUD=X,LONG,2024-06-10,1.9336600303649902,1.9104906684523464,1.979998754190278,730,True,False,False,0.066,2024-06-18,1.9104906684523464,LOSS,6.0,forex
GBPAUD=X,LONG,2024-07-23,1.9474600553512573,1.9246675301222318,1.9930451058093084,761,True,False,False,0.05,2024-08-05,1.9930451058093084,WIN,9.0,forex
GBPAUD=X,LONG,2024-09-09,1.968559980392456,1.9418594470803943,2.0219610470165796,795,True,False,False,0.034,2024-09-19,1.9418594470803943,LOSS,8.0,forex
GBPAUD=X,LONG,2024-10-28,1.9622100591659546,1.9353342604093198,2.0159616566792242,830,True,False,False,0.161,2024-11-22,1.9353342604093198,LOSS,19.0,forex
GBPAUD=X,LONG,2024-12-11,2.0037999153137207,1.9704785598576582,2.0704426262258457,862,True,False,False,0.17,2025-01-13,1.9704785598576582,LOSS,22.0,forex
GBPAUD=X,LONG,2025-02-28,2.021440029144287,1.9916077746543526,2.081104538124156,918,True,False,False,0.063,2025-04-03,2.081104538124156,WIN,24.0,forex
GBPAUD=X,LONG,2025-04-07,2.1559898853302,2.10253915904946,2.2628913378916806,944,True,False,False,0.247,2025-04-08,2.10253915904946,LOSS,1.0,forex
GBPAUD=X,LONG,2025-10-17,2.0740299224853516,2.044467562785446,2.133154641885163,1081,True,False,False,0.221,2025-10-23,2.044467562785446,LOSS,4.0,forex
GBPAUD=X,LONG,2026-03-27,1.9358999729156494,1.9024365312098417,2.002826856327265,1194,True,False,False,0.158,2026-04-08,1.9024365312098417,LOSS,8.0,forex
GBPCAD=X,LONG,2022-01-06,1.7294199466705322,1.706763959031058,1.7747319219494808,98,True,False,False,0.045,2022-01-17,1.706763959031058,LOSS,7.0,forex
GBPCAD=X,LONG,2022-02-21,1.7338299751281738,1.7146943868573918,1.7721011516697378,130,True,False,False,0.175,2022-02-24,1.7146943868573918,LOSS,3.0,forex
GBPCAD=X,LONG,2022-12-05,1.653290033340454,1.6109095493762058,1.7380510012689507,335,True,False,False,0.006,2023-01-06,1.6109095493762058,LOSS,24.0,forex
GBPCAD=X,LONG,2023-01-19,1.666200041770935,1.632768890124784,1.733062345063237,368,True,False,False,0.193,2023-02-02,1.632768890124784,LOSS,10.0,forex
GBPCAD=X,LONG,2023-03-14,1.6714999675750732,1.637999838167359,1.7385002263905016,406,True,False,False,0.083,2023-08-17,1.637999838167359,LOSS,112.0,forex
GBPCAD=X,LONG,2023-08-18,1.7267199754714966,1.6842658318549921,1.8116282627045055,519,True,False,False,0.018,2023-09-14,1.6842658318549921,LOSS,19.0,forex
GBPCAD=X,LONG,2024-05-16,1.7253700494766235,1.7083087211946562,1.7594927060405583,713,True,False,False,0.073,2024-06-12,1.7594927060405583,WIN,19.0,forex
GBPCAD=X,LONG,2024-12-11,1.8113900423049927,1.7879397757781144,1.8582905753587493,862,True,False,False,0.199,2024-12-25,1.7879397757781144,LOSS,10.0,forex
GBPCAD=X,LONG,2025-01-31,1.800379991531372,1.773460806548343,1.8542183614974301,898,True,False,False,0.038,2025-02-07,1.773460806548343,LOSS,5.0,forex
GBPCAD=X,LONG,2025-03-04,1.8405400514602661,1.8159838936619759,1.8896523670568466,920,True,False,False,0.797,2025-04-07,1.8159838936619759,LOSS,24.0,forex
GBPCAD=X,LONG,2025-06-25,1.8687800168991089,1.8433617045891761,1.9196166415189744,999,True,False,False,0.05,2025-07-14,1.8433617045891761,LOSS,13.0,forex
GBPCAD=X,LONG,2025-12-04,1.861799955368042,1.8373641590283947,1.9106715480473366,1115,True,False,False,0.002,2025-12-17,1.8373641590283947,LOSS,9.0,forex
GBPCAD=X,LONG,2026-01-06,1.8638399839401245,1.8418323540052624,1.9078552438098488,1136,True,False,False,0.086,2026-02-19,1.8418323540052624,LOSS,32.0,forex
GBPCAD=X,LONG,2026-04-15,1.8684899806976318,1.846065036488212,1.9133398691164714,1207,True,False,False,0.039,2026-04-21,1.846065036488212,LOSS,4.0,forex
GBPCAD=X,LONG,2026-06-12,1.8739800453186035,1.8543937708450455,1.9131525942657195,1249,True,False,False,0.386,,,OPEN,,forex
GBPCHF=X,LONG,2022-01-04,1.238010048866272,1.2221972552429974,1.2696356361128212,96,True,False,False,0.076,2022-03-02,1.2221972552429974,LOSS,41.0,forex
GBPCHF=X,LONG,2023-03-21,1.1403700113296509,1.120523370064581,1.1800632938597908,411,True,False,False,0.422,2023-04-12,1.120523370064581,LOSS,16.0,forex
GBPCHF=X,LONG,2023-06-19,1.1476000547409058,1.1319133580961094,1.1789734480304985,475,True,False,False,0.138,2023-06-28,1.1319133580961094,LOSS,7.0,forex
GBPCHF=X,LONG,2024-01-19,1.103219985961914,1.0877783129984135,1.134103331888915,629,True,False,False,0.162,2024-03-21,1.134103331888915,WIN,44.0,forex
GBPCHF=X,LONG,2024-05-20,1.1548199653625488,1.140766787040994,1.1829263220056583,715,True,False,False,0.213,2024-06-04,1.140766787040994,LOSS,11.0,forex
GBPCHF=X,LONG,2024-07-11,1.155769944190979,1.1416281463313391,1.1840535399102587,753,True,False,False,0.086,2024-07-24,1.1416281463313391,LOSS,9.0,forex
GBPCHF=X,LONG,2024-12-17,1.1344900131225586,1.1192790219116517,1.1649119955443723,866,True,False,False,0.033,2024-12-20,1.1192790219116517,LOSS,3.0,forex
GBPCHF=X,LONG,2025-02-12,1.1367700099945068,1.1207196588871555,1.1688707122092095,906,True,False,False,0.303,2025-04-04,1.1207196588871555,LOSS,37.0,forex
GBPCHF=X,LONG,2026-03-19,1.0513700246810913,1.0385641615506105,1.076981750942053,1188,True,False,False,0.008,2026-07-06,1.076981750942053,WIN,77.0,forex
GBPCHF=X,LONG,2026-07-07,1.0783100128173828,1.0690227562838204,1.0968845258845077,1266,True,False,False,0.047,2026-08-12,1.0968845258845077,WIN,26.0,forex
GBPCHF=X,LONG,2026-08-17,1.1008000373840332,1.0908085377419543,1.120783036668191,1295,True,False,False,0.048,2026-08-19,1.0908085377419543,LOSS,2.0,forex
GBPJPY=X,LONG,2021-12-30,155.1199951171875,152.31779865357075,160.724388044421,93,True,False,False,0.059,2022-03-04,152.31779865357075,LOSS,46.0,forex
GBPJPY=X,LONG,2022-03-22,157.4770050048828,154.13867666273964,164.15366168916916,151,True,False,False,0.056,2022-03-28,164.15366168916916,WIN,4.0,forex
GBPJPY=X,LONG,2022-04-15,164.8470001220703,161.7038128767853,171.13337461264035,169,True,False,False,0.042,2022-04-26,161.7038128767853,LOSS,7.0,forex
GBPJPY=X,LONG,2022-06-03,163.41299438476562,159.4459078054261,171.3471675434447,204,True,False,False,0.044,2022-09-22,159.4459078054261,LOSS,79.0,forex
GBPJPY=X,LONG,2022-10-31,171.37600708007812,165.69066168889833,182.7466978624377,310,True,False,False,0.116,2022-11-03,165.69066168889833,LOSS,3.0,forex
GBPJPY=X,LONG,2023-02-28,164.38099670410156,160.369311577634,172.4043669570367,396,True,False,False,0.209,2023-03-13,160.369311577634,LOSS,9.0,forex
GBPJPY=X,LONG,2023-03-31,164.9600067138672,160.62248110945214,173.63505792269729,419,True,False,False,0.249,2023-05-29,173.63505792269729,WIN,41.0,forex
GBPJPY=X,LONG,2023-06-14,176.6790008544922,173.41518346647723,183.2066356305221,472,True,False,False,0.025,2023-06-27,183.2066356305221,WIN,9.0,forex
GBPJPY=X,LONG,2023-08-15,184.4499969482422,180.8456916459347,191.65860755285718,516,True,False,False,0.009,2023-10-03,180.8456916459347,LOSS,35.0,forex
GBPJPY=X,LONG,2023-11-01,183.8350067138672,180.81957601485513,189.8658681118913,572,False,False,False,0.01,2023-12-08,180.81957601485513,LOSS,27.0,forex
GBPJPY=X,LONG,2024-01-11,185.7310028076172,181.56966450549527,194.05367941186103,623,True,False,False,0.113,2024-04-25,194.05367941186103,WIN,75.0,forex
GBPJPY=X,LONG,2024-04-29,197.91099548339844,193.84655613350128,206.03987418319275,700,True,False,False,0.608,2024-05-02,193.84655613350128,LOSS,3.0,forex
GBPJPY=X,LONG,2024-05-29,200.63099670410156,197.62804803474668,206.63689404281132,722,True,False,False,0.015,2024-06-04,197.62804803474668,LOSS,4.0,forex
GBPJPY=X,LONG,2024-06-24,202.0189971923828,199.25353237596445,207.54992682521953,740,True,False,False,0.301,2024-07-10,207.54992682521953,WIN,12.0,forex
GBPJPY=X,LONG,2025-03-18,193.96400451660156,189.6259884149019,202.64003672000086,930,True,False,False,0.227,2025-04-04,189.6259884149019,LOSS,13.0,forex
GBPJPY=X,LONG,2025-05-12,193.72999572753906,189.7565814922826,201.67682419805197,967,True,False,False,0.009,2025-10-06,201.67682419805197,WIN,105.0,forex
GBPJPY=X,LONG,2025-10-07,202.7050018310547,199.87175811259388,208.3714892679763,1073,True,False,False,0.333,2025-11-05,199.87175811259388,LOSS,21.0,forex
GBPJPY=X,LONG,2025-12-22,210.875,207.7214047602289,217.18219047954221,1127,True,False,False,0.153,2026-02-12,207.7214047602289,LOSS,36.0,forex
GBPJPY=X,LONG,2026-04-14,215.18600463867188,212.22680637855015,221.10440115891532,1206,True,False,False,0.135,2026-04-30,212.22680637855015,LOSS,12.0,forex
GBPJPY=X,LONG,2026-06-02,214.8719940185547,212.3934888316863,219.82900439229144,1241,True,False,False,0.002,2026-08-03,212.3934888316863,LOSS,44.0,forex
GBPNZD=X,LONG,2022-01-04,1.985640048980713,1.9606951861327775,2.0355297746765837,96,True,False,False,0.015,2022-01-28,2.0355297746765837,WIN,18.0,forex
GBPNZD=X,LONG,2022-02-03,2.0514400005340576,2.024377924609578,2.1055641523830166,118,True,False,False,0.121,2022-02-09,2.024377924609578,LOSS,4.0,forex
GBPNZD=X,LONG,2022-04-18,1.9312900304794312,1.8955903598193882,2.002689371799517,170,True,False,False,0.002,2022-08-11,1.8955903598193882,LOSS,83.0,forex
GBPNZD=X,LONG,2022-09-30,1.9444999694824219,1.8812862850748866,2.0709273382974924,289,False,False,False,0.063,2023-06-01,2.0709273382974924,WIN,174.0,forex
GBPNZD=X,LONG,2023-08-11,2.1068201065063477,2.070120049282485,2.180220220954073,514,True,False,False,0.052,2023-09-22,2.070120049282485,LOSS,30.0,forex
GBPNZD=X,LONG,2023-10-23,2.086479902267456,2.0545148793875434,2.1504099480272814,565,True,False,False,0.003,2023-11-29,2.0545148793875434,LOSS,27.0,forex
GBPNZD=X,LONG,2024-01-23,2.0918800830841064,2.0611115793698724,2.1534170905125745,631,True,False,False,0.393,2024-02-09,2.0611115793698724,LOSS,13.0,forex
GBPNZD=X,LONG,2024-03-20,2.10263991355896,2.0758429530256457,2.1562338346255885,672,True,False,False,0.069,2024-05-09,2.0758429530256457,LOSS,36.0,forex
GBPNZD=X,LONG,2024-07-12,2.1201798915863037,2.095171269090796,2.170197136577319,754,True,False,False,0.301,2024-07-24,2.170197136577319,WIN,8.0,forex
GBPNZD=X,LONG,2024-10-28,2.167099952697754,2.1372953811331343,2.226709095826993,830,True,False,False,0.101,2024-11-27,2.1372953811331343,LOSS,22.0,forex
GBPNZD=X,LONG,2024-12-11,2.2024500370025635,2.168299750619252,2.2707506097691867,862,True,False,False,0.165,2024-12-25,2.168299750619252,LOSS,10.0,forex
GBPNZD=X,LONG,2025-02-28,2.238759994506836,2.2039897774183452,2.3083004286838174,918,True,False,False,0.061,2025-04-04,2.3083004286838174,WIN,25.0,forex
GBPNZD=X,LONG,2025-04-07,2.329590082168579,2.276914868459649,2.434940509586439,944,True,False,False,0.399,2025-04-08,2.276914868459649,LOSS,1.0,forex
GBPNZD=X,LONG,2025-10-16,2.3450798988342285,2.3165034118944865,2.4022328727137126,1080,True,False,False,0.146,2025-10-22,2.3165034118944865,LOSS,4.0,forex
GBPNZD=X,LONG,2026-01-02,2.33981990814209,2.3118952956495527,2.3956691331271642,1134,True,False,False,0.011,2026-01-20,2.3118952956495527,LOSS,12.0,forex
GBPNZD=X,LONG,2026-03-27,2.3142600059509277,2.284140400983141,2.374499215886501,1194,True,False,False,0.187,2026-04-22,2.284140400983141,LOSS,18.0,forex
GBPNZD=X,LONG,2026-06-23,2.319149971008301,2.287128626310624,2.3831926604036546,1256,True,False,False,0.207,2026-07-30,2.287128626310624,LOSS,27.0,forex
GBPUSD=X,LONG,2021-12-28,1.344266653060913,1.3257771926355417,1.3812455739116558,91,True,False,False,0.021,2022-03-04,1.3257771926355417,LOSS,48.0,forex
GBPUSD=X,LONG,2022-10-27,1.1638191938400269,1.1191047960288423,1.253247989462396,308,True,False,False,0.065,2022-11-03,1.1191047960288423,LOSS,5.0,forex
GBPUSD=X,LONG,2022-11-11,1.1695632934570312,1.1216638693634844,1.265362141644125,319,True,False,False,0.054,2023-05-08,1.265362141644125,WIN,126.0,forex
GBPUSD=X,LONG,2023-06-09,1.2559500932693481,1.2350849685888958,1.2976803426302528,469,True,False,False,0.023,2023-07-12,1.2976803426302528,WIN,23.0,forex
GBPUSD=X,LONG,2023-07-14,1.3128528594970703,1.2903315627778653,1.3578954529354803,494,True,False,False,0.135,2023-07-19,1.2903315627778653,LOSS,3.0,forex
GBPUSD=X,LONG,2023-11-15,1.2494533061981201,1.2257147918261804,1.2969303349419996,582,True,False,False,0.055,2024-07-12,1.2969303349419996,WIN,172.0,forex
GBPUSD=X,LONG,2024-08-19,1.294716238975525,1.2776126845167797,1.3289233478930154,780,True,False,False,0.067,2024-09-19,1.3289233478930154,WIN,23.0,forex
GBPUSD=X,LONG,2024-09-25,1.3427324295043945,1.3235245921367464,1.3811481042396907,807,True,False,False,0.292,2024-10-03,1.3235245921367464,LOSS,6.0,forex
GBPUSD=X,LONG,2025-02-14,1.2563445568084717,1.232379319484211,1.304275031456993,908,True,False,False,0.125,2025-04-03,1.304275031456993,WIN,34.0,forex
GBPUSD=X,LONG,2025-04-22,1.3379716873168945,1.3086639663552986,1.3965871292400864,953,True,False,False,0.595,2025-11-04,1.3086639663552986,LOSS,140.0,forex
GBPUSD=X,LONG,2025-11-27,1.3244997262954712,1.306700029321048,1.3600991202443176,1110,False,False,False,0.102,2026-01-26,1.3600991202443176,WIN,40.0,forex
GBPUSD=X,LONG,2026-01-28,1.3824374675750732,1.3622510607689131,1.4228102811873935,1152,True,False,False,0.332,2026-02-05,1.3622510607689131,LOSS,6.0,forex
HKDJPY=X,LONG,2021-11-17,14.754610061645508,14.561721139946378,15.140387905043767,62,True,False,False,0.071,2021-11-26,14.561721139946378,LOSS,7.0,forex
HKDJPY=X,LONG,2022-03-14,15.012619972229004,14.803272135918649,15.431315644849715,145,True,False,False,0.433,2022-03-22,15.431315644849715,WIN,6.0,forex
HKDJPY=X,LONG,2022-03-23,15.5024995803833,15.269273135747992,15.968952469653917,152,True,False,False,0.415,2022-03-28,15.968952469653917,WIN,3.0,forex
HKDJPY=X,LONG,2022-04-19,16.207809448242188,15.895661166623455,16.832106011479652,171,True,False,False,0.268,2022-06-07,16.832106011479652,WIN,35.0,forex
HKDJPY=X,LONG,2022-06-13,17.17439079284668,16.794593183129706,17.933986012280627,210,True,False,False,0.155,2022-06-16,16.794593183129706,LOSS,3.0,forex
HKDJPY=X,LONG,2022-08-29,17.604169845581055,17.153651396036047,18.50520674467107,265,True,False,False,0.249,2022-09-22,18.50520674467107,WIN,18.0,forex
HKDJPY=X,LONG,2022-10-17,18.934589385986328,18.573345589498082,19.65707697896282,300,True,False,False,0.105,2022-10-27,18.573345589498082,LOSS,8.0,forex
HKDJPY=X,LONG,2023-03-08,17.500999450683594,17.124569715141757,18.253858921767268,402,True,False,False,0.216,2023-03-10,17.124569715141757,LOSS,2.0,forex
HKDJPY=X,LONG,2023-05-02,17.51885986328125,17.113181467345107,18.330216655153535,441,True,False,False,0.074,2023-05-04,17.113181467345107,LOSS,2.0,forex
HKDJPY=X,LONG,2023-05-18,17.576210021972656,17.172957701023055,18.38271466387186,453,True,False,False,0.034,2023-06-27,18.38271466387186,WIN,28.0,forex
HKDJPY=X,LONG,2023-08-11,18.523000717163086,18.110831837761296,19.347338475966666,514,True,False,False,0.211,2023-10-31,19.347338475966666,WIN,57.0,forex
HKDJPY=X,LONG,2023-11-10,19.380340576171875,19.114004777838822,19.91301217283798,579,True,False,False,0.116,2023-11-20,19.114004777838822,LOSS,6.0,forex
HKDJPY=X,LONG,2024-01-17,18.81300926208496,18.382251565363063,19.674524655528757,627,True,False,False,0.053,2024-04-15,19.674524655528757,WIN,63.0,forex
HKDJPY=X,LONG,2024-04-25,19.82615089416504,19.61393280727379,20.250587067947535,698,True,False,False,0.192,2024-04-29,20.250587067947535,WIN,2.0,forex
HKDJPY=X,LONG,2024-06-21,20.361949920654297,20.062677708612693,20.960494344737505,739,True,False,False,0.121,2024-07-17,20.062677708612693,LOSS,18.0,forex
HKDJPY=X,LONG,2024-10-22,19.372089385986328,18.951090642618244,20.214086872722497,826,True,False,False,0.065,2024-12-19,20.214086872722497,WIN,42.0,forex
HKDJPY=X,LONG,2025-07-31,19.0102596282959,18.634224622936436,19.762329639014823,1025,True,False,False,0.046,2025-08-14,18.634224622936436,LOSS,10.0,forex
HKDJPY=X,LONG,2025-10-08,19.535139083862305,19.14589051235864,20.313636226869633,1074,True,False,False,0.562,2026-01-13,20.313636226869633,WIN,67.0,forex
HKDJPY=X,LONG,2026-03-30,20.456880569458008,20.139541024407734,21.091559659558555,1195,True,False,False,0.064,2026-04-17,20.139541024407734,LOSS,14.0,forex
HKDJPY=X,LONG,2026-06-03,20.412429809570312,20.21691612196606,20.803457184778814,1242,True,False,False,0.107,2026-07-22,20.803457184778814,WIN,35.0,forex
MXNJPY=X,LONG,2021-12-24,5.540949821472168,5.399273009964489,5.824303444487526,89,True,False,False,0.004,2022-03-08,5.399273009964489,LOSS,52.0,forex
MXNJPY=X,LONG,2022-03-17,5.7535319328308105,5.590805260619684,6.078985277253064,148,True,False,False,0.327,2022-03-25,6.078985277253064,WIN,6.0,forex
MXNJPY=X,LONG,2022-04-12,6.290299892425537,6.111462477778065,6.647974721720482,166,True,False,False,0.156,2022-06-03,6.647974721720482,WIN,38.0,forex
MXNJPY=X,LONG,2022-06-07,6.7530999183654785,6.576744000110779,7.105811754874878,206,True,False,False,0.306,2022-06-13,6.576744000110779,LOSS,4.0,forex
MXNJPY=X,LONG,2022-09-05,7.032372951507568,6.8641047105279185,7.368909433466868,270,True,False,False,0.021,2022-10-14,7.368909433466868,WIN,29.0,forex
MXNJPY=X,LONG,2022-10-17,7.419300079345703,7.269006385963827,7.719887466109455,300,True,False,False,0.25,2022-10-27,7.269006385963827,LOSS,8.0,forex
MXNJPY=X,LONG,2023-02-15,7.184237003326416,6.992804502871371,7.5671020042365065,387,True,False,False,0.068,2023-03-03,7.5671020042365065,WIN,12.0,forex
MXNJPY=X,LONG,2023-03-08,7.582499980926514,7.415530851372907,7.916438240033727,402,True,False,False,0.107,2023-03-10,7.415530851372907,LOSS,2.0,forex
MXNJPY=X,LONG,2023-04-17,7.443960189819336,7.1755989994730305,7.980682570511947,430,True,False,False,0.136,2023-05-29,7.980682570511947,WIN,30.0,forex
MXNJPY=X,LONG,2023-06-07,8.02560043334961,7.808673523206521,8.459454253635785,467,True,False,False,0.018,2023-06-28,8.459454253635785,WIN,15.0,forex
MXNJPY=X,LONG,2023-08-28,8.748954772949219,8.538583584305137,9.169697150237383,525,True,False,False,0.199,2023-09-01,8.538583584305137,LOSS,4.0,forex
MXNJPY=X,LONG,2023-11-03,8.572023391723633,8.299427119634819,9.11721593590126,574,True,False,False,0.153,2023-12-07,8.299427119634819,LOSS,24.0,forex
MXNJPY=X,LONG,2024-01-05,8.502300262451172,8.27416157804875,8.958577631256016,619,False,False,False,0.09,2024-03-20,8.958577631256016,WIN,53.0,forex
MXNJPY=X,LONG,2024-03-27,9.094744682312012,8.939373344939455,9.405487357057126,677,True,False,False,0.101,2024-04-19,8.939373344939455,LOSS,17.0,forex
MXNJPY=X,LONG,2024-05-20,9.373988151550293,9.141191854257285,9.83958074613631,715,True,False,False,0.043,2024-05-30,9.141191854257285,LOSS,8.0,forex
MXNJPY=X,LONG,2024-10-04,7.582608222961426,7.2374206071433385,8.2729834545976,814,True,False,False,0.066,2025-03-04,7.2374206071433385,LOSS,106.0,forex
MXNJPY=X,LONG,2025-05-09,7.474100112915039,7.210528109721747,8.001244119301623,966,True,False,False,0.222,2025-07-31,8.001244119301623,WIN,59.0,forex
MXNJPY=X,LONG,2025-09-12,7.965212821960449,7.837043299851199,8.221551866178949,1056,True,False,False,0.083,2025-10-07,8.221551866178949,WIN,17.0,forex
MXNJPY=X,LONG,2025-10-08,8.26662826538086,8.10106824357255,8.597748308997478,1074,True,False,False,0.348,2025-10-17,8.10106824357255,LOSS,7.0,forex
MXNJPY=X,LONG,2025-11-12,8.409042358398438,8.222995471206655,8.781136132782002,1099,True,False,False,0.034,2026-01-09,8.781136132782002,WIN,40.0,forex
MXNJPY=X,LONG,2026-01-12,8.79451847076416,8.645537321728208,9.092480768836065,1140,True,False,False,0.024,2026-01-22,9.092480768836065,WIN,8.0,forex
MXNJPY=X,LONG,2026-05-25,9.206921577453613,9.064809571992893,9.491145588375055,1235,True,False,False,0.075,2026-08-03,9.064809571992893,LOSS,50.0,forex
NZDCAD=X,LONG,2022-11-15,0.8113200068473816,0.792492092897769,0.8489758347466068,321,True,False,False,0.002,2022-12-01,0.8489758347466068,WIN,12.0,forex
NZDCAD=X,LONG,2022-12-05,0.860988974571228,0.8396793533330975,0.9036082170474891,335,True,False,False,0.004,2023-02-15,0.8396793533330975,LOSS,52.0,forex
NZDCAD=X,LONG,2023-07-17,0.8418400287628174,0.8240117095721483,0.8774966671441555,495,True,False,False,0.026,2023-07-19,0.8240117095721483,LOSS,2.0,forex
NZDCAD=X,LONG,2023-11-21,0.828790009021759,0.8137845045369702,0.8588010179913368,586,True,False,False,0.113,2023-12-25,0.8137845045369702,LOSS,24.0,forex
NZDCAD=X,LONG,2024-05-10,0.825469970703125,0.8154620839565468,0.8454857441962813,709,True,False,False,0.073,2024-06-05,0.8454857441962813,WIN,18.0,forex
NZDCAD=X,LONG,2024-08-14,0.8332800269126892,0.8205936072447061,0.8586528662486554,777,True,False,False,0.071,2024-09-30,0.8586528662486554,WIN,33.0,forex
NZDCAD=X,LONG,2025-03-18,0.8324639797210693,0.8194807818713543,0.8584303754204994,930,True,False,False,0.216,2025-03-24,0.8194807818713543,LOSS,4.0,forex
NZDCAD=X,LONG,2025-04-22,0.8298799991607666,0.8087108045613209,0.8722183883596579,953,True,False,False,0.213,2025-08-20,0.8087108045613209,LOSS,86.0,forex
NZDCAD=X,LONG,2025-09-12,0.8268200159072876,0.8150115654219093,0.8504369168780441,1056,True,False,False,0.158,2025-09-18,0.8150115654219093,LOSS,4.0,forex
NZDCAD=X,LONG,2026-01-20,0.803600013256073,0.7934243564454018,0.8239513268774155,1146,True,False,False,0.015,2026-02-03,0.8239513268774155,WIN,10.0,forex
NZDCAD=X,LONG,2026-05-29,0.8191900253295898,0.8047384409871123,0.8480931940145449,1239,True,False,False,0.055,2026-06-23,0.8047384409871123,LOSS,17.0,forex
NZDCAD=X,LONG,2026-07-21,0.8233870267868042,0.8118519205752133,0.8464572392099861,1276,True,False,False,0.161,,,OPEN,,forex
NZDCHF=X,LONG,2022-03-07,0.6323699951171875,0.6198355195959178,0.657438946159727,140,True,False,False,0.546,2022-05-19,0.6198355195959178,LOSS,53.0,forex
NZDCHF=X,LONG,2022-11-01,0.5832700133323669,0.5673491153348613,0.6151118093273782,311,True,False,False,0.147,2023-03-10,0.5673491153348613,LOSS,93.0,forex
NZDCHF=X,LONG,2024-02-08,0.5339900255203247,0.5255898490607486,0.550790378439477,643,False,False,False,0.071,2024-05-15,0.550790378439477,WIN,69.0,forex
NZDCHF=X,LONG,2024-05-16,0.5519800186157227,0.5446364285038504,0.5666671988394671,713,True,False,False,0.106,2024-06-17,0.5446364285038504,LOSS,22.0,forex
NZDCHF=X,LONG,2026-01-22,0.4647899866104126,0.4564248355710399,0.48152028868915797,1148,True,False,False,0.031,2026-03-02,0.4564248355710399,LOSS,27.0,forex
NZDCHF=X,LONG,2026-04-23,0.4633199870586395,0.45672628200077153,0.4765073971743755,1213,True,False,False,0.112,2026-06-25,0.45672628200077153,LOSS,45.0,forex
NZDCHF=X,LONG,2026-07-14,0.4694199860095978,0.46254482929556084,0.48317029943767165,1271,True,False,False,0.201,,,OPEN,,forex
NZDJPY=X,LONG,2022-03-17,81.18299865722656,79.37776577852176,84.79346441463616,148,True,False,False,0.474,2022-03-24,84.79346441463616,WIN,5.0,forex
NZDJPY=X,LONG,2022-03-25,85.2030029296875,83.15575673064872,89.29749532776506,154,True,False,False,0.181,2022-05-09,83.15575673064872,LOSS,31.0,forex
NZDJPY=X,LONG,2022-06-03,85.19999694824219,82.77418094800795,90.05162894871066,204,True,False,False,0.088,2022-08-02,82.77418094800795,LOSS,42.0,forex
NZDJPY=X,LONG,2022-09-08,87.35800170898438,85.45540559206408,91.16319394282496,273,True,False,False,0.12,2022-09-16,85.45540559206408,LOSS,6.0,forex
NZDJPY=X,LONG,2022-11-01,86.62100219726562,84.04158688438994,91.77983282301699,311,True,False,False,0.128,2022-11-11,84.04158688438994,LOSS,8.0,forex
NZDJPY=X,LONG,2022-12-13,87.82099914550781,85.80275635136076,91.85748473380193,341,True,False,False,0.051,2022-12-20,85.80275635136076,LOSS,5.0,forex
NZDJPY=X,LONG,2023-05-19,86.42500305175781,84.15550994744143,90.96398926039058,454,True,False,False,0.154,2023-05-31,84.15550994744143,LOSS,8.0,forex
NZDJPY=X,LONG,2023-06-19,88.4000015258789,86.26424301883921,92.6715185399583,475,True,False,False,0.156,2023-07-12,86.26424301883921,LOSS,17.0,forex
NZDJPY=X,LONG,2023-09-20,87.91200256347656,86.5071270427871,90.72175360485548,542,True,False,False,0.125,2023-11-15,90.72175360485548,WIN,40.0,forex
NZDJPY=X,LONG,2023-11-16,91.15399932861328,89.32262643546659,94.81674511490667,583,True,False,False,0.06,2023-11-17,89.32262643546659,LOSS,1.0,forex
NZDJPY=X,LONG,2024-01-11,90.77400207519531,88.85538516550614,94.61123589457367,623,True,False,False,0.071,2024-04-29,94.61123589457367,WIN,77.0,forex
NZDJPY=X,LONG,2024-05-20,95.5719985961914,93.84060370825125,99.03478837207172,715,True,False,False,0.225,2024-07-22,93.84060370825125,LOSS,45.0,forex
NZDJPY=X,LONG,2024-09-02,91.40779113769531,89.00261860071706,96.21813621165182,790,True,False,False,0.182,2024-09-05,89.00261860071706,LOSS,3.0,forex
NZDJPY=X,LONG,2025-06-11,87.73100280761719,85.88336559466778,91.426277233516,989,True,False,False,0.01,2025-06-13,85.88336559466778,LOSS,2.0,forex
NZDJPY=X,LONG,2025-07-11,88.36100006103516,86.87279542145133,91.33740934020281,1011,True,False,False,0.04,2025-08-04,86.87279542145133,LOSS,16.0,forex
NZDJPY=X,LONG,2025-11-27,89.1240005493164,87.33089309711606,92.7102154537171,1110,True,False,False,0.037,2026-01-22,92.7102154537171,WIN,38.0,forex
NZDJPY=X,LONG,2026-01-23,93.75900268554688,92.02146847395306,97.2340711087345,1149,True,False,False,0.323,2026-01-26,92.02146847395306,LOSS,1.0,forex
NZDJPY=X,LONG,2026-02-09,94.83399963378906,92.66620907411266,99.16958075314187,1160,True,False,False,0.218,2026-02-11,92.66620907411266,LOSS,2.0,forex
NZDJPY=X,LONG,2026-05-29,94.65499877929688,92.94877464449192,98.06744704890679,1239,True,False,False,0.284,2026-06-08,92.94877464449192,LOSS,6.0,forex
NZDJPY=X,LONG,2026-07-16,94.7300033569336,93.13842429044836,97.91316148990407,1273,True,False,False,0.062,2026-07-30,93.13842429044836,LOSS,10.0,forex
NZDUSD=X,LONG,2022-03-07,0.6874505877494812,0.6722864684888751,0.7177788262706934,140,True,False,False,0.338,2022-04-18,0.6722864684888751,LOSS,30.0,forex
NZDUSD=X,LONG,2022-11-11,0.6017788648605347,0.5771996434502519,0.6509373076811003,319,True,False,False,0.004,2022-12-13,0.6509373076811003,WIN,22.0,forex
NZDUSD=X,LONG,2023-11-28,0.6103999614715576,0.5963591500840865,0.6384815842464999,591,True,False,False,0.01,2023-12-25,0.6384815842464999,WIN,19.0,forex
NZDUSD=X,LONG,2024-05-16,0.6130606532096863,0.6018640809291365,0.6354537977707859,713,True,False,False,0.411,2024-07-19,0.6018640809291365,LOSS,46.0,forex
NZDUSD=X,LONG,2024-08-20,0.6117704510688782,0.5984381742866293,0.638435004633376,781,True,False,False,0.288,2024-10-28,0.5984381742866293,LOSS,49.0,forex
NZDUSD=X,LONG,2025-02-21,0.5764286518096924,0.5648098138830503,0.5996663276629766,913,True,False,False,0.081,2025-02-27,0.5648098138830503,LOSS,4.0,forex
NZDUSD=X,LONG,2025-03-18,0.5824688673019409,0.5699326710696744,0.607541259766474,930,True,False,False,0.177,2025-03-31,0.5699326710696744,LOSS,9.0,forex
NZDUSD=X,LONG,2025-04-22,0.600009560585022,0.5791326103816165,0.641763460991833,953,True,False,False,0.258,2025-09-25,0.5791326103816165,LOSS,112.0,forex
NZDUSD=X,LONG,2026-01-23,0.5916704535484314,0.5809738269317285,0.6130637067818372,1149,True,False,False,0.23,2026-03-13,0.5809738269317285,LOSS,35.0,forex
PLNJPY=X,LONG,2022-03-28,28.62700080871582,27.2356448458814,31.409712734384662,155,True,False,False,0.095,2022-06-08,31.409712734384662,WIN,52.0,forex
PLNJPY=X,LONG,2022-09-08,30.551000595092773,29.577717662201838,32.497566460874644,273,True,False,False,0.092,2022-09-22,29.577717662201838,LOSS,10.0,forex
PLNJPY=X,LONG,2022-10-19,30.742000579833984,29.678386163103507,32.86922941329494,302,True,False,False,0.062,2023-01-03,29.678386163103507,LOSS,54.0,forex
PLNJPY=X,LONG,2023-02-27,30.486000061035156,29.754858127144388,31.948283928816693,395,True,False,False,0.005,2023-03-15,29.754858127144388,LOSS,12.0,forex
PLNJPY=X,LONG,2023-03-31,31.05500030517578,30.06429998853383,33.036400938459686,419,True,False,False,0.044,2023-05-16,33.036400938459686,WIN,32.0,forex
PLNJPY=X,LONG,2023-06-15,34.0890007019043,33.279070138077415,35.70886182955806,473,True,False,False,0.161,2023-08-10,35.70886182955806,WIN,40.0,forex
PLNJPY=X,LONG,2023-10-16,35.301998138427734,34.38792595147121,37.13014251234078,560,True,False,False,0.538,2023-11-14,37.13014251234078,WIN,21.0,forex
PLNJPY=X,LONG,2023-11-16,37.36199951171875,36.48334667486534,39.119305185425574,583,True,False,False,0.02,2023-12-07,36.48334667486534,LOSS,15.0,forex
PLNJPY=X,LONG,2024-01-11,36.862998962402344,34.26024671528311,42.06850345664081,623,True,False,False,0.045,2025-10-27,42.06850345664081,WIN,464.0,forex
PLNJPY=X,LONG,2025-12-22,43.87300109863281,43.183654498520035,45.25169429885837,1127,True,False,False,0.026,2026-02-11,43.183654498520035,LOSS,35.0,forex
PLNJPY=X,LONG,2026-04-08,43.48400115966797,42.73387464362845,44.98425419174701,1202,True,False,False,0.445,2026-06-24,42.73387464362845,LOSS,55.0,forex
SGDJPY=X,LONG,2021-12-24,84.22119903564453,83.00788504286926,86.64782702119507,89,True,False,False,0.088,2022-03-15,86.64782702119507,WIN,57.0,forex
SGDJPY=X,LONG,2022-03-17,87.49700164794922,86.16445139314226,90.16210215756314,148,True,False,False,0.611,2022-03-28,90.16210215756314,WIN,7.0,forex
SGDJPY=X,LONG,2022-04-15,93.0270004272461,91.31499664804863,96.45100798564101,169,True,False,False,0.237,2022-06-07,96.45100798564101,WIN,37.0,forex
SGDJPY=X,LONG,2022-06-08,96.64700317382812,94.62332729609092,100.69435492930253,207,True,False,False,0.117,2022-09-06,100.69435492930253,WIN,64.0,forex
SGDJPY=X,LONG,2022-09-07,101.7074966430664,99.55245678043251,106.0175763683342,272,True,False,False,0.038,2022-09-22,99.55245678043251,LOSS,11.0,forex
SGDJPY=X,LONG,2022-10-14,102.89029693603516,101.06834851849598,106.53419377111351,299,True,False,False,0.196,2022-11-11,101.06834851849598,LOSS,20.0,forex
SGDJPY=X,LONG,2023-02-15,100.0999984741211,97.75639550923388,104.78720440389552,387,True,False,False,0.02,2023-03-16,97.75639550923388,LOSS,21.0,forex
SGDJPY=X,LONG,2023-05-02,102.87799835205078,100.729361298825,107.17527245850235,441,True,False,False,0.008,2023-05-04,100.729361298825,LOSS,2.0,forex
SGDJPY=X,LONG,2023-05-25,103.23899841308594,101.53023611868416,106.6565230018895,458,True,False,False,0.035,2023-06-27,106.6565230018895,WIN,23.0,forex
SGDJPY=X,LONG,2023-08-17,107.55899810791016,105.3547904364197,111.96741345089106,518,True,False,False,0.08,2023-10-03,105.3547904364197,LOSS,33.0,forex
SGDJPY=X,LONG,2023-10-24,109.56999969482422,108.1067355330929,112.49652801828685,566,True,False,False,0.04,2023-12-07,108.1067355330929,LOSS,32.0,forex
SGDJPY=X,LONG,2024-01-11,109.46399688720703,106.73173172370487,114.92852721421136,623,True,False,False,0.029,2024-03-08,106.73173172370487,LOSS,41.0,forex
SGDJPY=X,LONG,2024-03-20,112.5009994506836,110.47854810723447,116.54590213758183,672,True,False,False,0.117,2024-04-26,110.47854810723447,LOSS,27.0,forex
SGDJPY=X,LONG,2024-04-29,116.16290283203125,112.89583219677677,122.69704410254022,700,True,False,False,0.276,2024-05-03,112.89583219677677,LOSS,4.0,forex
SGDJPY=X,LONG,2024-05-29,116.58499908447266,114.95002104121357,119.85495517099082,722,True,False,False,0.171,2024-06-04,114.95002104121357,LOSS,4.0,forex
SGDJPY=X,LONG,2024-06-21,117.35700225830078,115.94779301964068,120.17542073562097,739,True,False,False,0.085,2024-07-23,115.94779301964068,LOSS,22.0,forex
SGDJPY=X,LONG,2024-10-07,114.05500030517578,111.14491067177187,119.87517957198361,815,True,False,False,0.087,2024-12-02,111.14491067177187,LOSS,40.0,forex
SGDJPY=X,LONG,2025-05-09,112.26200103759766,109.89957105007367,116.98686101264562,966,True,False,False,0.212,2025-10-07,116.98686101264562,WIN,107.0,forex
SGDJPY=X,LONG,2025-10-08,117.53500366210938,115.86543134491957,120.87414829648898,1074,True,False,False,0.65,2025-10-17,115.86543134491957,LOSS,7.0,forex
SGDJPY=X,LONG,2025-11-19,119.49040222167969,117.99051987173374,122.49016692157159,1104,True,False,False,0.117,2026-01-09,122.49016692157159,WIN,35.0,forex
SGDJPY=X,LONG,2026-01-12,122.84500122070312,121.41926293663285,125.69647778884368,1140,True,False,False,0.017,2026-01-26,121.41926293663285,LOSS,10.0,forex
SGDJPY=X,LONG,2026-03-11,124.16000366210938,122.4332711807122,127.61346862490373,1182,True,False,False,0.044,2026-04-30,122.4332711807122,LOSS,36.0,forex
SGDJPY=X,LONG,2026-07-16,125.78199768066406,124.84582191757023,127.65434920685172,1273,True,False,False,0.085,2026-07-30,124.84582191757023,LOSS,10.0,forex
TRYJPY=X,LONG,2022-04-19,8.677000045776367,8.437056770722688,9.156886595883726,171,True,False,False,0.117,2022-05-12,8.437056770722688,LOSS,17.0,forex
TRYJPY=X,LONG,2022-09-01,7.651000022888184,7.451790085684701,8.049419897295149,268,True,False,False,0.07,2022-10-19,8.049419897295149,WIN,34.0,forex
TRYJPY=X,LONG,2022-10-21,8.07699966430664,7.8771300209639605,8.476738950992,304,True,False,False,0.06,2022-10-26,7.8771300209639605,LOSS,3.0,forex
TRYJPY=X,LONG,2023-03-08,7.256999969482422,7.083900098644264,7.603199711158737,402,True,False,False,0.035,2023-03-10,7.083900098644264,LOSS,2.0,forex
TRYJPY=X,LONG,2023-05-02,7.063000202178955,6.864992274304815,7.459016057927235,441,True,False,False,0.02,2023-05-04,6.864992274304815,LOSS,2.0,forex
TRYJPY=X,LONG,2024-04-29,4.855999946594238,4.700095853227897,5.16780813332692,700,True,False,False,0.051,2024-05-03,4.700095853227897,LOSS,4.0,forex
USDCAD=X,LONG,2021-11-18,1.2611199617385864,1.2443351107409173,1.2946896637339247,63,True,False,False,0.086,2021-12-20,1.2946896637339247,WIN,22.0,forex
USDCAD=X,LONG,2022-05-09,1.2918200492858887,1.2695142431646678,1.3364316615283305,185,True,False,False,0.052,2022-05-30,1.2695142431646678,LOSS,15.0,forex
USDCAD=X,LONG,2022-06-14,1.2890000343322754,1.2663124729250814,1.3343751571466633,211,False,False,False,0.035,2022-09-20,1.3343751571466633,WIN,70.0,forex
USDCAD=X,LONG,2022-09-21,1.336300015449524,1.3127363272722874,1.383427391803997,282,True,False,False,0.085,2022-10-11,1.383427391803997,WIN,14.0,forex
USDCAD=X,LONG,2023-03-08,1.3747999668121338,1.3544935748335332,1.415412750769335,402,True,False,False,0.061,2023-03-30,1.3544935748335332,LOSS,16.0,forex
USDCAD=X,LONG,2023-08-17,1.353659987449646,1.3384604456214808,1.3840590711059764,518,True,False,False,0.15,2023-10-27,1.3840590711059764,WIN,51.0,forex
USDCAD=X,LONG,2024-04-16,1.3786300420761108,1.3615342275014157,1.412821671225501,691,True,False,False,0.073,2024-05-03,1.3615342275014157,LOSS,13.0,forex
USDCAD=X,LONG,2024-06-10,1.3759000301361084,1.360064281213035,1.4075715279822552,730,True,False,False,0.027,2024-07-11,1.360064281213035,LOSS,23.0,forex
USDCAD=X,LONG,2024-07-24,1.3785799741744995,1.3675736313262317,1.4005926598710352,762,True,False,False,0.205,2024-08-19,1.3675736313262317,LOSS,18.0,forex
USDCAD=X,LONG,2024-10-14,1.378119945526123,1.3642063128675928,1.4059472108431836,820,True,False,False,0.024,2024-11-15,1.4059472108431836,WIN,24.0,forex
USDCAD=X,LONG,2024-12-13,1.421720027923584,1.4052513105428077,1.4546574626851365,864,True,False,False,0.216,2025-02-03,1.4546574626851365,WIN,35.0,forex
USDCAD=X,LONG,2025-09-26,1.3940999507904053,1.381681514050661,1.4189368242698936,1066,True,False,False,0.188,2025-12-08,1.381681514050661,LOSS,51.0,forex
USDCAD=X,LONG,2026-03-26,1.3814200162887573,1.3668683918803384,1.4105232651055952,1193,True,False,False,0.099,2026-04-17,1.3668683918803384,LOSS,16.0,forex
USDCAD=X,LONG,2026-06-04,1.3893200159072876,1.3776486821220795,1.4126626834777039,1243,True,False,False,0.014,2026-06-18,1.4126626834777039,WIN,10.0,forex
USDCAD=X,LONG,2026-06-24,1.4209599494934082,1.408123646642938,1.4466325551943484,1257,True,False,False,0.098,2026-07-14,1.408123646642938,LOSS,14.0,forex
USDCHF=X,LONG,2021-11-16,0.92535001039505,0.9132201533286582,0.9496097245278337,61,True,False,False,0.03,2021-12-29,0.9132201533286582,LOSS,31.0,forex
USDCHF=X,LONG,2022-01-11,0.9272000193595886,0.9153269518277051,0.9509461544233557,101,True,False,False,0.039,2022-01-12,0.9153269518277051,LOSS,1.0,forex
USDCHF=X,LONG,2022-03-14,0.9347699880599976,0.9209244007518069,0.9624611626763788,145,True,False,False,0.175,2022-03-31,0.9209244007518069,LOSS,13.0,forex
USDCHF=X,LONG,2022-04-20,0.9520599842071533,0.9382400658498232,0.9796998209218135,172,True,False,False,0.343,2022-05-04,0.9796998209218135,WIN,10.0,forex
USDCHF=X,LONG,2022-05-09,0.989329993724823,0.9716492000446876,1.0246915810850938,185,True,False,False,0.084,2022-05-19,0.9716492000446876,LOSS,8.0,forex
USDCHF=X,LONG,2023-08-25,0.8851000070571899,0.8715905986451775,0.9121188238812148,524,True,False,False,0.203,2023-09-25,0.9121188238812148,WIN,21.0,forex
USDCHF=X,LONG,2023-09-27,0.9157599806785583,0.9032767102842509,0.9407265214671732,547,True,False,False,0.141,2023-10-10,0.9032767102842509,LOSS,9.0,forex
USDCHF=X,LONG,2024-05-01,0.9194899797439575,0.907136172783509,0.9441975936648546,702,True,False,False,0.278,2024-05-03,0.907136172783509,LOSS,2.0,forex
USDCHF=X,LONG,2024-11-14,0.8857700228691101,0.8724103762293305,0.9124893161486693,843,True,False,False,0.121,2025-01-02,0.9124893161486693,WIN,34.0,forex
USDHUF=X,LONG,2021-11-16,321.614013671875,314.74604139397195,335.3499582276811,61,True,False,False,0.269,2022-01-11,314.74604139397195,LOSS,40.0,forex
USDHUF=X,LONG,2022-03-07,356.0899963378906,338.77451781786743,390.720953377937,140,True,False,False,0.239,2022-03-15,338.77451781786743,LOSS,6.0,forex
USDHUF=X,LONG,2022-04-27,354.19000244140625,340.5069855596269,381.5560362049649,177,True,False,False,0.048,2022-06-13,381.5560362049649,WIN,33.0,forex
USDHUF=X,LONG,2022-08-23,411.6000061035156,393.1475549619144,448.50490838671806,261,True,False,False,0.051,2022-09-09,393.1475549619144,LOSS,13.0,forex
USDHUF=X,LONG,2024-06-14,369.3900146484375,359.9380629236786,388.29391809795527,734,True,False,False,0.077,2024-07-12,359.9380629236786,LOSS,20.0,forex
USDHUF=X,LONG,2024-12-19,398.98199462890625,389.2565230353967,418.43293781592536,868,True,False,False,0.28,2025-01-24,389.2565230353967,LOSS,25.0,forex
USDHUF=X,LONG,2026-03-09,342.5559997558594,330.44736647975446,366.7732663080692,1180,True,False,False,0.183,2026-03-10,330.44736647975446,LOSS,1.0,forex
USDJPY=X,LONG,2021-11-17,114.90399932861328,113.43990853834198,117.83218090915588,62,True,False,False,0.299,2021-11-26,113.43990853834198,LOSS,7.0,forex
USDJPY=X,LONG,2022-03-14,117.52899932861328,115.86595061982743,120.85509674618498,145,True,False,False,0.439,2022-03-22,120.85509674618498,WIN,6.0,forex
USDJPY=X,LONG,2022-03-23,121.33999633789062,119.48612965712833,125.04772969941521,152,True,False,False,0.393,2022-03-28,125.04772969941521,WIN,3.0,forex
USDJPY=X,LONG,2022-04-19,127.0979995727539,124.63047364243131,132.0330514333991,171,True,False,False,0.25,2022-06-07,132.0330514333991,WIN,35.0,forex
USDJPY=X,LONG,2022-06-13,134.81399536132812,131.82560369381716,140.79077869635006,210,True,False,False,0.174,2022-06-16,131.82560369381716,LOSS,3.0,forex
USDJPY=X,LONG,2022-09-01,139.29600524902344,135.96776638795856,145.9524829711532,268,True,False,False,0.144,2022-10-12,145.9524829711532,WIN,29.0,forex
USDJPY=X,LONG,2022-10-17,148.6320037841797,145.78689650596743,154.3222183406042,300,True,False,False,0.098,2022-10-27,145.78689650596743,LOSS,8.0,forex
USDJPY=X,LONG,2023-03-08,137.39100646972656,134.43741158843287,143.29819623231396,402,True,False,False,0.221,2023-03-10,134.43741158843287,LOSS,2.0,forex
USDJPY=X,LONG,2023-05-02,137.52099609375,134.33735530349654,143.88827767425693,441,True,False,False,0.075,2023-05-04,134.33735530349654,LOSS,2.0,forex
USDJPY=X,LONG,2023-05-23,138.6719970703125,135.689144010602,144.6377031897335,456,True,False,False,0.009,2023-06-29,144.6377031897335,WIN,27.0,forex
USDJPY=X,LONG,2023-08-11,144.85400390625,141.60697644128507,151.34805883617986,514,True,False,False,0.229,2023-10-31,151.34805883617986,WIN,57.0,forex
USDJPY=X,LONG,2024-01-17,147.24600219726562,143.8558608969185,154.02628479795987,627,True,False,False,0.048,2024-04-15,154.02628479795987,WIN,63.0,forex
USDJPY=X,LONG,2024-04-23,154.81300354003906,153.1398069900087,158.15939664009977,696,True,False,False,0.035,2024-04-29,158.15939664009977,WIN,4.0,forex
USDJPY=X,LONG,2024-06-21,158.93099975585938,156.62006950237972,163.55286026281868,739,True,False,False,0.138,2024-07-17,156.62006950237972,LOSS,18.0,forex
USDJPY=X,LONG,2024-10-23,151.13800048828125,147.74021485758158,157.9335717496806,827,True,False,False,0.005,2024-12-25,147.74021485758158,LOSS,45.0,forex
USDJPY=X,LONG,2025-07-31,149.2259979248047,146.28084073213142,155.11631231015122,1025,True,False,False,0.04,2025-08-14,146.28084073213142,LOSS,10.0,forex
USDJPY=X,LONG,2025-09-26,149.86099243164062,147.42813730232885,154.72670269026418,1066,True,False,False,0.031,2025-10-01,147.42813730232885,LOSS,3.0,forex
USDJPY=X,LONG,2025-10-08,152.05099487304688,149.00131665255506,158.1503513140305,1074,True,False,False,0.558,2026-01-09,158.1503513140305,WIN,65.0,forex
USDJPY=X,LONG,2026-03-09,158.427001953125,155.60997535228577,164.06105515480346,1180,True,False,False,0.251,2026-04-30,155.60997535228577,LOSS,38.0,forex
USDJPY=X,LONG,2026-06-03,159.96800231933594,158.43745442093874,163.02909811613034,1242,True,False,False,0.095,2026-07-21,163.02909811613034,WIN,34.0,forex
USDJPY=X,LONG,2026-07-22,163.18600463867188,161.8626124440115,165.83278902799265,1277,True,False,False,0.234,2026-07-30,161.8626124440115,LOSS,6.0,forex
USDMXN=X,LONG,2021-11-23,20.99370002746582,20.49714057037229,21.986818941652878,66,True,False,False,0.064,2021-11-26,21.986818941652878,WIN,3.0,forex
USDMXN=X,LONG,2022-03-08,21.305349349975586,20.776232261014147,22.363583527898463,141,True,False,False,0.167,2022-03-16,20.776232261014147,LOSS,6.0,forex
USDMXN=X,LONG,2023-10-04,18.0093994140625,17.47108789567789,19.08602245083172,552,True,False,False,0.144,2023-11-03,17.47108789567789,LOSS,22.0,forex
USDMXN=X,LONG,2024-08-05,19.528430938720703,18.79187153880208,21.001549738557948,770,True,False,False,0.961,2024-08-09,18.79187153880208,LOSS,4.0,forex
USDMXN=X,LONG,2024-12-31,20.632200241088867,20.151010993063828,21.594578737138946,876,True,False,False,0.283,2025-01-24,20.151010993063828,LOSS,17.0,forex
USDMXN=X,LONG,2025-02-03,21.16939926147461,20.509258746701992,22.489680291019845,899,True,False,False,0.71,2025-02-04,20.509258746701992,LOSS,1.0,forex
USDMXN=X,LONG,2025-03-04,20.72570037841797,20.228512221866353,21.7200766915212,920,True,False,False,0.09,2025-03-06,20.228512221866353,LOSS,2.0,forex
USDMXN=X,LONG,2025-04-07,20.621700286865234,19.982926037333336,21.899248785929032,944,True,False,False,0.213,2025-04-15,19.982926037333336,LOSS,6.0,forex
USDMXN=X,LONG,2025-11-05,18.675500869750977,18.405079646188813,19.216343316875303,1094,True,False,False,0.107,2025-11-10,18.405079646188813,LOSS,3.0,forex
USDMXN=X,LONG,2026-03-09,17.992300033569336,17.54959900794562,18.877702084816768,1180,True,False,False,0.347,2026-03-10,17.54959900794562,LOSS,1.0,forex
USDMXN=X,LONG,2026-03-30,18.143220901489258,17.675585315121612,19.07849207422455,1195,True,False,False,0.203,2026-04-08,17.675585315121612,LOSS,7.0,forex
USDNOK=X,LONG,2021-11-16,8.718400001525879,8.522536965680919,9.110126073215799,61,True,False,False,0.095,2021-11-30,9.110126073215799,WIN,10.0,forex
USDNOK=X,LONG,2022-09-16,10.184020042419434,9.779566343707563,10.992927439843175,279,True,False,False,0.109,2022-09-28,10.992927439843175,WIN,8.0,forex
USDNOK=X,LONG,2023-08-17,10.614950180053711,10.268101070005924,11.308648400149284,518,True,False,False,0.303,2023-12-19,10.268101070005924,LOSS,88.0,forex
USDNOK=X,LONG,2024-04-19,11.05303955078125,10.789163195268692,11.580792261806366,694,True,False,False,0.073,2024-05-15,10.789163195268692,LOSS,18.0,forex
USDNOK=X,LONG,2024-12-19,11.386099815368652,11.141980274915682,11.874338896274594,868,True,False,False,1.147,2024-12-25,11.141980274915682,LOSS,4.0,forex
USDNOK=X,LONG,2026-06-19,9.740699768066406,9.540347342778349,10.141404618642522,1254,True,False,False,0.126,2026-07-30,9.540347342778349,LOSS,29.0,forex
USDPLN=X,LONG,2021-11-16,4.088520050048828,4.003578927367843,4.258402295410798,61,True,False,False,0.439,2022-01-07,4.003578927367843,LOSS,38.0,forex
USDPLN=X,LONG,2022-03-07,4.533959865570068,4.321866562450159,4.958146471809886,140,True,False,False,0.559,2022-03-09,4.321866562450159,LOSS,2.0,forex
USDPLN=X,LONG,2022-04-27,4.431049823760986,4.286646735120105,4.719856001042748,177,True,False,False,0.154,2022-05-24,4.286646735120105,LOSS,19.0,forex
USDPLN=X,LONG,2022-07-12,4.778600215911865,4.603815002943652,5.128170641848291,231,True,False,False,0.018,2022-07-25,4.603815002943652,LOSS,9.0,forex
USDPLN=X,LONG,2022-09-22,4.858516216278076,4.697764346792626,5.1800199552489765,283,True,False,False,0.224,2022-10-27,4.697764346792626,LOSS,25.0,forex
USDPLN=X,LONG,2024-04-17,4.110723972320557,4.016987783347495,4.2981963502666805,692,True,False,False,0.116,2024-04-25,4.016987783347495,LOSS,6.0,forex
USDPLN=X,LONG,2024-10-23,4.0029730796813965,3.9350239801911857,4.138871278661818,827,True,False,False,0.129,2024-11-21,4.138871278661818,WIN,21.0,forex
USDSEK=X,LONG,2021-11-15,8.758910179138184,8.596578500327135,9.08357353676028,60,True,False,False,0.004,2021-11-24,9.08357353676028,WIN,7.0,forex
USDSEK=X,LONG,2022-01-21,9.218759536743164,9.022179897259239,9.611918815711014,109,True,False,False,0.589,2022-02-24,9.611918815711014,WIN,24.0,forex
USDSEK=X,LONG,2022-04-27,9.837900161743164,9.54552862558125,10.422643234066992,177,True,False,False,0.177,2022-07-05,10.422643234066992,WIN,49.0,forex
USDSEK=X,LONG,2022-08-19,10.506730079650879,10.170712283169125,11.178765672614386,259,True,False,False,0.106,2022-09-23,11.178765672614386,WIN,25.0,forex
USDSEK=X,LONG,2022-09-26,11.296979904174805,10.910509550236453,12.069920612051508,285,True,False,False,0.159,2022-10-04,10.910509550236453,LOSS,6.0,forex
USDSEK=X,LONG,2023-03-08,10.721639633178711,10.406372584052331,11.35217373143147,402,True,False,False,0.099,2023-03-15,10.406372584052331,LOSS,5.0,forex
USDSEK=X,LONG,2023-05-15,10.385700225830078,10.16786776302868,10.821365151432875,450,False,False,False,0.003,2023-05-25,10.821365151432875,WIN,8.0,forex
USDSEK=X,LONG,2023-07-06,10.9483003616333,10.680268752295905,11.484363580308091,488,True,False,False,0.297,2023-07-11,10.680268752295905,LOSS,3.0,forex
USDSEK=X,LONG,2023-08-17,10.91897964477539,10.623079502635111,11.51077992905595,518,True,False,False,0.234,2023-11-14,10.623079502635111,LOSS,63.0,forex
USDSEK=X,LONG,2024-03-25,10.563159942626953,10.337135619472683,11.015208588935494,675,True,False,False,0.003,2024-04-19,11.015208588935494,WIN,19.0,forex
USDSEK=X,LONG,2024-10-17,10.505200386047363,10.278750644542166,10.958099869057758,823,True,False,False,0.043,2024-11-13,10.958099869057758,WIN,19.0,forex
USDSEK=X,LONG,2026-03-16,9.446920394897461,9.202020394797971,9.93672039509644,1185,True,False,False,0.085,2026-04-08,9.202020394797971,LOSS,17.0,forex
USDSEK=X,LONG,2026-05-15,9.40155029296875,9.198358387420763,9.807934104064724,1229,True,False,False,0.497,,,OPEN,,forex
USDTRY=X,LONG,2021-11-15,10.029609680175781,9.73494644075127,10.618936159024805,60,True,False,False,0.27,2021-11-17,10.618936159024805,WIN,2.0,forex
USDTRY=X,LONG,2021-11-18,10.730779647827148,10.23809614067824,11.716146662124967,63,True,False,False,0.223,2021-11-23,11.716146662124967,WIN,3.0,forex
USDTRY=X,LONG,2021-12-01,13.50160026550293,12.135572852085183,16.233655092338424,72,True,False,False,0.057,2021-12-17,16.233655092338424,WIN,12.0,forex
USDTRY=X,LONG,2022-02-22,13.67549991607666,13.169997113891688,14.686505520446605,131,True,False,False,0.0,2022-03-10,14.686505520446605,WIN,12.0,forex
USDTRY=X,LONG,2022-05-11,15.32544994354248,15.022654451279472,15.931040928068498,187,True,False,False,0.399,2022-05-18,15.931040928068498,WIN,5.0,forex
USDTRY=X,LONG,2022-06-03,16.48349952697754,16.111867915068068,17.226762750796482,204,True,False,False,0.043,2022-06-09,17.226762750796482,WIN,4.0,forex
USDTRY=X,LONG,2022-06-20,17.33650016784668,16.948286606788933,18.112927289962172,215,True,False,False,0.045,2022-06-27,16.948286606788933,LOSS,5.0,forex
USDTRY=X,LONG,2022-07-29,17.945199966430664,17.54431072111007,18.746978457071855,244,True,False,False,0.043,2022-12-27,18.746978457071855,WIN,107.0,forex
USDTRY=X,LONG,2023-05-03,19.473539352416992,19.37919741718673,19.662223222877515,442,True,False,False,0.024,2023-05-15,19.37919741718673,LOSS,8.0,forex
USDTRY=X,LONG,2023-05-16,19.67970085144043,19.52999865924217,19.979105235836947,451,True,False,False,0.063,2023-05-23,19.979105235836947,WIN,5.0,forex
USDTRY=X,LONG,2023-05-31,20.611600875854492,20.263278027410443,21.30824657274259,462,True,False,False,1.102,2023-06-06,21.30824657274259,WIN,4.0,forex
USDTRY=X,LONG,2023-06-07,21.93440055847168,21.278027734598336,23.247146206218368,467,True,False,False,1.26,2023-06-08,23.247146206218368,WIN,1.0,forex
USDTRY=X,LONG,2023-06-09,23.498699188232422,22.695545656155456,25.105006252386353,469,True,False,False,0.253,2023-06-23,25.105006252386353,WIN,10.0,forex
USDTRY=X,LONG,2023-07-17,26.25,25.450561608834033,27.848876782331935,495,True,False,False,0.045,2023-08-24,25.450561608834033,LOSS,28.0,forex
USDTRY=X,LONG,2023-09-25,27.178089141845703,26.67698124921017,28.180304927116772,545,True,False,False,0.038,2023-10-27,28.180304927116772,WIN,24.0,forex
USDTRY=X,LONG,2023-12-29,29.519800186157227,29.077595187806967,30.404210182857746,614,True,False,False,0.217,2024-01-23,30.404210182857746,WIN,17.0,forex
USDTRY=X,LONG,2024-02-22,31.01650047302246,30.733107522762666,31.58328637354205,653,True,False,False,0.082,2024-03-04,31.58328637354205,WIN,7.0,forex
USDTRY=X,LONG,2024-03-07,31.79730987548828,31.433945690320854,32.524038245823135,663,True,False,False,0.131,2024-03-13,32.524038245823135,WIN,4.0,forex
USDTRY=X,LONG,2024-06-05,32.6338005065918,32.18820514413456,33.52499123150628,727,True,False,False,0.064,2024-06-06,32.18820514413456,LOSS,1.0,forex
USDTRY=X,LONG,2024-06-25,32.92097091674805,32.3897465453221,33.983419659599946,741,True,False,False,0.019,2024-08-23,33.983419659599946,WIN,43.0,forex
USDTRY=X,LONG,2024-08-26,34.02239990234375,33.68789762313778,34.69140446075569,785,True,False,False,0.101,2024-08-28,34.69140446075569,WIN,2.0,forex
USDTRY=X,LONG,2024-09-27,34.17539978027344,33.885192087578176,34.75581516566396,809,True,False,False,0.027,2024-12-04,34.75581516566396,WIN,48.0,forex
USDTRY=X,LONG,2024-12-06,34.76679992675781,34.550119048338956,35.200161683595525,859,True,False,False,0.055,2024-12-23,35.200161683595525,WIN,11.0,forex
USDTRY=X,LONG,2024-12-24,35.23160171508789,35.033257703621494,35.62828973802068,871,True,False,False,0.126,2024-12-25,35.033257703621494,LOSS,1.0,forex
USDTRY=X,LONG,2025-01-02,35.374000549316406,35.074063498136944,35.97387465167533,877,True,False,False,0.034,2025-02-03,35.97387465167533,WIN,22.0,forex
USDTRY=X,LONG,2025-02-13,36.11600112915039,35.87670996707204,36.594583453307095,907,True,False,False,0.015,2025-03-12,36.594583453307095,WIN,19.0,forex
USDTRY=X,LONG,2025-03-14,36.67959976196289,36.49351914635731,37.05176099317406,928,True,False,False,0.688,2025-03-19,37.05176099317406,WIN,3.0,forex
USDTRY=X,LONG,2025-04-25,38.415000915527344,37.90314150120702,39.438719744168,956,True,False,False,0.333,2025-05-08,37.90314150120702,LOSS,9.0,forex
USDTRY=X,LONG,2025-05-13,38.78990173339844,38.34171192716598,39.68628134586335,968,True,False,False,0.078,2025-06-23,39.68628134586335,WIN,29.0,forex
USDTRY=X,LONG,2025-06-26,39.75859832763672,39.40661051670367,40.46257394950281,1000,True,False,False,0.053,2025-07-24,40.46257394950281,WIN,20.0,forex
USDTRY=X,LONG,2025-07-25,40.5359992980957,40.255255763830526,41.09748636662606,1021,True,False,False,0.404,2025-08-25,41.09748636662606,WIN,21.0,forex
USDTRY=X,LONG,2025-09-05,41.247501373291016,41.082619530130636,41.577265059611776,1051,True,False,False,0.864,2025-09-29,41.577265059611776,WIN,16.0,forex
USDTRY=X,LONG,2025-10-03,41.64179992675781,41.48114772030426,41.96310433966492,1071,True,False,False,0.184,2025-10-06,41.48114772030426,LOSS,1.0,forex
USDTRY=X,LONG,2025-10-07,41.703800201416016,41.5246355089957,42.062129586256646,1073,True,False,False,0.096,2025-10-31,42.062129586256646,WIN,18.0,forex
USDTRY=X,LONG,2025-11-07,42.16474151611328,41.996428417196654,42.501367713946536,1096,True,False,False,0.26,2025-11-28,42.501367713946536,WIN,15.0,forex
USDTRY=X,LONG,2025-12-11,42.61159896850586,42.44390499693159,42.94698691165439,1120,True,False,False,0.046,2025-12-30,42.94698691165439,WIN,12.0,forex
USDTRY=X,LONG,2026-01-02,42.99399948120117,42.825713059280574,43.33057232504237,1134,True,False,False,0.162,2026-01-23,43.33057232504237,WIN,15.0,forex
USDTRY=X,LONG,2026-01-26,43.38639831542969,43.25078243963825,43.65763006701256,1150,True,False,False,0.171,2026-02-09,43.25078243963825,LOSS,10.0,forex
USDTRY=X,LONG,2026-02-13,43.72809982299805,43.488708889518286,44.20688168995757,1164,True,False,False,0.642,2026-03-17,44.20688168995757,WIN,22.0,forex
USDTRY=X,LONG,2026-03-18,44.21540069580078,44.07209609639537,44.502009894611604,1187,True,False,False,0.098,2026-04-03,44.502009894611604,WIN,12.0,forex
USDTRY=X,LONG,2026-04-07,44.605098724365234,44.449811028851606,44.91567411539249,1201,True,False,False,0.03,2026-04-08,44.449811028851606,LOSS,1.0,forex
USDTRY=X,LONG,2026-04-10,44.638099670410156,44.43074987981058,45.052799251609315,1204,True,False,False,0.116,2026-04-28,45.052799251609315,WIN,12.0,forex
USDTRY=X,LONG,2026-04-29,45.060691833496094,44.88553899903673,45.410997502414816,1217,True,False,False,0.068,2026-05-13,45.410997502414816,WIN,10.0,forex
USDTRY=X,LONG,2026-05-14,45.43050003051758,45.269443367240136,45.75261335707246,1228,True,False,False,0.165,2026-05-22,45.75261335707246,WIN,6.0,forex
USDTRY=X,LONG,2026-05-26,45.897499084472656,45.69540952228636,46.301678208845246,1236,True,False,False,1.283,2026-06-16,46.301678208845246,WIN,15.0,forex
USDTRY=X,LONG,2026-06-17,46.30540084838867,46.158424528803245,46.599353487559526,1252,True,False,False,0.025,2026-06-26,46.599353487559526,WIN,7.0,forex
USDTRY=X,LONG,2026-07-02,46.67720031738281,46.54197837945087,46.9476441932467,1263,True,False,False,0.013,2026-07-10,46.9476441932467,WIN,6.0,forex
USDTRY=X,LONG,2026-07-13,46.986541748046875,46.844170993495375,47.271283257149875,1270,True,False,False,0.026,2026-07-24,47.271283257149875,WIN,9.0,forex
USDTRY=X,LONG,2026-07-27,47.35100173950195,47.21273629643758,47.62753262563069,1280,True,False,False,0.087,2026-08-07,47.62753262563069,WIN,9.0,forex
USDTRY=X,LONG,2026-08-11,47.72330093383789,47.586557142248644,47.996788517016384,1291,True,False,False,0.044,2026-08-21,47.996788517016384,WIN,8.0,forex
USDZAR=X,LONG,2021-11-23,15.842900276184082,15.277799464585785,16.973101899380676,66,True,False,False,0.048,2022-01-13,15.277799464585785,LOSS,37.0,forex
USDZAR=X,LONG,2024-12-19,18.32200050354004,17.688907800709014,19.58818590920209,868,True,False,False,0.184,2024-12-25,17.688907800709014,LOSS,4.0,forex
USDZAR=X,LONG,2025-04-03,18.94409942626953,18.442045797732433,19.948206683343727,942,True,False,False,0.705,2025-05-02,18.442045797732433,LOSS,19.0,forex
USDZAR=X,LONG,2026-03-19,16.964399337768555,16.32116599024117,18.250866032823325,1188,True,False,False,0.05,2026-04-08,16.32116599024117,LOSS,14.0,forex
USDZAR=X,LONG,2026-07-24,16.815940856933594,16.3762538762355,17.695314818329784,1279,True,False,False,0.039,2026-08-04,16.3762538762355,LOSS,7.0,forex
ZARJPY=X,LONG,2022-02-10,7.580999851226807,7.3115841236480525,8.119831306384315,123,True,False,False,0.045,2022-03-22,8.119831306384315,WIN,28.0,forex
ZARJPY=X,LONG,2022-03-23,8.171299934387207,7.892931866731763,8.728036069698096,152,True,False,False,0.122,2022-04-13,8.728036069698096,WIN,15.0,forex
ZARJPY=X,LONG,2023-11-01,8.110799789428711,7.846150724354715,8.640097919576704,572,True,False,False,0.049,2023-11-30,7.846150724354715,LOSS,21.0,forex
ZARJPY=X,LONG,2024-04-29,8.40820026397705,8.146794233593717,8.931012324743719,700,True,False,False,0.202,2024-07-01,8.931012324743719,WIN,45.0,forex
ZARJPY=X,LONG,2024-10-07,8.50790023803711,8.199953155231865,9.123794403647597,815,True,False,False,0.01,2024-12-02,8.199953155231865,LOSS,40.0,forex
ZARJPY=X,LONG,2025-05-09,8.01039981842041,7.7542285697851,8.52274231569103,966,True,False,False,0.08,2025-09-18,8.52274231569103,WIN,94.0,forex
ZARJPY=X,LONG,2025-09-22,8.543800354003906,8.395140213522666,8.841120634966387,1062,True,False,False,0.081,2025-10-08,8.841120634966387,WIN,12.0,forex
ZARJPY=X,LONG,2026-01-06,9.561200141906738,9.387832675227445,9.907935075265325,1136,True,False,False,0.055,2026-03-06,9.387832675227445,LOSS,43.0,forex
ZARJPY=X,LONG,2026-05-25,9.715299606323242,9.482673243470282,10.180552332029162,1235,True,False,False,0.15,2026-08-03,9.482673243470282,LOSS,50.0,forex
1INCH-USD,LONG,2021-10-27,5.674349784851074,4.537036834769407,7.948975685014409,66,True,True,True,2.001,2021-10-31,4.537036834769407,LOSS,4.0,crypto
1INCH-USD,LONG,2023-07-13,0.3495660126209259,0.3146039734624743,0.4194900909378291,690,True,True,True,0.162,2023-07-16,0.4194900909378291,WIN,3.0,crypto
1INCH-USD,LONG,2023-10-23,0.2787010073661804,0.2564449120234187,0.3232131980517039,792,True,True,True,0.344,2023-11-05,0.3232131980517039,WIN,13.0,crypto
1INCH-USD,LONG,2023-11-06,0.3583590090274811,0.3250695391247703,0.4249379488329026,806,True,True,True,0.662,2023-11-21,0.3250695391247703,LOSS,15.0,crypto
1INCH-USD,LONG,2023-12-07,0.3873319923877716,0.34945666461531394,0.46308264793268694,837,True,False,True,0.242,2023-12-18,0.34945666461531394,LOSS,11.0,crypto
1INCH-USD,LONG,2023-12-23,0.4214699864387512,0.37792538579076046,0.5085591877347327,853,True,False,True,0.001,2024-01-01,0.5085591877347327,WIN,9.0,crypto
1INCH-USD,LONG,2024-02-23,0.47124800086021423,0.4159686415086713,0.5818067195633001,915,True,True,True,0.154,2024-03-02,0.5818067195633001,WIN,8.0,crypto
1INCH-USD,LONG,2024-03-03,0.5894899964332581,0.5193076258195384,0.7298547376606974,924,True,False,True,0.196,2024-03-05,0.5193076258195384,LOSS,2.0,crypto
1INCH-USD,LONG,2024-03-06,0.6338179707527161,0.5404661382465641,0.82052163576502,927,True,True,True,0.482,2024-03-17,0.5404661382465641,LOSS,11.0,crypto
1INCH-USD,LONG,2024-09-27,0.31102800369262695,0.2774830504544497,0.37811791016898144,1132,True,False,True,0.274,2024-09-30,0.2774830504544497,LOSS,3.0,crypto
1INCH-USD,LONG,2024-11-11,0.3076780140399933,0.27624025511269307,0.3705535318945937,1177,True,True,True,0.598,2024-11-14,0.27624025511269307,LOSS,3.0,crypto
1INCH-USD,LONG,2024-11-18,0.33288100361824036,0.29017377932634997,0.41829545220202113,1184,True,True,True,0.614,2024-11-27,0.41829545220202113,WIN,9.0,crypto
1INCH-USD,LONG,2024-11-30,0.44442999362945557,0.3874857469372499,0.5583184870138669,1196,True,False,True,0.489,2024-12-06,0.5583184870138669,WIN,6.0,crypto
1INCH-USD,LONG,2024-12-08,0.6085829734802246,0.5268902052879315,0.7719685098648108,1204,True,True,True,0.803,2024-12-09,0.5268902052879315,LOSS,1.0,crypto
1INCH-USD,LONG,2025-05-08,0.21952199935913086,0.19784462153128868,0.2628767550148152,1355,True,True,True,0.368,2025-06-05,0.19784462153128868,LOSS,28.0,crypto
1INCH-USD,LONG,2025-07-09,0.212785005569458,0.18999630129723258,0.25836241411390887,1417,True,True,True,0.415,2025-07-11,0.25836241411390887,WIN,2.0,crypto
1INCH-USD,LONG,2025-07-12,0.32367199659347534,0.28261658968288283,0.40578281041466036,1420,True,True,True,0.16,2025-07-23,0.28261658968288283,LOSS,11.0,crypto
1INCH-USD,LONG,2025-09-12,0.27219799160957336,0.24793511940483884,0.3207237360190424,1482,True,False,True,0.018,2025-09-22,0.24793511940483884,LOSS,10.0,crypto
AAVE-USD,LONG,2021-12-23,246.8852081298828,205.85085667202105,328.95391104560633,123,True,True,True,0.034,2022-01-07,205.85085667202105,LOSS,15.0,crypto
AAVE-USD,LONG,2022-03-30,223.3584747314453,193.67929817526365,282.71682784380863,220,True,True,True,0.122,2022-04-06,193.67929817526365,LOSS,7.0,crypto
AAVE-USD,LONG,2022-07-09,81.89856719970703,66.78753554317866,112.12063051276377,321,True,True,True,0.737,2022-07-12,66.78753554317866,LOSS,3.0,crypto
AAVE-USD,LONG,2022-07-14,90.81697845458984,74.40882882975805,123.63327770425343,326,True,True,True,1.067,2022-09-18,74.40882882975805,LOSS,66.0,crypto
AAVE-USD,LONG,2022-10-18,82.48274993896484,74.97205626221236,97.5041372924698,422,True,True,True,0.588,2022-11-05,97.5041372924698,WIN,18.0,crypto
AAVE-USD,LONG,2023-04-13,81.19037628173828,74.0627556778612,95.44561748949243,599,True,True,True,0.083,2023-04-19,74.0627556778612,LOSS,6.0,crypto
AAVE-USD,LONG,2023-06-25,68.89068603515625,61.56452787181688,83.543002361835,672,True,True,True,1.649,2023-06-28,61.56452787181688,LOSS,3.0,crypto
AAVE-USD,LONG,2023-07-04,77.06547546386719,67.31689261031609,96.56264117096939,681,True,True,True,0.192,2023-07-31,67.31689261031609,LOSS,27.0,crypto
AAVE-USD,LONG,2023-09-30,67.55301666259766,62.31385875987447,78.03133246804403,769,True,False,True,0.032,2023-10-12,62.31385875987447,LOSS,12.0,crypto
AAVE-USD,LONG,2023-10-22,79.3535385131836,72.23651930014208,93.58757693926663,791,True,True,True,2.025,2023-11-02,93.58757693926663,WIN,11.0,crypto
AAVE-USD,LONG,2023-12-02,104.41883850097656,93.54343481544834,126.16964587203302,832,True,False,True,0.048,2023-12-11,93.54343481544834,LOSS,9.0,crypto
AAVE-USD,LONG,2023-12-14,106.9832534790039,95.18120084510106,130.5873587468096,844,False,True,True,0.234,2023-12-18,95.18120084510106,LOSS,4.0,crypto
AAVE-USD,LONG,2023-12-28,118.9682846069336,104.11434579394916,148.67616223290247,858,True,True,True,0.169,2024-01-03,104.11434579394916,LOSS,6.0,crypto
AAVE-USD,LONG,2024-02-19,96.53694915771484,88.87126139336883,111.86832468640688,911,True,False,True,0.308,2024-02-21,88.87126139336883,LOSS,2.0,crypto
AAVE-USD,LONG,2024-02-24,101.33318328857422,91.32687791323771,121.34579403924724,916,True,True,True,0.072,2024-03-06,121.34579403924724,WIN,11.0,crypto
AAVE-USD,LONG,2024-03-07,133.8829345703125,116.1997592292519,169.2492852524337,928,True,False,True,0.671,2024-03-17,116.1997592292519,LOSS,10.0,crypto
AAVE-USD,LONG,2024-08-20,131.14605712890625,114.23416026772502,164.96985085126872,1094,True,False,True,1.139,2024-09-23,164.96985085126872,WIN,34.0,crypto
AAVE-USD,LONG,2024-11-07,183.56639099121094,161.67207456688737,227.35502383985806,1173,True,True,True,0.723,2024-11-14,161.67207456688737,LOSS,7.0,crypto
AAVE-USD,LONG,2024-11-27,210.3642578125,179.12899241484712,272.83478860780576,1193,True,True,True,0.719,2024-12-06,272.83478860780576,WIN,9.0,crypto
AAVE-USD,LONG,2024-12-11,302.2564392089844,253.35330101269395,400.06271560156523,1207,True,False,True,0.208,2025-02-02,253.35330101269395,LOSS,53.0,crypto
AAVE-USD,LONG,2025-04-23,168.11276245117188,145.7555403736503,212.82720660621504,1340,True,False,True,0.841,2025-05-09,212.82720660621504,WIN,16.0,crypto
AAVE-USD,LONG,2025-05-10,228.6020965576172,201.66616453401215,282.47396060482725,1357,True,True,True,0.641,2025-05-27,282.47396060482725,WIN,17.0,crypto
AAVE-USD,LONG,2025-06-09,284.0111999511719,249.4909337739324,353.05173230565083,1387,True,False,True,0.089,2025-06-19,249.4909337739324,LOSS,10.0,crypto
AAVE-USD,LONG,2025-07-08,293.2026062011719,257.44362249026244,364.72057362299074,1416,True,False,True,0.127,2025-08-01,257.44362249026244,LOSS,24.0,crypto
AAVE-USD,LONG,2025-08-12,322.0481872558594,286.9448639375487,392.25483389248075,1451,True,False,True,0.547,2025-08-18,286.9448639375487,LOSS,6.0,crypto
AAVE-USD,LONG,2025-08-22,344.54241943359375,303.6463576685619,426.33454296365744,1461,True,True,True,0.222,2025-09-01,303.6463576685619,LOSS,10.0,crypto
AAVE-USD,LONG,2026-05-10,102.16888427734375,92.71368114582098,121.07929054038928,1722,True,False,True,0.338,2026-05-15,92.71368114582098,LOSS,5.0,crypto
AAVE-USD,LONG,2026-06-24,79.61920166015625,70.34094310681722,98.17571876683431,1767,True,True,True,0.42,2026-06-27,98.17571876683431,WIN,3.0,crypto
AAVE-USD,LONG,2026-08-21,122.42837524414062,111.84527296482175,143.59457980277838,1825,True,True,True,4.394,,,OPEN,,crypto
ADA-USD,LONG,2021-12-27,1.5129129886627197,1.296392654394734,1.9459536571986913,127,True,False,True,0.208,2021-12-31,1.296392654394734,LOSS,4.0,crypto
ADA-USD,LONG,2022-01-17,1.5941309928894043,1.3870920681088745,2.008208842450464,148,True,True,True,0.542,2022-01-19,1.3870920681088745,LOSS,2.0,crypto
ADA-USD,LONG,2022-08-13,0.5598130226135254,0.5052610509150495,0.6689169660104772,356,True,False,True,0.315,2022-08-19,0.5052610509150495,LOSS,6.0,crypto
ADA-USD,LONG,2022-09-10,0.5124220252037048,0.45966648934682336,0.6179330969174678,384,True,False,True,0.048,2022-09-16,0.45966648934682336,LOSS,6.0,crypto
ADA-USD,LONG,2023-01-27,0.3889789879322052,0.3527481754431183,0.46144061291037897,523,True,False,True,0.131,2023-02-13,0.3527481754431183,LOSS,17.0,crypto
ADA-USD,LONG,2023-02-15,0.4181149899959564,0.37727192047901464,0.49980112902984,542,True,False,True,0.254,2023-02-24,0.37727192047901464,LOSS,9.0,crypto
ADA-USD,LONG,2023-03-31,0.39892300963401794,0.3558294579720778,0.4851101129578982,586,True,False,True,0.437,2023-05-11,0.3558294579720778,LOSS,41.0,crypto
ADA-USD,LONG,2023-05-28,0.3829990029335022,0.3593141831098796,0.43036864258074736,644,False,False,True,0.269,2023-06-05,0.3593141831098796,LOSS,8.0,crypto
ADA-USD,LONG,2023-07-13,0.3576579988002777,0.32462383969572217,0.4237263170093888,690,True,True,True,3.304,2023-07-14,0.32462383969572217,LOSS,1.0,crypto
ADA-USD,LONG,2023-10-01,0.2658950090408325,0.25253349080560816,0.29261804551128123,770,True,False,True,1.25,2023-10-09,0.25253349080560816,LOSS,8.0,crypto
ADA-USD,LONG,2023-10-23,0.2799539864063263,0.2654169767096963,0.30902800579958634,792,True,True,True,1.843,2023-11-02,0.30902800579958634,WIN,10.0,crypto
ADA-USD,LONG,2023-11-05,0.34286999702453613,0.3175641164977156,0.3934817580781772,805,True,False,True,0.996,2023-11-11,0.3934817580781772,WIN,6.0,crypto
ADA-USD,LONG,2023-12-05,0.4256579875946045,0.38939864282258657,0.49817667713864033,835,True,False,True,0.613,2023-12-08,0.49817667713864033,WIN,3.0,crypto
ADA-USD,LONG,2023-12-09,0.5785999894142151,0.5156848075896456,0.704430353063354,839,True,True,True,0.382,2024-01-06,0.5156848075896456,LOSS,28.0,crypto
ADA-USD,LONG,2024-02-09,0.5407919883728027,0.4913427550277188,0.6396904550629706,901,True,False,True,0.204,2024-02-28,0.6396904550629706,WIN,19.0,crypto
ADA-USD,LONG,2024-03-01,0.7190809845924377,0.6468803583082203,0.8634822371608726,922,True,False,True,0.382,2024-03-05,0.6468803583082203,LOSS,4.0,crypto
ADA-USD,LONG,2024-07-13,0.441415011882782,0.39567700841064307,0.5328910188270598,1056,True,False,True,0.853,2024-07-25,0.39567700841064307,LOSS,12.0,crypto
ADA-USD,LONG,2024-11-07,0.40501299500465393,0.3674952088952928,0.4800485672233762,1173,True,True,True,1.765,2024-11-09,0.4800485672233762,WIN,2.0,crypto
ADA-USD,LONG,2024-11-10,0.5903090238571167,0.5219182548458519,0.7270905618796464,1176,True,True,True,2.82,2024-11-13,0.5219182548458519,LOSS,3.0,crypto
ADA-USD,LONG,2024-11-15,0.6740599870681763,0.5775253444152881,0.8671292723739525,1181,True,True,True,0.451,2024-11-22,0.8671292723739525,WIN,7.0,crypto
ADA-USD,LONG,2024-11-23,1.066236972808838,0.9160540341555389,1.366602850115436,1189,True,True,True,0.37,2024-11-26,0.9160540341555389,LOSS,3.0,crypto
ADA-USD,LONG,2024-12-01,1.1552519798278809,0.9805342726363222,1.5046873942109982,1197,True,False,True,0.093,2024-12-09,0.9805342726363222,LOSS,8.0,crypto
ADA-USD,LONG,2025-04-23,0.6975659728050232,0.6141624793678395,0.8643729596793905,1340,True,False,True,0.328,2025-06-17,0.6141624793678395,LOSS,55.0,crypto
ADA-USD,LONG,2025-07-11,0.7105259895324707,0.6351697138494393,0.8612385408985335,1419,True,True,True,0.842,2025-07-18,0.8612385408985335,WIN,7.0,crypto
ADA-USD,LONG,2025-08-13,0.9059240221977234,0.8050707812665179,1.1076305040601344,1452,True,True,True,1.03,2025-09-01,0.8050707812665179,LOSS,19.0,crypto
ADA-USD,LONG,2026-01-05,0.4218739867210388,0.3768636242260839,0.5118947117109487,1597,True,True,True,0.781,2026-01-18,0.3768636242260839,LOSS,13.0,crypto
ADA-USD,LONG,2026-05-10,0.2825010120868683,0.26188488904451307,0.3237332581715787,1722,True,True,True,0.423,2026-05-15,0.26188488904451307,LOSS,5.0,crypto
ADA-USD,LONG,2026-08-21,0.2292110025882721,0.20748222018770515,0.272668567389406,1825,True,True,True,1.701,,,OPEN,,crypto
ALGO-USD,LONG,2021-12-30,1.7341970205307007,1.434515328327965,2.333560404936172,130,True,True,True,0.063,2022-01-07,1.434515328327965,LOSS,8.0,crypto
ALGO-USD,LONG,2022-03-24,0.8915789723396301,0.7915861509231108,1.0915646151726688,214,True,True,True,0.831,2022-04-06,0.7915861509231108,LOSS,13.0,crypto
ALGO-USD,LONG,2023-11-01,0.1142600029706955,0.105555942531887,0.13166812384831247,801,True,False,True,0.158,2023-11-11,0.13166812384831247,WIN,10.0,crypto
ALGO-USD,LONG,2023-11-12,0.14573800563812256,0.13075832320879116,0.17569737049678535,812,True,True,True,1.3,2023-11-14,0.13075832320879116,LOSS,2.0,crypto
ALGO-USD,LONG,2023-12-03,0.15124499797821045,0.13505709408450375,0.18362080576562384,833,True,True,True,0.148,2023-12-08,0.18362080576562384,WIN,5.0,crypto
ALGO-USD,LONG,2023-12-09,0.2002290040254593,0.177681859453648,0.24532329316908186,839,True,True,True,1.345,2023-12-22,0.24532329316908186,WIN,13.0,crypto
ALGO-USD,LONG,2024-02-16,0.19430699944496155,0.17708004195423194,0.22876091442642077,908,True,True,True,0.304,2024-02-29,0.22876091442642077,WIN,13.0,crypto
ALGO-USD,LONG,2024-03-02,0.2477319985628128,0.22120848988179725,0.3007790159248439,923,True,True,True,1.258,2024-03-05,0.22120848988179725,LOSS,3.0,crypto
ALGO-USD,LONG,2024-03-07,0.28069600462913513,0.24144313845636556,0.3592017369746743,928,True,True,True,0.814,2024-03-19,0.24144313845636556,LOSS,12.0,crypto
ALGO-USD,LONG,2024-07-14,0.15198899805545807,0.13532646709247928,0.18531405998141565,1057,True,False,True,0.123,2024-07-25,0.13532646709247928,LOSS,11.0,crypto
ALGO-USD,LONG,2024-08-24,0.14648999273777008,0.1320825373595727,0.17530490349416483,1098,True,False,True,0.185,2024-08-27,0.1320825373595727,LOSS,3.0,crypto
ALGO-USD,LONG,2024-09-21,0.13626599311828613,0.12423205053078011,0.16033387829329818,1126,True,False,True,0.167,2024-10-01,0.12423205053078011,LOSS,10.0,crypto
ALGO-USD,LONG,2024-11-09,0.13386200368404388,0.12183777803232587,0.1579104549874799,1175,True,False,True,0.405,2024-11-11,0.1579104549874799,WIN,2.0,crypto
ALGO-USD,LONG,2024-11-15,0.18534499406814575,0.1620283541721523,0.23197827386013264,1181,True,True,True,1.896,2024-11-19,0.23197827386013264,WIN,4.0,crypto
ALGO-USD,LONG,2024-11-22,0.2592160105705261,0.2201607218848385,0.33732658794190135,1188,True,True,True,1.138,2024-11-29,0.33732658794190135,WIN,7.0,crypto
ALGO-USD,LONG,2024-12-01,0.48757699131965637,0.3997313891411941,0.6632681956765809,1197,True,True,True,0.247,2024-12-09,0.3997313891411941,LOSS,8.0,crypto
ALGO-USD,LONG,2025-01-15,0.44547200202941895,0.364168800558451,0.6080784049713548,1242,True,True,True,0.356,2025-01-27,0.364168800558451,LOSS,12.0,crypto
ALGO-USD,LONG,2026-03-16,0.09724999964237213,0.08747424469304672,0.11680150954102295,1667,True,False,True,0.102,2026-03-19,0.08747424469304672,LOSS,3.0,crypto
ALGO-USD,LONG,2026-04-01,0.10237699747085571,0.09174398896160668,0.12364301448935378,1683,True,True,True,0.85,2026-04-03,0.12364301448935378,WIN,2.0,crypto
ALGO-USD,LONG,2026-05-07,0.12833000719547272,0.11520293611126599,0.15458414936388618,1719,True,True,True,0.616,2026-05-15,0.11520293611126599,LOSS,8.0,crypto
ANKR-USD,LONG,2021-10-31,0.12014900147914886,0.09214135798810359,0.1761642884612394,70,True,True,True,0.293,2021-11-26,0.1761642884612394,WIN,26.0,crypto
ANKR-USD,LONG,2023-01-23,0.026575999334454536,0.023158593456952627,0.033410811089458356,519,True,False,True,0.711,2023-02-09,0.033410811089458356,WIN,17.0,crypto
ANKR-USD,LONG,2023-02-21,0.0460049994289875,0.03817123423207401,0.06167252982281449,548,True,True,True,2.624,2023-03-02,0.03817123423207401,LOSS,9.0,crypto
ANKR-USD,LONG,2023-06-24,0.026572000235319138,0.02357694260741579,0.03256211549112583,671,True,True,True,0.027,2023-06-28,0.02357694260741579,LOSS,4.0,crypto
ANKR-USD,LONG,2023-09-23,0.020173000171780586,0.018677832408457058,0.023163335698427642,762,True,True,True,0.8,2023-10-11,0.018677832408457058,LOSS,18.0,crypto
ANKR-USD,LONG,2023-10-21,0.021091999486088753,0.01956289286331287,0.024150212731640516,790,True,False,True,0.468,2023-11-02,0.024150212731640516,WIN,12.0,crypto
ANKR-USD,LONG,2023-11-05,0.024429000914096832,0.022489754063363697,0.028307494615563103,805,True,False,True,0.042,2023-12-05,0.028307494615563103,WIN,30.0,crypto
ANKR-USD,LONG,2024-02-19,0.030440999194979668,0.0277241986845658,0.035874600215807406,911,True,True,True,0.763,2024-02-28,0.035874600215807406,WIN,9.0,crypto
ANKR-USD,LONG,2024-02-29,0.03684600070118904,0.03217159426669495,0.046194813570177226,921,True,True,True,0.283,2024-03-07,0.046194813570177226,WIN,7.0,crypto
ANKR-USD,LONG,2024-03-12,0.05724700167775154,0.04854428249151826,0.07465244005021811,933,True,False,True,0.171,2024-03-15,0.04854428249151826,LOSS,3.0,crypto
ANKR-USD,LONG,2024-04-01,0.06708600372076035,0.05523841684141434,0.09078117747945236,953,True,True,True,0.404,2024-04-03,0.05523841684141434,LOSS,2.0,crypto
ANKR-USD,LONG,2024-07-19,0.03285999968647957,0.029170993399036515,0.040238012261365676,1062,True,True,True,0.582,2024-07-25,0.029170993399036515,LOSS,6.0,crypto
ANKR-USD,LONG,2024-09-23,0.030153999105095863,0.02714392797733711,0.03617414136061337,1128,True,True,True,0.343,2024-10-01,0.02714392797733711,LOSS,8.0,crypto
ANKR-USD,LONG,2024-11-11,0.030422000214457512,0.027373052024841468,0.0365198965936896,1177,True,True,True,0.53,2024-11-23,0.0365198965936896,WIN,12.0,crypto
ANKR-USD,LONG,2024-11-27,0.04259299859404564,0.03664983040646171,0.05447933496921349,1193,True,False,True,0.236,2024-12-05,0.05447933496921349,WIN,8.0,crypto
ANKR-USD,LONG,2025-04-22,0.019650999456644058,0.017276271785652986,0.024400454798626202,1339,True,False,True,0.093,2025-05-06,0.017276271785652986,LOSS,14.0,crypto
ANKR-USD,LONG,2025-07-10,0.015706000849604607,0.014211779493231096,0.01869444356235163,1418,True,False,True,0.135,2025-07-20,0.01869444356235163,WIN,10.0,crypto
ANKR-USD,LONG,2025-07-21,0.01909700036048889,0.017380687045868863,0.02252962698972895,1429,True,False,True,0.082,2025-07-23,0.017380687045868863,LOSS,2.0,crypto
ANKR-USD,LONG,2026-08-21,0.003957999870181084,0.0036886164261340244,0.004496766758275202,1825,True,True,True,2.212,,,OPEN,,crypto
API3-USD,LONG,2021-10-22,5.487975120544434,4.446659114244934,7.570607133143433,61,True,True,True,0.056,2021-11-04,4.446659114244934,LOSS,13.0,crypto
API3-USD,LONG,2021-11-07,6.584994792938232,5.420754723169658,8.913474932475381,77,True,True,True,0.614,2021-11-09,5.420754723169658,LOSS,2.0,crypto
API3-USD,LONG,2022-02-18,5.999433994293213,4.6863856918168745,8.62553059924589,180,True,True,True,0.768,2022-02-19,8.62553059924589,WIN,1.0,crypto
API3-USD,LONG,2022-07-04,2.0753250122070312,1.6034731772998967,3.0190286820213004,316,True,True,True,0.603,2022-07-13,1.6034731772998967,LOSS,9.0,crypto
API3-USD,LONG,2022-08-04,2.2123260498046875,1.8547702772260197,2.927437594962023,347,True,True,True,0.123,2022-08-20,1.8547702772260197,LOSS,16.0,crypto
API3-USD,LONG,2022-11-03,2.202536106109619,1.9430308956706743,2.7215465269875088,438,True,True,True,1.019,2022-11-07,1.9430308956706743,LOSS,4.0,crypto
API3-USD,LONG,2023-02-07,1.8639789819717407,1.6303952638426198,2.3311464182299826,534,True,False,True,0.165,2023-02-09,1.6303952638426198,LOSS,2.0,crypto
API3-USD,LONG,2023-04-13,1.6985230445861816,1.5168726836772544,2.061823766404036,599,True,False,True,0.405,2023-04-20,1.5168726836772544,LOSS,7.0,crypto
API3-USD,LONG,2023-07-13,1.135746955871582,1.0193302671084625,1.368580333397821,690,True,False,True,0.295,2023-07-24,1.0193302671084625,LOSS,11.0,crypto
API3-USD,LONG,2023-09-27,1.1544289588928223,1.0251615405032561,1.4129637956719545,766,True,True,True,0.052,2023-10-04,1.0251615405032561,LOSS,7.0,crypto
API3-USD,LONG,2023-10-24,1.2053170204162598,1.0871218823433018,1.4417072965621758,793,True,True,True,0.482,2023-11-01,1.4417072965621758,WIN,8.0,crypto
API3-USD,LONG,2023-11-07,1.5346529483795166,1.321971506721719,1.9600158316951117,807,True,True,True,0.538,2023-11-21,1.321971506721719,LOSS,14.0,crypto
API3-USD,LONG,2023-12-09,1.5983710289001465,1.4118541646918323,1.9714047573167748,839,True,True,True,0.001,2023-12-24,1.9714047573167748,WIN,15.0,crypto
API3-USD,LONG,2024-02-12,3.6747279167175293,3.0288816984256024,4.966420353301383,904,True,True,True,0.697,2024-03-05,3.0288816984256024,LOSS,22.0,crypto
API3-USD,LONG,2024-06-06,3.511989116668701,3.0526020789325536,4.430763192140996,1019,True,False,True,0.097,2024-06-07,3.0526020789325536,LOSS,1.0,crypto
API3-USD,LONG,2024-09-27,1.6799039840698242,1.4867347254051215,2.0662425013992296,1132,True,False,True,0.167,2024-10-01,1.4867347254051215,LOSS,4.0,crypto
API3-USD,LONG,2024-11-23,2.0462019443511963,1.721771401102543,2.695063030848503,1189,True,False,True,0.033,2024-12-04,2.695063030848503,WIN,11.0,crypto
API3-USD,LONG,2025-03-22,1.3003820180892944,1.0320677578319826,1.8370105386039182,1308,True,True,True,1.93,2025-04-01,1.0320677578319826,LOSS,10.0,crypto
API3-USD,LONG,2025-05-09,0.8717430233955383,0.735266762539624,1.144695545107367,1356,True,True,True,0.122,2025-05-30,0.735266762539624,LOSS,21.0,crypto
API3-USD,LONG,2025-07-21,0.9064139723777771,0.7835993808878201,1.152043155357691,1429,True,True,True,1.479,2025-07-23,0.7835993808878201,LOSS,2.0,crypto
API3-USD,LONG,2025-08-19,1.3693900108337402,1.1003758136054704,1.9074184052902798,1458,True,True,True,3.441,2025-08-30,1.1003758136054704,LOSS,11.0,crypto
API3-USD,LONG,2026-04-17,0.3151730000972748,0.2914160458297988,0.36268690863222675,1699,True,False,True,0.448,2026-04-18,0.36268690863222675,WIN,1.0,crypto
APT-USD,LONG,2022-04-11,0.029258999973535538,0.024923498608524358,0.0379300027035579,142,True,True,True,2.059,2022-05-04,0.024923498608524358,LOSS,23.0,crypto
APT-USD,LONG,2022-10-18,0.009535999968647957,0.008406076586045693,0.011795846733852484,332,True,True,True,9.489,2022-10-19,0.008406076586045693,LOSS,1.0,crypto
ARB-USD,LONG,2021-11-08,0.005404999945312738,0.004899835313018719,0.0064153292099007764,78,True,False,False,0.202,2021-11-16,0.004899835313018719,LOSS,8.0,crypto
ARB-USD,LONG,2022-02-07,0.002191999927163124,0.0019907290774390076,0.002594541626611357,169,True,False,False,0.646,2022-02-18,0.0019907290774390076,LOSS,11.0,crypto
ARB-USD,LONG,2023-03-19,0.0016820000018924475,0.0014254974916050006,0.0021950050224673412,574,True,False,False,4.46,2023-03-20,0.0014254974916050006,LOSS,1.0,crypto
ARB-USD,LONG,2023-03-21,0.02112700045108795,0.01593588346153161,0.031509234430200636,576,True,False,False,3.273,2023-03-22,0.01593588346153161,LOSS,1.0,crypto
ARB-USD,LONG,2023-10-01,0.9717419743537903,0.9017887477082976,1.1116484276447756,770,True,False,False,1.769,2023-10-04,0.9017887477082976,LOSS,3.0,crypto
ARB-USD,LONG,2023-10-25,0.9296240210533142,0.8660387830366835,1.0567944970865757,794,True,False,False,0.393,2023-11-04,1.0567944970865757,WIN,10.0,crypto
ARB-USD,LONG,2023-11-05,1.0958729982376099,1.0090856124822194,1.2694477697483908,805,True,False,False,0.075,2023-11-18,1.0090856124822194,LOSS,13.0,crypto
ARK-USD,LONG,2021-11-26,2.1220219135284424,1.802903768172219,2.760258204240889,96,False,True,True,0.301,2021-12-04,1.802903768172219,LOSS,8.0,crypto
ARK-USD,LONG,2022-12-10,0.3825860023498535,0.29365786737763505,0.5604422722942904,475,True,True,True,0.893,2022-12-16,0.29365786737763505,LOSS,6.0,crypto
ARK-USD,LONG,2023-01-15,0.3003610074520111,0.2599784760101282,0.38112607033577695,511,True,True,True,0.215,2023-01-16,0.38112607033577695,WIN,1.0,crypto
ARK-USD,LONG,2023-02-20,0.41086098551750183,0.3650348315540889,0.5025132934443277,547,True,False,True,0.155,2023-03-03,0.3650348315540889,LOSS,11.0,crypto
ARK-USD,LONG,2023-07-11,0.27449101209640503,0.23743487962311685,0.3486032770429814,688,True,True,True,0.011,2023-07-14,0.3486032770429814,WIN,3.0,crypto
ARK-USD,LONG,2023-09-15,0.3748300075531006,0.3137424152088792,0.4970051922415434,754,True,True,True,0.752,2023-09-16,0.4970051922415434,WIN,1.0,crypto
ARK-USD,LONG,2023-09-19,0.6221749782562256,0.4995492995274322,0.8674263357138123,758,True,True,True,0.644,2023-09-21,0.4995492995274322,LOSS,2.0,crypto
ARK-USD,LONG,2023-10-29,0.7281950116157532,0.615186463436173,0.9542121079749135,798,True,True,True,2.857,2023-10-30,0.9542121079749135,WIN,1.0,crypto
ARK-USD,LONG,2023-11-03,1.14295494556427,0.9112876011268563,1.6062896344390976,803,True,True,True,0.001,2023-11-04,1.6062896344390976,WIN,1.0,crypto
ARK-USD,LONG,2024-11-11,0.6233919858932495,0.5086758451588828,0.852824267361983,1177,True,True,True,0.715,2024-12-19,0.5086758451588828,LOSS,38.0,crypto
ARK-USD,LONG,2025-01-09,0.6868289709091187,0.5522239794494748,0.9560389538284064,1236,True,True,True,0.074,2025-01-19,0.5522239794494748,LOSS,10.0,crypto
ARK-USD,LONG,2025-09-14,0.4916599988937378,0.4504063273723832,0.574167341936447,1484,True,True,True,0.789,2025-09-16,0.4504063273723832,LOSS,2.0,crypto
ARK-USD,LONG,2026-01-07,0.2924329936504364,0.2669673898627679,0.3433642012257734,1599,True,True,True,0.251,2026-01-19,0.2669673898627679,LOSS,12.0,crypto
ATOM-USD,LONG,2021-10-26,43.216392517089844,36.291029963217795,57.06711762483394,65,True,True,True,1.517,2021-10-27,36.291029963217795,LOSS,1.0,crypto
ATOM-USD,LONG,2022-01-04,41.987125396728516,35.16630112640926,55.62877393736703,135,True,True,True,0.672,2022-01-05,35.16630112640926,LOSS,1.0,crypto
ATOM-USD,LONG,2022-09-09,16.0855712890625,13.883994468943136,20.488724929301227,383,True,True,True,1.843,2022-09-13,13.883994468943136,LOSS,4.0,crypto
ATOM-USD,LONG,2022-11-04,15.038064002990723,13.469938809791026,18.174314389390116,439,True,True,True,0.741,2022-11-08,13.469938809791026,LOSS,4.0,crypto
ATOM-USD,LONG,2023-01-11,11.834737777709961,11.012374612942827,13.47946410724423,507,True,False,True,0.918,2023-01-21,13.47946410724423,WIN,10.0,crypto
ATOM-USD,LONG,2023-02-01,14.868429183959961,13.286382087540124,18.032523376799634,528,True,True,True,1.143,2023-02-13,13.286382087540124,LOSS,12.0,crypto
ATOM-USD,LONG,2023-07-03,9.933246612548828,9.132354140012348,11.535031557621789,680,True,False,True,0.504,2023-07-06,9.132354140012348,LOSS,3.0,crypto
ATOM-USD,LONG,2023-09-19,7.510188102722168,6.959172418910802,8.6122194703449,758,True,False,True,0.132,2023-09-25,6.959172418910802,LOSS,6.0,crypto
ATOM-USD,LONG,2023-10-30,8.106801986694336,7.4857694496649145,9.348867060753179,799,True,True,True,2.335,2023-11-10,9.348867060753179,WIN,11.0,crypto
ATOM-USD,LONG,2023-11-12,9.531819343566895,8.658296864206203,11.278864302288277,812,True,False,True,0.056,2023-11-21,8.658296864206203,LOSS,9.0,crypto
ATOM-USD,LONG,2023-12-08,10.407621383666992,9.385328331232634,12.45220748853571,838,True,False,True,0.288,2023-12-26,12.45220748853571,WIN,18.0,crypto
ATOM-USD,LONG,2024-03-02,12.20169734954834,11.13109743787833,14.34289717288836,923,True,False,True,0.006,2024-03-05,11.13109743787833,LOSS,3.0,crypto
ATOM-USD,LONG,2024-03-06,14.204862594604492,12.597573904044289,17.4194399757249,927,True,True,True,1.661,2024-03-15,12.597573904044289,LOSS,9.0,crypto
ATOM-USD,LONG,2024-08-24,5.345083236694336,4.800410599801999,6.434428510479011,1098,False,False,True,0.36,2024-08-27,4.800410599801999,LOSS,3.0,crypto
ATOM-USD,LONG,2024-09-26,5.00974178314209,4.53857388380052,5.952077581825229,1131,True,False,True,0.197,2024-10-01,4.53857388380052,LOSS,5.0,crypto
ATOM-USD,LONG,2024-11-10,5.264926910400391,4.73360881116473,6.327563108871711,1176,True,True,True,0.709,2024-11-17,6.327563108871711,WIN,7.0,crypto
ATOM-USD,LONG,2024-11-22,7.527681827545166,6.46554881021083,9.651947862213838,1188,True,True,True,1.414,2024-12-03,9.651947862213838,WIN,11.0,crypto
ATOM-USD,LONG,2025-05-09,4.935945987701416,4.469552748774413,5.868732465555421,1356,True,True,True,0.883,2025-05-30,4.469552748774413,LOSS,21.0,crypto
ATOM-USD,LONG,2025-07-09,4.313157081604004,3.9423275650657117,5.054816114680588,1417,True,False,True,0.272,2025-07-18,5.054816114680588,WIN,9.0,crypto
ATOM-USD,LONG,2025-07-20,5.181465148925781,4.712672020102999,6.119051406571346,1428,True,False,True,0.128,2025-07-23,4.712672020102999,LOSS,3.0,crypto
ATOM-USD,LONG,2026-02-18,2.340472936630249,2.0588245171639805,2.903769775562786,1641,True,True,True,0.171,2026-02-24,2.0588245171639805,LOSS,6.0,crypto
ATOM-USD,LONG,2026-04-22,1.868826985359192,1.7424584595189099,2.121564037039756,1704,True,False,True,0.062,2026-05-12,2.121564037039756,WIN,20.0,crypto
ATOM-USD,LONG,2026-08-13,1.5020869970321655,1.392407693377233,1.7214456043420308,1817,True,True,True,1.061,2026-08-18,1.392407693377233,LOSS,5.0,crypto
ATOM-USD,LONG,2026-08-21,1.6010160446166992,1.472125619022617,1.8587968958048635,1825,True,True,True,0.488,,,OPEN,,crypto
AVAX-USD,LONG,2021-10-25,69.82469177246094,59.029980900451704,91.4141135164794,64,True,False,True,0.134,2021-10-27,59.029980900451704,LOSS,2.0,crypto
AVAX-USD,LONG,2021-11-03,75.430419921875,64.8471348169559,96.5969901317132,73,True,True,True,0.482,2021-11-08,96.5969901317132,WIN,5.0,crypto
AVAX-USD,LONG,2021-11-13,97.26046752929688,82.18844674799784,127.40450909189494,83,True,False,True,0.046,2021-11-20,127.40450909189494,WIN,7.0,crypto
AVAX-USD,LONG,2022-02-16,95.34611511230469,80.31159315571072,125.41515902549261,178,True,True,True,0.048,2022-02-20,80.31159315571072,LOSS,4.0,crypto
AVAX-USD,LONG,2023-12-10,37.07502746582031,32.41196936891188,46.40114365963717,840,True,True,True,1.268,2023-12-21,46.40114365963717,WIN,11.0,crypto
AVAX-USD,LONG,2024-02-09,38.01095962524414,33.54471166631099,46.943455543110446,901,True,False,True,0.216,2024-03-11,46.943455543110446,WIN,31.0,crypto
AVAX-USD,LONG,2024-03-12,55.59136962890625,47.94294227760509,70.88822433150857,933,True,True,True,1.639,2024-04-02,47.94294227760509,LOSS,21.0,crypto
AVAX-USD,LONG,2024-09-19,26.65570831298828,23.82426177535959,32.31860138824566,1124,True,True,True,0.711,2024-11-03,23.82426177535959,LOSS,45.0,crypto
AVAX-USD,LONG,2024-11-09,30.41794776916504,27.39001237496733,36.473818557560456,1175,True,True,True,0.753,2024-11-12,36.473818557560456,WIN,3.0,crypto
AVAX-USD,LONG,2024-11-22,43.08974075317383,37.24139858214573,54.78642509523003,1188,True,True,True,1.862,2024-12-04,54.78642509523003,WIN,12.0,crypto
AVAX-USD,LONG,2025-08-23,26.21869468688965,22.948987721681714,32.75810861730552,1462,True,True,True,0.154,2025-09-01,22.948987721681714,LOSS,9.0,crypto
AVAX-USD,LONG,2025-09-10,29.427661895751953,26.474882129814993,35.33322142762587,1480,True,True,True,1.856,2025-09-19,35.33322142762587,WIN,9.0,crypto
AVAX-USD,LONG,2026-03-16,10.489087104797363,9.514239229649622,12.438782855092846,1667,True,True,True,0.467,2026-03-18,9.514239229649622,LOSS,2.0,crypto
AVAX-USD,LONG,2026-04-16,9.72756290435791,8.756056752242063,11.670575208589604,1698,True,True,True,0.076,2026-05-28,8.756056752242063,LOSS,42.0,crypto
AVAX-USD,LONG,2026-08-20,7.298631191253662,6.727075211453994,8.441743150852998,1824,True,True,True,1.206,,,OPEN,,crypto
AXS-USD,LONG,2022-12-05,8.77261734008789,7.442663163119736,11.4325256940242,470,True,True,True,2.048,2022-12-13,7.442663163119736,LOSS,8.0,crypto
AXS-USD,LONG,2023-01-09,7.3312811851501465,6.513299078851305,8.96724539774783,505,True,True,True,0.23,2023-01-13,8.96724539774783,WIN,4.0,crypto
AXS-USD,LONG,2023-01-14,9.38166332244873,8.306486580599607,11.532016806146977,510,True,True,True,0.224,2023-01-18,8.306486580599607,LOSS,4.0,crypto
AXS-USD,LONG,2023-01-22,12.461999893188477,10.82761735093523,15.730764977694971,518,True,True,True,2.863,2023-01-30,10.82761735093523,LOSS,8.0,crypto
AXS-USD,LONG,2023-07-01,6.471333026885986,5.733050004053962,7.947899072550035,678,True,True,True,0.226,2023-07-08,5.733050004053962,LOSS,7.0,crypto
AXS-USD,LONG,2023-07-13,6.70938777923584,6.046239492910051,8.035684351887417,690,True,True,True,0.101,2023-07-25,6.046239492910051,LOSS,12.0,crypto
AXS-USD,LONG,2023-10-26,4.868131160736084,4.519487198520903,5.565419085166447,795,True,True,True,0.343,2023-10-29,5.565419085166447,WIN,3.0,crypto
AXS-USD,LONG,2023-11-06,6.00876522064209,5.4468842373909485,7.1325271871443725,806,True,False,True,0.149,2023-11-27,7.1325271871443725,WIN,21.0,crypto
AXS-USD,LONG,2023-12-08,7.673182964324951,6.821179773509022,9.37718934595681,838,True,False,True,0.475,2023-12-13,6.821179773509022,LOSS,5.0,crypto
AXS-USD,LONG,2023-12-24,9.114015579223633,8.08684503329926,11.168356671072377,854,True,True,True,2.117,2024-01-03,8.08684503329926,LOSS,10.0,crypto
AXS-USD,LONG,2024-02-12,7.84188985824585,7.130683754683361,9.264302065370828,904,True,True,True,0.38,2024-02-28,9.264302065370828,WIN,16.0,crypto
AXS-USD,LONG,2024-02-29,9.575032234191895,8.629961711037787,11.46517328050011,921,True,True,True,0.254,2024-03-03,11.46517328050011,WIN,3.0,crypto
AXS-USD,LONG,2024-03-09,12.341443061828613,10.646319228518001,15.731690728449838,930,True,True,True,0.949,2024-03-15,10.646319228518001,LOSS,6.0,crypto
AXS-USD,LONG,2024-07-20,6.403544902801514,5.777186556201056,7.6562615960024285,1063,True,False,True,0.123,2024-07-25,5.777186556201056,LOSS,5.0,crypto
AXS-USD,LONG,2024-11-16,6.075538158416748,5.2495042734461235,7.727605928357997,1182,True,True,True,0.283,2024-11-24,7.727605928357997,WIN,8.0,crypto
AXS-USD,LONG,2024-12-02,9.285029411315918,7.8921943396151075,12.070699554717539,1198,True,True,True,0.539,2024-12-09,7.8921943396151075,LOSS,7.0,crypto
AXS-USD,LONG,2025-05-08,2.723757028579712,2.396638367959433,3.37799434982027,1355,False,True,True,0.17,2025-05-14,3.37799434982027,WIN,6.0,crypto
AXS-USD,LONG,2026-01-21,2.3634800910949707,1.8958180614215556,3.298804150441801,1613,True,True,True,0.276,2026-01-26,1.8958180614215556,LOSS,5.0,crypto
AXS-USD,LONG,2026-08-20,0.9618120193481445,0.8844637903412004,1.1165084773620328,1824,True,False,True,0.643,2026-08-22,1.1165084773620328,WIN,2.0,crypto
BAND-USD,LONG,2021-10-26,9.581491470336914,8.261904041221152,12.220666328568438,65,True,True,True,0.48,2021-10-28,8.261904041221152,LOSS,2.0,crypto
BAND-USD,LONG,2021-11-03,10.335929870605469,8.791505516335615,13.424778579145176,73,True,True,True,0.112,2021-11-10,8.791505516335615,LOSS,7.0,crypto
BAND-USD,LONG,2022-11-03,2.6327109336853027,2.282694152735231,3.3327444955854464,438,True,True,True,7.991,2022-11-04,3.3327444955854464,WIN,1.0,crypto
BAND-USD,LONG,2023-01-26,2.2252719402313232,1.9226326213732743,2.830550577947421,522,True,True,True,1.022,2023-02-09,1.9226326213732743,LOSS,14.0,crypto
BAND-USD,LONG,2023-04-16,2.073664903640747,1.857057143698822,2.5068804235245974,602,True,False,True,0.075,2023-04-19,1.857057143698822,LOSS,3.0,crypto
BAND-USD,LONG,2023-09-28,1.1453189849853516,1.0483378552589673,1.3392812444381201,767,True,True,True,0.893,2023-10-09,1.0483378552589673,LOSS,11.0,crypto
BAND-USD,LONG,2023-12-08,1.6675440073013306,1.4927006129889784,2.017230795926035,838,True,True,True,0.431,2023-12-11,1.4927006129889784,LOSS,3.0,crypto
BAND-USD,LONG,2023-12-14,1.7486200332641602,1.518908218189198,2.2080436634140845,844,True,True,True,0.048,2023-12-31,2.2080436634140845,WIN,17.0,crypto
BAND-USD,LONG,2024-02-14,2.0126500129699707,1.8056126153954999,2.4267248081189123,906,True,False,True,0.422,2024-03-02,2.4267248081189123,WIN,17.0,crypto
BAND-USD,LONG,2024-03-07,2.563586950302124,2.189410388978114,3.3119400729501445,928,True,True,True,0.108,2024-03-16,2.189410388978114,LOSS,9.0,crypto
BAND-USD,LONG,2024-07-19,1.3417530059814453,1.1730867751775191,1.6790854675892977,1062,True,False,True,0.657,2024-08-02,1.1730867751775191,LOSS,14.0,crypto
BAND-USD,LONG,2024-08-24,1.2806799411773682,1.118209462699483,1.6056208981331386,1098,True,False,True,0.22,2024-08-27,1.118209462699483,LOSS,3.0,crypto
BAND-USD,LONG,2024-09-20,1.2388110160827637,1.1093828279263265,1.497667392395638,1125,True,True,True,0.389,2024-10-01,1.1093828279263265,LOSS,11.0,crypto
BAND-USD,LONG,2024-11-10,1.2549599409103394,1.1092770526559634,1.5463257174190912,1176,True,True,True,0.052,2024-11-24,1.5463257174190912,WIN,14.0,crypto
BAND-USD,LONG,2024-11-27,1.6639389991760254,1.4377530611309772,2.1163108752661217,1193,True,True,True,0.199,2024-12-03,2.1163108752661217,WIN,6.0,crypto
BAND-USD,LONG,2024-12-04,2.181303024291992,1.9191016651449104,2.7057057425861557,1200,True,True,True,0.218,2024-12-09,1.9191016651449104,LOSS,5.0,crypto
BAND-USD,LONG,2025-04-22,0.7702929973602295,0.6842843316883374,0.9423103287040138,1339,True,False,True,0.774,2025-05-10,0.9423103287040138,WIN,18.0,crypto
BAND-USD,LONG,2025-07-20,0.7624340057373047,0.6767369101477603,0.9338281969163935,1428,True,False,True,0.056,2025-07-24,0.6767369101477603,LOSS,4.0,crypto
BAND-USD,LONG,2025-08-20,0.8194739818572998,0.6756627274724429,1.1070964906270135,1459,True,True,True,0.31,2025-08-22,1.1070964906270135,WIN,2.0,crypto
BAND-USD,LONG,2026-05-08,0.2416280061006546,0.2195837398042253,0.2857165386935132,1720,True,False,True,0.21,2026-05-15,0.2195837398042253,LOSS,7.0,crypto
BAND-USD,LONG,2026-08-21,0.185357004404068,0.16912862236657103,0.21781376847906192,1825,True,False,True,1.058,,,OPEN,,crypto
BAT-USD,LONG,2021-10-30,1.2429929971694946,1.0495432573520398,1.6298924768044043,69,True,True,True,3.482,2021-10-31,1.0495432573520398,LOSS,1.0,crypto
BAT-USD,LONG,2023-02-04,0.2777310013771057,0.24809665054573224,0.33699970303985266,531,True,False,True,0.07,2023-03-07,0.24809665054573224,LOSS,31.0,crypto
BAT-USD,LONG,2023-07-01,0.20810799300670624,0.1908836343269534,0.2425567103662119,678,True,False,True,0.441,2023-07-06,0.1908836343269534,LOSS,5.0,crypto
BAT-USD,LONG,2023-10-30,0.208979994058609,0.1935618681628699,0.2398162458500872,799,True,False,True,0.072,2023-11-12,0.2398162458500872,WIN,13.0,crypto
BAT-USD,LONG,2023-12-04,0.24643300473690033,0.2198510627193333,0.2995968887720344,834,True,True,True,0.151,2023-12-18,0.2198510627193333,LOSS,14.0,crypto
BAT-USD,LONG,2023-12-25,0.2630940079689026,0.2388681032884106,0.31154581732988657,855,True,False,True,0.331,2024-01-03,0.2388681032884106,LOSS,9.0,crypto
BAT-USD,LONG,2024-02-16,0.24497899413108826,0.22621643591182294,0.2825041105696189,908,True,False,True,0.068,2024-02-28,0.2825041105696189,WIN,12.0,crypto
BAT-USD,LONG,2024-03-01,0.29813098907470703,0.2705757702452101,0.35324142673370085,922,True,False,True,0.668,2024-03-02,0.35324142673370085,WIN,1.0,crypto
BAT-USD,LONG,2024-03-09,0.36176198720932007,0.31275942458425465,0.4597671124594509,930,True,True,True,0.173,2024-03-16,0.31275942458425465,LOSS,7.0,crypto
BAT-USD,LONG,2024-11-29,0.3299950063228607,0.28373315894020634,0.42251870108816947,1195,True,False,True,0.069,2024-12-09,0.28373315894020634,LOSS,10.0,crypto
BAT-USD,LONG,2025-04-23,0.14195400476455688,0.12749295407081213,0.1708761061520464,1340,True,False,True,0.082,2025-05-12,0.1708761061520464,WIN,19.0,crypto
BAT-USD,LONG,2025-07-18,0.1599780023097992,0.14604377857718912,0.18784644977501935,1426,True,False,True,0.003,2025-08-01,0.14604377857718912,LOSS,14.0,crypto
BAT-USD,LONG,2025-10-13,0.21510399878025055,0.17734195538665307,0.2906280855674455,1513,True,True,True,1.773,2025-10-17,0.17734195538665307,LOSS,4.0,crypto
BAT-USD,LONG,2025-11-07,0.22608700394630432,0.18464279871513628,0.3089754144086404,1538,True,True,True,0.163,2025-11-13,0.18464279871513628,LOSS,6.0,crypto
BAT-USD,LONG,2025-11-27,0.25996100902557373,0.21635072574746533,0.3471815755817905,1558,True,True,True,0.883,2025-12-17,0.21635072574746533,LOSS,20.0,crypto
BAT-USD,LONG,2026-08-21,0.07146400213241577,0.0650933620540772,0.08420528228909291,1825,False,True,True,0.666,,,OPEN,,crypto
BCH-USD,LONG,2021-11-09,716.318603515625,647.9285999308405,853.098610685194,79,True,True,True,1.775,2021-11-12,647.9285999308405,LOSS,3.0,crypto
BCH-USD,LONG,2022-03-22,376.73681640625,339.69902006204876,450.8124090946525,212,True,False,True,2.002,2022-04-06,339.69902006204876,LOSS,15.0,crypto
BCH-USD,LONG,2022-07-24,132.38540649414062,116.8749341591958,163.40635116403027,336,True,False,True,0.226,2022-07-26,116.8749341591958,LOSS,2.0,crypto
BCH-USD,LONG,2022-07-28,154.74412536621094,135.35447794590314,193.52342020682653,340,True,False,True,2.095,2022-08-01,135.35447794590314,LOSS,4.0,crypto
BCH-USD,LONG,2023-01-11,109.7518081665039,104.10450517451778,121.04641415047615,507,True,False,True,0.403,2023-01-12,121.04641415047615,WIN,1.0,crypto
BCH-USD,LONG,2023-01-13,124.35079956054688,116.18781197519158,140.67677473125747,509,True,True,True,0.118,2023-02-02,140.67677473125747,WIN,20.0,crypto
BCH-USD,LONG,2023-02-20,144.5414276123047,132.70159963111143,168.2210835746912,547,True,True,True,0.301,2023-02-24,132.70159963111143,LOSS,4.0,crypto
BCH-USD,LONG,2023-04-14,132.49490356445312,123.60735123097753,150.27000823140432,600,True,False,True,0.169,2023-04-20,123.60735123097753,LOSS,6.0,crypto
BCH-USD,LONG,2023-06-21,136.005615234375,124.84583679659225,158.3251721099405,668,True,True,True,3.424,2023-06-23,158.3251721099405,WIN,2.0,crypto
BCH-USD,LONG,2023-06-24,213.7257537841797,190.17617910391988,260.8249031446993,671,True,True,True,1.937,2023-06-25,190.17617910391988,LOSS,1.0,crypto
BCH-USD,LONG,2023-06-26,223.4814453125,193.7357954270117,282.9727450834766,673,True,True,True,0.44,2023-06-30,282.9727450834766,WIN,4.0,crypto
BCH-USD,LONG,2023-09-27,228.83692932128906,210.0532384931421,266.404310977583,766,True,True,True,0.485,2023-10-11,210.0532384931421,LOSS,14.0,crypto
BCH-USD,LONG,2023-10-23,260.6100769042969,238.66723087739985,304.49576895809093,792,True,True,True,0.677,2023-10-27,238.66723087739985,LOSS,4.0,crypto
BCH-USD,LONG,2023-12-27,264.08685302734375,241.8211924662177,308.61817414959586,857,True,True,True,0.262,2024-01-03,241.8211924662177,LOSS,7.0,crypto
BCH-USD,LONG,2024-02-09,250.30352783203125,233.56934119217541,283.7719011117429,901,True,False,True,0.579,2024-02-12,283.7719011117429,WIN,3.0,crypto
BCH-USD,LONG,2024-02-27,292.5193786621094,267.68332815876244,342.19147966880325,919,True,True,True,0.045,2024-03-02,342.19147966880325,WIN,4.0,crypto
BCH-USD,LONG,2024-03-24,484.7536315917969,402.29190436068245,649.6770860540257,945,True,False,True,0.134,2024-03-31,649.6770860540257,WIN,7.0,crypto
BCH-USD,LONG,2024-07-28,416.67303466796875,371.6824967643809,506.6541104751444,1071,True,False,True,0.551,2024-08-03,371.6824967643809,LOSS,6.0,crypto
BCH-USD,LONG,2024-11-09,406.35089111328125,366.5320906703558,485.9884919991322,1175,True,False,True,0.897,2024-11-21,485.9884919991322,WIN,12.0,crypto
BCH-USD,LONG,2024-12-03,583.9658813476562,505.9333366799015,740.0309706831657,1199,True,True,True,0.508,2024-12-10,505.9333366799015,LOSS,7.0,crypto
BCH-USD,LONG,2025-03-05,392.21337890625,337.03645405900687,502.56722860073626,1291,True,True,True,1.495,2025-03-10,337.03645405900687,LOSS,5.0,crypto
BCH-USD,LONG,2025-04-25,373.3293762207031,332.00576328771,455.97660208668935,1342,True,True,True,0.062,2025-06-15,455.97660208668935,WIN,51.0,crypto
BCH-USD,LONG,2025-06-19,498.56549072265625,449.86676835569864,595.9629354565715,1397,True,True,True,0.743,2025-06-22,449.86676835569864,LOSS,3.0,crypto
BCH-USD,LONG,2025-07-11,531.6624755859375,491.1549187369009,612.6775892840107,1419,True,False,True,0.244,2025-07-15,491.1549187369009,LOSS,4.0,crypto
BCH-USD,LONG,2025-07-20,547.8762817382812,502.4536095322777,638.7216261502883,1428,True,True,True,0.357,2025-07-23,502.4536095322777,LOSS,3.0,crypto
BCH-USD,LONG,2025-07-25,556.8209228515625,504.8527800458496,660.7572084629883,1433,True,True,True,0.153,2025-10-10,504.8527800458496,LOSS,77.0,crypto
BCH-USD,LONG,2025-11-22,556.4970703125,478.10753512560404,713.2761406862919,1553,True,True,True,0.035,2026-02-05,478.10753512560404,LOSS,75.0,crypto
BCH-USD,LONG,2026-07-05,243.87551879882812,217.66071890861713,296.3051185792501,1778,True,False,True,0.557,2026-07-17,217.66071890861713,LOSS,12.0,crypto
BCH-USD,LONG,2026-08-21,287.4397277832031,263.3055073138979,335.70816872181354,1825,True,True,True,5.088,,,OPEN,,crypto
BNB-USD,LONG,2021-10-29,529.6221313476562,474.7561689830129,639.3540560769429,68,True,False,True,0.888,2021-11-07,639.3540560769429,WIN,9.0,crypto
BNB-USD,LONG,2022-03-24,414.1269836425781,382.1298654152273,478.1212200972798,214,True,False,True,0.194,2022-04-26,382.1298654152273,LOSS,33.0,crypto
BNB-USD,LONG,2022-07-16,249.5938720703125,225.02302085905367,298.73557449283015,328,True,False,True,0.237,2022-07-29,298.73557449283015,WIN,13.0,crypto
BNB-USD,LONG,2022-08-04,310.7060546875,280.1677448486258,371.78267436524845,347,True,False,True,0.361,2022-08-19,280.1677448486258,LOSS,15.0,crypto
BNB-USD,LONG,2022-10-30,313.7547912597656,295.9020320305651,349.4603097181666,434,True,True,True,0.654,2022-11-04,349.4603097181666,WIN,5.0,crypto
BNB-USD,LONG,2023-01-07,261.2828369140625,246.9617784216224,289.9249538989427,503,True,False,True,0.107,2023-01-13,289.9249538989427,WIN,6.0,crypto
BNB-USD,LONG,2023-01-14,305.2411193847656,287.11175553840013,341.4998470774966,510,True,True,True,1.099,2023-01-18,287.11175553840013,LOSS,4.0,crypto
BNB-USD,LONG,2023-02-02,323.34979248046875,299.2980327722692,371.45331189686783,529,True,False,True,0.05,2023-02-13,299.2980327722692,LOSS,11.0,crypto
BNB-USD,LONG,2023-03-16,329.8608703613281,304.40420790335645,380.7741952772715,571,True,True,True,0.787,2023-04-03,304.40420790335645,LOSS,18.0,crypto
BNB-USD,LONG,2023-04-16,348.2209167480469,329.94850269439246,384.7657448553557,602,True,True,True,1.341,2023-04-19,329.94850269439246,LOSS,3.0,crypto
BNB-USD,LONG,2023-07-13,256.48968505859375,239.80874797709367,289.8515592215939,690,True,True,True,0.613,2023-07-18,239.80874797709367,LOSS,5.0,crypto
BNB-USD,LONG,2023-10-23,228.35276794433594,219.023069516849,247.0121647993098,792,True,True,True,2.218,2023-11-06,247.0121647993098,WIN,14.0,crypto
BNB-USD,LONG,2023-12-12,254.49497985839844,238.3973310545239,286.6902774661475,842,True,True,True,0.962,2023-12-18,238.3973310545239,LOSS,6.0,crypto
BNB-USD,LONG,2023-12-20,260.10736083984375,243.40703010600208,293.5080223075271,850,True,False,True,0.407,2023-12-26,293.5080223075271,WIN,6.0,crypto
BNB-USD,LONG,2023-12-27,323.6773376464844,298.2843561047731,374.4633007299069,857,True,True,True,1.652,2024-01-08,298.2843561047731,LOSS,12.0,crypto
BNB-USD,LONG,2024-02-09,323.84228515625,306.3597936908308,358.80726808708835,901,True,False,True,0.293,2024-02-15,358.80726808708835,WIN,6.0,crypto
BNB-USD,LONG,2024-02-21,378.5373229980469,354.58917900776254,426.43361097861555,913,True,True,True,1.084,2024-02-28,426.43361097861555,WIN,7.0,crypto
BNB-USD,LONG,2024-03-06,429.011962890625,389.64358418873763,507.74872029439973,927,True,True,True,0.098,2024-03-10,507.74872029439973,WIN,4.0,crypto
BNB-USD,LONG,2024-03-12,537.86572265625,490.58218008951593,632.4328077897181,933,True,True,True,0.019,2024-03-15,632.4328077897181,WIN,3.0,crypto
BNB-USD,LONG,2024-05-21,618.4204711914062,575.4289800516426,704.4034534709335,1003,True,True,True,0.736,2024-06-05,704.4034534709335,WIN,15.0,crypto
BNB-USD,LONG,2024-07-19,593.7021484375,545.0711572350367,690.9641308424266,1062,True,False,True,0.259,2024-08-02,545.0711572350367,LOSS,14.0,crypto
BNB-USD,LONG,2024-08-22,583.0518798828125,534.161809629017,680.8320203904036,1096,True,False,True,0.248,2024-08-27,534.161809629017,LOSS,5.0,crypto
BNB-USD,LONG,2024-09-19,566.2235107421875,525.443482073703,647.7835680791566,1124,True,False,True,0.228,2024-11-11,647.7835680791566,WIN,53.0,crypto
BNB-USD,LONG,2024-12-03,737.6965942382812,666.0870592359873,880.9156642428691,1199,True,True,True,1.406,2024-12-09,666.0870592359873,LOSS,6.0,crypto
BNB-USD,LONG,2025-04-22,618.8269653320312,583.037199606343,690.4064967834076,1339,True,False,True,0.408,2025-05-23,690.4064967834076,WIN,31.0,crypto
BNB-USD,LONG,2025-07-09,669.1525268554688,645.7817981585841,715.893984249238,1417,True,False,True,0.374,2025-07-17,715.893984249238,WIN,8.0,crypto
BNB-USD,LONG,2025-07-18,730.2163696289062,696.9723893881466,796.7043301104256,1426,True,True,True,0.214,2025-07-23,796.7043301104256,WIN,5.0,crypto
BNB-USD,LONG,2025-07-27,843.261962890625,790.520160570163,948.7455675315491,1435,True,False,True,1.287,2025-07-30,790.520160570163,LOSS,3.0,crypto
BNB-USD,LONG,2025-08-20,869.1038818359375,807.3423861112667,992.6268732852791,1459,True,False,True,0.014,2025-09-17,992.6268732852791,WIN,28.0,crypto
BNB-USD,LONG,2025-09-20,1042.650146484375,987.4018464186998,1153.1467466157253,1490,True,True,True,1.352,2025-09-22,987.4018464186998,LOSS,2.0,crypto
BNB-USD,LONG,2025-10-02,1090.6556396484375,1013.7021949007187,1244.562529143875,1502,True,False,True,0.265,2025-10-07,1244.562529143875,WIN,5.0,crypto
BNB-USD,LONG,2026-07-30,592.0128173828125,566.8104293991437,642.4175933501501,1803,True,False,True,0.625,2026-08-20,642.4175933501501,WIN,21.0,crypto
BNB-USD,LONG,2026-08-21,686.966796875,656.0134919675406,748.8734066899187,1825,True,True,True,1.892,,,OPEN,,crypto
BNT-USD,LONG,2021-11-02,4.47891092300415,4.025453443091138,5.385825882830176,72,True,False,True,0.332,2021-11-10,4.025453443091138,LOSS,8.0,crypto
BNT-USD,LONG,2022-03-27,2.70886492729187,2.523611148889595,3.07937248409642,217,True,False,True,0.944,2022-04-07,2.523611148889595,LOSS,11.0,crypto
BNT-USD,LONG,2023-01-29,0.4382689893245697,0.4026810356097045,0.5094448967543002,525,True,False,True,0.143,2023-02-21,0.5094448967543002,WIN,23.0,crypto
BNT-USD,LONG,2023-03-17,0.5494670271873474,0.48325052522048684,0.6819000311210686,572,True,True,True,1.668,2023-04-21,0.48325052522048684,LOSS,35.0,crypto
BNT-USD,LONG,2023-08-04,0.5496039986610413,0.49021425689135145,0.6683834822004209,712,True,True,True,4.361,2023-08-09,0.6683834822004209,WIN,5.0,crypto
BNT-USD,LONG,2023-10-08,0.583329975605011,0.5198327310243949,0.7103244647662432,777,True,True,True,4.646,2023-10-09,0.5198327310243949,LOSS,1.0,crypto
BNT-USD,LONG,2023-11-08,0.7132359743118286,0.6182974004866001,0.9031131219622857,808,True,True,True,1.47,2023-11-10,0.9031131219622857,WIN,2.0,crypto
BNT-USD,LONG,2023-11-11,1.1533910036087036,0.9996735201485873,1.4608259705289361,811,True,True,True,2.526,2023-11-12,1.4608259705289361,WIN,1.0,crypto
BNT-USD,LONG,2024-02-10,0.7628700137138367,0.7017884322402151,0.8850331766610797,902,True,False,True,0.117,2024-02-27,0.8850331766610797,WIN,17.0,crypto
BNT-USD,LONG,2024-03-02,0.915785014629364,0.8237516856250953,1.0998516726379015,923,True,False,True,0.149,2024-03-05,0.8237516856250953,LOSS,3.0,crypto
BNT-USD,LONG,2024-03-11,0.9997659921646118,0.877324489748143,1.2446489969975494,932,True,False,True,0.329,2024-03-15,0.877324489748143,LOSS,4.0,crypto
BNT-USD,LONG,2024-05-21,0.7937849760055542,0.7212745869129185,0.9388057541908257,1003,True,False,True,0.067,2024-06-07,0.7212745869129185,LOSS,17.0,crypto
BNT-USD,LONG,2024-07-19,0.6505699753761292,0.5909866538933355,0.7697366183417165,1062,True,False,True,0.182,2024-07-25,0.5909866538933355,LOSS,6.0,crypto
BNT-USD,LONG,2024-08-23,0.5396000146865845,0.4850743854610139,0.6486512731377256,1097,True,False,True,0.095,2024-08-27,0.4850743854610139,LOSS,4.0,crypto
BNT-USD,LONG,2024-09-19,0.5040220022201538,0.4557786223139995,0.6005087620324624,1124,True,False,True,0.436,2024-10-02,0.4557786223139995,LOSS,13.0,crypto
BNT-USD,LONG,2024-10-20,0.5424680113792419,0.49836621144450993,0.630671611248706,1155,True,False,True,0.067,2024-10-23,0.49836621144450993,LOSS,3.0,crypto
BNT-USD,LONG,2024-11-07,0.5456929802894592,0.49479470359952066,0.6474895336693364,1173,False,True,True,0.011,2024-11-18,0.6474895336693364,WIN,11.0,crypto
BNT-USD,LONG,2024-11-21,0.6625779867172241,0.5867287221021998,0.8142765159472727,1187,True,False,True,0.387,2024-12-02,0.8142765159472727,WIN,11.0,crypto
BNT-USD,LONG,2024-12-03,0.8936020135879517,0.7973997435830068,1.0860065535978414,1199,True,True,True,0.835,2024-12-09,0.7973997435830068,LOSS,6.0,crypto
BNT-USD,LONG,2025-05-08,0.5529379844665527,0.5026376237551654,0.6535387058893274,1355,True,True,True,2.692,2025-05-10,0.6535387058893274,WIN,2.0,crypto
BNT-USD,LONG,2025-05-11,0.6778540015220642,0.6144195374020445,0.8047229297621037,1358,True,True,True,0.112,2025-06-05,0.6144195374020445,LOSS,25.0,crypto
BNT-USD,LONG,2025-07-15,0.714801013469696,0.6556505323318271,0.8331019757454339,1423,True,True,True,0.083,2025-08-12,0.8331019757454339,WIN,28.0,crypto
BNT-USD,LONG,2025-08-13,0.8464339971542358,0.7692062486294065,1.0008894942038946,1452,True,False,True,0.063,2025-08-15,0.7692062486294065,LOSS,2.0,crypto
BNT-USD,LONG,2026-03-16,0.3258639872074127,0.2948815213703166,0.387828918881605,1667,True,False,True,0.461,2026-03-19,0.2948815213703166,LOSS,3.0,crypto
BNT-USD,LONG,2026-05-10,0.34497499465942383,0.32087142187603335,0.3931821402262048,1722,True,False,True,0.627,2026-05-28,0.32087142187603335,LOSS,18.0,crypto
BNT-USD,LONG,2026-07-26,0.2883889973163605,0.26948583522441333,0.32619532150025476,1799,True,False,True,0.302,2026-07-29,0.26948583522441333,LOSS,3.0,crypto
BNT-USD,LONG,2026-08-20,0.3066200017929077,0.28699857933157374,0.34586284671557566,1824,True,False,True,0.528,,,OPEN,,crypto
BTC-USD,LONG,2021-11-08,67566.828125,62224.02717227406,78252.43003045188,78,True,False,True,0.238,2021-11-16,62224.02717227406,LOSS,8.0,crypto
BTC-USD,LONG,2022-02-07,43840.28515625,40015.21760299391,51490.420262762185,169,True,False,True,0.223,2022-02-18,40015.21760299391,LOSS,11.0,crypto
BTC-USD,LONG,2022-03-24,43960.93359375,40563.92455216742,50754.95167691517,214,True,False,True,0.492,2022-04-11,40563.92455216742,LOSS,18.0,crypto
BTC-USD,LONG,2022-07-19,23389.43359375,21047.665196254944,28072.970388740112,331,True,True,True,0.646,2022-07-26,21047.665196254944,LOSS,7.0,crypto
BTC-USD,LONG,2022-12-13,17781.318359375,16941.951189462307,19460.052699200387,478,True,False,True,0.961,2022-12-16,16941.951189462307,LOSS,3.0,crypto
BTC-USD,LONG,2023-01-08,17091.14453125,16620.628374455067,18032.176844839865,504,True,False,True,0.332,2023-01-12,18032.176844839865,WIN,4.0,crypto
BTC-USD,LONG,2023-01-13,19909.57421875,19124.38366614499,21479.95532396002,509,True,True,True,2.24,2023-01-18,21479.95532396002,WIN,5.0,crypto
BTC-USD,LONG,2023-01-20,22676.552734375,21500.283703685982,25029.090795753036,516,True,False,True,1.891,2023-02-13,21500.283703685982,LOSS,24.0,crypto
BTC-USD,LONG,2023-02-15,24307.841796875,22903.772932024916,27115.979526575167,542,True,False,True,0.2,2023-02-25,22903.772932024916,LOSS,10.0,crypto
BTC-USD,LONG,2023-03-14,24746.07421875,22677.651277220015,28882.92010180997,569,False,True,True,0.168,2023-03-30,28882.92010180997,WIN,16.0,crypto
BTC-USD,LONG,2023-04-10,29652.98046875,27728.927692624842,33501.086021000316,596,True,False,True,0.513,2023-04-21,27728.927692624842,LOSS,11.0,crypto
BTC-USD,LONG,2023-06-21,30027.296875,28090.663735365873,33900.56315426825,668,True,True,True,1.692,2023-08-17,28090.663735365873,LOSS,57.0,crypto
BTC-USD,LONG,2023-10-01,27983.75,26814.86004375729,30321.52991248542,770,True,False,True,0.847,2023-10-11,26814.86004375729,LOSS,10.0,crypto
BTC-USD,LONG,2023-10-16,28519.466796875,27178.206268857346,31201.987852910308,785,True,True,True,0.037,2023-10-23,31201.987852910308,WIN,7.0,crypto
BTC-USD,LONG,2023-11-01,35437.25390625,33441.09338429425,39429.57495016151,801,True,False,True,0.287,2023-12-02,39429.57495016151,WIN,31.0,crypto
BTC-USD,LONG,2023-12-03,39978.390625,37858.66936697518,44217.83314104965,833,True,False,True,0.283,2023-12-05,44217.83314104965,WIN,2.0,crypto
BTC-USD,LONG,2024-01-02,44957.96875,42130.15536537187,50613.595519256254,863,True,True,True,0.417,2024-01-03,42130.15536537187,LOSS,1.0,crypto
BTC-USD,LONG,2024-01-08,46970.50390625,43522.38036027161,53866.750998206786,869,True,True,True,0.621,2024-01-12,43522.38036027161,LOSS,4.0,crypto
BTC-USD,LONG,2024-02-07,44318.22265625,41689.241479584976,49576.18500958005,899,True,False,True,0.365,2024-02-12,49576.18500958005,WIN,5.0,crypto
BTC-USD,LONG,2024-02-14,51826.6953125,48664.1931422894,58151.699652921205,906,True,True,True,0.929,2024-02-28,58151.699652921205,WIN,14.0,crypto
BTC-USD,LONG,2024-03-04,68330.4140625,63686.612246950084,77618.01769359983,925,True,True,True,1.902,2024-03-05,63686.612246950084,LOSS,1.0,crypto
BTC-USD,LONG,2024-03-11,72123.90625,66174.21322064438,84023.29230871124,932,True,True,True,0.686,2024-03-15,66174.21322064438,LOSS,4.0,crypto
BTC-USD,LONG,2024-07-15,64870.15234375,60163.867323501225,74282.72238424755,1058,True,False,True,0.464,2024-08-03,60163.867323501225,LOSS,19.0,crypto
BTC-USD,LONG,2024-09-18,61649.6796875,56962.58023812511,71023.87858624978,1123,True,False,True,0.142,2024-10-29,71023.87858624978,WIN,41.0,crypto
BTC-USD,LONG,2024-11-06,75639.078125,70574.6821446796,85767.87008564081,1172,True,True,True,0.814,2024-11-11,85767.87008564081,WIN,5.0,crypto
BTC-USD,LONG,2024-11-13,90584.1640625,83690.73644653332,104371.01929443335,1179,True,True,True,0.182,2024-12-15,104371.01929443335,WIN,32.0,crypto
BTC-USD,LONG,2024-12-16,106029.71875,98214.11012107685,121660.93600784629,1212,True,False,True,0.251,2024-12-19,98214.11012107685,LOSS,3.0,crypto
BTC-USD,LONG,2025-01-17,104462.0390625,96843.4061650694,119699.30485736119,1244,True,True,True,0.459,2025-02-02,96843.4061650694,LOSS,16.0,crypto
BTC-USD,LONG,2025-04-22,93441.890625,86688.6019302504,106948.4680144992,1339,True,True,True,1.473,2025-05-19,106948.4680144992,WIN,27.0,crypto
BTC-USD,LONG,2025-05-21,109678.078125,103775.67792265516,121482.87852968968,1368,True,True,True,0.803,2025-05-30,103775.67792265516,LOSS,9.0,crypto
BTC-USD,LONG,2025-07-09,111326.5546875,106433.46317456171,121112.73771337658,1417,True,False,True,0.321,2025-07-14,121112.73771337658,WIN,5.0,crypto
BTC-USD,LONG,2025-08-13,123344.0625,117785.9849082014,134460.2176835972,1452,True,False,True,0.368,2025-08-14,117785.9849082014,LOSS,1.0,crypto
BTC-USD,LONG,2025-09-16,116843.1875,112098.126170164,126333.310159672,1486,True,False,True,0.031,2025-09-22,112098.126170164,LOSS,6.0,crypto
BTC-USD,LONG,2025-10-01,118648.9296875,113682.78774669721,128581.21356910557,1501,True,True,True,0.297,2025-10-10,113682.78774669721,LOSS,9.0,crypto
BTC-USD,LONG,2026-01-04,91413.4921875,86661.85624857749,100916.76406534502,1596,True,False,True,0.223,2026-01-25,86661.85624857749,LOSS,21.0,crypto
BTC-USD,LONG,2026-03-04,72710.578125,65527.35482719067,87077.02472061866,1655,False,True,True,0.493,2026-03-29,65527.35482719067,LOSS,25.0,crypto
BTC-USD,LONG,2026-04-13,74484.640625,69371.36824073907,84711.18539352185,1695,True,True,True,0.274,2026-06-02,69371.36824073907,LOSS,50.0,crypto
BTC-USD,LONG,2026-08-20,73032.7578125,69495.9189886182,80106.4354602636,1824,True,True,True,1.717,,,OPEN,,crypto
CAKE-USD,LONG,2022-03-27,8.058774948120117,7.179767798932081,9.816789246496189,217,True,False,True,1.292,2022-04-03,9.816789246496189,WIN,7.0,crypto
CAKE-USD,LONG,2022-04-04,9.90371036529541,8.684403127528794,12.342324840828642,225,True,True,True,0.079,2022-04-06,8.684403127528794,LOSS,2.0,crypto
CELO-USD,LONG,2021-10-21,6.959898948669434,5.752897237602573,9.373902370803155,60,True,False,True,0.248,2021-11-10,5.752897237602573,LOSS,20.0,crypto
CELO-USD,LONG,2022-04-03,3.830341100692749,3.3229728325378036,4.84507763700264,224,True,True,True,0.411,2022-04-05,4.84507763700264,WIN,2.0,crypto
CELO-USD,LONG,2023-01-14,0.6322240233421326,0.5670146106951223,0.7626428486361532,510,True,True,True,0.781,2023-01-23,0.7626428486361532,WIN,9.0,crypto
CELO-USD,LONG,2023-02-20,0.902521014213562,0.7744344981535319,1.1586940463336222,547,True,True,True,0.315,2023-02-24,0.7744344981535319,LOSS,4.0,crypto
CELO-USD,LONG,2023-07-03,0.6200559735298157,0.541849605446836,0.776468709695775,680,True,True,True,1.453,2023-07-05,0.541849605446836,LOSS,2.0,crypto
CELO-USD,LONG,2023-11-01,0.5427860021591187,0.49519711115187137,0.6379637841736132,801,True,True,True,1.203,2023-11-21,0.49519711115187137,LOSS,20.0,crypto
CELO-USD,LONG,2023-12-05,0.5885760188102722,0.5309215631144961,0.7038849302018244,835,True,False,True,0.234,2023-12-13,0.5309215631144961,LOSS,8.0,crypto
CELO-USD,LONG,2023-12-17,0.649124026298523,0.5752402178943998,0.7968916431067692,847,True,True,True,0.383,2023-12-18,0.5752402178943998,LOSS,1.0,crypto
CELO-USD,LONG,2023-12-22,0.7002769708633423,0.6132798068419507,0.8742712989061254,852,True,True,True,0.426,2023-12-29,0.8742712989061254,WIN,7.0,crypto
CELO-USD,LONG,2024-02-14,0.7538599967956543,0.6776343370484383,0.9063113162900862,906,True,False,True,0.01,2024-02-25,0.9063113162900862,WIN,11.0,crypto
CELO-USD,LONG,2024-02-26,0.9616580009460449,0.8399971347780623,1.2049797332820102,918,True,True,True,0.081,2024-03-02,1.2049797332820102,WIN,5.0,crypto
CELO-USD,LONG,2024-03-11,1.754372000694275,1.4603009169118844,2.342514168259056,932,True,True,True,3.339,2024-03-13,1.4603009169118844,LOSS,2.0,crypto
CELO-USD,LONG,2024-08-23,0.5254589915275574,0.4679282692147719,0.6405204361531284,1097,True,False,True,0.789,2024-08-27,0.4679282692147719,LOSS,4.0,crypto
CELO-USD,LONG,2024-09-20,0.5157480239868164,0.4641729488886357,0.6188981741831778,1125,True,True,True,0.255,2024-09-25,0.6188981741831778,WIN,5.0,crypto
CELO-USD,LONG,2024-10-11,0.8130450248718262,0.6991646802688282,1.0408057140778222,1146,True,False,True,0.049,2024-10-24,0.6991646802688282,LOSS,13.0,crypto
CELO-USD,LONG,2024-11-24,0.8310539722442627,0.7075575242779825,1.0780468681768232,1190,True,True,True,0.008,2024-12-04,1.0780468681768232,WIN,10.0,crypto
CELO-USD,LONG,2025-04-23,0.3283909857273102,0.2878531669843389,0.4094666232132528,1340,True,False,True,0.09,2025-04-29,0.4094666232132528,WIN,6.0,crypto
CELO-USD,LONG,2025-05-10,0.43108901381492615,0.37936451174624497,0.5345380179522885,1357,True,True,True,0.818,2025-05-17,0.37936451174624497,LOSS,7.0,crypto
CELO-USD,LONG,2025-07-08,0.30024099349975586,0.2657410433050783,0.36924089388911097,1416,True,True,True,0.334,2025-07-20,0.36924089388911097,WIN,12.0,crypto
CELO-USD,LONG,2025-08-13,0.37831300497055054,0.33451552152895486,0.4659079718537419,1452,True,False,True,0.279,2025-08-14,0.33451552152895486,LOSS,1.0,crypto
CELO-USD,LONG,2025-10-05,0.4065000116825104,0.34418281351502045,0.5311344080174902,1505,True,True,True,0.104,2025-10-10,0.34418281351502045,LOSS,5.0,crypto
CELO-USD,LONG,2026-05-08,0.09766499698162079,0.08911625317496777,0.11476248459492683,1720,True,False,True,0.228,2026-05-15,0.08911625317496777,LOSS,7.0,crypto
CHZ-USD,LONG,2021-10-30,0.51493901014328,0.416890107306879,0.7110368158160821,69,True,True,True,3.038,2021-10-31,0.416890107306879,LOSS,1.0,crypto
CHZ-USD,LONG,2022-03-05,0.23121100664138794,0.19335567156074418,0.30692167680267546,195,True,True,True,0.066,2022-03-07,0.19335567156074418,LOSS,2.0,crypto
CHZ-USD,LONG,2022-03-25,0.2478480041027069,0.2172879102051815,0.3089681918977577,215,True,True,True,0.907,2022-03-29,0.3089681918977577,WIN,4.0,crypto
CHZ-USD,LONG,2022-08-12,0.1638830006122589,0.14137722407233555,0.20889455369210563,355,True,True,True,0.207,2022-08-16,0.20889455369210563,WIN,4.0,crypto
CHZ-USD,LONG,2022-08-17,0.2219190001487732,0.192585953676917,0.2805850930924856,360,True,True,True,0.475,2022-08-19,0.192585953676917,LOSS,2.0,crypto
CHZ-USD,LONG,2022-08-23,0.24949899315834045,0.21114200055768406,0.32621297835965324,366,True,True,True,1.088,2022-08-26,0.21114200055768406,LOSS,3.0,crypto
CHZ-USD,LONG,2022-09-18,0.2292969971895218,0.19387325014779616,0.30014449127297305,392,True,True,True,0.134,2022-10-10,0.19387325014779616,LOSS,22.0,crypto
CHZ-USD,LONG,2022-10-30,0.2248460054397583,0.1959288155953381,0.2826803851285987,434,True,True,True,0.551,2022-11-06,0.2826803851285987,WIN,7.0,crypto
CHZ-USD,LONG,2023-07-13,0.08449999988079071,0.07677162238067567,0.09995675488102079,690,True,True,True,0.36,2023-07-24,0.07677162238067567,LOSS,11.0,crypto
CHZ-USD,LONG,2023-10-23,0.06593099981546402,0.061052659667783706,0.07568768011082465,792,True,True,True,0.402,2023-11-05,0.07568768011082465,WIN,13.0,crypto
CHZ-USD,LONG,2023-11-06,0.08040600270032883,0.07333949356812464,0.09453902096473721,806,True,False,True,0.069,2023-11-21,0.07333949356812464,LOSS,15.0,crypto
CHZ-USD,LONG,2023-12-06,0.0810059979557991,0.07434089948544219,0.09433619489651293,836,True,True,True,0.001,2023-12-27,0.09433619489651293,WIN,21.0,crypto
CHZ-USD,LONG,2024-01-16,0.10330499708652496,0.0896528084384209,0.1306093743827331,877,True,True,True,1.218,2024-01-19,0.0896528084384209,LOSS,3.0,crypto
CHZ-USD,LONG,2024-02-16,0.11705700308084488,0.10544630856022374,0.14027839212208715,908,True,True,True,0.523,2024-02-27,0.14027839212208715,WIN,11.0,crypto
CHZ-USD,LONG,2024-03-01,0.16140800714492798,0.1419305839784845,0.20036285347781496,922,True,True,True,1.497,2024-03-05,0.1419305839784845,LOSS,4.0,crypto
CHZ-USD,LONG,2024-03-13,0.16653800010681152,0.14056074357321816,0.21849251317399826,934,True,False,True,0.02,2024-03-15,0.14056074357321816,LOSS,2.0,crypto
CHZ-USD,LONG,2024-04-08,0.15794700384140015,0.1355662799450705,0.20270845163405943,960,True,False,True,0.34,2024-04-12,0.1355662799450705,LOSS,4.0,crypto
CHZ-USD,LONG,2024-05-25,0.13604800403118134,0.1178629740309258,0.1724180640316924,1007,True,True,True,0.466,2024-06-07,0.1178629740309258,LOSS,13.0,crypto
CHZ-USD,LONG,2024-08-23,0.06159599870443344,0.055099282952151496,0.07458943020899733,1097,True,False,True,0.316,2024-08-27,0.055099282952151496,LOSS,4.0,crypto
CHZ-USD,LONG,2024-09-21,0.059585001319646835,0.05472512819888911,0.06930474756116228,1126,True,False,True,0.997,2024-09-25,0.06930474756116228,WIN,4.0,crypto
CHZ-USD,LONG,2024-10-15,0.08219499886035919,0.07226567366372603,0.1020536492536255,1150,True,True,True,0.62,2024-10-21,0.07226567366372603,LOSS,6.0,crypto
CHZ-USD,LONG,2024-11-16,0.07516700029373169,0.06514377297489635,0.09521345493140237,1182,True,True,True,0.251,2024-11-24,0.09521345493140237,WIN,8.0,crypto
CHZ-USD,LONG,2024-11-29,0.10255400091409683,0.08712970324948062,0.13340259624332926,1195,True,False,True,0.225,2024-12-04,0.13340259624332926,WIN,5.0,crypto
CHZ-USD,LONG,2025-05-10,0.04942400008440018,0.044632178375600115,0.0590076435020003,1357,True,True,True,1.226,2025-05-15,0.044632178375600115,LOSS,5.0,crypto
CHZ-USD,LONG,2025-07-20,0.04552900046110153,0.041283787005858635,0.054019427371587325,1428,True,False,True,0.206,2025-07-23,0.041283787005858635,LOSS,3.0,crypto
CHZ-USD,LONG,2025-09-12,0.04349600151181221,0.040214350023883495,0.05005930448766964,1482,True,True,True,0.203,2025-09-15,0.040214350023883495,LOSS,3.0,crypto
CHZ-USD,LONG,2025-10-02,0.04568500071763992,0.041692936921802204,0.05366912830931536,1502,True,True,True,0.049,2025-10-07,0.041692936921802204,LOSS,5.0,crypto
CHZ-USD,LONG,2025-12-30,0.03972499817609787,0.03550526786748465,0.048164458793324316,1591,True,False,True,0.421,2026-01-10,0.048164458793324316,WIN,11.0,crypto
CHZ-USD,LONG,2026-01-13,0.05355700105428696,0.047695440892785886,0.0652801213772891,1605,True,True,True,0.71,2026-01-29,0.047695440892785886,LOSS,16.0,crypto
CHZ-USD,LONG,2026-08-21,0.014364000409841537,0.013110183979795352,0.01687163326993391,1825,False,True,True,0.499,,,OPEN,,crypto
CRO-USD,LONG,2021-10-25,0.20095400512218475,0.1822032263223294,0.23845556272189544,64,True,False,True,0.229,2021-11-02,0.23845556272189544,WIN,8.0,crypto
CRO-USD,LONG,2021-11-03,0.2692379951477051,0.2344627608275009,0.33878846378811345,73,True,True,True,0.746,2021-11-05,0.33878846378811345,WIN,2.0,crypto
CRO-USD,LONG,2021-11-14,0.438508003950119,0.36459883917643987,0.5863263334974773,84,True,False,True,0.392,2021-11-17,0.5863263334974773,WIN,3.0,crypto
CRO-USD,LONG,2021-11-21,0.7294129729270935,0.5875021703673529,1.0132345780465748,91,True,True,True,1.911,2021-12-04,0.5875021703673529,LOSS,13.0,crypto
CRO-USD,LONG,2022-07-18,0.13222399353981018,0.11767778637028789,0.16131640787885476,330,True,True,True,0.698,2022-07-26,0.11767778637028789,LOSS,8.0,crypto
CRO-USD,LONG,2022-08-02,0.15214699506759644,0.13604217388280263,0.18435663743718406,345,True,True,True,1.177,2022-08-19,0.13604217388280263,LOSS,17.0,crypto
CRO-USD,LONG,2023-10-13,0.05221100151538849,0.05001958810634391,0.05659382833347765,782,False,False,True,0.25,2023-10-23,0.05659382833347765,WIN,10.0,crypto
CRO-USD,LONG,2023-10-24,0.057479001581668854,0.05463401450092393,0.0631689757431587,793,True,True,True,0.351,2023-11-02,0.0631689757431587,WIN,9.0,crypto
CRO-USD,LONG,2023-11-04,0.06830699741840363,0.06441189309862745,0.07609720605795597,804,True,False,True,0.209,2023-11-07,0.07609720605795597,WIN,3.0,crypto
CRO-USD,LONG,2023-11-10,0.09993500262498856,0.09184285482126749,0.1161192982324307,810,True,True,True,3.542,2023-11-11,0.1161192982324307,WIN,1.0,crypto
CRO-USD,LONG,2023-12-09,0.10874799638986588,0.09635770976694238,0.13352856963571286,839,True,True,True,1.36,2023-12-11,0.09635770976694238,LOSS,2.0,crypto
CRO-USD,LONG,2024-02-29,0.10916899889707565,0.1006759677075308,0.12615506127616535,921,True,True,True,0.643,2024-03-01,0.12615506127616535,WIN,1.0,crypto
CRO-USD,LONG,2024-03-02,0.1460539996623993,0.13170501893249928,0.17475196112219932,923,True,True,True,2.711,2024-03-05,0.17475196112219932,WIN,3.0,crypto
CRO-USD,LONG,2024-07-15,0.09551700204610825,0.08778610104923518,0.11097880403985438,1058,True,False,True,0.095,2024-07-31,0.08778610104923518,LOSS,16.0,crypto
CRO-USD,LONG,2024-11-08,0.10842300206422806,0.09716428226996938,0.1309404416527454,1174,True,True,True,2.346,2024-11-10,0.1309404416527454,WIN,2.0,crypto
CRO-USD,LONG,2024-11-11,0.20541900396347046,0.17468013143386849,0.2668967490226744,1177,True,True,True,4.485,2024-11-12,0.17468013143386849,LOSS,1.0,crypto
CRO-USD,LONG,2024-12-04,0.21485500037670135,0.1776350671022824,0.28929486692553924,1200,True,True,True,0.418,2024-12-09,0.1776350671022824,LOSS,5.0,crypto
CRO-USD,LONG,2025-03-25,0.10478899627923965,0.0878808646117131,0.13860525961429276,1311,True,True,True,0.595,2025-04-06,0.0878808646117131,LOSS,12.0,crypto
CRO-USD,LONG,2025-05-08,0.09830799698829651,0.08945528339337158,0.11601342417814636,1355,True,True,True,1.025,2025-06-13,0.08945528339337158,LOSS,36.0,crypto
CRO-USD,LONG,2025-07-11,0.10449200123548508,0.09492297488787932,0.12363005393069659,1419,True,True,True,0.984,2025-07-18,0.12363005393069659,WIN,7.0,crypto
CRO-USD,LONG,2025-07-25,0.13232199847698212,0.11794905314146947,0.1610678891480074,1433,True,False,True,0.498,2025-08-09,0.1610678891480074,WIN,15.0,crypto
CRO-USD,LONG,2025-08-10,0.16455499827861786,0.1466451610374568,0.20037467276093995,1449,True,False,True,0.086,2025-08-18,0.1466451610374568,LOSS,8.0,crypto
CRO-USD,LONG,2025-08-26,0.20036199688911438,0.1747380741075594,0.25160984245222434,1465,True,True,True,2.135,2025-08-27,0.25160984245222434,WIN,1.0,crypto
CRO-USD,LONG,2025-08-28,0.32882601022720337,0.2762720681425211,0.43393389439656793,1467,True,True,True,1.604,2025-08-29,0.2762720681425211,LOSS,1.0,crypto
CRO-USD,LONG,2026-08-21,0.0578249990940094,0.05328540928724078,0.06690417870754664,1825,True,True,True,1.012,2026-08-22,0.06690417870754664,WIN,1.0,crypto
CRV-USD,LONG,2021-10-22,3.3362650871276855,2.81105487911054,4.386685503161977,61,True,True,True,0.72,2021-10-25,4.386685503161977,WIN,3.0,crypto
CRV-USD,LONG,2021-12-22,5.050278186798096,3.904287458894202,7.3422596426058835,122,True,True,True,0.106,2022-01-21,3.904287458894202,LOSS,30.0,crypto
CRV-USD,LONG,2022-07-05,0.9598569869995117,0.7538268620264295,1.3719172369456762,317,True,True,True,0.806,2022-07-21,1.3719172369456762,WIN,16.0,crypto
CRV-USD,LONG,2022-07-22,1.4373400211334229,1.18174848205388,1.9485230992925087,334,True,True,True,0.176,2022-07-26,1.18174848205388,LOSS,4.0,crypto
CRV-USD,LONG,2022-07-28,1.5395629405975342,1.251473209801914,2.1157424021887747,340,True,True,True,0.043,2022-08-02,1.251473209801914,LOSS,5.0,crypto
CRV-USD,LONG,2023-01-12,0.6891160011291504,0.6250913775848765,0.8171652482176981,508,True,True,True,0.024,2023-01-13,0.8171652482176981,WIN,1.0,crypto
CRV-USD,LONG,2023-01-16,0.8716949820518494,0.7725374843196046,1.070009977516339,512,True,True,True,0.056,2023-01-22,1.070009977516339,WIN,6.0,crypto
CRV-USD,LONG,2023-02-18,1.2547669410705566,1.0668080425109596,1.6306847381897507,545,True,False,True,0.192,2023-02-24,1.0668080425109596,LOSS,6.0,crypto
CRV-USD,LONG,2023-04-13,1.0669889450073242,0.9634417041482529,1.2740834267254668,599,True,False,True,0.451,2023-04-19,0.9634417041482529,LOSS,6.0,crypto
CRV-USD,LONG,2023-06-30,0.7609230279922485,0.675385692536477,0.9319976989037917,677,True,False,True,0.069,2023-07-30,0.675385692536477,LOSS,30.0,crypto
CRV-USD,LONG,2023-11-10,0.6040300130844116,0.5393377018809795,0.7334146354912758,810,True,True,True,0.42,2023-11-18,0.5393377018809795,LOSS,8.0,crypto
CRV-USD,LONG,2023-12-05,0.632656991481781,0.5651787811328255,0.767613412179692,835,True,False,True,0.33,2024-01-03,0.5651787811328255,LOSS,29.0,crypto
CRV-USD,LONG,2024-02-19,0.5624290108680725,0.5103830316075009,0.6665209693892158,911,True,False,True,0.34,2024-03-02,0.6665209693892158,WIN,12.0,crypto
CRV-USD,LONG,2024-03-04,0.769195020198822,0.6784691385054887,0.9506467835854886,925,True,True,True,1.668,2024-03-05,0.6784691385054887,LOSS,1.0,crypto
CRV-USD,LONG,2024-03-06,0.8019059896469116,0.6701371695134241,1.0654436299138867,927,True,True,True,0.015,2024-03-17,0.6701371695134241,LOSS,11.0,crypto
CRV-USD,LONG,2024-08-14,0.32499200105667114,0.27099823531692363,0.43297953253616617,1088,True,False,True,0.025,2024-09-01,0.27099823531692363,LOSS,18.0,crypto
CRV-USD,LONG,2024-09-27,0.3184329867362976,0.2804965392703616,0.3943058816681696,1132,True,True,True,0.339,2024-09-30,0.2804965392703616,LOSS,3.0,crypto
CRV-USD,LONG,2024-11-13,0.3136189877986908,0.274519861888576,0.39181723961892034,1179,True,True,True,0.946,2024-11-18,0.39181723961892034,WIN,5.0,crypto
CRV-USD,LONG,2024-11-19,0.40870898962020874,0.34609201764018566,0.5339429335802549,1185,True,True,True,0.467,2024-11-23,0.5339429335802549,WIN,4.0,crypto
CRV-USD,LONG,2024-11-30,0.6854130029678345,0.5759998495915334,0.9042393097204366,1196,True,True,True,2.049,2024-12-03,0.9042393097204366,WIN,3.0,crypto
CRV-USD,LONG,2024-12-04,1.092406988143921,0.9007992767618929,1.475622410907977,1200,True,True,True,1.279,2024-12-19,0.9007992767618929,LOSS,15.0,crypto
CRV-USD,LONG,2025-07-17,1.0114829540252686,0.8887913649849926,1.2568661321058205,1425,True,True,True,1.12,2025-08-01,0.8887913649849926,LOSS,15.0,crypto
CRV-USD,LONG,2026-04-16,0.2329850047826767,0.207838740145594,0.2832775340568421,1698,True,True,True,0.141,2026-05-11,0.2832775340568421,WIN,25.0,crypto
CRV-USD,LONG,2026-07-14,0.22318699955940247,0.19815724603496318,0.27324650660828104,1787,True,True,True,0.249,2026-08-12,0.27324650660828104,WIN,29.0,crypto
CRV-USD,LONG,2026-08-20,0.28516700863838196,0.25479553640854546,0.34590995309805495,1824,True,True,True,0.0,2026-08-21,0.34590995309805495,WIN,1.0,crypto
CTSI-USD,LONG,2021-11-10,1.001803994178772,0.8171847210671142,1.3710425404020876,80,True,True,True,0.213,2021-11-11,1.3710425404020876,WIN,1.0,crypto
CTSI-USD,LONG,2023-04-18,0.3193190097808838,0.270385157851287,0.4171867136400774,604,True,True,True,1.085,2023-04-21,0.270385157851287,LOSS,3.0,crypto
CTSI-USD,LONG,2024-02-28,0.4220399856567383,0.356469310767611,0.5531813354349928,920,True,True,True,0.981,2024-03-05,0.356469310767611,LOSS,6.0,crypto
CTSI-USD,LONG,2024-07-21,0.17298899590969086,0.1538807102539617,0.2112055672211492,1064,True,True,True,0.135,2024-07-24,0.1538807102539617,LOSS,3.0,crypto
CTSI-USD,LONG,2024-09-19,0.1345140039920807,0.12015528064806386,0.16323145068011435,1124,False,True,True,0.222,2024-10-01,0.12015528064806386,LOSS,12.0,crypto
CTSI-USD,LONG,2024-10-22,0.1422709971666336,0.12565180769600046,0.1755093761078999,1157,True,True,True,0.184,2024-10-25,0.12565180769600046,LOSS,3.0,crypto
CTSI-USD,LONG,2024-11-18,0.16087499260902405,0.13723951296277423,0.20814595190152368,1184,True,True,True,0.075,2024-11-30,0.20814595190152368,WIN,12.0,crypto
CTSI-USD,LONG,2024-12-03,0.23306399583816528,0.20143499209088006,0.29632200333273573,1199,True,True,True,0.942,2024-12-09,0.20143499209088006,LOSS,6.0,crypto
CTSI-USD,LONG,2025-04-24,0.06651599705219269,0.0580857375646725,0.08337651602723306,1341,True,False,True,0.107,2025-05-06,0.0580857375646725,LOSS,12.0,crypto
CTSI-USD,LONG,2025-05-09,0.07576800137758255,0.06712793892845109,0.09304812627584547,1356,True,False,True,1.145,2025-05-30,0.06712793892845109,LOSS,21.0,crypto
CTSI-USD,LONG,2025-07-11,0.06870599836111069,0.06050321811944005,0.08511155884445196,1419,True,True,True,0.431,2025-07-23,0.08511155884445196,WIN,12.0,crypto
CTSI-USD,LONG,2025-08-16,0.09980800002813339,0.08314864650413666,0.13312670707612687,1455,True,True,True,2.682,2025-08-21,0.08314864650413666,LOSS,5.0,crypto
CVX-USD,LONG,2021-10-21,21.421829223632812,17.49916333650167,29.267160997895097,60,True,False,True,0.345,2021-10-29,29.267160997895097,WIN,8.0,crypto
CVX-USD,LONG,2021-11-10,40.37348937988281,31.736275187435155,57.64791776477813,80,True,True,True,1.649,2021-11-11,31.736275187435155,LOSS,1.0,crypto
CVX-USD,LONG,2021-12-17,33.44784164428711,25.926472585928146,48.49057976100504,117,True,True,True,0.489,2021-12-23,48.49057976100504,WIN,6.0,crypto
CVX-USD,LONG,2026-05-11,1.9593579769134521,1.7819605057178087,2.314152919304739,1723,True,True,True,0.299,2026-05-15,1.7819605057178087,LOSS,4.0,crypto
CVX-USD,LONG,2026-07-14,1.3432999849319458,1.185655320820364,1.6585893131551095,1787,True,True,True,0.195,2026-07-23,1.185655320820364,LOSS,9.0,crypto
CVX-USD,LONG,2026-08-05,1.4580390453338623,1.309015537636044,1.756086060729499,1809,True,False,True,0.469,2026-08-10,1.756086060729499,WIN,5.0,crypto
CVX-USD,LONG,2026-08-21,1.981402039527893,1.7429921412955156,2.458221835992648,1825,True,True,True,1.354,,,OPEN,,crypto
DASH-USD,LONG,2021-11-09,234.65283203125,208.10579124505216,287.7469136036457,79,True,True,True,1.556,2021-11-16,208.10579124505216,LOSS,7.0,crypto
DASH-USD,LONG,2023-09-29,27.414817810058594,25.814556885863883,30.615339658448015,768,True,False,True,0.128,2023-10-09,25.814556885863883,LOSS,10.0,crypto
DASH-USD,LONG,2023-10-24,28.022293090820312,26.31916170852035,31.428555855420235,793,True,True,True,0.229,2023-11-07,31.428555855420235,WIN,14.0,crypto
DASH-USD,LONG,2023-11-11,33.103553771972656,30.398648509852993,38.51336429621198,811,True,False,True,0.421,2023-11-14,30.398648509852993,LOSS,3.0,crypto
DASH-USD,LONG,2023-12-07,33.253761291503906,30.75412056289123,38.25304274872926,837,True,False,True,0.316,2023-12-18,30.75412056289123,LOSS,11.0,crypto
DASH-USD,LONG,2023-12-27,38.39103317260742,34.93743034952006,45.29823881878214,857,True,False,True,0.887,2023-12-29,34.93743034952006,LOSS,2.0,crypto
DASH-USD,LONG,2024-03-01,34.106773376464844,30.950808950572053,40.418702228250424,922,True,False,True,0.201,2024-03-02,40.418702228250424,WIN,1.0,crypto
DASH-USD,LONG,2024-03-11,43.108726501464844,37.56858690321418,54.18900569796617,932,True,True,True,0.63,2024-03-15,37.56858690321418,LOSS,4.0,crypto
DASH-USD,LONG,2024-07-13,26.007617950439453,23.255688103330336,31.51147764465769,1056,True,False,True,0.664,2024-08-03,23.255688103330336,LOSS,21.0,crypto
DASH-USD,LONG,2024-08-23,27.0335750579834,24.566899709161987,31.96692575562622,1097,True,False,True,0.442,2024-08-27,24.566899709161987,LOSS,4.0,crypto
DASH-USD,LONG,2024-09-21,25.488332748413086,23.690027279080343,29.08494368707857,1126,True,False,True,0.074,2024-10-01,23.690027279080343,LOSS,10.0,crypto
DASH-USD,LONG,2024-11-09,24.922605514526367,23.22618190807662,28.315452727425864,1175,True,True,True,0.265,2024-11-16,28.315452727425864,WIN,7.0,crypto
DASH-USD,LONG,2024-11-23,33.80192184448242,29.870343198945452,41.66507913555636,1189,True,True,True,1.795,2024-12-01,41.66507913555636,WIN,8.0,crypto
DASH-USD,LONG,2024-12-02,52.307106018066406,44.98713444126737,66.94704917166447,1198,True,True,True,1.623,2024-12-05,66.94704917166447,WIN,3.0,crypto
DASH-USD,LONG,2025-04-23,22.399478912353516,20.447251989187674,26.3039327586852,1340,True,False,True,0.226,2025-06-05,20.447251989187674,LOSS,43.0,crypto
DASH-USD,LONG,2025-07-10,21.50701332092285,19.882075215366612,24.75688953203533,1418,True,False,True,0.676,2025-07-18,24.75688953203533,WIN,8.0,crypto
DASH-USD,LONG,2025-07-20,25.221633911132812,23.045440854102544,29.57402002519335,1428,True,True,True,0.406,2025-07-23,23.045440854102544,LOSS,3.0,crypto
DASH-USD,LONG,2025-08-13,23.948556900024414,21.810943820694703,28.223783058683836,1452,True,False,True,0.206,2025-08-15,21.810943820694703,LOSS,2.0,crypto
DASH-USD,LONG,2025-08-30,24.317859649658203,21.86811035543694,29.21735823810073,1469,True,False,True,0.086,2025-09-22,21.86811035543694,LOSS,23.0,crypto
DASH-USD,LONG,2025-10-01,31.227285385131836,27.762836398474043,38.15618335844742,1501,True,True,True,3.267,2025-10-02,38.15618335844742,WIN,1.0,crypto
DASH-USD,LONG,2025-10-12,53.492061614990234,42.04879322016124,76.37859840464823,1512,True,True,True,0.819,2025-10-16,42.04879322016124,LOSS,4.0,crypto
DASH-USD,LONG,2025-11-01,73.97018432617188,59.46296806134729,102.98461685582105,1532,True,True,True,1.915,2025-11-03,102.98461685582105,WIN,2.0,crypto
DASH-USD,LONG,2025-11-04,121.69669342041016,96.50813619589178,172.0738078694469,1535,True,True,True,0.217,2025-11-08,96.50813619589178,LOSS,4.0,crypto
DGB-USD,LONG,2022-03-23,0.022321999073028564,0.01952021426581069,0.027925568687464312,213,True,False,True,0.144,2022-03-27,0.027925568687464312,WIN,4.0,crypto
DGB-USD,LONG,2022-12-02,0.007828000001609325,0.007003245363071898,0.00947750927868418,467,True,False,True,0.133,2022-12-13,0.00947750927868418,WIN,11.0,crypto
DGB-USD,LONG,2023-01-09,0.00863299984484911,0.007959467357888628,0.009980064818770073,505,True,False,True,0.276,2023-01-14,0.009980064818770073,WIN,5.0,crypto
DGB-USD,LONG,2023-01-22,0.010518999770283699,0.00954829644040345,0.012460406430044198,518,True,False,True,0.072,2023-02-13,0.00954829644040345,LOSS,22.0,crypto
DGB-USD,LONG,2023-02-20,0.011629999615252018,0.010426869701209861,0.014036259443336332,547,True,False,True,0.071,2023-03-03,0.010426869701209861,LOSS,11.0,crypto
DGB-USD,LONG,2023-04-14,0.01014699973165989,0.009336152441260927,0.011768694312457813,600,True,True,True,0.242,2023-04-21,0.009336152441260927,LOSS,7.0,crypto
DGB-USD,LONG,2023-07-01,0.00737700005993247,0.006736891191352797,0.008657217797091816,678,True,False,True,0.125,2023-07-03,0.008657217797091816,WIN,2.0,crypto
DGB-USD,LONG,2023-10-23,0.007021000143140554,0.006564619796828039,0.007933760835765585,792,True,True,True,0.806,2023-11-09,0.007933760835765585,WIN,17.0,crypto
DGB-USD,LONG,2023-11-10,0.008655999787151814,0.008080818314759434,0.009806362731936573,810,True,False,True,0.946,2023-11-14,0.008080818314759434,LOSS,4.0,crypto
DGB-USD,LONG,2023-12-05,0.008488000370562077,0.007859518628994538,0.009744963853697153,835,True,False,True,0.025,2023-12-22,0.009744963853697153,WIN,17.0,crypto
DGB-USD,LONG,2023-12-23,0.009828999638557434,0.008968106673030399,0.011550785569611505,853,True,False,True,0.023,2024-01-03,0.008968106673030399,LOSS,11.0,crypto
DGB-USD,LONG,2024-02-14,0.008387000299990177,0.007749061610582324,0.009662877678805883,906,True,True,True,0.621,2024-02-18,0.009662877678805883,WIN,4.0,crypto
DGB-USD,LONG,2024-02-22,0.009959000162780285,0.008945126984638502,0.01198674651906385,914,True,True,True,0.381,2024-02-25,0.01198674651906385,WIN,3.0,crypto
DGB-USD,LONG,2024-03-01,0.013999000191688538,0.01219763890471778,0.017601722765630053,922,True,False,True,0.144,2024-03-05,0.01219763890471778,LOSS,4.0,crypto
DGB-USD,LONG,2024-03-11,0.016743000596761703,0.014047430394969489,0.022134141000346132,932,True,False,True,0.38,2024-03-17,0.014047430394969489,LOSS,6.0,crypto
DGB-USD,LONG,2024-04-01,0.019393999129533768,0.015964194398402617,0.026253608591796068,953,True,True,True,1.256,2024-04-03,0.015964194398402617,LOSS,2.0,crypto
DGB-USD,LONG,2024-09-26,0.0070940000005066395,0.006469468284572734,0.00834306343237445,1131,True,False,True,0.192,2024-10-01,0.006469468284572734,LOSS,5.0,crypto
DGB-USD,LONG,2024-11-13,0.007530999835580587,0.006537786938401174,0.009517425629939414,1179,True,True,True,0.137,2024-11-15,0.009517425629939414,WIN,2.0,crypto
DGB-USD,LONG,2024-11-20,0.010785999707877636,0.008743580531797026,0.014870838060038857,1186,True,True,True,1.147,2024-11-30,0.014870838060038857,WIN,10.0,crypto
DGB-USD,LONG,2024-12-03,0.01881599985063076,0.014945819239307817,0.026556361073276646,1199,True,True,True,0.458,2024-12-09,0.014945819239307817,LOSS,6.0,crypto
DGB-USD,LONG,2025-05-13,0.011881000362336636,0.010325455234978275,0.014992090617053356,1360,True,True,True,0.606,2025-05-17,0.010325455234978275,LOSS,4.0,crypto
DGB-USD,LONG,2025-07-10,0.008542999625205994,0.007774272070408806,0.010080454734800369,1418,True,False,True,1.061,2025-07-21,0.010080454734800369,WIN,11.0,crypto
DGB-USD,LONG,2026-07-16,0.0033579999580979347,0.002912510213778437,0.00424897944673693,1789,True,True,True,2.595,2026-07-17,0.002912510213778437,LOSS,1.0,crypto
DGB-USD,LONG,2026-07-27,0.004269999917596579,0.0033910318483711867,0.006027936056047362,1800,True,True,True,0.501,,,OPEN,,crypto
DODO-USD,LONG,2022-11-03,0.1511790007352829,0.13399730174088453,0.18554239872407963,438,True,True,True,1.208,2022-11-08,0.13399730174088453,LOSS,5.0,crypto
DODO-USD,LONG,2023-02-04,0.1505800038576126,0.13353925753404347,0.1846614965047509,531,True,True,True,0.469,2023-02-09,0.13353925753404347,LOSS,5.0,crypto
DODO-USD,LONG,2023-02-20,0.2010049968957901,0.16401074093463036,0.2749935088181096,547,True,True,True,1.604,2023-02-26,0.2749935088181096,WIN,6.0,crypto
DODO-USD,LONG,2023-08-07,0.13549299538135529,0.12166840895780523,0.1631421682284554,715,True,True,True,4.816,2023-08-08,0.1631421682284554,WIN,1.0,crypto
DODO-USD,LONG,2023-09-05,0.11438100039958954,0.09608748299565459,0.15096803520745944,744,False,True,True,0.362,2023-09-10,0.09608748299565459,LOSS,5.0,crypto
DODO-USD,LONG,2023-10-03,0.10988900065422058,0.09831540561773444,0.13303619072719286,772,True,True,True,0.506,2023-10-09,0.09831540561773444,LOSS,6.0,crypto
DODO-USD,LONG,2023-10-28,0.11136499792337418,0.10042568888194378,0.13324361600623497,797,True,False,True,0.064,2023-11-05,0.13324361600623497,WIN,8.0,crypto
DODO-USD,LONG,2023-11-29,0.13911600410938263,0.12320426058666656,0.17093949115481477,829,True,True,True,0.614,2023-12-05,0.17093949115481477,WIN,6.0,crypto
DODO-USD,LONG,2023-12-22,0.1900710016489029,0.16352121727645813,0.24317057039379242,852,True,False,True,0.542,2023-12-26,0.24317057039379242,WIN,4.0,crypto
DODO-USD,LONG,2024-02-13,0.17342500388622284,0.15647418361729756,0.2073266444240734,905,True,True,True,0.482,2024-02-23,0.2073266444240734,WIN,10.0,crypto
DODO-USD,LONG,2024-02-28,0.22465099394321442,0.192157198921731,0.28963858398618125,920,True,True,True,0.241,2024-03-11,0.28963858398618125,WIN,12.0,crypto
DODO-USD,LONG,2024-08-23,0.1404549926519394,0.11632800992376748,0.18870895810828323,1097,True,True,True,0.21,2024-08-27,0.11632800992376748,LOSS,4.0,crypto
DODO-USD,LONG,2024-09-19,0.12032300233840942,0.1035943607814305,0.15378028545236727,1124,False,True,True,0.716,2024-09-20,0.15378028545236727,WIN,1.0,crypto
DODO-USD,LONG,2024-11-23,0.13916000723838806,0.11910601267698469,0.1792679963611948,1189,True,True,True,0.638,2024-12-03,0.1792679963611948,WIN,10.0,crypto
DODO-USD,LONG,2024-12-04,0.21473099291324615,0.18432679594572315,0.27553938684829216,1200,True,True,True,0.893,2024-12-09,0.18432679594572315,LOSS,5.0,crypto
DODO-USD,LONG,2025-02-12,0.11888899654150009,0.09181476365048201,0.17303746232353626,1270,False,True,True,0.078,2025-02-18,0.09181476365048201,LOSS,6.0,crypto
DODO-USD,LONG,2025-07-10,0.0433650016784668,0.03837284928714884,0.05334930646110271,1418,True,True,True,1.117,2025-07-16,0.05334930646110271,WIN,6.0,crypto
DODO-USD,LONG,2025-08-22,0.04968100041151047,0.043328187879834924,0.062386625474861554,1461,True,False,True,0.19,2025-08-25,0.043328187879834924,LOSS,3.0,crypto
DODO-USD,LONG,2025-09-12,0.05035499855875969,0.04543794945000311,0.06018909677627285,1482,True,False,True,0.088,2025-09-15,0.04543794945000311,LOSS,3.0,crypto
DOGE-USD,LONG,2021-10-24,0.2770479917526245,0.24058865012878214,0.34996667500030926,63,True,True,True,0.304,2021-10-27,0.24058865012878214,LOSS,3.0,crypto
DOGE-USD,LONG,2021-10-28,0.3004469871520996,0.24782636070912362,0.4056882400380516,67,True,True,True,0.704,2021-11-10,0.24782636070912362,LOSS,13.0,crypto
DOGE-USD,LONG,2022-04-05,0.1729069948196411,0.15392627493497812,0.2108684345889671,226,True,True,True,1.854,2022-04-06,0.15392627493497812,LOSS,1.0,crypto
DOGE-USD,LONG,2022-08-14,0.08168700337409973,0.07344063399904079,0.09817974212421762,357,True,True,True,1.656,2022-08-19,0.07344063399904079,LOSS,5.0,crypto
DOGE-USD,LONG,2022-10-27,0.07701800018548965,0.06976804036734667,0.09151791982177562,431,True,True,True,1.033,2022-10-29,0.09151791982177562,WIN,2.0,crypto
DOGE-USD,LONG,2022-11-30,0.10685999691486359,0.08813912830744364,0.14430173412970349,465,True,False,True,0.046,2022-12-12,0.08813912830744364,LOSS,12.0,crypto
DOGE-USD,LONG,2023-01-31,0.09616699814796448,0.08637374075025149,0.11575351294339045,527,True,True,True,0.653,2023-02-09,0.08637374075025149,LOSS,9.0,crypto
DOGE-USD,LONG,2023-04-03,0.09607899934053421,0.08384867697250942,0.1205396440765838,589,True,True,True,1.766,2023-04-07,0.08384867697250942,LOSS,4.0,crypto
DOGE-USD,LONG,2023-10-26,0.07186699658632278,0.0672074882626542,0.08118601323365995,795,True,True,True,0.901,2023-10-31,0.0672074882626542,LOSS,5.0,crypto
DOGE-USD,LONG,2023-11-06,0.07638099789619446,0.07097526938096597,0.08719245492665142,806,True,True,True,0.552,2023-11-09,0.07097526938096597,LOSS,3.0,crypto
DOGE-USD,LONG,2023-11-11,0.07840599864721298,0.07162189983613103,0.09197419626937689,811,True,True,True,0.198,2023-11-14,0.07162189983613103,LOSS,3.0,crypto
DOGE-USD,LONG,2023-11-17,0.08630400151014328,0.07792934564648625,0.10305331323745734,817,True,True,True,0.828,2023-11-20,0.07792934564648625,LOSS,3.0,crypto
DOGE-USD,LONG,2023-12-04,0.0919400006532669,0.08431893116537528,0.10718213962905015,834,True,True,True,1.258,2024-01-03,0.08431893116537528,LOSS,30.0,crypto
DOGE-USD,LONG,2024-02-14,0.08554299920797348,0.07953484236898645,0.09755931288594755,906,True,True,True,0.754,2024-02-27,0.09755931288594755,WIN,13.0,crypto
DOGE-USD,LONG,2024-02-28,0.1165819987654686,0.1054248095424677,0.13889637721147038,920,True,True,True,2.98,2024-03-01,0.13889637721147038,WIN,2.0,crypto
DOGE-USD,LONG,2024-03-03,0.15383599698543549,0.13405089051345895,0.19340620992938856,924,True,True,True,0.381,2024-03-05,0.13405089051345895,LOSS,2.0,crypto
DOGE-USD,LONG,2024-03-28,0.22005599737167358,0.18148666518160783,0.2971946617518051,949,True,True,True,1.48,2024-04-02,0.18148666518160783,LOSS,5.0,crypto
DOGE-USD,LONG,2024-11-09,0.21876099705696106,0.18928658082238373,0.2777098295261157,1175,True,True,True,0.368,2024-11-10,0.2777098295261157,WIN,1.0,crypto
DOGE-USD,LONG,2024-11-11,0.3495210111141205,0.3030915794167596,0.4423798745088422,1177,True,True,True,2.279,2024-11-23,0.4423798745088422,WIN,12.0,crypto
DOGE-USD,LONG,2025-05-08,0.19757699966430664,0.1775408307583233,0.23764933747627331,1355,True,True,True,0.512,2025-05-10,0.23764933747627331,WIN,2.0,crypto
DOGE-USD,LONG,2025-07-20,0.27292901277542114,0.24102941882509063,0.33672820067608217,1428,True,True,True,1.022,2025-07-23,0.24102941882509063,LOSS,3.0,crypto
DOGE-USD,LONG,2025-09-11,0.25565800070762634,0.22997728842254428,0.30701942527779047,1481,True,True,True,0.555,2025-09-25,0.22997728842254428,LOSS,14.0,crypto
DOGE-USD,LONG,2026-04-16,0.09919600188732147,0.09150092168274905,0.11458616229646632,1698,True,True,True,0.455,2026-05-05,0.11458616229646632,WIN,19.0,crypto
DOGE-USD,LONG,2026-08-20,0.08042199909687042,0.07538427906027775,0.09049743917005576,1824,True,True,True,1.683,2026-08-21,0.09049743917005576,WIN,1.0,crypto
DOT-USD,LONG,2021-11-01,49.98225402832031,42.782076324834655,64.38260943529163,71,True,True,True,1.021,2021-11-10,42.782076324834655,LOSS,9.0,crypto
DOT-USD,LONG,2022-03-23,21.003955841064453,18.695328899851596,25.621209723490168,213,True,True,True,0.496,2022-04-11,18.695328899851596,LOSS,19.0,crypto
DOT-USD,LONG,2023-01-11,5.129979133605957,4.8139219269888995,5.762093546840072,507,True,False,True,0.425,2023-01-14,5.762093546840072,WIN,3.0,crypto
DOT-USD,LONG,2023-01-23,6.577020168304443,5.949685080667494,7.831690343578343,519,True,True,True,0.426,2023-02-13,5.949685080667494,LOSS,21.0,crypto
DOT-USD,LONG,2023-02-17,7.278363227844238,6.488739867612346,8.857609948308022,544,True,True,True,0.437,2023-02-25,6.488739867612346,LOSS,8.0,crypto
DOT-USD,LONG,2023-04-13,6.6424479484558105,6.133342500669602,7.660658844028228,599,True,False,True,0.26,2023-04-20,6.133342500669602,LOSS,7.0,crypto
DOT-USD,LONG,2023-07-01,5.349747180938721,4.899469558260431,6.250302426295301,678,True,False,True,0.494,2023-08-07,4.899469558260431,LOSS,37.0,crypto
DOT-USD,LONG,2023-11-01,4.730909824371338,4.346023132697101,5.500683207719812,801,True,True,True,0.702,2023-11-11,5.500683207719812,WIN,10.0,crypto
DOT-USD,LONG,2023-11-12,5.707890033721924,5.177130758407896,6.76940858434998,812,True,True,True,0.189,2023-11-14,5.177130758407896,LOSS,2.0,crypto
DOT-USD,LONG,2023-12-05,5.911571979522705,5.374380356819797,6.985955224928521,835,True,True,True,0.472,2023-12-09,6.985955224928521,WIN,4.0,crypto
DOT-USD,LONG,2023-12-21,8.361507415771484,7.310033220959567,10.46445580539532,851,True,True,True,1.201,2024-01-03,7.310033220959567,LOSS,13.0,crypto
DOT-USD,LONG,2024-02-14,7.658267021179199,7.000532775710559,8.97373551211648,906,True,True,True,0.652,2024-03-02,8.97373551211648,WIN,17.0,crypto
DOT-USD,LONG,2024-03-03,9.797439575195312,8.777911762389683,11.83649520080657,924,True,True,True,0.664,2024-03-05,8.777911762389683,LOSS,2.0,crypto
DOT-USD,LONG,2024-03-11,11.036376953125,9.56170666875568,13.985717521863641,932,True,False,True,0.063,2024-03-16,9.56170666875568,LOSS,5.0,crypto
DOT-USD,LONG,2024-09-24,4.640799045562744,4.241089859981215,5.440217416725803,1129,True,True,True,0.443,2024-10-01,4.241089859981215,LOSS,7.0,crypto
DOT-USD,LONG,2024-11-09,4.632638931274414,4.239239020650184,5.419438752522874,1175,True,True,True,0.128,2024-11-10,5.419438752522874,WIN,1.0,crypto
DOT-USD,LONG,2024-11-11,5.710699081420898,5.145641482161608,6.8408142799394795,1177,True,True,True,0.865,2024-11-12,5.145641482161608,LOSS,1.0,crypto
DOT-USD,LONG,2024-11-22,6.662622928619385,5.762062370780538,8.463744044297078,1188,True,True,True,1.192,2024-11-23,8.463744044297078,WIN,1.0,crypto
DOT-USD,LONG,2024-12-04,10.528636932373047,8.740397086033639,14.105116625051863,1200,True,True,True,0.22,2024-12-09,8.740397086033639,LOSS,5.0,crypto
DOT-USD,LONG,2025-04-24,4.26455020904541,3.795667097842993,5.202316431450244,1341,True,False,True,0.31,2025-05-10,5.202316431450244,WIN,16.0,crypto
DOT-USD,LONG,2025-07-10,3.8834149837493896,3.5048060311545908,4.640632888938987,1418,True,True,True,1.174,2025-07-21,4.640632888938987,WIN,11.0,crypto
DOT-USD,LONG,2025-09-12,4.320271968841553,3.9608823637476434,5.0390511790293715,1482,True,False,True,0.235,2025-09-22,3.9608823637476434,LOSS,10.0,crypto
DOT-USD,LONG,2026-02-25,1.6564899682998657,1.4296707973784317,2.1101283101427337,1648,False,True,True,1.641,2026-03-08,1.4296707973784317,LOSS,11.0,crypto
EGLD-USD,LONG,2021-10-24,283.7901611328125,243.7624732117754,363.8455369748867,63,True,False,True,0.201,2021-10-27,243.7624732117754,LOSS,3.0,crypto
EGLD-USD,LONG,2021-11-03,307.7010803222656,264.35666993196463,394.3899011028676,73,True,True,True,0.452,2021-11-21,394.3899011028676,WIN,18.0,crypto
EGLD-USD,LONG,2021-11-22,490.3490905761719,422.7256800663148,625.595911595886,92,True,True,True,1.358,2021-11-26,422.7256800663148,LOSS,4.0,crypto
EGLD-USD,LONG,2022-02-11,194.6718292236328,161.68426980151526,260.6469480678679,173,True,True,True,0.293,2022-02-19,161.68426980151526,LOSS,8.0,crypto
EGLD-USD,LONG,2022-03-21,173.6402587890625,149.71798693426035,221.4848024986668,211,True,False,True,0.379,2022-04-11,149.71798693426035,LOSS,21.0,crypto
EGLD-USD,LONG,2023-01-14,40.49223327636719,37.31396535354234,46.848769122016876,510,True,True,True,0.771,2023-02-02,46.848769122016876,WIN,19.0,crypto
EGLD-USD,LONG,2023-07-13,37.06230926513672,34.24524618394815,42.69643542751386,690,True,False,True,0.42,2023-07-20,34.24524618394815,LOSS,7.0,crypto
EGLD-USD,LONG,2023-10-23,29.19808006286621,26.5338329227431,34.526574343112436,792,True,True,True,0.813,2023-11-04,34.526574343112436,WIN,12.0,crypto
EGLD-USD,LONG,2023-11-05,47.88379669189453,42.51572194775078,58.61994618018204,805,True,True,True,4.892,2023-11-07,42.51572194775078,LOSS,2.0,crypto
EGLD-USD,LONG,2023-12-03,49.39573669433594,43.48489428642581,61.217421510156186,833,True,True,True,0.177,2023-12-10,61.217421510156186,WIN,7.0,crypto
EGLD-USD,LONG,2023-12-24,72.98640441894531,63.3778424410926,92.20352837465074,854,True,True,True,0.778,2024-01-03,63.3778424410926,LOSS,10.0,crypto
EGLD-USD,LONG,2024-03-03,71.4068374633789,64.20211236401585,85.81628766210503,924,True,True,True,1.398,2024-03-05,64.20211236401585,LOSS,2.0,crypto
EGLD-USD,LONG,2024-03-13,73.49082946777344,64.13136080796849,92.20976678738333,934,True,True,True,0.185,2024-03-16,64.13136080796849,LOSS,3.0,crypto
EGLD-USD,LONG,2024-07-09,36.86663818359375,32.26625963302848,46.067395284724284,1052,True,True,True,0.691,2024-07-25,32.26625963302848,LOSS,16.0,crypto
EGLD-USD,LONG,2024-08-23,30.39207649230957,27.153287290583567,36.86965489576158,1097,True,False,True,0.75,2024-08-28,27.153287290583567,LOSS,5.0,crypto
EGLD-USD,LONG,2024-09-26,29.721548080444336,26.953735325494787,35.257173590343434,1131,True,False,True,0.167,2024-10-01,26.953735325494787,LOSS,5.0,crypto
EGLD-USD,LONG,2024-11-08,28.41295051574707,25.425698008265023,34.387455530711165,1174,True,True,True,0.314,2024-11-12,34.387455530711165,WIN,4.0,crypto
EGLD-USD,LONG,2024-11-23,35.960845947265625,30.583538576052874,46.71546068969113,1189,True,True,True,0.545,2024-12-02,46.71546068969113,WIN,9.0,crypto
EGLD-USD,LONG,2024-12-03,54.643592834472656,47.30307905851064,69.32462038639669,1199,True,True,True,1.682,2024-12-09,47.30307905851064,LOSS,6.0,crypto
EGLD-USD,LONG,2026-05-08,4.6050848960876465,4.219550839753918,5.376153008755104,1720,True,True,True,0.435,2026-05-15,4.219550839753918,LOSS,7.0,crypto
EGLD-USD,LONG,2026-08-21,3.260409116744995,2.981624292390464,3.8179787654540576,1825,True,True,True,1.984,,,OPEN,,crypto
ENJ-USD,LONG,2021-10-26,2.0127899646759033,1.7151363251998557,2.6080972436279986,65,True,True,True,0.216,2021-10-30,2.6080972436279986,WIN,4.0,crypto
ENJ-USD,LONG,2021-11-06,3.5005578994750977,2.727980703379912,5.045712291665469,76,True,True,True,0.012,2021-11-10,2.727980703379912,LOSS,4.0,crypto
ENJ-USD,LONG,2021-11-19,3.6225268840789795,2.866871709204046,5.133837233828847,89,True,True,True,0.003,2021-12-04,2.866871709204046,LOSS,15.0,crypto
ENJ-USD,LONG,2023-01-28,0.4616290032863617,0.401577047618256,0.581732914622573,524,True,True,True,0.308,2023-03-08,0.401577047618256,LOSS,39.0,crypto
ENJ-USD,LONG,2023-04-07,0.47261399030685425,0.4152474740364079,0.587347022847747,593,True,True,True,1.163,2023-04-12,0.4152474740364079,LOSS,5.0,crypto
ENJ-USD,LONG,2023-09-06,0.2685219943523407,0.2460243234328265,0.31351733619136907,745,False,True,True,0.355,2023-09-10,0.2460243234328265,LOSS,4.0,crypto
ENJ-USD,LONG,2023-10-26,0.2635670006275177,0.24296982863881417,0.30476134460492477,795,True,True,True,0.654,2023-11-06,0.30476134460492477,WIN,11.0,crypto
ENJ-USD,LONG,2023-11-07,0.32128700613975525,0.29095922570621086,0.38194256700684404,807,True,True,True,0.649,2023-11-09,0.29095922570621086,LOSS,2.0,crypto
ENJ-USD,LONG,2023-12-05,0.33002200722694397,0.29787033732942947,0.39432534702197297,835,True,True,True,0.764,2023-12-25,0.39432534702197297,WIN,20.0,crypto
ENJ-USD,LONG,2023-12-26,0.40769699215888977,0.366230053259194,0.4906308699582813,856,True,False,True,0.148,2023-12-30,0.366230053259194,LOSS,4.0,crypto
ENJ-USD,LONG,2024-02-26,0.3662630021572113,0.330746548394872,0.4372959096818899,918,True,True,True,0.118,2024-02-29,0.4372959096818899,WIN,3.0,crypto
ENJ-USD,LONG,2024-03-02,0.5252349972724915,0.4640950865656037,0.6475148186862669,923,True,True,True,1.665,2024-03-05,0.4640950865656037,LOSS,3.0,crypto
ENJ-USD,LONG,2024-03-09,0.6310070157051086,0.5275348928364131,0.8379512614424998,930,True,True,True,0.296,2024-03-16,0.5275348928364131,LOSS,7.0,crypto
ENJ-USD,LONG,2024-07-19,0.20381100475788116,0.17876549741441924,0.253902019444805,1062,True,False,True,0.055,2024-07-25,0.17876549741441924,LOSS,6.0,crypto
ENJ-USD,LONG,2024-11-18,0.20974600315093994,0.17855636737379227,0.2721252747052353,1184,True,True,True,1.313,2024-11-24,0.2721252747052353,WIN,6.0,crypto
ENJ-USD,LONG,2024-11-30,0.32975998520851135,0.27679411857350456,0.43569171847852495,1196,True,True,True,0.788,2024-12-09,0.27679411857350456,LOSS,9.0,crypto
ENJ-USD,LONG,2025-04-20,0.08841700106859207,0.07407455765042563,0.11710188790492496,1337,False,True,True,0.706,2025-04-21,0.11710188790492496,WIN,1.0,crypto
ENJ-USD,LONG,2025-07-21,0.09201599657535553,0.08222643315143224,0.1115951234232021,1429,True,False,True,0.021,2025-07-23,0.08222643315143224,LOSS,2.0,crypto
ENJ-USD,LONG,2026-03-18,0.024678999558091164,0.02083320802236263,0.03237058262954823,1669,True,True,True,0.668,2026-03-22,0.02083320802236263,LOSS,4.0,crypto
ENJ-USD,LONG,2026-04-14,0.05973000079393387,0.045392766938536694,0.08840446850472822,1696,True,True,True,0.94,2026-04-15,0.08840446850472822,WIN,1.0,crypto
ENS-USD,LONG,2022-07-27,15.468990325927734,13.062917017127507,20.28113694352819,260,True,True,True,1.627,2022-08-19,13.062917017127507,LOSS,23.0,crypto
ENS-USD,LONG,2022-09-08,15.697053909301758,13.282382188250512,20.52639735140425,303,True,False,True,0.27,2022-09-18,13.282382188250512,LOSS,10.0,crypto
ENS-USD,LONG,2022-10-05,17.591976165771484,15.018575321648392,22.73877785401767,330,True,True,True,0.811,2022-11-08,15.018575321648392,LOSS,34.0,crypto
ENS-USD,LONG,2022-11-30,14.15349292755127,12.122808611712117,18.214861559229576,386,False,False,True,0.235,2022-12-16,12.122808611712117,LOSS,16.0,crypto
ENS-USD,LONG,2023-01-13,13.348611831665039,12.178505313700338,15.688824867594441,430,True,True,True,0.88,2023-01-27,15.688824867594441,WIN,14.0,crypto
ENS-USD,LONG,2023-02-20,17.671009063720703,15.487330416339155,22.0383663584838,468,True,True,True,0.361,2023-02-25,15.487330416339155,LOSS,5.0,crypto
ENS-USD,LONG,2023-04-14,14.025402069091797,12.775719297773477,16.524767611728436,521,True,True,True,0.325,2023-04-20,12.775719297773477,LOSS,6.0,crypto
ENS-USD,LONG,2023-06-30,9.257107734680176,8.284364934668584,11.202593334703359,598,True,True,True,0.108,2023-08-16,8.284364934668584,LOSS,47.0,crypto
ENS-USD,LONG,2023-11-10,9.200643539428711,8.2974448881817,11.007040841922734,731,True,True,True,0.668,2023-11-14,8.2974448881817,LOSS,4.0,crypto
ENS-USD,LONG,2023-12-26,10.319938659667969,9.158831534913112,12.642152909177682,777,True,True,True,0.243,2024-01-03,9.158831534913112,LOSS,8.0,crypto
ENS-USD,LONG,2024-01-04,14.991209983825684,12.523777359630675,19.9260752322157,786,True,True,True,0.228,2024-01-06,12.523777359630675,LOSS,2.0,crypto
ENS-USD,LONG,2024-01-10,17.65430450439453,14.080008907507484,24.802895698168626,792,True,True,True,0.937,2024-01-12,24.802895698168626,WIN,2.0,crypto
ENS-USD,LONG,2024-03-05,25.21278953552246,20.624662013098828,34.38904458036973,847,True,True,True,0.182,2024-03-17,20.624662013098828,LOSS,12.0,crypto
ENS-USD,LONG,2024-05-23,23.91728401184082,20.52856148686197,30.69472906179852,926,True,True,True,0.775,2024-06-07,20.52856148686197,LOSS,15.0,crypto
ENS-USD,LONG,2024-06-30,30.702213287353516,25.45135929734009,41.203921267380366,964,True,False,True,0.717,2024-07-03,25.45135929734009,LOSS,3.0,crypto
ENS-USD,LONG,2024-09-27,20.8681583404541,18.420631279423272,25.76321246251576,1053,True,True,True,0.875,2024-09-30,18.420631279423272,LOSS,3.0,crypto
ENS-USD,LONG,2024-11-25,24.75908660888672,20.674300640541745,32.92865854557667,1112,True,True,True,1.446,2024-11-28,32.92865854557667,WIN,3.0,crypto
ENS-USD,LONG,2024-11-30,40.389225006103516,32.88346665752875,55.40074170325305,1117,True,True,True,0.427,2024-12-09,32.88346665752875,LOSS,9.0,crypto
ENS-USD,LONG,2025-04-23,17.076927185058594,14.917084222314454,21.396613110546873,1261,True,True,True,0.623,2025-05-08,21.396613110546873,WIN,15.0,crypto
ENS-USD,LONG,2025-05-09,22.5599422454834,19.669443076180826,28.340940584088543,1277,True,True,True,0.47,2025-06-05,19.669443076180826,LOSS,27.0,crypto
ENS-USD,LONG,2025-07-15,24.23832130432129,21.662105990212787,29.390751932538294,1344,True,True,True,0.66,2025-07-18,29.390751932538294,WIN,3.0,crypto
ENS-USD,LONG,2025-07-26,30.39228630065918,26.43684195526044,38.30317499145666,1355,True,False,True,0.229,2025-08-01,26.43684195526044,LOSS,6.0,crypto
ENS-USD,LONG,2026-01-05,10.98132610321045,9.972486714437203,12.999004880756942,1518,True,True,True,0.938,2026-01-19,9.972486714437203,LOSS,14.0,crypto
ENS-USD,LONG,2026-05-06,6.611842155456543,6.108396129514366,7.618734207340896,1639,True,False,True,0.544,2026-05-10,7.618734207340896,WIN,4.0,crypto
ENS-USD,LONG,2026-07-17,4.573702812194824,4.1266086112030775,5.467891214178318,1711,False,True,True,0.612,2026-07-29,4.1266086112030775,LOSS,12.0,crypto
ENS-USD,LONG,2026-08-21,5.8968048095703125,5.368570235709765,6.953273957291408,1746,True,True,True,5.008,,,OPEN,,crypto
ETC-USD,LONG,2021-11-09,60.83148193359375,53.785291499587785,74.92386280160568,79,True,True,True,0.244,2021-11-10,53.785291499587785,LOSS,1.0,crypto
ETC-USD,LONG,2022-02-09,33.83422088623047,29.585190109247087,42.33228244019723,171,True,True,True,0.334,2022-02-17,29.585190109247087,LOSS,8.0,crypto
ETC-USD,LONG,2022-03-19,33.92270278930664,29.92084373841044,41.92642089109904,209,True,True,True,1.205,2022-03-22,41.92642089109904,WIN,3.0,crypto
ETC-USD,LONG,2022-07-27,32.721580505371094,27.863757297161143,42.437226921790995,339,True,True,True,1.99,2022-07-29,42.437226921790995,WIN,2.0,crypto
ETC-USD,LONG,2023-01-06,20.440616607666016,18.31504859410708,24.69175263478389,502,True,True,True,0.788,2023-02-04,24.69175263478389,WIN,29.0,crypto
ETC-USD,LONG,2023-06-23,18.846269607543945,17.23237369544209,22.07406143174766,670,True,True,True,0.565,2023-07-01,22.07406143174766,WIN,8.0,crypto
ETC-USD,LONG,2023-10-23,16.61143684387207,15.694718281397483,18.444873968821245,792,True,True,True,0.046,2023-11-06,18.444873968821245,WIN,14.0,crypto
ETC-USD,LONG,2023-11-09,20.622894287109375,19.08418039742555,23.700322066477028,809,True,True,True,2.372,2023-11-14,19.08418039742555,LOSS,5.0,crypto
ETC-USD,LONG,2023-12-07,21.96951675415039,20.233763342319975,25.441023577811222,837,True,True,True,1.407,2023-12-11,20.233763342319975,LOSS,4.0,crypto
ETC-USD,LONG,2024-01-10,26.218677520751953,23.08665287577044,32.48272681071498,871,True,True,True,1.29,2024-01-19,23.08665287577044,LOSS,9.0,crypto
ETC-USD,LONG,2024-02-12,27.12893295288086,24.57195383271078,32.24289119322102,904,True,False,True,0.371,2024-03-02,32.24289119322102,WIN,19.0,crypto
ETC-USD,LONG,2024-03-04,36.00000762939453,32.097327855712656,43.80536717675828,925,True,True,True,0.125,2024-03-05,32.097327855712656,LOSS,1.0,crypto
ETC-USD,LONG,2024-04-08,35.705177307128906,31.19602485094779,44.72348221949114,960,True,False,True,0.356,2024-04-12,31.19602485094779,LOSS,4.0,crypto
ETC-USD,LONG,2024-11-11,24.329742431640625,22.14391386063419,28.701399573653497,1177,True,True,True,0.205,2024-11-12,22.14391386063419,LOSS,1.0,crypto
ETC-USD,LONG,2024-11-16,26.712499618530273,23.497358448962704,33.14278195766541,1182,True,True,True,1.341,2024-11-27,33.14278195766541,WIN,11.0,crypto
ETC-USD,LONG,2024-12-03,34.77142333984375,29.72639476566627,44.86148048819871,1199,True,True,True,0.102,2024-12-09,29.72639476566627,LOSS,6.0,crypto
ETC-USD,LONG,2025-04-25,17.250442504882812,15.648144233069907,20.455039048508624,1342,True,False,True,0.26,2025-05-06,15.648144233069907,LOSS,11.0,crypto
ETC-USD,LONG,2025-05-08,18.581472396850586,16.886074518043742,21.972268154464274,1355,True,True,True,1.115,2025-05-31,16.886074518043742,LOSS,23.0,crypto
ETC-USD,LONG,2025-07-09,17.67864418029785,16.261147549932478,20.5136374410286,1417,True,False,True,0.53,2025-07-18,20.5136374410286,WIN,9.0,crypto
ETC-USD,LONG,2025-08-22,24.479398727416992,21.52789054176965,30.382415098711675,1461,False,True,True,0.039,2025-08-25,21.52789054176965,LOSS,3.0,crypto
ETC-USD,LONG,2026-05-05,9.015386581420898,8.44494102813415,10.156277687994397,1717,True,False,True,0.33,2026-05-27,8.44494102813415,LOSS,22.0,crypto
ETH-USD,LONG,2021-10-29,4414.74658203125,3948.588531523006,5347.062683047738,68,True,False,True,0.209,2021-11-26,3948.588531523006,LOSS,28.0,crypto
ETH-USD,LONG,2022-03-24,3108.06201171875,2829.959718256765,3664.26659864272,214,True,False,True,0.487,2022-04-25,2829.959718256765,LOSS,32.0,crypto
ETH-USD,LONG,2022-07-16,1352.62646484375,1168.3905241208656,1721.0983462895188,328,True,False,True,0.834,2022-07-28,1721.0983462895188,WIN,12.0,crypto
ETH-USD,LONG,2022-08-08,1775.51611328125,1578.622061304011,2169.304217235728,351,True,False,True,0.01,2022-08-20,1578.622061304011,LOSS,12.0,crypto
ETH-USD,LONG,2022-09-10,1776.2037353515625,1592.3150925559444,2143.9810209427988,384,True,False,True,0.439,2022-09-13,1592.3150925559444,LOSS,3.0,crypto
ETH-USD,LONG,2022-10-29,1619.698486328125,1489.2301432592265,1880.635172465922,433,True,True,True,0.537,2022-11-08,1489.2301432592265,LOSS,10.0,crypto
ETH-USD,LONG,2022-12-13,1320.5491943359375,1221.6632263665047,1518.3211302748032,478,True,False,True,0.37,2022-12-16,1221.6632263665047,LOSS,3.0,crypto
ETH-USD,LONG,2023-01-06,1269.3790283203125,1211.753024218913,1384.6310365231116,502,True,False,True,0.159,2023-01-11,1384.6310365231116,WIN,5.0,crypto
ETH-USD,LONG,2023-01-12,1417.9384765625,1351.7355291316067,1550.3443714242867,508,True,True,True,0.906,2023-01-14,1550.3443714242867,WIN,2.0,crypto
ETH-USD,LONG,2023-01-16,1576.83349609375,1493.1390815431334,1744.2223251949831,512,True,False,True,0.313,2023-02-13,1493.1390815431334,LOSS,28.0,crypto
ETH-USD,LONG,2023-03-14,1703.507080078125,1563.384847205773,1983.751545822829,569,True,True,True,0.051,2023-04-13,1983.751545822829,WIN,30.0,crypto
ETH-USD,LONG,2023-04-14,2101.635498046875,1958.7243425231686,2387.4578090942878,600,True,True,True,1.112,2023-04-19,1958.7243425231686,LOSS,5.0,crypto
ETH-USD,LONG,2023-05-28,1910.9141845703125,1802.342117714391,2128.0583182821556,644,True,False,True,0.444,2023-06-05,1802.342117714391,LOSS,8.0,crypto
ETH-USD,LONG,2023-06-30,1933.18896484375,1807.1318647012497,2185.3031651287506,677,True,True,True,0.01,2023-08-07,1807.1318647012497,LOSS,38.0,crypto
ETH-USD,LONG,2023-11-05,1894.15771484375,1785.5545217498084,2111.3641010316333,805,True,False,True,0.373,2023-11-09,2111.3641010316333,WIN,4.0,crypto
ETH-USD,LONG,2023-12-02,2165.7041015625,2023.353640774744,2450.405023138012,832,True,False,True,0.467,2024-01-10,2450.405023138012,WIN,39.0,crypto
ETH-USD,LONG,2024-02-12,2658.115966796875,2491.473608739911,2991.400682910803,904,True,False,True,1.445,2024-02-20,2991.400682910803,WIN,8.0,crypto
ETH-USD,LONG,2024-02-25,3112.697265625,2904.841126194461,3528.4095444860777,917,True,False,True,0.781,2024-03-04,3528.4095444860777,WIN,8.0,crypto
ETH-USD,LONG,2024-03-11,4066.445068359375,3699.94738014475,4799.440444788625,932,True,False,True,0.369,2024-03-15,3699.94738014475,LOSS,4.0,crypto
ETH-USD,LONG,2024-04-08,3695.292724609375,3308.818525633155,4468.241122561815,960,False,False,True,0.085,2024-04-12,3308.818525633155,LOSS,4.0,crypto
ETH-USD,LONG,2024-05-21,3789.312744140625,3445.6879130516077,4476.56240631866,1003,True,True,True,0.573,2024-06-11,3445.6879130516077,LOSS,21.0,crypto
ETH-USD,LONG,2024-09-21,2615.857177734375,2384.515360009829,3078.5408131834674,1126,True,False,True,0.379,2024-10-02,2384.515360009829,LOSS,11.0,crypto
ETH-USD,LONG,2024-10-20,2746.364013671875,2556.0820084272827,3126.9280241610595,1155,True,False,True,0.643,2024-10-23,2556.0820084272827,LOSS,3.0,crypto
ETH-USD,LONG,2024-11-07,2895.58544921875,2644.0298309477275,3398.696685760795,1173,True,True,True,1.034,2024-11-12,3398.696685760795,WIN,5.0,crypto
ETH-USD,LONG,2024-11-27,3657.249267578125,3278.7780984022265,4414.191605929922,1193,True,False,True,0.592,2024-12-20,3278.7780984022265,LOSS,23.0,crypto
ETH-USD,LONG,2025-05-10,2582.422607421875,2325.439127455663,3096.3895673542993,1357,True,True,True,0.75,2025-06-21,2325.439127455663,LOSS,42.0,crypto
ETH-USD,LONG,2025-07-09,2770.777587890625,2528.473495898088,3255.385771875699,1417,True,True,True,1.119,2025-07-16,3255.385771875699,WIN,7.0,crypto
ETH-USD,LONG,2025-07-17,3476.784423828125,3185.526930608087,4059.2994102682014,1425,True,True,True,0.372,2025-08-08,4059.2994102682014,WIN,22.0,crypto
ETH-USD,LONG,2025-08-09,4263.59912109375,3883.0075223703375,5024.782318540575,1448,True,False,True,1.023,2025-09-25,3883.0075223703375,LOSS,47.0,crypto
ETH-USD,LONG,2025-10-06,4687.771484375,4350.901749732585,5361.51095365983,1506,True,False,True,0.26,2025-10-09,4350.901749732585,LOSS,3.0,crypto
ETH-USD,LONG,2025-12-09,3321.114990234375,2947.7075794151156,4067.929811872894,1570,True,False,True,0.442,2025-12-15,2947.7075794151156,LOSS,6.0,crypto
ETH-USD,LONG,2026-01-05,3226.13037109375,3005.5433645629732,3667.3043841553035,1597,True,True,True,0.595,2026-01-20,3005.5433645629732,LOSS,15.0,crypto
ETH-USD,LONG,2026-03-16,2351.176025390625,2106.7950519076608,2839.9379723565535,1667,True,True,True,1.181,2026-03-19,2106.7950519076608,LOSS,3.0,crypto
ETH-USD,LONG,2026-04-11,2285.39013671875,2084.221177086628,2687.728055982994,1693,True,False,True,0.147,2026-05-18,2084.221177086628,LOSS,37.0,crypto
ETH-USD,LONG,2026-08-19,2251.4580078125,2108.3153784457813,2537.7432665459373,1823,True,True,True,4.391,2026-08-21,2537.7432665459373,WIN,2.0,crypto
FIL-USD,LONG,2022-03-27,23.679473876953125,21.116973073285163,28.80447548428905,217,True,True,True,3.061,2022-04-08,21.116973073285163,LOSS,12.0,crypto
FIL-USD,LONG,2024-11-16,4.739479064941406,4.131206878836337,5.956023437151545,1182,True,True,True,0.324,2024-11-21,4.131206878836337,LOSS,5.0,crypto
FIL-USD,LONG,2024-11-22,4.948856830596924,4.245148474203376,6.35627354338402,1188,True,True,True,0.272,2024-11-30,6.35627354338402,WIN,8.0,crypto
FIL-USD,LONG,2024-12-04,8.084601402282715,6.9282622455261205,10.397279715795904,1200,True,True,True,0.791,2024-12-09,6.9282622455261205,LOSS,5.0,crypto
FIL-USD,LONG,2025-04-25,2.8618879318237305,2.5348807314533004,3.5159023325645906,1342,True,False,True,0.016,2025-05-06,2.5348807314533004,LOSS,11.0,crypto
FIL-USD,LONG,2025-05-08,2.9275310039520264,2.6170617317907463,3.5484695482745865,1355,False,False,True,0.039,2025-05-30,2.6170617317907463,LOSS,22.0,crypto
FIL-USD,LONG,2025-07-18,2.7556469440460205,2.4717851155102135,3.3233706011176345,1426,True,True,True,0.104,2025-07-30,2.4717851155102135,LOSS,12.0,crypto
FIL-USD,LONG,2025-09-13,2.6205880641937256,2.3986717515371057,3.0644206895069654,1483,True,False,True,0.448,2025-09-15,2.3986717515371057,LOSS,2.0,crypto
FIL-USD,LONG,2026-08-21,0.8094080090522766,0.7275976056654984,0.9730288158258331,1825,True,True,True,0.992,,,OPEN,,crypto
FLOW-USD,LONG,2022-02-09,8.402666091918945,6.971059043503911,11.265880188749014,171,True,True,True,0.743,2022-02-11,6.971059043503911,LOSS,2.0,crypto
FLOW-USD,LONG,2022-03-24,6.479681968688965,5.674278923796895,8.090488058473104,214,True,True,True,0.365,2022-04-02,8.090488058473104,WIN,9.0,crypto
FLOW-USD,LONG,2023-01-12,0.8770639896392822,0.7793307692555993,1.072530430406648,508,True,True,True,0.785,2023-01-14,1.072530430406648,WIN,2.0,crypto
FLOW-USD,LONG,2023-01-15,1.0887880325317383,0.9624306575808517,1.3415027824335115,511,True,True,True,0.115,2023-01-30,0.9624306575808517,LOSS,15.0,crypto
FLOW-USD,LONG,2023-02-17,1.31496000289917,1.1124874327391423,1.7199051432192252,544,True,True,True,0.289,2023-03-03,1.1124874327391423,LOSS,14.0,crypto
FLOW-USD,LONG,2023-07-01,0.7000359892845154,0.6083492244791798,0.8834095188951865,678,True,True,True,2.008,2023-07-05,0.6083492244791798,LOSS,4.0,crypto
FLOW-USD,LONG,2023-10-23,0.4874350130558014,0.45262020247402185,0.5570646342193605,792,True,True,True,1.486,2023-10-30,0.5570646342193605,WIN,7.0,crypto
FLOW-USD,LONG,2023-11-05,0.5773410201072693,0.5174704654429592,0.6970821294358895,805,True,True,True,0.521,2023-11-12,0.6970821294358895,WIN,7.0,crypto
FLOW-USD,LONG,2023-12-05,0.806647002696991,0.7141657245712444,0.9916095589484841,835,True,True,True,1.497,2023-12-25,0.9916095589484841,WIN,20.0,crypto
FLOW-USD,LONG,2024-02-10,0.8332070112228394,0.7439702774096637,1.0116804788491907,902,True,False,True,0.165,2024-02-23,1.0116804788491907,WIN,13.0,crypto
FLOW-USD,LONG,2024-02-27,1.07607102394104,0.9497078742479597,1.3287973233272008,919,True,True,True,0.012,2024-03-07,1.3287973233272008,WIN,9.0,crypto
FLOW-USD,LONG,2024-03-11,1.5232219696044922,1.2998252162504493,1.970015476312578,932,True,True,True,0.311,2024-03-16,1.2998252162504493,LOSS,5.0,crypto
FLOW-USD,LONG,2024-07-20,0.6474760174751282,0.5792160948291911,0.7839958627670023,1063,True,False,True,0.131,2024-08-03,0.5792160948291911,LOSS,14.0,crypto
FLOW-USD,LONG,2024-09-27,0.6288290023803711,0.5760071746100183,0.7344726579210767,1132,True,False,True,0.001,2024-10-01,0.5760071746100183,LOSS,4.0,crypto
FLOW-USD,LONG,2024-11-10,0.6042289733886719,0.5472914564339123,0.718104007298191,1176,True,True,True,0.217,2024-11-18,0.718104007298191,WIN,8.0,crypto
FLOW-USD,LONG,2024-11-22,0.7567319869995117,0.6596920536773057,0.9508118536439238,1188,True,False,True,0.006,2024-11-24,0.9508118536439238,WIN,2.0,crypto
FLOW-USD,LONG,2024-12-03,1.1437939405441284,0.9779011208023025,1.4755795800277802,1199,True,True,True,0.843,2024-12-09,0.9779011208023025,LOSS,6.0,crypto
FLOW-USD,LONG,2026-04-21,0.038683000952005386,0.03323040812683854,0.049588186602339074,1703,True,False,True,0.113,2026-05-23,0.03323040812683854,LOSS,32.0,crypto
FTM-USD,LONG,2021-10-22,2.613914966583252,2.1252432953303932,3.5912583090889694,61,True,False,True,0.531,2021-11-16,2.1252432953303932,LOSS,25.0,crypto
FTM-USD,LONG,2022-01-01,2.5829780101776123,2.1069928941541667,3.5349482422245035,132,True,False,True,0.567,2022-01-22,2.1069928941541667,LOSS,21.0,crypto
FTM-USD,LONG,2022-11-30,0.24541500210762024,0.21036931796300506,0.3155063703968506,465,True,True,True,1.413,2022-12-16,0.21036931796300506,LOSS,16.0,crypto
FTM-USD,LONG,2023-01-07,0.2272450029850006,0.20832046126147133,0.2650940864320592,503,True,False,True,0.46,2023-01-12,0.2650940864320592,WIN,5.0,crypto
FTM-USD,LONG,2023-01-13,0.2929629981517792,0.2652247921812728,0.3484394100927919,509,True,True,True,1.005,2023-01-14,0.3484394100927919,WIN,1.0,crypto
FTM-USD,LONG,2023-01-22,0.38155901432037354,0.32997076196395514,0.4847355190332103,518,True,True,True,0.78,2023-01-26,0.4847355190332103,WIN,4.0,crypto
FTM-USD,LONG,2023-01-31,0.5380939841270447,0.4598637182877028,0.6945545158057285,527,True,True,True,1.034,2023-02-09,0.4598637182877028,LOSS,9.0,crypto
FTM-USD,LONG,2023-03-17,0.5070940256118774,0.40631450816856185,0.7086530604985086,572,True,True,True,0.443,2023-03-28,0.40631450816856185,LOSS,11.0,crypto
FTM-USD,LONG,2023-04-12,0.5125499963760376,0.44478787149318394,0.6480742461417449,598,True,True,True,0.206,2023-04-21,0.44478787149318394,LOSS,9.0,crypto
FTM-USD,LONG,2023-10-23,0.22934800386428833,0.21203161548201366,0.2639807806288377,792,True,True,True,2.384,2023-11-05,0.2639807806288377,WIN,13.0,crypto
FTM-USD,LONG,2023-11-10,0.2939069867134094,0.25807940064829943,0.3655621588436294,810,True,True,True,0.417,2023-11-16,0.3655621588436294,WIN,6.0,crypto
FTM-USD,LONG,2023-12-08,0.36825698614120483,0.32442506262165977,0.45592083318029497,838,True,True,True,0.957,2023-12-15,0.45592083318029497,WIN,7.0,crypto
FTM-USD,LONG,2023-12-21,0.48807600140571594,0.41726882076356847,0.6296903626900109,851,True,True,True,0.887,2024-01-03,0.41726882076356847,LOSS,13.0,crypto
FTM-USD,LONG,2024-02-14,0.41141700744628906,0.36749238795880323,0.4992662464212607,906,True,False,True,0.271,2024-03-01,0.4992662464212607,WIN,16.0,crypto
FTM-USD,LONG,2024-03-02,0.5406299829483032,0.481278213076009,0.6593335226928917,923,True,True,True,1.177,2024-03-03,0.6593335226928917,WIN,1.0,crypto
FTM-USD,LONG,2024-03-07,0.8444640040397644,0.7102363955303062,1.112919221058681,928,True,True,True,1.517,2024-03-20,1.112919221058681,WIN,13.0,crypto
FTM-USD,LONG,2024-09-17,0.5751270055770874,0.49496621159906307,0.7354485935331361,1122,True,True,True,1.125,2024-10-01,0.7354485935331361,WIN,14.0,crypto
FTM-USD,LONG,2024-11-11,0.8378919959068298,0.7210151156536722,1.0716457564131452,1177,True,True,True,0.275,2024-11-13,0.7210151156536722,LOSS,2.0,crypto
FTM-USD,LONG,2024-11-23,0.8763579726219177,0.7272430360361131,1.174587845793527,1189,True,True,True,0.514,2024-12-02,1.174587845793527,WIN,9.0,crypto
FTM-USD,LONG,2024-12-15,1.4302020072937012,1.1736125993305244,1.9433808232200547,1211,True,False,True,0.312,2024-12-18,1.1736125993305244,LOSS,3.0,crypto
GALA-USD,LONG,2021-10-30,0.10386800020933151,0.0813749907296483,0.14885401916869795,69,True,True,True,0.36,2021-11-10,0.0813749907296483,LOSS,11.0,crypto
GALA-USD,LONG,2021-11-15,0.12678399682044983,0.10262005017388545,0.17511189011357858,85,True,True,True,0.744,2021-11-17,0.17511189011357858,WIN,2.0,crypto
GALA-USD,LONG,2021-11-20,0.35290399193763733,0.27619667153830385,0.5063186327363043,90,True,True,True,1.765,2021-11-24,0.5063186327363043,WIN,4.0,crypto
GALA-USD,LONG,2021-11-25,0.673317015171051,0.5129468041227623,0.9940574372676285,95,True,True,True,1.039,2021-12-03,0.5129468041227623,LOSS,8.0,crypto
GALA-USD,LONG,2023-01-09,0.040832001715898514,0.03366911131477193,0.05515778251815168,505,True,True,True,0.593,2023-01-17,0.05515778251815168,WIN,8.0,crypto
GALA-USD,LONG,2023-01-28,0.05710899829864502,0.045951974975892,0.07942304494415106,524,True,True,True,0.201,2023-02-09,0.045951974975892,LOSS,12.0,crypto
GALA-USD,LONG,2023-07-17,0.027922000735998154,0.024730017605447848,0.034305966997098765,693,True,True,True,0.599,2023-07-24,0.024730017605447848,LOSS,7.0,crypto
GALA-USD,LONG,2023-10-29,0.020831000059843063,0.018269083369041587,0.025954833441446015,794,True,True,True,0.361,2023-11-01,0.018269083369041587,LOSS,3.0,crypto
GALA-USD,LONG,2023-11-08,0.02273700013756752,0.019692161992372118,0.028826676427958324,804,True,False,True,0.365,2023-12-04,0.028826676427958324,WIN,26.0,crypto
GALA-USD,LONG,2023-12-05,0.030388999730348587,0.026498973675208076,0.03816905184062961,831,True,True,True,0.515,2024-01-03,0.026498973675208076,LOSS,29.0,crypto
GALA-USD,LONG,2024-02-19,0.028310000896453857,0.02560887062974397,0.03371226142987363,907,True,True,True,0.325,2024-02-26,0.03371226142987363,WIN,7.0,crypto
GALA-USD,LONG,2024-02-27,0.04091800004243851,0.03603127955037686,0.0506914410265618,915,True,True,True,2.673,2024-02-28,0.03603127955037686,LOSS,1.0,crypto
GALA-USD,LONG,2024-03-02,0.046243999153375626,0.03985311630275952,0.05902576485460784,919,True,True,True,1.128,2024-03-05,0.03985311630275952,LOSS,3.0,crypto
GALA-USD,LONG,2024-03-09,0.056237999349832535,0.04662764360555545,0.0754587108383867,926,True,True,True,1.487,2024-03-10,0.0754587108383867,WIN,1.0,crypto
GALA-USD,LONG,2024-09-27,0.024639999493956566,0.021874465021735297,0.030171068438399104,1128,True,True,True,0.846,2024-10-01,0.021874465021735297,LOSS,4.0,crypto
GALA-USD,LONG,2024-11-10,0.025158999487757683,0.021827410844481122,0.031822176774310804,1172,True,True,True,0.356,2024-11-18,0.031822176774310804,WIN,8.0,crypto
GALA-USD,LONG,2024-11-23,0.035107001662254333,0.029273303068633072,0.04677439884949686,1185,True,True,True,0.971,2024-12-02,0.04677439884949686,WIN,9.0,crypto
GALA-USD,LONG,2024-12-03,0.05154800042510033,0.043577475572604094,0.06748905013009279,1195,True,True,True,1.145,2024-12-09,0.043577475572604094,LOSS,6.0,crypto
GALA-USD,LONG,2025-04-22,0.016801999881863594,0.014477110213241755,0.02145177921910727,1335,True,False,True,0.077,2025-05-06,0.014477110213241755,LOSS,14.0,crypto
GALA-USD,LONG,2025-05-09,0.01954299956560135,0.01718192007559711,0.02426515854560983,1352,True,True,True,1.04,2025-05-30,0.01718192007559711,LOSS,21.0,crypto
GALA-USD,LONG,2026-05-08,0.0041600000113248825,0.0036703585191788955,0.0051392829956168565,1701,True,True,True,1.164,2026-05-13,0.0036703585191788955,LOSS,5.0,crypto
GAS-USD,LONG,2022-08-12,3.1593708992004395,2.915310983626261,3.647490730348796,355,True,False,True,0.146,2022-08-17,2.915310983626261,LOSS,5.0,crypto
GAS-USD,LONG,2022-09-15,3.4007840156555176,2.9779638497044294,4.246424347557694,389,True,True,True,2.557,2022-09-16,2.9779638497044294,LOSS,1.0,crypto
GAS-USD,LONG,2023-01-15,2.421799898147583,2.25300522455893,2.759389245324889,511,True,True,True,0.012,2023-01-21,2.759389245324889,WIN,6.0,crypto
GAS-USD,LONG,2023-02-09,4.5578460693359375,3.7708778793775144,6.131782449252784,536,True,True,True,3.695,2023-02-10,3.7708778793775144,LOSS,1.0,crypto
GAS-USD,LONG,2023-07-01,2.810720920562744,2.52097301902398,3.3902167236402727,678,True,True,True,0.732,2023-07-10,2.52097301902398,LOSS,9.0,crypto
GAS-USD,LONG,2023-09-17,2.429964065551758,2.2829155536349086,2.724061089385456,756,True,True,True,0.287,2023-09-20,2.724061089385456,WIN,3.0,crypto
GAS-USD,LONG,2023-10-23,2.7392570972442627,2.4693198069223796,3.279131677888029,792,True,True,True,0.661,2023-10-24,3.279131677888029,WIN,1.0,crypto
GAS-USD,LONG,2023-10-28,5.086256980895996,4.325507655888636,6.607755630910717,797,True,True,True,3.726,2023-10-31,6.607755630910717,WIN,3.0,crypto
GAS-USD,LONG,2023-11-04,12.765830993652344,10.24033156605417,17.81682984884869,804,True,True,True,3.236,2023-11-05,10.24033156605417,LOSS,1.0,crypto
GAS-USD,LONG,2023-11-08,15.132616996765137,11.88716808780783,21.62351481467975,808,True,True,True,0.859,2023-11-09,21.62351481467975,WIN,1.0,crypto
GAS-USD,LONG,2024-12-03,7.467134952545166,6.360670310479135,9.680064236677229,1199,True,True,True,1.483,2024-12-06,6.360670310479135,LOSS,3.0,crypto
GAS-USD,LONG,2025-04-10,3.216088056564331,2.633158776653522,4.3819466163859495,1327,False,True,True,0.437,2025-06-22,2.633158776653522,LOSS,73.0,crypto
GAS-USD,LONG,2025-07-12,3.210099935531616,2.890143932711509,3.8500119411718305,1420,True,True,True,0.397,2025-07-23,3.8500119411718305,WIN,11.0,crypto
GAS-USD,LONG,2025-08-22,3.55204701423645,3.1498264738979174,4.356488094913516,1461,True,False,True,0.029,2025-09-22,3.1498264738979174,LOSS,31.0,crypto
GAS-USD,LONG,2026-08-21,1.1897469758987427,1.0800278171375985,1.409185293421031,1825,True,True,True,0.13,,,OPEN,,crypto
GMX-USD,LONG,2021-10-23,0.0009410000056959689,0.0005421722598704824,0.0017386554973469418,62,False,True,True,0.191,2021-11-15,0.0017386554973469418,WIN,23.0,crypto
GMX-USD,LONG,2021-11-30,0.0073830001056194305,0.005954850516551187,0.010239299283755918,100,True,True,True,7.536,2021-12-01,0.005954850516551187,LOSS,1.0,crypto
GNO-USD,LONG,2021-10-21,368.3709716796875,331.00816623654407,443.09658256597436,60,True,False,True,0.185,2021-10-29,443.09658256597436,WIN,8.0,crypto
GNO-USD,LONG,2021-11-02,486.12908935546875,431.19170547076004,596.0038571248862,72,True,False,True,0.331,2021-11-08,596.0038571248862,WIN,6.0,crypto
GNO-USD,LONG,2022-02-09,358.3937683105469,313.8845462045762,447.4122125224882,171,True,False,True,0.38,2022-02-22,313.8845462045762,LOSS,13.0,crypto
GNO-USD,LONG,2022-03-27,402.517578125,370.74549547221585,466.0617434305683,217,True,True,True,3.725,2022-03-28,466.0617434305683,WIN,1.0,crypto
GNO-USD,LONG,2022-07-16,134.26788330078125,116.95385845547932,168.8959329913851,328,False,False,True,0.527,2022-07-19,168.8959329913851,WIN,3.0,crypto
GNO-USD,LONG,2022-08-10,179.51129150390625,161.119651285904,216.29457193991072,353,True,True,True,0.893,2022-08-22,161.119651285904,LOSS,12.0,crypto
GNO-USD,LONG,2022-10-26,128.41973876953125,119.17204106748726,146.91513417361924,430,True,True,True,0.774,2022-11-01,119.17204106748726,LOSS,6.0,crypto
GNO-USD,LONG,2023-02-01,117.84083557128906,109.61873946001006,134.28502779384706,528,True,False,True,0.473,2023-02-10,109.61873946001006,LOSS,9.0,crypto
GNO-USD,LONG,2023-03-17,114.46446990966797,105.17204262651414,133.04932447597562,572,True,False,True,0.212,2023-03-27,105.17204262651414,LOSS,10.0,crypto
GNO-USD,LONG,2023-04-14,123.2817611694336,115.72582285107478,138.39363780615122,600,True,True,True,1.656,2023-04-19,115.72582285107478,LOSS,5.0,crypto
GNO-USD,LONG,2023-05-28,118.11149597167969,112.25512689200654,129.82423413102597,644,True,False,True,0.288,2023-06-05,112.25512689200654,LOSS,8.0,crypto
GNO-USD,LONG,2023-07-01,118.25157165527344,112.21631482738567,130.32208531104897,678,True,False,True,0.054,2023-08-02,112.21631482738567,LOSS,32.0,crypto
GNO-USD,LONG,2023-10-01,104.81935119628906,100.93567364181963,112.58670630522792,770,True,False,True,0.966,2023-10-02,100.93567364181963,LOSS,1.0,crypto
GNO-USD,LONG,2023-10-23,106.17647552490234,101.65468582263398,115.22005492943907,792,True,False,True,2.013,2023-10-27,101.65468582263398,LOSS,4.0,crypto
GNO-USD,LONG,2023-10-30,110.118408203125,104.23104653228083,121.89313154481334,799,True,False,True,0.324,2023-11-07,121.89313154481334,WIN,8.0,crypto
GNO-USD,LONG,2023-11-08,147.07174682617188,135.37004465471793,170.47515116907977,808,True,True,True,0.499,2023-11-14,170.47515116907977,WIN,6.0,crypto
GNO-USD,LONG,2023-11-20,189.77291870117188,172.81595556333943,223.68684497683677,820,True,False,True,0.801,2023-12-07,223.68684497683677,WIN,17.0,crypto
GNO-USD,LONG,2024-01-16,218.77308654785156,200.12768880601723,256.0638820315202,877,True,False,True,0.24,2024-01-23,200.12768880601723,LOSS,7.0,crypto
GNO-USD,LONG,2024-01-30,231.3300323486328,211.8656867994283,270.25872344704186,891,True,True,True,1.113,2024-02-01,211.8656867994283,LOSS,2.0,crypto
GNO-USD,LONG,2024-02-11,255.2565155029297,237.82547842603458,290.1185896567199,903,True,False,True,0.287,2024-02-14,290.1185896567199,WIN,3.0,crypto
GNO-USD,LONG,2024-02-18,298.6329345703125,278.5428162392263,338.81317123248493,910,True,False,True,0.684,2024-02-25,338.81317123248493,WIN,7.0,crypto
GNO-USD,LONG,2024-02-26,356.9372863769531,332.32938589763796,406.15308733558345,918,True,False,True,0.135,2024-02-29,406.15308733558345,WIN,3.0,crypto
GNO-USD,LONG,2024-03-08,421.24591064453125,387.0640952067045,489.60954152018473,929,True,False,True,0.855,2024-03-15,387.0640952067045,LOSS,7.0,crypto
GNO-USD,LONG,2024-04-22,392.4410400390625,352.6106216689171,472.10187677935335,974,True,False,True,0.573,2024-04-24,352.6106216689171,LOSS,2.0,crypto
GNO-USD,LONG,2024-05-24,365.1838073730469,327.62269743038405,440.3060272583725,1006,True,False,True,0.264,2024-06-04,327.62269743038405,LOSS,11.0,crypto
GNO-USD,LONG,2024-09-20,165.02394104003906,150.78818076834142,193.49546158343435,1125,True,False,True,0.633,2024-10-03,150.78818076834142,LOSS,13.0,crypto
GNO-USD,LONG,2024-10-13,174.85365295410156,161.9664258479387,200.6281071664273,1148,True,False,True,0.017,2024-10-24,200.6281071664273,WIN,11.0,crypto
GNO-USD,LONG,2024-10-25,224.604736328125,202.32368494614803,269.16683909207893,1160,True,True,True,0.373,2024-10-31,202.32368494614803,LOSS,6.0,crypto
GNO-USD,LONG,2024-11-07,255.38427734375,229.98709532009912,306.17864139105177,1173,True,True,True,0.391,2024-12-16,306.17864139105177,WIN,39.0,crypto
GNO-USD,LONG,2025-05-08,124.08097076416016,114.09791003454987,144.04709222338073,1355,True,True,True,1.682,2025-05-13,144.04709222338073,WIN,5.0,crypto
GNO-USD,LONG,2025-07-17,142.35580444335938,131.2381745860401,164.59106415799795,1425,True,True,True,0.242,2025-07-30,131.2381745860401,LOSS,13.0,crypto
GNO-USD,LONG,2025-09-12,146.62863159179688,136.92340633315686,166.0390821090769,1482,True,False,True,0.69,2025-09-22,136.92340633315686,LOSS,10.0,crypto
GNO-USD,LONG,2026-01-02,135.55816650390625,126.00647133391674,154.66155684388528,1594,True,False,True,0.623,2026-01-31,126.00647133391674,LOSS,29.0,crypto
GNO-USD,LONG,2026-03-04,135.81951904296875,121.7954963072073,163.86756451449165,1655,True,False,True,0.02,2026-03-23,121.7954963072073,LOSS,19.0,crypto
GNO-USD,LONG,2026-07-12,111.47350311279297,104.75596331501521,124.90858270834849,1785,True,False,True,0.528,2026-07-15,124.90858270834849,WIN,3.0,crypto
GRT-USD,LONG,2021-10-21,0.9320729970932007,0.7950757799863089,1.2060674313069843,60,True,True,True,0.776,2021-11-09,1.2060674313069843,WIN,19.0,crypto
HBAR-USD,LONG,2021-10-30,0.4190250039100647,0.35057178561025926,0.5559314405096756,69,True,True,True,0.14,2021-11-18,0.35057178561025926,LOSS,19.0,crypto
HBAR-USD,LONG,2022-03-27,0.2426770031452179,0.22006930806571887,0.28789239330421595,217,True,True,True,1.106,2022-04-06,0.22006930806571887,LOSS,10.0,crypto
HBAR-USD,LONG,2022-10-12,0.06571400165557861,0.060145795697518815,0.07685041357169821,416,True,True,True,0.806,2022-10-13,0.060145795697518815,LOSS,1.0,crypto
HBAR-USD,LONG,2023-01-09,0.04462900012731552,0.04081047495273687,0.05226605047647283,505,False,True,True,0.192,2023-01-14,0.05226605047647283,WIN,5.0,crypto
HBAR-USD,LONG,2023-01-16,0.053690001368522644,0.04899732294957043,0.06307535820642707,512,True,False,True,0.022,2023-01-20,0.06307535820642707,WIN,4.0,crypto
HBAR-USD,LONG,2023-02-11,0.08814699947834015,0.07549829015615689,0.11344441812270667,538,True,True,True,1.434,2023-02-25,0.07549829015615689,LOSS,14.0,crypto
HBAR-USD,LONG,2023-06-23,0.052149999886751175,0.047483120877980504,0.061483757904292516,670,True,False,True,0.044,2023-07-05,0.047483120877980504,LOSS,12.0,crypto
HBAR-USD,LONG,2023-07-19,0.0561939999461174,0.05083448298524237,0.06691303386786747,696,True,True,True,0.443,2023-08-01,0.05083448298524237,LOSS,13.0,crypto
HBAR-USD,LONG,2023-08-08,0.06182999908924103,0.056307472658892535,0.07287505194993801,716,True,True,True,0.223,2023-08-11,0.056307472658892535,LOSS,3.0,crypto
HBAR-USD,LONG,2023-08-14,0.0655210018157959,0.05936336250682152,0.07783628043374466,722,True,True,True,0.648,2023-08-17,0.05936336250682152,LOSS,3.0,crypto
HBAR-USD,LONG,2023-11-10,0.06282900273799896,0.05729276336049871,0.07390148149299947,810,True,False,True,0.13,2023-11-14,0.05729276336049871,LOSS,4.0,crypto
HBAR-USD,LONG,2023-12-06,0.06855099648237228,0.06292416696669273,0.07980465551373139,836,True,True,True,0.241,2023-12-13,0.07980465551373139,WIN,7.0,crypto
HBAR-USD,LONG,2023-12-14,0.08384300023317337,0.07556027726272722,0.10040844617406566,844,True,True,True,0.94,2023-12-18,0.07556027726272722,LOSS,4.0,crypto
HBAR-USD,LONG,2023-12-21,0.09124100208282471,0.081531316959414,0.11066037232964612,851,True,False,True,0.25,2024-01-05,0.081531316959414,LOSS,15.0,crypto
HBAR-USD,LONG,2024-02-09,0.0794610008597374,0.07164231463514083,0.09509837330893053,901,True,False,True,0.288,2024-02-19,0.09509837330893053,WIN,10.0,crypto
HBAR-USD,LONG,2024-03-07,0.1339469999074936,0.11364474562211718,0.1745515084782464,928,True,False,True,0.636,2024-03-15,0.11364474562211718,LOSS,8.0,crypto
HBAR-USD,LONG,2024-09-23,0.05797199904918671,0.05252917580101516,0.0688576455455298,1128,True,True,True,0.696,2024-10-01,0.05252917580101516,LOSS,8.0,crypto
HBAR-USD,LONG,2024-11-11,0.05841999873518944,0.052325016201071335,0.07060996380342564,1177,True,True,True,0.279,2024-11-12,0.07060996380342564,WIN,1.0,crypto
HBAR-USD,LONG,2024-11-16,0.09064099937677383,0.07737307948873783,0.11717683915284585,1182,True,True,True,2.441,2024-11-18,0.11717683915284585,WIN,2.0,crypto
HBAR-USD,LONG,2024-11-29,0.1783670037984848,0.1438683166028967,0.247364378189661,1195,True,True,True,0.531,2024-12-02,0.247364378189661,WIN,3.0,crypto
HBAR-USD,LONG,2025-01-16,0.36343398690223694,0.3010392989241514,0.48822336285840806,1243,True,True,True,1.087,2025-01-27,0.3010392989241514,LOSS,11.0,crypto
HBAR-USD,LONG,2025-04-22,0.18135100603103638,0.15686107804452032,0.2303308620040685,1339,True,False,True,0.087,2025-06-05,0.15686107804452032,LOSS,44.0,crypto
HBAR-USD,LONG,2025-07-10,0.18981799483299255,0.17114708554069114,0.2271598134175954,1418,True,True,True,1.762,2025-07-13,0.2271598134175954,WIN,3.0,crypto
HBAR-USD,LONG,2025-07-17,0.2785319983959198,0.24363655481157315,0.3483228855646131,1425,True,True,True,1.293,2025-07-23,0.24363655481157315,LOSS,6.0,crypto
HBAR-USD,LONG,2026-05-29,0.09950300306081772,0.09143137370090686,0.11564626178063944,1741,True,True,True,0.001,2026-06-02,0.09143137370090686,LOSS,4.0,crypto
ICP-USD,LONG,2022-01-04,33.79536819458008,27.65204292376029,46.08201873621965,135,True,True,True,1.279,2022-01-07,27.65204292376029,LOSS,3.0,crypto
ICP-USD,LONG,2023-12-30,12.33267593383789,10.170647915680341,16.65673197015299,860,True,True,True,0.499,2024-01-23,10.170647915680341,LOSS,24.0,crypto
ICP-USD,LONG,2024-02-19,14.582661628723145,12.761404736060722,18.22517541404799,911,True,True,True,0.555,2024-02-21,12.761404736060722,LOSS,2.0,crypto
ICP-USD,LONG,2024-03-25,17.638607025146484,14.789792397127805,23.336236281183844,946,True,True,True,0.532,2024-04-12,14.789792397127805,LOSS,18.0,crypto
ICP-USD,LONG,2024-07-17,10.278219223022461,8.96542519713042,12.903807274806542,1060,True,True,True,0.587,2024-07-29,8.96542519713042,LOSS,12.0,crypto
ICP-USD,LONG,2024-09-27,9.889152526855469,8.761325852870167,12.144805874826073,1132,True,False,True,0.373,2024-10-01,8.761325852870167,LOSS,4.0,crypto
ICP-USD,LONG,2024-11-10,8.99902629852295,7.939469619645554,11.118139656277739,1176,True,True,True,0.631,2024-11-14,7.939469619645554,LOSS,4.0,crypto
ICP-USD,LONG,2024-11-22,11.270484924316406,9.645517077524099,14.52042061790102,1188,True,True,True,1.486,2024-12-03,14.52042061790102,WIN,11.0,crypto
ICP-USD,LONG,2025-06-09,6.0419230461120605,5.332345236765421,7.46107866480534,1387,True,True,True,0.609,2025-06-13,5.332345236765421,LOSS,4.0,crypto
ICP-USD,LONG,2025-07-21,6.154940128326416,5.518009597060646,7.428801190857955,1429,True,True,True,0.005,2025-07-23,5.518009597060646,LOSS,2.0,crypto
ICP-USD,LONG,2025-08-13,6.0169501304626465,5.3631976311937,7.324455129000539,1452,True,False,True,0.08,2025-08-15,5.3631976311937,LOSS,2.0,crypto
ICP-USD,LONG,2025-11-02,4.288271903991699,3.664248074397797,5.536319563179504,1533,True,True,True,1.633,2025-11-04,5.536319563179504,WIN,2.0,crypto
ICP-USD,LONG,2025-11-06,6.701728820800781,5.407843904424318,9.289498653553707,1537,True,True,True,0.226,2025-11-08,9.289498653553707,WIN,2.0,crypto
ICX-USD,LONG,2021-10-31,2.3263959884643555,1.9662416306178598,3.0467047041573467,70,True,True,True,0.273,2021-11-10,1.9662416306178598,LOSS,10.0,crypto
ICX-USD,LONG,2022-03-10,0.871146023273468,0.7143265975192326,1.184784874781939,200,True,True,True,0.402,2022-04-18,0.7143265975192326,LOSS,39.0,crypto
IMX-USD,LONG,2021-10-30,0.8493829965591431,0.6458700919451269,1.2564088057871754,69,True,True,True,3.019,2021-11-03,0.6458700919451269,LOSS,4.0,crypto
INJ-USD,LONG,2023-01-26,2.5875580310821533,2.2161357343401886,3.3304026245660827,522,True,True,True,0.803,2023-02-01,3.3304026245660827,WIN,6.0,crypto
INJ-USD,LONG,2023-02-18,4.432182788848877,3.582371594516403,6.131805177513825,545,True,False,True,0.219,2023-02-24,3.582371594516403,LOSS,6.0,crypto
INJ-USD,LONG,2023-03-17,4.837501049041748,3.9483473257966812,6.615808495531882,572,True,True,True,0.75,2023-03-21,3.9483473257966812,LOSS,4.0,crypto
INJ-USD,LONG,2023-04-01,4.99552583694458,4.115026590773221,6.7565243292872985,587,True,False,True,0.026,2023-04-11,6.7565243292872985,WIN,10.0,crypto
INJ-USD,LONG,2023-04-14,8.026931762695312,6.825594635105282,10.429606017875374,600,True,True,True,1.749,2023-04-23,6.825594635105282,LOSS,9.0,crypto
INJ-USD,LONG,2023-06-02,7.881106853485107,6.7201614287449045,10.202997702965513,649,True,True,True,0.19,2023-06-08,6.7201614287449045,LOSS,6.0,crypto
INJ-USD,LONG,2023-06-29,7.870546817779541,6.801870731318705,10.007898990701213,676,True,False,True,0.085,2023-08-17,6.801870731318705,LOSS,49.0,crypto
INJ-USD,LONG,2023-09-19,7.528584003448486,6.940899371833931,8.703953266677598,758,True,False,True,0.194,2023-09-24,6.940899371833931,LOSS,5.0,crypto
INJ-USD,LONG,2023-09-30,7.673336982727051,7.115038118132376,8.7899347119164,769,True,False,True,0.315,2023-10-20,8.7899347119164,WIN,20.0,crypto
INJ-USD,LONG,2023-10-22,9.223922729492188,8.510011817186925,10.651744554102713,791,True,False,True,0.088,2023-10-23,10.651744554102713,WIN,1.0,crypto
INJ-USD,LONG,2023-10-24,11.77766227722168,10.623842003666345,14.085302824332349,793,True,True,True,0.914,2023-10-29,14.085302824332349,WIN,5.0,crypto
INJ-USD,LONG,2023-11-01,14.86595344543457,13.071242290277686,18.45537575574834,801,True,True,True,0.514,2023-11-10,18.45537575574834,WIN,9.0,crypto
INJ-USD,LONG,2023-12-08,19.281906127929688,16.350420370886138,25.144877642016787,838,True,True,True,0.305,2023-12-12,25.144877642016787,WIN,4.0,crypto
INJ-USD,LONG,2023-12-13,29.304397583007812,24.94508257604135,38.023027596940736,843,True,True,True,0.561,2023-12-19,38.023027596940736,WIN,6.0,crypto
INJ-USD,LONG,2023-12-20,42.480499267578125,36.00279426758933,55.435909267555715,850,True,True,True,0.802,2023-12-28,36.00279426758933,LOSS,8.0,crypto
INJ-USD,LONG,2024-02-27,40.06729507446289,34.46599615842918,51.269892906530316,919,True,True,True,0.075,2024-03-05,34.46599615842918,LOSS,7.0,crypto
INJ-USD,LONG,2024-03-12,52.04340362548828,43.374024333046194,69.38216221037246,933,True,True,True,1.308,2024-03-15,43.374024333046194,LOSS,3.0,crypto
INJ-USD,LONG,2024-05-20,28.19888687133789,24.16650502796623,36.26365055808121,1002,True,True,True,0.62,2024-06-01,24.16650502796623,LOSS,12.0,crypto
INJ-USD,LONG,2024-06-12,31.259431838989258,26.146727619134293,41.48484027869919,1025,True,True,True,0.137,2024-06-14,26.146727619134293,LOSS,2.0,crypto
INJ-USD,LONG,2024-07-18,26.95438575744629,23.45483754593463,33.95348218046961,1061,True,False,True,0.119,2024-07-25,23.45483754593463,LOSS,7.0,crypto
INJ-USD,LONG,2024-09-19,20.491079330444336,17.68313530970288,26.106967371927247,1124,True,False,True,0.221,2024-10-25,17.68313530970288,LOSS,36.0,crypto
INJ-USD,LONG,2024-11-08,22.424692153930664,19.492303341836895,28.289469778118203,1174,True,True,True,0.009,2024-11-23,28.289469778118203,WIN,15.0,crypto
INJ-USD,LONG,2024-11-26,30.94020652770996,25.989345658465965,40.841928266197954,1192,True,True,True,0.543,2024-12-09,25.989345658465965,LOSS,13.0,crypto
INJ-USD,LONG,2025-07-15,13.407933235168457,11.610243425381016,17.00331285474334,1423,True,True,True,0.365,2025-09-25,11.610243425381016,LOSS,72.0,crypto
INJ-USD,LONG,2026-04-15,3.2463560104370117,2.931750453796248,3.8755671237185387,1697,True,True,True,1.04,2026-04-26,3.8755671237185387,WIN,11.0,crypto
INJ-USD,LONG,2026-05-08,4.227497100830078,3.810932834615414,5.060625633259407,1720,True,True,True,0.687,2026-05-13,5.060625633259407,WIN,5.0,crypto
INJ-USD,LONG,2026-05-29,6.438758850097656,5.40975922589033,8.49675809851231,1741,True,True,True,0.685,2026-06-04,5.40975922589033,LOSS,6.0,crypto
IOTA-USD,LONG,2023-11-29,0.2547430098056793,0.22042924916632,0.32337053108439795,60,True,True,True,2.951,2023-12-02,0.32337053108439795,WIN,3.0,crypto
IOTA-USD,LONG,2023-12-30,0.3213759958744049,0.27164463094817703,0.42083872572686065,91,True,True,True,0.274,2024-01-03,0.27164463094817703,LOSS,4.0,crypto
IOTA-USD,LONG,2024-02-14,0.2717599868774414,0.2418136592891176,0.331652642054089,137,True,False,True,0.187,2024-03-02,0.331652642054089,WIN,17.0,crypto
IOTA-USD,LONG,2024-03-04,0.33695799112319946,0.29505422500277906,0.4207655233640403,156,True,True,True,0.059,2024-03-19,0.29505422500277906,LOSS,15.0,crypto
IOTA-USD,LONG,2024-07-21,0.17999599874019623,0.16112300058078902,0.21774199505901065,295,True,True,True,0.269,2024-07-25,0.16112300058078902,LOSS,4.0,crypto
IOTA-USD,LONG,2024-08-23,0.14646099507808685,0.13210653669689895,0.17516991184046266,328,True,False,True,0.789,2024-08-27,0.13210653669689895,LOSS,4.0,crypto
IOTA-USD,LONG,2024-09-19,0.13198800384998322,0.1192173225321322,0.15752936648568525,355,False,True,True,0.006,2024-10-01,0.1192173225321322,LOSS,12.0,crypto
IOTA-USD,LONG,2024-11-10,0.13466599583625793,0.12135336569925996,0.16129125611025388,407,True,True,True,1.37,2024-11-16,0.16129125611025388,WIN,6.0,crypto
IOTA-USD,LONG,2024-11-18,0.1879650056362152,0.15898479035750152,0.2459254361936426,415,True,True,True,1.032,2024-11-25,0.2459254361936426,WIN,7.0,crypto
IOTA-USD,LONG,2024-11-29,0.2747820019721985,0.23127010006634835,0.36180580578389876,426,True,True,True,0.991,2024-12-02,0.36180580578389876,WIN,3.0,crypto
IOTA-USD,LONG,2024-12-03,0.4748609960079193,0.3908605694468609,0.6428618491300362,430,True,True,True,1.791,2024-12-09,0.3908605694468609,LOSS,6.0,crypto
JASMY-USD,LONG,2021-10-26,0.11253000050783157,0.0856777343511766,0.16623453282114153,65,True,True,True,1.379,2021-11-01,0.16623453282114153,WIN,6.0,crypto
JASMY-USD,LONG,2021-11-02,0.27757298946380615,0.21811972129080004,0.3964795258098184,72,True,True,True,3.264,2021-11-03,0.21811972129080004,LOSS,1.0,crypto
JUP-USD,LONG,2021-11-07,0.0286289993673563,0.021665410171514195,0.04255617775904051,77,True,True,True,0.499,2021-11-16,0.04255617775904051,WIN,9.0,crypto
JUP-USD,LONG,2022-02-02,0.01862500049173832,0.015441546136569485,0.024991909202075988,164,True,True,True,2.205,2022-02-04,0.024991909202075988,WIN,2.0,crypto
JUP-USD,LONG,2022-02-05,0.030146000906825066,0.024320023522353344,0.04179795567576851,167,True,True,True,0.424,2022-02-11,0.024320023522353344,LOSS,6.0,crypto
JUP-USD,LONG,2022-03-26,0.020299000665545464,0.016629094934471424,0.027638812127693542,216,True,True,True,0.74,2022-04-06,0.016629094934471424,LOSS,11.0,crypto
JUP-USD,LONG,2022-06-16,0.00797600019723177,0.005023758421316101,0.013880483749063107,298,True,True,True,0.155,2022-06-23,0.013880483749063107,WIN,7.0,crypto
JUP-USD,LONG,2022-12-14,0.005584000144153833,0.004124152297724898,0.008503695837011703,479,False,True,True,1.16,2022-12-25,0.004124152297724898,LOSS,11.0,crypto
JUP-USD,LONG,2023-01-19,0.006252000108361244,0.0044134190847005365,0.00992916215568266,515,True,True,True,0.248,2023-03-04,0.0044134190847005365,LOSS,44.0,crypto
JUP-USD,LONG,2023-04-08,0.008483000099658966,0.004816567915709433,0.015815864467558033,594,True,True,True,0.758,2023-04-10,0.004816567915709433,LOSS,2.0,crypto
JUP-USD,LONG,2023-10-24,0.003263999940827489,0.002330891853286019,0.005130216115910429,793,True,True,True,0.021,2023-10-25,0.002330891853286019,LOSS,1.0,crypto
JUP-USD,LONG,2023-12-08,0.004040000028908253,0.0026004178020447646,0.006919164482635229,838,True,True,True,0.656,2023-12-14,0.0026004178020447646,LOSS,6.0,crypto
JUP-USD,LONG,2023-12-28,0.00674000009894371,0.0034912757042885726,0.013237448888253987,858,True,True,True,0.041,2024-01-31,0.013237448888253987,WIN,34.0,crypto
JUP-USD,LONG,2025-06-03,0.5380520224571228,0.45039914075984766,0.7133577858516731,1381,True,False,True,12.255,2025-06-05,0.45039914075984766,LOSS,2.0,crypto
KAS-USD,LONG,2022-07-31,0.0008699999889358878,0.0006559653646343482,0.001298069237538967,60,True,True,True,1.495,2022-08-01,0.0006559653646343482,LOSS,1.0,crypto
KAS-USD,LONG,2022-08-16,0.0024300001095980406,0.001927846852982239,0.0034343066228296436,76,True,True,True,3.704,2022-08-18,0.0034343066228296436,WIN,2.0,crypto
KAS-USD,LONG,2022-09-08,0.00419999985024333,0.0030904350195560875,0.006419129511617815,99,True,True,True,1.082,2022-09-29,0.0030904350195560875,LOSS,21.0,crypto
KAS-USD,LONG,2022-11-13,0.004821000155061483,0.003720816476405927,0.007021367512372596,165,True,True,True,0.429,2022-11-15,0.007021367512372596,WIN,2.0,crypto
KAS-USD,LONG,2022-11-20,0.007794000208377838,0.006215292814985243,0.010951414995163028,172,True,True,True,0.739,2022-12-13,0.006215292814985243,LOSS,23.0,crypto
KAS-USD,LONG,2023-02-18,0.00773600023239851,0.006645211433158615,0.0099175778308783,262,True,False,True,0.281,2023-02-27,0.0099175778308783,WIN,9.0,crypto
KAS-USD,LONG,2023-03-01,0.01307199988514185,0.011108554246765266,0.016998891161895017,273,True,True,True,0.266,2023-03-08,0.011108554246765266,LOSS,7.0,crypto
KAS-USD,LONG,2023-03-19,0.016493000090122223,0.013567117987940452,0.022344764294485765,291,True,False,True,1.157,2023-03-28,0.022344764294485765,WIN,9.0,crypto
KAS-USD,LONG,2023-03-29,0.027897000312805176,0.022828498522393714,0.0380340038936281,301,True,True,True,1.754,2023-04-01,0.0380340038936281,WIN,3.0,crypto
KAS-USD,LONG,2023-07-14,0.02830599993467331,0.024322246890251635,0.03627350602351666,408,True,True,True,0.419,2023-07-22,0.03627350602351666,WIN,8.0,crypto
KAS-USD,LONG,2023-07-23,0.04020100086927414,0.03505178900923922,0.05049942458934398,417,True,True,True,0.5,2023-07-25,0.03505178900923922,LOSS,2.0,crypto
KAS-USD,LONG,2023-08-02,0.04665499925613403,0.04038046567814582,0.059204066412110457,427,True,True,True,1.796,2023-08-14,0.04038046567814582,LOSS,12.0,crypto
KAS-USD,LONG,2023-09-13,0.04932599887251854,0.04345485187357485,0.061068292870405924,469,True,True,True,2.204,2023-10-10,0.04345485187357485,LOSS,27.0,crypto
KAS-USD,LONG,2023-10-23,0.05119900032877922,0.04661670118375193,0.06036359861883381,509,True,False,True,0.045,2023-11-05,0.06036359861883381,WIN,13.0,crypto
KAS-USD,LONG,2023-11-08,0.07801099866628647,0.0703169519441186,0.0933990921106222,525,True,True,True,2.267,2023-11-10,0.0933990921106222,WIN,2.0,crypto
KAS-USD,LONG,2023-11-15,0.11700300127267838,0.10141480169185096,0.1481794004343332,532,True,True,True,2.335,2023-11-19,0.1481794004343332,WIN,4.0,crypto
KAS-USD,LONG,2024-02-07,0.11686699837446213,0.10393918674443937,0.14272262163450763,616,True,True,True,0.745,2024-02-11,0.14272262163450763,WIN,4.0,crypto
KAS-USD,LONG,2024-02-16,0.1480109989643097,0.1318172315364653,0.18039853381999849,625,True,False,True,0.008,2024-02-19,0.18039853381999849,WIN,3.0,crypto
KAS-USD,LONG,2024-05-21,0.13349300622940063,0.11797458036959799,0.16452985794900593,720,True,False,True,0.092,2024-06-03,0.16452985794900593,WIN,13.0,crypto
KAS-USD,LONG,2024-06-04,0.18036900460720062,0.16187177613335402,0.21736346155489383,734,True,True,True,0.446,2024-06-07,0.16187177613335402,LOSS,3.0,crypto
KAS-USD,LONG,2024-06-27,0.18166500329971313,0.15890654769048068,0.22718191451817804,757,True,True,True,0.119,2024-07-05,0.15890654769048068,LOSS,8.0,crypto
KAS-USD,LONG,2024-07-27,0.18901899456977844,0.17171327787473145,0.22363042795987242,787,True,True,True,0.604,2024-08-03,0.17171327787473145,LOSS,7.0,crypto
KAS-USD,LONG,2024-11-10,0.15184800326824188,0.12865168625924492,0.1982406372862358,893,True,True,True,1.179,2024-11-13,0.12865168625924492,LOSS,3.0,crypto
KAS-USD,LONG,2024-11-18,0.1706629991531372,0.14121880015250085,0.22955139715440992,901,True,True,True,0.619,2024-12-17,0.14121880015250085,LOSS,29.0,crypto
KAS-USD,LONG,2025-01-17,0.15410000085830688,0.1357040491225888,0.19089190432974307,961,True,False,True,0.096,2025-01-19,0.1357040491225888,LOSS,2.0,crypto
KAS-USD,LONG,2025-04-21,0.08472400158643723,0.07389210986288262,0.10638778503354643,1055,True,False,True,0.996,2025-04-25,0.10638778503354643,WIN,4.0,crypto
KAS-USD,LONG,2025-05-10,0.11005499958992004,0.09551019868001052,0.13914460140973908,1074,True,False,True,0.148,2025-05-30,0.09551019868001052,LOSS,20.0,crypto
KAS-USD,LONG,2026-03-16,0.03374699875712395,0.030701225165748938,0.039838545939873966,1384,True,True,True,0.068,2026-03-18,0.039838545939873966,WIN,2.0,crypto
KAS-USD,LONG,2026-04-17,0.036146000027656555,0.032518094904076617,0.04340181027481643,1416,True,True,True,0.235,2026-04-29,0.032518094904076617,LOSS,12.0,crypto
KAS-USD,LONG,2026-05-09,0.037241000682115555,0.03429787031463491,0.043127261417076845,1438,True,False,True,0.019,2026-05-16,0.03429787031463491,LOSS,7.0,crypto
KAS-USD,LONG,2026-08-20,0.028026999905705452,0.026061370354251635,0.031958259008613085,1541,False,True,True,0.126,,,OPEN,,crypto
KAVA-USD,LONG,2022-01-14,5.457266807556152,4.522952726810863,7.325894969046731,145,True,True,True,0.472,2022-01-19,4.522952726810863,LOSS,5.0,crypto
KAVA-USD,LONG,2022-04-25,5.336183071136475,4.571209417401518,6.866130378606387,246,True,True,True,0.354,2022-04-30,4.571209417401518,LOSS,5.0,crypto
KAVA-USD,LONG,2023-01-18,1.0387459993362427,0.9009459280056448,1.3143461419974385,514,True,True,True,1.106,2023-02-01,0.9009459280056448,LOSS,14.0,crypto
KAVA-USD,LONG,2023-05-14,1.005581021308899,0.884945337163282,1.2468523896001327,630,True,False,True,0.847,2023-05-23,1.2468523896001327,WIN,9.0,crypto
KAVA-USD,LONG,2023-11-05,0.7342849969863892,0.6772269763591009,0.8484010382409657,805,True,True,True,0.928,2023-11-11,0.8484010382409657,WIN,6.0,crypto
KAVA-USD,LONG,2023-12-07,0.8664569854736328,0.788897013032369,1.0215769303561604,837,True,True,True,0.767,2023-12-11,0.788897013032369,LOSS,4.0,crypto
KAVA-USD,LONG,2023-12-26,0.9230859875679016,0.8391297390317629,1.090998484640179,856,True,True,True,0.652,2024-01-03,0.8391297390317629,LOSS,8.0,crypto
KAVA-USD,LONG,2024-03-01,0.8992239832878113,0.8236403332199924,1.050391283423449,922,True,False,True,0.524,2024-03-05,0.8236403332199924,LOSS,4.0,crypto
KAVA-USD,LONG,2024-03-07,1.0162149667739868,0.8968346727517154,1.2549755548185297,928,True,True,True,0.303,2024-03-16,0.8968346727517154,LOSS,9.0,crypto
KAVA-USD,LONG,2024-08-23,0.36608800292015076,0.3257748064113971,0.44671439593765805,1097,True,False,True,0.44,2024-08-27,0.3257748064113971,LOSS,4.0,crypto
KAVA-USD,LONG,2024-09-19,0.3893370032310486,0.3441162227192302,0.47977856425468535,1124,True,True,True,2.246,2024-10-01,0.3441162227192302,LOSS,12.0,crypto
KAVA-USD,LONG,2024-11-11,0.40139099955558777,0.3563048728119088,0.4915632530429457,1177,True,True,True,0.673,2024-11-17,0.4915632530429457,WIN,6.0,crypto
KAVA-USD,LONG,2024-11-24,0.5292199850082397,0.4495760922304265,0.6885077705638663,1190,True,True,True,0.36,2024-12-03,0.6885077705638663,WIN,9.0,crypto
KAVA-USD,LONG,2024-12-04,0.7077810168266296,0.61079304619302,0.9017569580938489,1200,True,True,True,0.197,2024-12-09,0.61079304619302,LOSS,5.0,crypto
KAVA-USD,LONG,2025-02-03,0.533922016620636,0.44499047190820884,0.7117851060454903,1261,True,True,True,0.31,2025-02-21,0.44499047190820884,LOSS,18.0,crypto
KAVA-USD,LONG,2025-03-14,0.46996399760246277,0.40708357140320417,0.59572485000098,1300,True,True,True,0.155,2025-03-31,0.40708357140320417,LOSS,17.0,crypto
KAVA-USD,LONG,2025-04-25,0.4660950005054474,0.42366103936725585,0.5509629227818305,1342,True,False,True,0.5,2025-05-03,0.42366103936725585,LOSS,8.0,crypto
KAVA-USD,LONG,2025-05-09,0.4920310080051422,0.4447275320012616,0.5866379600129035,1356,True,True,True,0.548,2025-05-15,0.4447275320012616,LOSS,6.0,crypto
KAVA-USD,LONG,2026-07-15,0.045788999646902084,0.04298299318357299,0.05140101257356028,1788,True,False,True,0.065,2026-07-20,0.04298299318357299,LOSS,5.0,crypto
KNC-USD,LONG,2021-10-30,1.9251480102539062,1.6628942797048956,2.4496554713519276,69,True,True,True,0.724,2021-11-16,1.6628942797048956,LOSS,17.0,crypto
KNC-USD,LONG,2021-11-27,2.1020500659942627,1.727326030362304,2.8514981372581802,97,True,True,True,0.053,2021-12-03,1.727326030362304,LOSS,6.0,crypto
KNC-USD,LONG,2022-02-03,2.035352945327759,1.7052346227051527,2.695589590572971,165,True,False,True,0.025,2022-02-22,1.7052346227051527,LOSS,19.0,crypto
KNC-USD,LONG,2022-02-28,2.413577079772949,1.9725866281852846,3.2955579829482784,190,True,True,True,0.182,2022-03-18,3.2955579829482784,WIN,18.0,crypto
KNC-USD,LONG,2022-03-28,3.5624310970306396,3.0752403164851736,4.536812658121572,218,True,False,True,0.267,2022-04-04,3.0752403164851736,LOSS,7.0,crypto
KNC-USD,LONG,2022-04-08,4.0053181648254395,3.3703279199139953,5.275298654648328,229,True,True,True,0.84,2022-04-23,5.275298654648328,WIN,15.0,crypto
KNC-USD,LONG,2023-02-04,0.8965809941291809,0.7824250467416345,1.1248928889042737,531,True,True,True,0.075,2023-02-13,0.7824250467416345,LOSS,9.0,crypto
KNC-USD,LONG,2023-04-06,0.7866560220718384,0.7002980723043754,0.9593719216067644,592,True,True,True,0.011,2023-04-20,0.7002980723043754,LOSS,14.0,crypto
KNC-USD,LONG,2023-07-28,0.7619940042495728,0.6662228542293803,0.9535363042899576,705,True,True,True,0.02,2023-08-07,0.6662228542293803,LOSS,10.0,crypto
KNC-USD,LONG,2023-11-01,0.8167229890823364,0.7335957729668438,0.9829774213133218,801,True,True,True,0.326,2023-11-21,0.7335957729668438,LOSS,20.0,crypto
KNC-USD,LONG,2024-02-19,0.6717960238456726,0.6230745707510181,0.7692389300349816,911,True,True,True,0.248,2024-02-21,0.6230745707510181,LOSS,2.0,crypto
KNC-USD,LONG,2024-02-24,0.6843119859695435,0.6264956724571588,0.7999446129943129,916,True,True,True,0.22,2024-03-02,0.7999446129943129,WIN,7.0,crypto
KNC-USD,LONG,2024-03-04,0.8154619932174683,0.7333472317730332,0.9796915161063384,925,True,True,True,0.208,2024-03-05,0.7333472317730332,LOSS,1.0,crypto
KNC-USD,LONG,2024-03-06,0.849016010761261,0.7378817090779672,1.0712846141278485,927,True,True,True,0.062,2024-03-13,1.0712846141278485,WIN,7.0,crypto
KNC-USD,LONG,2024-03-14,1.1262949705123901,0.9793321169573216,1.4202206776225272,935,True,True,True,0.742,2024-03-15,0.9793321169573216,LOSS,1.0,crypto
KNC-USD,LONG,2024-06-12,0.790789008140564,0.685103933701042,1.002159157019608,1025,True,False,True,0.137,2024-06-17,0.685103933701042,LOSS,5.0,crypto
KNC-USD,LONG,2024-11-30,0.7078729867935181,0.6234121276068595,0.8767947051668352,1196,True,False,True,0.159,2024-12-04,0.8767947051668352,WIN,4.0,crypto
KNC-USD,LONG,2025-03-24,0.38822099566459656,0.3436275896943291,0.47740780760513146,1310,True,False,True,0.405,2025-03-29,0.3436275896943291,LOSS,5.0,crypto
KNC-USD,LONG,2025-04-23,0.3645299971103668,0.3260210890892955,0.44154781315250946,1340,True,False,True,0.165,2025-05-30,0.3260210890892955,LOSS,37.0,crypto
KNC-USD,LONG,2025-07-12,0.6345890164375305,0.5466605201242222,0.8104460090641472,1420,True,True,True,6.887,2025-07-13,0.5466605201242222,LOSS,1.0,crypto
KNC-USD,LONG,2026-01-05,0.2495039999485016,0.23299437584933239,0.28252324814684,1597,True,False,True,0.414,2026-01-12,0.23299437584933239,LOSS,7.0,crypto
KNC-USD,LONG,2026-03-27,0.1629830002784729,0.13994578282656797,0.20905743518228276,1678,True,True,True,0.54,2026-03-29,0.13994578282656797,LOSS,2.0,crypto
KNC-USD,LONG,2026-05-02,0.16519899666309357,0.14576742162556747,0.20406214673814577,1714,True,True,True,1.149,2026-05-13,0.14576742162556747,LOSS,11.0,crypto
LDO-USD,LONG,2021-11-13,5.50731897354126,4.18149301723024,8.1589708861633,83,True,False,True,0.525,2021-11-15,4.18149301723024,LOSS,2.0,crypto
LDO-USD,LONG,2022-04-01,4.2022199630737305,3.373513761793544,5.859632365634104,222,True,False,True,0.432,2022-04-08,3.373513761793544,LOSS,7.0,crypto
LDO-USD,LONG,2022-07-27,1.9227559566497803,1.4262136174953914,2.915840634958558,339,True,True,True,0.139,2022-08-13,2.915840634958558,WIN,17.0,crypto
LDO-USD,LONG,2023-02-17,3.0055150985717773,2.3618528053965386,4.292839684922255,544,True,False,True,0.091,2023-03-08,2.3618528053965386,LOSS,19.0,crypto
LDO-USD,LONG,2023-07-03,2.22343111038208,1.9660226836527286,2.738247963840783,680,True,False,True,0.425,2023-07-06,1.9660226836527286,LOSS,3.0,crypto
LDO-USD,LONG,2023-07-13,2.279218912124634,2.005072050284599,2.8275126358047036,690,True,True,True,0.288,2023-07-17,2.005072050284599,LOSS,4.0,crypto
LDO-USD,LONG,2023-11-09,2.3381218910217285,2.0751175051146555,2.8641306628358745,809,True,True,True,1.889,2023-11-14,2.0751175051146555,LOSS,5.0,crypto
LDO-USD,LONG,2023-11-22,2.608196973800659,2.1899801061235764,3.4446307091548247,822,True,False,True,0.108,2023-12-11,2.1899801061235764,LOSS,19.0,crypto
LDO-USD,LONG,2023-12-27,2.8227860927581787,2.4221276667801477,3.6241029447142408,857,True,True,True,0.61,2024-01-09,3.6241029447142408,WIN,13.0,crypto
LDO-USD,LONG,2024-01-10,3.7823169231414795,3.0713102555883376,5.204330258247763,871,True,True,True,0.152,2024-01-18,3.0713102555883376,LOSS,8.0,crypto
LDO-USD,LONG,2024-02-14,3.2877140045166016,2.8905153005639583,4.082111412421888,906,True,True,True,0.366,2024-03-05,2.8905153005639583,LOSS,20.0,crypto
LDO-USD,LONG,2024-09-23,1.2147239446640015,1.057682008436919,1.5288078171181665,1128,True,False,True,0.428,2024-10-02,1.057682008436919,LOSS,9.0,crypto
LDO-USD,LONG,2024-11-25,1.6499589681625366,1.3716305941255285,2.206615716236553,1191,True,True,True,1.154,2024-12-04,2.206615716236553,WIN,9.0,crypto
LDO-USD,LONG,2024-12-06,2.261915922164917,1.9083882968000776,2.968971172894596,1202,True,False,True,0.046,2024-12-09,1.9083882968000776,LOSS,3.0,crypto
LDO-USD,LONG,2024-12-15,2.387434959411621,1.9548614590243416,3.25258196018618,1211,True,False,True,0.069,2024-12-18,1.9548614590243416,LOSS,3.0,crypto
LDO-USD,LONG,2025-01-31,2.301568031311035,1.8469567176276056,3.2107906586778943,1258,True,True,True,0.358,2025-02-02,1.8469567176276056,LOSS,2.0,crypto
LDO-USD,LONG,2025-04-25,0.8543239831924438,0.7349584609045288,1.093055027768274,1342,True,False,True,0.066,2025-05-10,1.093055027768274,WIN,15.0,crypto
LDO-USD,LONG,2025-07-15,0.9056199789047241,0.7905735190039381,1.135712898706296,1423,True,True,True,0.235,2025-07-18,1.135712898706296,WIN,3.0,crypto
LDO-USD,LONG,2025-07-20,1.1945840120315552,1.0358342987564881,1.5120834385816893,1428,True,True,True,0.551,2025-07-24,1.0358342987564881,LOSS,4.0,crypto
LDO-USD,LONG,2025-08-09,1.3221169710159302,1.1363210381629865,1.6937088367218176,1448,True,True,True,0.406,2025-09-01,1.1363210381629865,LOSS,23.0,crypto
LDO-USD,LONG,2025-09-18,1.338284969329834,1.1790443375678024,1.6567662328538972,1488,True,True,True,0.112,2025-09-22,1.1790443375678024,LOSS,4.0,crypto
LDO-USD,LONG,2026-04-13,0.349604994058609,0.3096798789451792,0.4294552242854687,1695,True,False,True,0.375,2026-04-16,0.4294552242854687,WIN,3.0,crypto
LDO-USD,LONG,2026-07-07,0.31050100922584534,0.2739673376651019,0.3835683523473322,1780,True,True,True,0.648,2026-07-17,0.3835683523473322,WIN,10.0,crypto
LDO-USD,LONG,2026-08-21,0.36942601203918457,0.33016312651306107,0.4479517830914316,1825,True,True,True,1.192,,,OPEN,,crypto
LINK-USD,LONG,2021-10-23,31.459808349609375,27.456134065126314,39.4671569185755,62,True,False,True,0.73,2021-11-18,27.456134065126314,LOSS,26.0,crypto
LINK-USD,LONG,2022-04-03,18.09421730041504,16.29314530904496,21.6963612831552,224,True,False,True,0.118,2022-04-06,16.29314530904496,LOSS,3.0,crypto
LINK-USD,LONG,2023-10-23,10.546121597290039,9.57004046145896,12.498283868952196,792,True,True,True,0.778,2023-11-06,12.498283868952196,WIN,14.0,crypto
LINK-USD,LONG,2023-11-08,14.93785572052002,13.31952255563179,18.174522050296478,808,True,False,True,2.083,2023-11-17,13.31952255563179,LOSS,9.0,crypto
LINK-USD,LONG,2023-12-08,16.942026138305664,15.065851540650476,20.69437533361604,838,True,True,True,0.631,2023-12-11,15.065851540650476,LOSS,3.0,crypto
LINK-USD,LONG,2024-02-01,17.184246063232422,15.211651985209624,21.129434219278018,893,True,True,True,0.668,2024-03-02,21.129434219278018,WIN,30.0,crypto
LINK-USD,LONG,2024-03-10,21.75461196899414,19.19194659948609,26.87994270801024,931,True,False,True,0.061,2024-03-15,19.19194659948609,LOSS,5.0,crypto
LINK-USD,LONG,2024-05-27,18.778060913085938,16.89521183591334,22.543759067431132,1009,True,False,True,0.957,2024-06-07,16.89521183591334,LOSS,11.0,crypto
LINK-USD,LONG,2024-07-21,14.806570053100586,13.276147246840877,17.867415665620005,1064,True,False,True,0.116,2024-07-25,13.276147246840877,LOSS,4.0,crypto
LINK-USD,LONG,2024-08-24,12.347853660583496,10.988101948694789,15.06735708436091,1098,True,False,True,0.236,2024-08-27,10.988101948694789,LOSS,3.0,crypto
LINK-USD,LONG,2024-09-24,12.162094116210938,11.005973515031886,14.47433531856904,1129,True,False,True,0.755,2024-10-01,11.005973515031886,LOSS,7.0,crypto
LINK-USD,LONG,2024-10-30,12.394707679748535,11.226854555157038,14.73041392893153,1165,True,False,True,0.151,2024-11-01,11.226854555157038,LOSS,2.0,crypto
LINK-USD,LONG,2024-11-07,12.606694221496582,11.266191860466618,15.28769894355651,1173,True,True,True,0.258,2024-11-12,15.28769894355651,WIN,5.0,crypto
LINK-USD,LONG,2024-11-22,16.531856536865234,14.328574435162235,20.938420740271233,1188,True,True,True,0.516,2024-12-02,20.938420740271233,WIN,10.0,crypto
LINK-USD,LONG,2024-12-12,29.28685188293457,23.914246998189604,40.0320616524245,1208,True,True,True,0.715,2024-12-19,23.914246998189604,LOSS,7.0,crypto
LINK-USD,LONG,2025-01-17,25.112716674804688,21.466964266061353,32.404221492291356,1244,True,False,True,0.217,2025-02-02,21.466964266061353,LOSS,16.0,crypto
LINK-USD,LONG,2025-07-20,19.30514907836914,17.406458282459223,23.102530670188976,1428,True,True,True,0.236,2025-07-24,17.406458282459223,LOSS,4.0,crypto
LINK-USD,LONG,2025-08-09,21.93036460876465,19.506587886237856,26.777918053818233,1448,True,True,True,1.398,2025-08-20,26.777918053818233,WIN,11.0,crypto
LINK-USD,LONG,2026-03-16,9.927087783813477,8.983313892305631,11.814635566829168,1667,True,True,True,0.661,2026-03-19,8.983313892305631,LOSS,3.0,crypto
LINK-USD,LONG,2026-04-16,9.580833435058594,8.735740647854886,11.27101900946601,1698,True,False,True,0.383,2026-06-02,8.735740647854886,LOSS,47.0,crypto
LINK-USD,LONG,2026-08-14,8.966767311096191,8.429539712162054,10.041222508964466,1818,True,False,True,0.306,2026-08-19,10.041222508964466,WIN,5.0,crypto
LINK-USD,LONG,2026-08-21,11.997420310974121,11.080160056345148,13.831940820232067,1825,True,True,True,2.509,,,OPEN,,crypto
LRC-USD,LONG,2021-10-28,0.5349569916725159,0.4373505118724431,0.7301699512726614,67,True,True,True,0.49,2021-11-01,0.7301699512726614,WIN,4.0,crypto
LRC-USD,LONG,2021-11-02,1.4383759498596191,1.1620198363618734,1.9910881768551105,72,True,True,True,2.351,2021-11-03,1.1620198363618734,LOSS,1.0,crypto
LRC-USD,LONG,2021-11-08,2.0346579551696777,1.5313994806028566,3.04117490430332,78,True,True,True,1.282,2021-11-10,3.04117490430332,WIN,2.0,crypto
LRC-USD,LONG,2022-03-29,1.2899349927902222,1.059881201398365,1.7500425755739366,219,True,True,True,0.144,2022-04-06,1.059881201398365,LOSS,8.0,crypto
LRC-USD,LONG,2023-01-14,0.2587760090827942,0.2359903739324525,0.30434727938347755,510,True,True,True,0.87,2023-01-16,0.30434727938347755,WIN,2.0,crypto
LRC-USD,LONG,2023-02-01,0.3918060064315796,0.33712905560769346,0.5011599080793518,528,True,True,True,0.959,2023-02-09,0.33712905560769346,LOSS,8.0,crypto
LRC-USD,LONG,2023-10-24,0.18863999843597412,0.17554185414632484,0.2148362870152727,793,True,True,True,0.713,2023-11-03,0.2148362870152727,WIN,10.0,crypto
LRC-USD,LONG,2023-12-08,0.2621830105781555,0.2362028533486596,0.31414332503714737,838,True,False,True,0.598,2023-12-11,0.2362028533486596,LOSS,3.0,crypto
LRC-USD,LONG,2023-12-17,0.2913829982280731,0.25296453785419176,0.36821991897583584,847,True,True,True,1.116,2024-01-03,0.25296453785419176,LOSS,17.0,crypto
LRC-USD,LONG,2024-02-12,0.2459239959716797,0.2229518587700647,0.29186827037490964,904,True,False,True,0.142,2024-02-27,0.29186827037490964,WIN,15.0,crypto
LRC-USD,LONG,2024-03-01,0.3041589856147766,0.27195672372202695,0.36856350940027593,922,True,False,True,0.031,2024-03-05,0.36856350940027593,WIN,4.0,crypto
LRC-USD,LONG,2024-03-10,0.4025709927082062,0.3449419249051442,0.5178291283143301,931,True,True,True,0.724,2024-03-14,0.5178291283143301,WIN,4.0,crypto
LRC-USD,LONG,2024-11-16,0.17299799621105194,0.1496303390271256,0.2197333105789046,1182,True,True,True,1.336,2024-11-24,0.2197333105789046,WIN,8.0,crypto
LRC-USD,LONG,2024-12-03,0.2954519987106323,0.25318439685283745,0.3799872024262221,1199,True,True,True,1.758,2024-12-09,0.25318439685283745,LOSS,6.0,crypto
LRC-USD,LONG,2025-04-22,0.10191900283098221,0.09030137812243362,0.12515425224807938,1339,True,False,True,0.196,2025-05-12,0.12515425224807938,WIN,20.0,crypto
LRC-USD,LONG,2025-07-16,0.0876069962978363,0.07810682075034286,0.10660734739282318,1424,True,True,True,0.6,2025-07-21,0.10660734739282318,WIN,5.0,crypto
LRC-USD,LONG,2025-08-13,0.09710200130939484,0.08595143171313015,0.11940314050192422,1452,True,True,True,0.133,2025-08-14,0.08595143171313015,LOSS,1.0,crypto
LRC-USD,LONG,2025-08-31,0.10624200105667114,0.09070182434565223,0.13732235447870897,1470,True,True,True,0.83,2025-09-15,0.09070182434565223,LOSS,15.0,crypto
LRC-USD,LONG,2026-07-17,0.016426999121904373,0.013515230877914567,0.022250535609883985,1790,True,True,True,1.651,2026-07-18,0.013515230877914567,LOSS,1.0,crypto
LSK-USD,LONG,2022-06-05,1.3951760530471802,1.1306396287389808,1.9242489016635789,287,True,True,True,0.1,2022-06-11,1.1306396287389808,LOSS,6.0,crypto
LSK-USD,LONG,2022-08-01,1.2518939971923828,1.0406904404154658,1.674301110746217,344,True,True,True,0.487,2022-08-27,1.0406904404154658,LOSS,26.0,crypto
LSK-USD,LONG,2022-11-04,1.0248550176620483,0.9518057760298543,1.1709535009264365,439,True,False,True,0.013,2022-11-08,0.9518057760298543,LOSS,4.0,crypto
LSK-USD,LONG,2022-11-30,0.8385260105133057,0.7488147069021253,1.0179486177356665,465,False,False,True,0.085,2022-12-16,0.7488147069021253,LOSS,16.0,crypto
LSK-USD,LONG,2023-01-13,0.8260149955749512,0.7501232445086053,0.9777984977076428,509,True,False,True,0.703,2023-01-24,0.9777984977076428,WIN,11.0,crypto
LSK-USD,LONG,2023-02-04,1.0426030158996582,0.9473302749013073,1.23314849789636,531,True,False,True,0.213,2023-02-05,1.23314849789636,WIN,1.0,crypto
LSK-USD,LONG,2023-09-20,0.7553359866142273,0.713992396521907,0.8380231667988678,759,True,False,True,0.505,2023-10-07,0.8380231667988678,WIN,17.0,crypto
LSK-USD,LONG,2023-10-23,0.9418460130691528,0.8497627114758198,1.1260126162558188,792,True,False,True,0.276,2023-11-04,1.1260126162558188,WIN,12.0,crypto
LSK-USD,LONG,2023-12-29,1.2753009796142578,1.1545078481896998,1.516887242463374,859,True,True,True,0.593,2024-01-02,1.516887242463374,WIN,4.0,crypto
LSK-USD,LONG,2024-03-04,1.7472870349884033,1.474771798009575,2.29231750894606,925,True,True,True,0.395,2024-03-05,2.29231750894606,WIN,1.0,crypto
LSK-USD,LONG,2024-11-27,1.2659369707107544,1.1037377810275735,1.5903353500771162,1193,True,False,True,0.391,2024-12-09,1.1037377810275735,LOSS,12.0,crypto
LSK-USD,LONG,2025-04-23,0.5396770238876343,0.48148106071534147,0.6560689502322199,1340,True,False,True,0.132,2025-05-06,0.48148106071534147,LOSS,13.0,crypto
LSK-USD,LONG,2025-05-10,0.5792850255966187,0.5178269820015996,0.7022011127866568,1357,True,False,True,0.112,2025-05-17,0.5178269820015996,LOSS,7.0,crypto
LSK-USD,LONG,2025-07-10,0.42158499360084534,0.380905399131137,0.502944182540262,1418,True,False,True,0.063,2025-07-12,0.502944182540262,WIN,2.0,crypto
LSK-USD,LONG,2026-03-17,0.13989099860191345,0.1276723367076528,0.16432832239043477,1668,True,False,True,0.43,2026-03-21,0.1276723367076528,LOSS,4.0,crypto
LSK-USD,LONG,2026-05-10,0.14208899438381195,0.13253269762927852,0.1612015878928788,1722,True,False,True,0.785,2026-05-12,0.13253269762927852,LOSS,2.0,crypto
LTC-USD,LONG,2021-11-08,228.69619750976562,204.8486171654532,276.3913581983905,78,True,False,True,1.231,2021-11-10,276.3913581983905,WIN,2.0,crypto
LTC-USD,LONG,2023-01-08,77.6822738647461,72.21068097265255,88.62545964893317,504,True,False,True,0.014,2023-01-14,88.62545964893317,WIN,6.0,crypto
LTC-USD,LONG,2023-01-29,95.05005645751953,87.35004177806394,110.45008581643071,525,True,True,True,0.654,2023-03-06,87.35004177806394,LOSS,36.0,crypto
LTC-USD,LONG,2023-04-16,100.26744842529297,92.47760870831121,115.84712785925649,602,True,False,True,0.375,2023-04-19,92.47760870831121,LOSS,3.0,crypto
LTC-USD,LONG,2023-06-03,95.99313354492188,89.36135159805559,109.25669743865444,650,True,False,True,0.105,2023-06-05,89.36135159805559,LOSS,2.0,crypto
LTC-USD,LONG,2023-06-30,108.16532897949219,97.10795421632247,130.28007850583163,677,True,True,True,2.714,2023-07-06,97.10795421632247,LOSS,6.0,crypto
LTC-USD,LONG,2023-11-06,74.48286437988281,69.8331870812009,83.78221897724663,806,True,False,True,0.904,2023-11-14,69.8331870812009,LOSS,8.0,crypto
LTC-USD,LONG,2023-12-08,78.39876556396484,73.27493402058217,88.6464286507302,838,True,True,True,1.338,2023-12-11,73.27493402058217,LOSS,3.0,crypto
LTC-USD,LONG,2024-02-27,74.03375244140625,69.52360093184531,83.05405546052813,919,True,True,True,0.275,2024-02-29,83.05405546052813,WIN,2.0,crypto
LTC-USD,LONG,2024-03-01,85.08411407470703,78.4285906485327,98.39516092705568,922,True,True,True,0.082,2024-03-05,78.4285906485327,LOSS,4.0,crypto
LTC-USD,LONG,2024-03-11,103.7921142578125,91.37443356828804,128.62747563686142,932,True,True,True,1.493,2024-03-14,91.37443356828804,LOSS,3.0,crypto
LTC-USD,LONG,2024-03-29,109.25897216796875,95.55717226404838,136.6625719758095,950,True,True,True,0.536,2024-04-02,95.55717226404838,LOSS,4.0,crypto
LTC-USD,LONG,2024-11-23,99.39119720458984,86.78237165692778,124.60884829991397,1189,True,True,True,0.238,2024-12-02,124.60884829991397,WIN,9.0,crypto
LTC-USD,LONG,2025-01-15,117.21080017089844,101.95762506705287,147.71715037858957,1242,False,True,True,0.04,2025-02-03,101.95762506705287,LOSS,19.0,crypto
LTC-USD,LONG,2025-08-12,130.46371459960938,116.70945607428436,157.9722316502594,1451,True,False,True,0.244,2025-08-18,116.70945607428436,LOSS,6.0,crypto
LTC-USD,LONG,2025-10-09,125.93396759033203,115.95743878068282,145.88702520963045,1509,True,True,True,0.39,2025-10-10,115.95743878068282,LOSS,1.0,crypto
LTC-USD,LONG,2025-11-09,110.16724395751953,94.16031932424744,142.18109322406372,1540,True,True,True,0.478,2025-11-14,94.16031932424744,LOSS,5.0,crypto
LTC-USD,LONG,2026-03-16,58.723690032958984,54.18557738365654,67.79991533156387,1667,True,False,True,0.097,2026-03-22,54.18557738365654,LOSS,6.0,crypto
LTC-USD,LONG,2026-05-08,58.233158111572266,55.30988102060893,64.07971229349894,1720,True,False,True,0.259,2026-05-17,55.30988102060893,LOSS,9.0,crypto
LTC-USD,LONG,2026-08-19,46.733158111572266,44.56996877784831,51.05953677902018,1823,False,True,True,0.285,2026-08-21,51.05953677902018,WIN,2.0,crypto
MANA-USD,LONG,2021-10-28,0.9213150143623352,0.7773970008502705,1.2091510413864646,67,True,True,True,0.795,2021-10-29,1.2091510413864646,WIN,1.0,crypto
MANA-USD,LONG,2021-10-30,3.5646920204162598,2.879715154904462,4.934645751439855,69,True,True,True,6.073,2021-10-31,2.879715154904462,LOSS,1.0,crypto
MANA-USD,LONG,2021-11-24,4.369190216064453,3.2493473897528227,6.608875868687714,94,True,False,True,0.036,2021-12-04,3.2493473897528227,LOSS,10.0,crypto
MANA-USD,LONG,2023-01-14,0.5957059860229492,0.52812526535732,0.7308674273542077,510,True,True,True,1.484,2023-01-17,0.7308674273542077,WIN,3.0,crypto
MANA-USD,LONG,2023-01-29,0.8061059713363647,0.6895708880375427,1.0391761379340088,525,True,True,True,0.506,2023-02-09,0.6895708880375427,LOSS,11.0,crypto
MANA-USD,LONG,2023-09-29,0.3160000145435333,0.29506053577440255,0.35787897208179487,768,True,True,True,1.192,2023-10-04,0.29506053577440255,LOSS,5.0,crypto
MANA-USD,LONG,2023-10-23,0.3256480097770691,0.30462353671807924,0.3676969558950488,792,True,True,True,1.205,2023-10-29,0.3676969558950488,WIN,6.0,crypto
MANA-USD,LONG,2023-11-02,0.40373098850250244,0.36552608893687993,0.48014078763374746,802,True,True,True,0.818,2023-11-11,0.48014078763374746,WIN,9.0,crypto
MANA-USD,LONG,2023-12-07,0.5020059943199158,0.44947105518101554,0.6070758725977162,837,True,True,True,0.349,2023-12-18,0.44947105518101554,LOSS,11.0,crypto
MANA-USD,LONG,2024-02-12,0.484019011259079,0.4440852000559491,0.5638866336653388,904,True,True,True,0.463,2024-02-27,0.5638866336653388,WIN,15.0,crypto
MANA-USD,LONG,2024-02-29,0.6569589972496033,0.5894925007034877,0.7918919903418344,921,True,True,True,1.533,2024-03-05,0.5894925007034877,LOSS,5.0,crypto
MANA-USD,LONG,2024-03-09,0.7536550164222717,0.6462118930867092,0.9685412630933967,930,True,True,True,0.795,2024-03-15,0.6462118930867092,LOSS,6.0,crypto
MANA-USD,LONG,2024-07-15,0.36228400468826294,0.32477775582400903,0.43729650241677076,1058,True,False,True,0.684,2024-07-25,0.32477775582400903,LOSS,10.0,crypto
MANA-USD,LONG,2024-11-10,0.3491770029067993,0.31220077384291484,0.4231294610345683,1176,True,True,True,0.533,2024-11-16,0.4231294610345683,WIN,6.0,crypto
MANA-USD,LONG,2024-11-22,0.45499101281166077,0.3901004264718792,0.5847721854912239,1188,True,True,True,0.055,2024-11-24,0.5847721854912239,WIN,2.0,crypto
MANA-USD,LONG,2024-12-04,0.7804489731788635,0.6410149448661957,1.0593170298041992,1200,True,True,True,0.105,2024-12-09,0.6410149448661957,LOSS,5.0,crypto
MANA-USD,LONG,2025-05-09,0.3529820144176483,0.31333548781632437,0.4322750676202962,1356,True,True,True,0.689,2025-05-19,0.31333548781632437,LOSS,10.0,crypto
MANA-USD,LONG,2025-09-05,0.31895801424980164,0.28155341451652344,0.39376721371635803,1475,True,True,True,0.138,2025-09-25,0.28155341451652344,LOSS,20.0,crypto
MASK-USD,LONG,2022-01-02,2779.886962890625,1903.0064428038336,4533.648003064208,133,False,False,False,0.35,2022-01-08,1903.0064428038336,LOSS,6.0,crypto
MASK-USD,LONG,2022-01-15,2977.96435546875,2316.032405842001,4301.828254722248,146,True,False,False,0.577,2022-01-21,2316.032405842001,LOSS,6.0,crypto
MASK-USD,LONG,2022-02-09,2811.62451171875,2401.1033097208838,3632.6669157144825,171,True,False,False,0.114,2022-02-11,2401.1033097208838,LOSS,2.0,crypto
MASK-USD,LONG,2022-03-28,1797.59130859375,1596.2105927954115,2200.352740190427,218,True,False,False,0.153,2022-04-03,1596.2105927954115,LOSS,6.0,crypto
MASK-USD,LONG,2022-07-04,500.028564453125,421.33365590924404,657.4183815408869,316,True,False,False,0.743,2022-07-06,657.4183815408869,WIN,2.0,crypto
MASK-USD,LONG,2022-07-07,689.5516967773438,580.124340172198,908.4064099876352,319,True,False,False,0.451,2022-07-13,580.124340172198,LOSS,6.0,crypto
MASK-USD,LONG,2022-07-18,802.5042724609375,681.4530952331733,1044.606626916466,330,True,False,False,0.371,2022-08-07,1044.606626916466,WIN,20.0,crypto
MKR-USD,LONG,2021-11-02,2806.872802734375,2472.0153332227333,3476.5877417576585,72,True,True,True,0.615,2021-11-03,3476.5877417576585,WIN,1.0,crypto
MKR-USD,LONG,2022-04-01,2283.82275390625,2005.6287827618191,2840.2106961951117,222,True,True,True,0.009,2022-04-11,2005.6287827618191,LOSS,10.0,crypto
MKR-USD,LONG,2022-10-03,812.230224609375,724.2796899851667,988.1312938577917,407,True,True,True,0.81,2022-10-09,988.1312938577917,WIN,6.0,crypto
MKR-USD,LONG,2023-01-14,709.341796875,653.8128580561867,820.3996745126267,510,True,True,True,0.664,2023-01-18,653.8128580561867,LOSS,4.0,crypto
MKR-USD,LONG,2023-02-07,789.4988403320312,710.4757330086584,947.545054978777,534,True,True,True,1.333,2023-02-09,710.4757330086584,LOSS,2.0,crypto
MKR-USD,LONG,2023-03-01,927.9334106445312,821.2031504844483,1141.3939309646971,556,True,True,True,2.179,2023-03-09,821.2031504844483,LOSS,8.0,crypto
MKR-USD,LONG,2023-04-13,753.8428344726562,680.8953497799477,899.7378038580734,599,True,False,True,0.569,2023-04-21,680.8953497799477,LOSS,8.0,crypto
MKR-USD,LONG,2023-06-19,706.2672119140625,649.1374630859218,820.5267095703439,666,True,True,True,0.083,2023-06-30,820.5267095703439,WIN,11.0,crypto
MKR-USD,LONG,2023-07-02,858.810546875,765.9087948928286,1044.6140508393428,679,True,True,True,0.098,2023-07-03,1044.6140508393428,WIN,1.0,crypto
MKR-USD,LONG,2023-07-21,1094.58984375,942.3831410152864,1399.0032492194273,698,True,True,True,0.29,2023-09-26,1399.0032492194273,WIN,67.0,crypto
MKR-USD,LONG,2023-09-27,1496.2706298828125,1378.0299017287296,1732.7520861909784,766,True,True,True,1.14,2023-10-09,1378.0299017287296,LOSS,12.0,crypto
MKR-USD,LONG,2023-10-23,1564.7906494140625,1445.8694255992255,1802.6330970437366,792,True,True,True,1.37,2023-10-25,1445.8694255992255,LOSS,2.0,crypto
MKR-USD,LONG,2023-11-22,1467.264404296875,1325.2039748783327,1751.3852631339596,822,True,False,True,0.136,2023-12-11,1325.2039748783327,LOSS,19.0,crypto
MKR-USD,LONG,2023-12-27,1527.1658935546875,1413.9339382236863,1753.62980421669,857,True,False,True,0.786,2024-01-01,1753.62980421669,WIN,5.0,crypto
MKR-USD,LONG,2024-01-02,1834.3165283203125,1654.2569485324095,2194.4356878961185,863,True,True,True,0.861,2024-01-03,1654.2569485324095,LOSS,1.0,crypto
MKR-USD,LONG,2024-01-10,2037.2310791015625,1784.0555866375169,2543.582064029654,871,True,True,True,0.674,2024-03-10,2543.582064029654,WIN,60.0,crypto
MKR-USD,LONG,2024-03-13,2896.251708984375,2520.791697460659,3647.1717320318066,934,True,True,True,0.029,2024-03-28,3647.1717320318066,WIN,15.0,crypto
MKR-USD,LONG,2024-03-31,3934.06396484375,3428.948825195334,4944.294244140582,952,True,False,True,0.208,2024-04-03,3428.948825195334,LOSS,3.0,crypto
MKR-USD,LONG,2024-05-20,3163.939697265625,2744.382448823035,4003.0541941508054,1002,True,True,True,0.832,2024-05-24,2744.382448823035,LOSS,4.0,crypto
MKR-USD,LONG,2024-07-13,2709.529541015625,2399.467035511723,3329.6545520234286,1056,True,False,True,0.298,2024-08-03,2399.467035511723,LOSS,21.0,crypto
MKR-USD,LONG,2024-09-27,1706.8150634765625,1534.642874158201,2051.1594421132854,1132,True,True,True,0.415,2024-10-01,1534.642874158201,LOSS,4.0,crypto
MKR-USD,LONG,2024-11-06,1384.4715576171875,1223.0383216911885,1707.3380294691856,1172,False,True,True,0.657,2024-11-22,1707.3380294691856,WIN,16.0,crypto
MKR-USD,LONG,2024-11-25,1828.4439697265625,1578.982222678272,2327.3674638231437,1191,True,True,True,0.314,2024-12-04,2327.3674638231437,WIN,9.0,crypto
MKR-USD,LONG,2025-02-20,1427.30419921875,1249.312688833313,1783.2872199896242,1278,True,True,True,2.358,2025-02-27,1783.2872199896242,WIN,7.0,crypto
MKR-USD,LONG,2025-03-27,1446.0361328125,1260.0661030142226,1817.9761924090549,1313,True,True,True,0.651,2025-03-31,1260.0661030142226,LOSS,4.0,crypto
MKR-USD,LONG,2025-04-22,1450.145751953125,1271.5542655714723,1807.3287247164303,1339,True,False,True,0.176,2025-05-09,1807.3287247164303,WIN,17.0,crypto
MKR-USD,LONG,2025-05-10,1878.2269287109375,1681.649073931342,2271.3826382701286,1357,True,False,True,0.54,2025-05-18,1681.649073931342,LOSS,8.0,crypto
MKR-USD,LONG,2025-06-10,2143.216796875,1882.3501134962023,2664.9501636325954,1388,True,True,True,1.476,2025-06-13,1882.3501134962023,LOSS,3.0,crypto
MKR-USD,LONG,2025-07-25,2207.31982421875,1927.0227080633404,2767.9140565295693,1433,True,True,True,0.002,2025-08-01,1927.0227080633404,LOSS,7.0,crypto
MKR-USD,LONG,2026-04-22,1901.557861328125,1758.4433090952443,2187.7869657938863,1704,True,False,True,0.38,2026-04-29,1758.4433090952443,LOSS,7.0,crypto
MNT-USD,LONG,2023-01-11,0.4692850112915039,0.22905579091499667,0.9497434520445184,104,True,False,False,0.979,2023-01-12,0.22905579091499667,LOSS,1.0,crypto
MNT-USD,LONG,2023-02-26,0.19544200599193573,0.13846352817253138,0.30939896163074443,150,True,False,False,0.536,2023-02-27,0.13846352817253138,LOSS,1.0,crypto
MNT-USD,LONG,2023-06-26,0.7579259872436523,0.5662059841267615,1.141365993477434,270,True,False,False,6.092,2023-06-27,0.5662059841267615,LOSS,1.0,crypto
MNT-USD,LONG,2024-01-03,0.12233500182628632,0.08080359848810578,0.20539780850264738,461,True,False,False,0.234,2026-06-09,0.20539780850264738,WIN,7.0,crypto
MNT-USD,LONG,2026-06-17,1.0531560182571411,0.9534896935920048,1.2524886675874138,476,True,False,False,0.055,2026-07-08,1.2524886675874138,WIN,21.0,crypto
NEAR-USD,LONG,2021-10-21,9.40963077545166,7.830907391624821,12.567077543105338,60,True,True,True,0.652,2021-10-25,12.567077543105338,WIN,4.0,crypto
NEAR-USD,LONG,2021-12-23,13.729494094848633,10.8138233574814,19.560835569583098,123,True,True,True,0.621,2022-01-13,19.560835569583098,WIN,21.0,crypto
NEAR-USD,LONG,2022-01-14,20.199886322021484,16.585813416524477,27.4280321330155,145,True,True,True,0.209,2022-01-19,16.585813416524477,LOSS,5.0,crypto
NEAR-USD,LONG,2022-04-03,16.77324676513672,14.235537354469404,21.84866558647135,224,True,True,True,0.429,2022-04-25,14.235537354469404,LOSS,22.0,crypto
NEAR-USD,LONG,2023-10-26,1.191964030265808,1.1094337987092542,1.357024493378916,795,True,True,True,0.593,2023-11-01,1.357024493378916,WIN,6.0,crypto
NEAR-USD,LONG,2023-11-05,1.6368499994277954,1.4826096869401562,1.945330624403074,805,True,True,True,0.961,2023-11-07,1.4826096869401562,LOSS,2.0,crypto
NEAR-USD,LONG,2023-11-12,1.697957992553711,1.4690953411858518,2.155683295289429,812,True,True,True,0.212,2023-11-14,1.4690953411858518,LOSS,2.0,crypto
NEAR-USD,LONG,2023-11-17,1.868772029876709,1.5958746702183757,2.4145667491933755,817,True,True,True,0.109,2023-12-09,2.4145667491933755,WIN,22.0,crypto
NEAR-USD,LONG,2023-12-20,2.839524030685425,2.412440952092867,3.6936901878705406,850,True,True,True,1.15,2023-12-22,3.6936901878705406,WIN,2.0,crypto
NEAR-USD,LONG,2023-12-23,3.895308017730713,3.282992796549804,5.119938460092531,853,True,True,True,0.376,2024-01-03,3.282992796549804,LOSS,11.0,crypto
NEAR-USD,LONG,2024-02-18,3.5160930156707764,3.084836604492576,4.378605838027177,910,True,True,True,0.262,2024-03-02,4.378605838027177,WIN,13.0,crypto
NEAR-USD,LONG,2024-03-06,5.862256050109863,4.898414009168995,7.7899401319915995,927,True,True,True,2.321,2024-03-12,7.7899401319915995,WIN,6.0,crypto
NEAR-USD,LONG,2024-03-14,8.882497787475586,7.470367924867344,11.70675751269207,935,True,True,True,0.56,2024-03-15,7.470367924867344,LOSS,1.0,crypto
NEAR-USD,LONG,2024-05-15,8.048585891723633,6.812653435283275,10.520450804604348,997,True,True,True,0.46,2024-06-07,6.812653435283275,LOSS,23.0,crypto
NEAR-USD,LONG,2024-07-15,5.936538219451904,5.129450047404708,7.550714563546297,1058,True,False,True,0.779,2024-07-30,5.129450047404708,LOSS,15.0,crypto
NEAR-USD,LONG,2024-09-26,5.555717945098877,4.843096583848002,6.980960667600627,1131,True,True,True,0.294,2024-10-01,4.843096583848002,LOSS,5.0,crypto
NEAR-USD,LONG,2024-11-11,5.566177845001221,4.877538458563229,6.943456617877205,1177,True,True,True,1.829,2024-11-24,6.943456617877205,WIN,13.0,crypto
NEAR-USD,LONG,2024-12-02,7.426878929138184,6.3336524464713335,9.613331894471884,1198,True,False,True,0.361,2024-12-09,6.3336524464713335,LOSS,7.0,crypto
NEAR-USD,LONG,2026-02-25,1.1720800399780273,1.0055626228818977,1.5051148741702867,1648,False,True,True,0.12,2026-03-16,1.5051148741702867,WIN,19.0,crypto
NEAR-USD,LONG,2026-04-11,1.4025859832763672,1.2641591843296272,1.6794395811698473,1693,True,False,True,0.164,2026-05-04,1.2641591843296272,LOSS,23.0,crypto
NEAR-USD,LONG,2026-05-06,1.4917019605636597,1.357492191209386,1.760121499272207,1718,False,True,True,0.744,2026-05-21,1.760121499272207,WIN,15.0,crypto
NEAR-USD,LONG,2026-05-22,2.1047370433807373,1.8582332997236086,2.5977445306949947,1734,True,True,True,1.193,2026-05-25,2.5977445306949947,WIN,3.0,crypto
NEO-USD,LONG,2021-11-08,50.56210708618164,44.82393918833569,62.038442881873536,78,True,True,True,0.897,2021-11-16,44.82393918833569,LOSS,8.0,crypto
NEO-USD,LONG,2022-02-16,25.735397338867188,22.36854755203892,32.469096912523725,178,True,True,True,0.204,2022-02-21,22.36854755203892,LOSS,5.0,crypto
NEO-USD,LONG,2022-03-27,26.05858039855957,23.389812280719713,31.396116634239284,217,True,True,True,0.664,2022-04-06,23.389812280719713,LOSS,10.0,crypto
NEO-USD,LONG,2023-04-16,13.577296257019043,12.154678282744996,16.422532205567137,602,True,True,True,0.448,2023-04-19,12.154678282744996,LOSS,3.0,crypto
NEO-USD,LONG,2023-06-30,9.570365905761719,8.353238354132454,12.004621009020248,677,True,True,True,0.121,2023-08-05,8.353238354132454,LOSS,36.0,crypto
NEO-USD,LONG,2023-10-24,7.782052993774414,7.2527498233404,8.840659334642442,793,True,True,True,0.234,2023-10-27,8.840659334642442,WIN,3.0,crypto
NEO-USD,LONG,2023-10-28,9.338848114013672,8.524323007280836,10.967898327479343,797,True,True,True,0.486,2023-11-04,10.967898327479343,WIN,7.0,crypto
NEO-USD,LONG,2023-11-05,13.228303909301758,11.44751087218346,16.78988998353835,805,True,True,True,1.948,2023-11-14,11.44751087218346,LOSS,9.0,crypto
NEO-USD,LONG,2023-12-08,12.654301643371582,11.282046089106853,15.39881275190104,838,True,False,True,0.068,2024-01-07,11.282046089106853,LOSS,30.0,crypto
NEO-USD,LONG,2024-02-15,13.090197563171387,11.948863664763165,15.37286535998783,907,True,True,True,1.464,2024-02-21,11.948863664763165,LOSS,6.0,crypto
NEO-USD,LONG,2024-03-01,15.460928916931152,13.735123658210798,18.912539434371862,922,True,True,True,0.059,2024-03-04,18.912539434371862,WIN,3.0,crypto
NEO-USD,LONG,2024-04-08,21.77728843688965,18.84747975019284,27.636905810283267,960,True,True,True,3.282,2024-04-09,18.84747975019284,LOSS,1.0,crypto
NEO-USD,LONG,2024-07-21,12.021373748779297,10.75813078507588,14.547859676186132,1064,True,False,True,0.065,2024-07-25,10.75813078507588,LOSS,4.0,crypto
NEO-USD,LONG,2024-09-21,10.423615455627441,9.47938988275636,12.312066601369605,1126,True,True,True,0.375,2024-10-03,9.47938988275636,LOSS,12.0,crypto
NEO-USD,LONG,2024-11-10,11.477598190307617,10.433212638232877,13.566369294457097,1176,True,True,True,0.837,2024-11-19,13.566369294457097,WIN,9.0,crypto
NEO-USD,LONG,2024-11-23,14.414691925048828,12.521978216146255,18.200119342853974,1189,True,True,True,0.609,2024-12-02,18.200119342853974,WIN,9.0,crypto
NEO-USD,LONG,2024-12-03,25.742841720581055,22.36666247126786,32.49520021920745,1199,True,True,True,4.182,2024-12-04,22.36666247126786,LOSS,1.0,crypto
NEO-USD,LONG,2025-07-17,6.803162097930908,6.1395366842441055,8.130412925304514,1425,True,True,True,0.033,2025-07-30,6.1395366842441055,LOSS,13.0,crypto
NEO-USD,LONG,2025-08-22,7.019681930541992,6.156780487296225,8.745484817033526,1461,True,True,True,0.215,2025-09-22,6.156780487296225,LOSS,31.0,crypto
NEO-USD,LONG,2025-11-07,5.730823993682861,4.8989304593565475,7.394611062335489,1538,False,False,True,0.723,2025-11-13,4.8989304593565475,LOSS,6.0,crypto
NEO-USD,LONG,2026-04-17,3.032327890396118,2.7556486781564167,3.585686314875521,1699,True,False,True,0.391,2026-04-29,2.7556486781564167,LOSS,12.0,crypto
NEO-USD,LONG,2026-05-08,3.111016035079956,2.8953315847242145,3.542384935791439,1720,True,False,True,0.4,2026-05-16,2.8953315847242145,LOSS,8.0,crypto
NMR-USD,LONG,2022-03-29,32.775604248046875,29.931711366601554,38.463390010937516,219,True,True,True,0.212,2022-04-06,29.931711366601554,LOSS,8.0,crypto
NMR-USD,LONG,2022-06-29,13.613638877868652,10.30390442081843,20.233107791969097,311,True,True,True,0.325,2022-06-30,20.233107791969097,WIN,1.0,crypto
NMR-USD,LONG,2022-12-05,17.22596549987793,14.839506046114993,21.998884407403803,470,True,True,True,3.477,2022-12-06,14.839506046114993,LOSS,1.0,crypto
NMR-USD,LONG,2023-01-13,16.54412269592285,14.412663263454986,20.807041560858583,509,True,True,True,0.319,2023-02-04,20.807041560858583,WIN,22.0,crypto
NMR-USD,LONG,2023-10-25,14.058952331542969,12.804263052178461,16.568330890271984,794,True,True,True,0.13,2023-11-19,16.568330890271984,WIN,25.0,crypto
NMR-USD,LONG,2023-12-27,18.16468620300293,16.11731685461823,22.259424899772327,857,True,False,True,0.016,2024-01-02,22.259424899772327,WIN,6.0,crypto
NMR-USD,LONG,2024-02-02,22.77671241760254,19.287027841779047,29.756081569249524,894,True,True,True,0.111,2024-02-04,29.756081569249524,WIN,2.0,crypto
NMR-USD,LONG,2024-02-17,32.602630615234375,27.782115826127086,42.24366019344895,909,True,True,True,0.522,2024-03-09,42.24366019344895,WIN,21.0,crypto
NMR-USD,LONG,2024-08-23,18.894569396972656,15.613544842592392,25.456618505733186,1097,True,True,True,0.453,2024-08-27,15.613544842592392,LOSS,4.0,crypto
NMR-USD,LONG,2024-09-23,15.828967094421387,13.958844903140402,19.569211476983355,1128,True,True,True,0.211,2024-10-02,13.958844903140402,LOSS,9.0,crypto
NMR-USD,LONG,2024-11-24,18.674999237060547,16.123620653300303,23.777756404581034,1190,True,True,True,0.65,2024-12-03,23.777756404581034,WIN,9.0,crypto
NMR-USD,LONG,2024-12-04,24.03841209411621,20.629435862073958,30.856364558200717,1200,True,True,True,0.028,2024-12-09,20.629435862073958,LOSS,5.0,crypto
NMR-USD,LONG,2025-05-10,10.04178524017334,8.971233938357775,12.182887843804469,1357,True,False,True,0.123,2025-05-17,8.971233938357775,LOSS,7.0,crypto
NMR-USD,LONG,2025-08-26,16.240135192871094,13.894097721997145,20.93221013461899,1465,True,True,True,4.898,2025-08-27,20.93221013461899,WIN,1.0,crypto
NMR-USD,LONG,2026-05-16,10.275081634521484,9.35541453955372,12.114415824457012,1728,True,True,True,1.204,2026-05-18,9.35541453955372,LOSS,2.0,crypto
NMR-USD,LONG,2026-07-08,10.395371437072754,9.278040733845943,12.630032843526376,1781,True,False,True,0.151,2026-07-23,9.278040733845943,LOSS,15.0,crypto
OKB-USD,LONG,2021-10-22,28.69647789001465,24.33625831565471,37.416917038734525,61,True,True,True,1.046,2021-10-26,24.33625831565471,LOSS,4.0,crypto
OKB-USD,LONG,2021-11-08,31.271732330322266,26.1838790900821,41.447438810802595,78,True,False,True,0.393,2021-11-12,26.1838790900821,LOSS,4.0,crypto
OKB-USD,LONG,2021-12-15,31.72214126586914,26.084522959502902,42.99737787860162,115,True,True,True,0.597,2022-01-05,26.084522959502902,LOSS,21.0,crypto
OKB-USD,LONG,2022-07-19,15.127050399780273,13.692579398096713,17.995992403147394,331,True,True,True,0.456,2022-07-29,17.995992403147394,WIN,10.0,crypto
OKB-USD,LONG,2022-08-12,20.94672966003418,19.07726526776504,24.68565844457246,355,True,True,True,1.635,2022-08-19,19.07726526776504,LOSS,7.0,crypto
OKB-USD,LONG,2022-11-05,22.163206100463867,19.862497969784688,26.764622361822227,440,True,True,True,0.029,2022-11-09,19.862497969784688,LOSS,4.0,crypto
OKB-USD,LONG,2022-12-01,21.885223388671875,19.92975669273714,25.796156780541345,466,True,False,True,0.228,2022-12-31,25.796156780541345,WIN,30.0,crypto
OKB-USD,LONG,2023-01-01,27.453880310058594,25.400456385109923,31.560728159955936,497,True,False,True,0.924,2023-01-14,31.560728159955936,WIN,13.0,crypto
OKB-USD,LONG,2023-01-20,33.97886276245117,30.994881521514007,39.9468252443255,516,True,False,True,0.594,2023-01-29,39.9468252443255,WIN,9.0,crypto
OKB-USD,LONG,2023-02-03,41.043148040771484,37.14965547495964,48.83013317239518,530,True,False,True,0.091,2023-02-16,48.83013317239518,WIN,13.0,crypto
OKB-USD,LONG,2023-02-17,57.76447296142578,51.394766961039174,70.503884962199,544,True,True,True,1.712,2023-02-18,51.394766961039174,LOSS,1.0,crypto
OKB-USD,LONG,2023-04-15,55.88324737548828,51.31205291218201,65.02563630210082,601,True,True,True,2.376,2023-04-17,51.31205291218201,LOSS,2.0,crypto
OKB-USD,LONG,2023-08-04,44.75907897949219,42.886755276990456,48.50372638449565,712,False,True,True,0.208,2023-08-10,48.50372638449565,WIN,6.0,crypto
OKB-USD,LONG,2023-10-16,44.08737564086914,42.64806225634696,46.9660024099135,785,True,True,True,0.146,2023-10-17,46.9660024099135,WIN,1.0,crypto
OKB-USD,LONG,2023-11-05,52.656192779541016,49.883925402671636,58.200727533279775,805,True,True,True,3.485,2023-11-09,58.200727533279775,WIN,4.0,crypto
OKB-USD,LONG,2023-11-10,62.23942947387695,58.12353932632843,70.471209768974,810,True,True,True,0.165,2023-11-16,58.12353932632843,LOSS,6.0,crypto
OKB-USD,LONG,2024-03-03,58.18902587890625,54.03873570698967,66.48960622273941,924,True,True,True,1.569,2024-03-05,54.03873570698967,LOSS,2.0,crypto
OKB-USD,LONG,2024-03-09,61.518558502197266,56.30898485142908,71.93770580373364,930,True,True,True,0.095,2024-03-10,71.93770580373364,WIN,1.0,crypto
OKB-USD,LONG,2024-07-19,43.38399887084961,40.170569303549996,49.810858005448836,1062,True,False,True,0.017,2024-07-23,40.170569303549996,LOSS,4.0,crypto
OKB-USD,LONG,2024-08-23,38.91951370239258,36.36554291574103,44.02745527569567,1097,True,False,True,0.322,2024-08-28,36.36554291574103,LOSS,5.0,crypto
OKB-USD,LONG,2024-09-26,42.339622497558594,39.57927871398552,47.860310064704734,1131,True,True,True,0.997,2024-10-23,39.57927871398552,LOSS,27.0,crypto
OKB-USD,LONG,2024-11-11,48.08625030517578,44.98891285671973,54.280925202087886,1177,True,True,True,2.564,2024-11-12,44.98891285671973,LOSS,1.0,crypto
OKB-USD,LONG,2024-11-23,51.19210433959961,46.9179100571678,59.740492904463224,1189,True,True,True,1.382,2024-12-03,59.740492904463224,WIN,10.0,crypto
OKB-USD,LONG,2025-01-17,58.737998962402344,52.41199802849532,71.3900008302164,1244,True,True,True,0.7,2025-01-27,52.41199802849532,LOSS,10.0,crypto
OKB-USD,LONG,2025-03-17,50.946739196777344,45.15096249625551,62.53829259782101,1303,True,True,True,0.447,2025-08-02,45.15096249625551,LOSS,138.0,crypto
OKB-USD,LONG,2025-08-13,105.37896728515625,89.78820270935721,136.56049643675433,1452,True,True,True,7.117,2025-08-15,89.78820270935721,LOSS,2.0,crypto
OKB-USD,LONG,2025-08-20,170.46392822265625,142.34113008875863,226.70952449045149,1459,True,True,True,2.184,2025-08-21,226.70952449045149,WIN,1.0,crypto
OKB-USD,LONG,2025-10-03,207.447021484375,189.13754293727888,244.06597857856724,1503,True,True,True,0.009,2025-10-10,189.13754293727888,LOSS,7.0,crypto
OKB-USD,LONG,2025-12-09,116.77873229980469,103.78631742846812,142.76356204247782,1570,False,False,True,0.334,2025-12-18,103.78631742846812,LOSS,9.0,crypto
OKB-USD,LONG,2026-01-13,116.78963470458984,109.67160518778904,131.02569373819145,1605,True,True,True,0.108,2026-01-19,109.67160518778904,LOSS,6.0,crypto
OKB-USD,LONG,2026-07-27,85.6490707397461,81.4391786534745,94.06885491228928,1800,True,True,True,0.324,2026-08-08,94.06885491228928,WIN,12.0,crypto
OKB-USD,LONG,2026-08-12,98.65287780761719,93.91418410107705,108.13026522069745,1816,True,False,True,1.177,2026-08-14,108.13026522069745,WIN,2.0,crypto
OKB-USD,LONG,2026-08-22,112.02600860595703,103.19625437368865,129.6855170704938,1826,True,True,True,0.581,,,OPEN,,crypto
ONE-USD,LONG,2021-11-04,0.002524999901652336,0.0022706309463862,0.0030337378121846085,74,True,False,False,0.621,2021-11-19,0.0022706309463862,LOSS,15.0,crypto
ONE-USD,LONG,2024-09-21,0.0005779999773949385,0.0005261707803518969,0.0006816583714810216,1126,True,False,False,2.47,2024-09-30,0.0005261707803518969,LOSS,9.0,crypto
ONE-USD,LONG,2024-12-02,0.0007149999728426337,0.0006262947156332078,0.0008924104872614857,1198,True,False,False,2.187,2024-12-03,0.0006262947156332078,LOSS,1.0,crypto
ONE-USD,LONG,2025-01-21,0.0006900000153109431,0.0006138847175638194,0.0008422306108051905,1248,True,False,False,1.76,2025-02-04,0.0006138847175638194,LOSS,14.0,crypto
ONE-USD,LONG,2025-02-12,0.0006849999772384763,0.0006287590326578777,0.0007974818663996734,1270,True,False,False,0.142,2025-02-24,0.0006287590326578777,LOSS,12.0,crypto
ONE-USD,LONG,2025-09-05,0.0005649999948218465,0.0005285176358048791,0.0006379647128557813,1475,True,False,False,0.767,2025-09-12,0.0005285176358048791,LOSS,7.0,crypto
ONE-USD,LONG,2025-09-29,0.0005629999795928597,0.0005258010994261897,0.0006373977399261998,1499,False,False,False,0.215,2025-10-07,0.0005258010994261897,LOSS,8.0,crypto
ONE-USD,LONG,2026-01-03,0.0004769999941345304,0.00045643789297904045,0.0005181241964455104,1595,True,False,False,0.486,2026-01-07,0.00045643789297904045,LOSS,4.0,crypto
ONE-USD,LONG,2026-01-14,0.00048499999684281647,0.00046116489132937626,0.0005326702078696969,1606,True,False,False,0.084,2026-01-17,0.00046116489132937626,LOSS,3.0,crypto
ONE-USD,LONG,2026-04-07,0.0004900000058114529,0.00047006032986579436,0.0005298793577027699,1689,True,False,False,1.505,2026-04-24,0.00047006032986579436,LOSS,17.0,crypto
ONE-USD,LONG,2026-08-20,0.00037299998803064227,0.00036252879773823017,0.0003939423686154665,1824,False,False,False,0.191,,,OPEN,,crypto
ONT-USD,LONG,2021-11-09,1.186089038848877,1.0223586524223374,1.5135498117019561,79,True,True,True,0.234,2021-11-10,1.0223586524223374,LOSS,1.0,crypto
ONT-USD,LONG,2024-02-15,0.25833800435066223,0.23765725991227193,0.2996994932274428,907,True,True,True,0.638,2024-03-02,0.2996994932274428,WIN,16.0,crypto
ONT-USD,LONG,2024-03-04,0.33272698521614075,0.2970979870056545,0.40398498163711327,925,True,True,True,0.618,2024-03-05,0.2970979870056545,LOSS,1.0,crypto
ONT-USD,LONG,2024-03-07,0.3760190010070801,0.3236138637478265,0.4808292755255872,928,True,True,True,0.807,2024-03-16,0.3236138637478265,LOSS,9.0,crypto
ONT-USD,LONG,2024-04-11,0.3866409957408905,0.33170371635643997,0.49651555450979157,963,True,True,True,0.15,2024-04-13,0.33170371635643997,LOSS,2.0,crypto
ONT-USD,LONG,2024-07-21,0.2171739935874939,0.19419537331140369,0.2631312341396743,1064,True,True,True,0.224,2024-07-25,0.19419537331140369,LOSS,4.0,crypto
ONT-USD,LONG,2024-09-19,0.18177199363708496,0.16439301103656812,0.21652995883811865,1124,True,False,True,0.306,2024-09-21,0.21652995883811865,WIN,2.0,crypto
ONT-USD,LONG,2024-11-11,0.21217100322246552,0.19094549925357077,0.254622011160255,1177,True,True,True,0.467,2024-11-23,0.254622011160255,WIN,12.0,crypto
ONT-USD,LONG,2024-11-29,0.2848080098628998,0.24779482733077965,0.35883437492714004,1195,True,False,True,0.444,2024-12-03,0.35883437492714004,WIN,4.0,crypto
ONT-USD,LONG,2026-03-24,0.06075799837708473,0.05158797817141131,0.07909803878843158,1675,True,True,True,3.06,2026-03-27,0.05158797817141131,LOSS,3.0,crypto
ONT-USD,LONG,2026-03-30,0.08577000349760056,0.06732689074390674,0.12265622900498818,1681,True,True,True,1.14,2026-04-01,0.12265622900498818,WIN,2.0,crypto
OP-USD,LONG,2022-07-16,0.00037799999699927866,0.00034760823730002426,0.0004387835163977875,124,True,False,True,0.066,2022-07-29,0.0004387835163977875,WIN,13.0,crypto
OP-USD,LONG,2022-08-04,0.0004720000142697245,0.0004311480280739031,0.0005537039866613673,143,True,False,True,0.441,2022-08-19,0.0004311480280739031,LOSS,15.0,crypto
OP-USD,LONG,2022-10-06,0.850508987903595,0.725737148304857,1.1000526671010709,206,True,True,True,13.626,2022-10-13,0.725737148304857,LOSS,7.0,crypto
OP-USD,LONG,2022-10-25,0.9746419787406921,0.8281897454476963,1.2675464453266838,225,True,True,True,1.253,2022-11-04,1.2675464453266838,WIN,10.0,crypto
OP-USD,LONG,2022-12-02,1.1073429584503174,0.9365372677865362,1.4489543397778797,263,True,False,True,0.294,2022-12-16,0.9365372677865362,LOSS,14.0,crypto
OP-USD,LONG,2023-01-06,1.0858999490737915,0.9744810757656465,1.3087376956900816,298,True,True,True,0.607,2023-01-09,1.3087376956900816,WIN,3.0,crypto
OP-USD,LONG,2023-01-12,1.3927099704742432,1.2420834675697843,1.693962976283161,304,True,True,True,0.591,2023-01-14,1.693962976283161,WIN,2.0,crypto
OP-USD,LONG,2023-01-15,1.8238359689712524,1.5992576889174073,2.272992529078943,307,True,True,True,0.434,2023-01-21,2.272992529078943,WIN,6.0,crypto
OP-USD,LONG,2023-02-01,2.722158908843994,2.1930859311948323,3.780304864142318,324,True,True,True,0.754,2023-02-13,2.1930859311948323,LOSS,12.0,crypto
OP-USD,LONG,2023-04-14,2.655216932296753,2.3158191707705864,3.334012455349086,396,True,True,True,1.091,2023-04-21,2.3158191707705864,LOSS,7.0,crypto
OP-USD,LONG,2023-08-07,1.7967849969863892,1.6232434965375417,2.143867997884084,511,True,False,True,0.587,2023-08-09,1.6232434965375417,LOSS,2.0,crypto
OP-USD,LONG,2023-10-24,1.3927459716796875,1.2835655715841736,1.6111067718707153,589,True,True,True,0.474,2023-11-09,1.6111067718707153,WIN,16.0,crypto
OP-USD,LONG,2023-11-12,1.8165550231933594,1.6270094694588004,2.1956461306624773,608,True,True,True,0.202,2023-11-18,1.6270094694588004,LOSS,6.0,crypto
OP-USD,LONG,2023-12-07,2.1806960105895996,1.925359844216279,2.691368343336241,633,True,True,True,2.423,2023-12-22,2.691368343336241,WIN,15.0,crypto
OP-USD,LONG,2023-12-24,3.5830490589141846,3.0451965654089026,4.6587540459247485,650,True,True,True,0.236,2024-01-08,3.0451965654089026,LOSS,15.0,crypto
OP-USD,LONG,2024-02-11,3.530479907989502,3.08551489713771,4.420409929693085,699,True,False,True,0.084,2024-03-05,4.420409929693085,WIN,23.0,crypto
OP-USD,LONG,2024-07-19,1.9591480493545532,1.7142024475305502,2.4490392530025593,858,True,False,True,0.631,2024-07-25,1.7142024475305502,LOSS,6.0,crypto
OP-USD,LONG,2024-08-23,1.6130900382995605,1.3989261387743095,2.0414178373500627,893,True,False,True,0.91,2024-08-27,1.3989261387743095,LOSS,4.0,crypto
OP-USD,LONG,2024-09-20,1.6755789518356323,1.4955692008186043,2.0355984538696883,921,True,False,True,0.285,2024-10-03,1.4955692008186043,LOSS,13.0,crypto
OP-USD,LONG,2024-11-11,1.8182640075683594,1.5637473065656855,2.327297409573707,973,True,True,True,0.207,2024-11-13,1.5637473065656855,LOSS,2.0,crypto
OP-USD,LONG,2024-11-21,2.0849781036376953,1.7126076685232468,2.8297189738665924,983,True,True,True,1.222,2024-12-20,1.7126076685232468,LOSS,29.0,crypto
OP-USD,LONG,2025-07-10,0.6585580110549927,0.5729551815824758,0.8297636700000264,1214,True,True,True,0.872,2025-07-28,0.8297636700000264,WIN,18.0,crypto
OP-USD,LONG,2025-08-13,0.8735880255699158,0.7547047834205995,1.1113545098685482,1248,True,True,True,0.167,2025-08-14,0.7547047834205995,LOSS,1.0,crypto
OP-USD,LONG,2025-09-13,0.8210170269012451,0.7374187899467717,0.988213500810192,1279,True,False,True,0.103,2025-09-15,0.7374187899467717,LOSS,2.0,crypto
OP-USD,LONG,2026-08-20,0.0980060026049614,0.08843355651046238,0.11715089479395943,1620,False,True,True,1.107,2026-08-22,0.11715089479395943,WIN,2.0,crypto
PERP-USD,LONG,2022-03-26,4.8727240562438965,4.271642209414609,6.074887749902471,216,True,False,True,0.322,2022-04-11,4.271642209414609,LOSS,16.0,crypto
PERP-USD,LONG,2022-08-03,0.9865099787712097,0.7881333741686056,1.383263187976418,346,True,True,True,0.208,2022-08-19,0.7881333741686056,LOSS,16.0,crypto
PERP-USD,LONG,2023-01-24,0.5719199776649475,0.47945997688929215,0.7568399792162582,520,True,True,True,0.252,2023-02-17,0.7568399792162582,WIN,24.0,crypto
PERP-USD,LONG,2023-02-24,1.131598949432373,0.9199472536796239,1.5549023409378713,551,True,True,True,1.804,2023-02-28,0.9199472536796239,LOSS,4.0,crypto
PERP-USD,LONG,2023-04-16,0.9122530221939087,0.8001848117767834,1.1363894430281594,602,True,True,True,0.574,2023-04-19,0.8001848117767834,LOSS,3.0,crypto
PERP-USD,LONG,2023-06-30,0.537896990776062,0.4787676479080355,0.656155676512115,677,True,False,True,0.14,2023-07-10,0.4787676479080355,LOSS,10.0,crypto
PERP-USD,LONG,2023-09-07,1.1623040437698364,0.9931915388517816,1.5005290536059461,746,True,True,True,3.78,2023-09-09,0.9931915388517816,LOSS,2.0,crypto
PERP-USD,LONG,2023-11-10,0.7373629808425903,0.6426468314974801,0.9267952795328107,810,True,True,True,1.09,2023-11-14,0.6426468314974801,LOSS,4.0,crypto
PERP-USD,LONG,2023-12-02,0.7239270210266113,0.6320006743805028,0.9077797143188284,832,True,True,True,0.02,2023-12-20,0.9077797143188284,WIN,18.0,crypto
PERP-USD,LONG,2023-12-26,1.2867920398712158,1.087863997098091,1.6846481254174654,856,True,True,True,3.667,2023-12-28,1.087863997098091,LOSS,2.0,crypto
PERP-USD,LONG,2024-01-02,1.817883014678955,1.5127298963580325,2.4281892513208003,863,True,True,True,2.269,2024-01-05,1.5127298963580325,LOSS,3.0,crypto
PERP-USD,LONG,2024-02-19,1.5063179731369019,1.3101431696912282,1.898667580028249,911,True,True,True,2.042,2024-02-21,1.3101431696912282,LOSS,2.0,crypto
PERP-USD,LONG,2024-03-03,1.6774389743804932,1.4111888548320866,2.2099392134773064,924,True,True,True,0.665,2024-03-05,1.4111888548320866,LOSS,2.0,crypto
PERP-USD,LONG,2024-08-21,0.6416569948196411,0.5526825859934275,0.8196058124720684,1095,True,False,True,0.229,2024-08-30,0.5526825859934275,LOSS,9.0,crypto
PERP-USD,LONG,2024-09-19,0.6570820212364197,0.5801345943866395,0.81097687493598,1124,True,False,True,0.865,2024-10-01,0.5801345943866395,LOSS,12.0,crypto
PERP-USD,LONG,2024-10-20,0.72884601354599,0.6409010595761395,0.9047359214856909,1155,True,True,True,0.429,2024-10-21,0.9047359214856909,WIN,1.0,crypto
PERP-USD,LONG,2024-11-18,0.7814109921455383,0.668883077351701,1.006466821733213,1184,True,False,True,0.11,2024-12-02,1.006466821733213,WIN,14.0,crypto
PERP-USD,LONG,2024-12-03,1.0742180347442627,0.9284822430717075,1.3656896180893732,1199,True,True,True,0.891,2024-12-10,0.9284822430717075,LOSS,7.0,crypto
POL-USD,LONG,2021-12-15,0.22907499969005585,0.19215011716793984,0.30292476473428787,115,True,False,True,0.028,2021-12-28,0.19215011716793984,LOSS,13.0,crypto
POWR-USD,LONG,2021-11-15,0.6014009714126587,0.509635390039345,0.7849321341592861,85,True,True,True,3.649,2021-11-16,0.7849321341592861,WIN,1.0,crypto
POWR-USD,LONG,2022-01-02,0.7623220086097717,0.6376460104344788,1.0116740049603576,133,True,True,True,4.379,2022-01-03,0.6376460104344788,LOSS,1.0,crypto
POWR-USD,LONG,2022-02-07,0.6248739957809448,0.5328926819589955,0.8088366234248434,169,True,False,True,0.018,2022-02-20,0.5328926819589955,LOSS,13.0,crypto
POWR-USD,LONG,2022-03-26,0.5546349883079529,0.5049496212143683,0.6540057224951221,216,True,False,True,0.287,2022-04-01,0.6540057224951221,WIN,6.0,crypto
POWR-USD,LONG,2022-08-01,0.26275700330734253,0.23244511864966702,0.32338077262269355,344,True,True,True,0.062,2022-08-19,0.23244511864966702,LOSS,18.0,crypto
POWR-USD,LONG,2022-10-30,0.20757700502872467,0.1903242378256002,0.2420825394349736,434,True,False,True,0.046,2022-11-08,0.1903242378256002,LOSS,9.0,crypto
POWR-USD,LONG,2023-01-11,0.13896700739860535,0.12835895199037028,0.16018311821507547,507,True,False,True,0.252,2023-01-15,0.16018311821507547,WIN,4.0,crypto
POWR-USD,LONG,2023-01-27,0.18896600604057312,0.16983432846170884,0.22722936119830167,523,True,True,True,0.394,2023-01-30,0.16983432846170884,LOSS,3.0,crypto
POWR-USD,LONG,2023-02-04,0.2033189982175827,0.17769235615499407,0.25457228234275997,531,True,True,True,0.721,2023-02-05,0.25457228234275997,WIN,1.0,crypto
POWR-USD,LONG,2023-04-06,0.20531700551509857,0.18059510943002535,0.254760797685245,592,True,True,True,0.071,2023-04-22,0.18059510943002535,LOSS,16.0,crypto
POWR-USD,LONG,2023-07-11,0.1604429930448532,0.14634044921160286,0.18864808071135392,688,True,True,True,0.887,2023-07-13,0.18864808071135392,WIN,2.0,crypto
POWR-USD,LONG,2023-09-20,0.14881600439548492,0.13714463437828164,0.17215874442989149,759,True,True,True,0.434,2023-09-30,0.17215874442989149,WIN,10.0,crypto
POWR-USD,LONG,2023-10-15,0.176596000790596,0.15942544556917737,0.21093711123343328,784,True,True,True,0.238,2023-10-19,0.15942544556917737,LOSS,4.0,crypto
POWR-USD,LONG,2023-10-20,0.20470300316810608,0.1813929942983931,0.25132302090753206,789,True,True,True,2.075,2023-10-23,0.25132302090753206,WIN,3.0,crypto
POWR-USD,LONG,2023-10-24,0.32719001173973083,0.28329949816739475,0.414971038884403,793,True,True,True,2.435,2023-10-26,0.28329949816739475,LOSS,2.0,crypto
POWR-USD,LONG,2023-11-16,0.2751930058002472,0.23275952095656233,0.3600599754876169,816,True,True,True,0.743,2023-12-09,0.3600599754876169,WIN,23.0,crypto
POWR-USD,LONG,2023-12-10,0.37394899129867554,0.3275575646599671,0.4667318445760924,840,True,True,True,0.024,2024-01-03,0.4667318445760924,WIN,24.0,crypto
POWR-USD,LONG,2024-01-05,0.7368450164794922,0.6117484251227208,0.987038199193035,866,True,True,True,1.441,2024-01-06,0.987038199193035,WIN,1.0,crypto
POWR-USD,LONG,2024-07-18,0.2301339954137802,0.20439870811384087,0.2816045700136589,1061,True,True,True,0.758,2024-07-25,0.20439870811384087,LOSS,7.0,crypto
POWR-USD,LONG,2024-08-23,0.21988700330257416,0.19484169996154724,0.269977609984628,1097,True,False,True,0.23,2024-08-27,0.19484169996154724,LOSS,4.0,crypto
POWR-USD,LONG,2024-09-20,0.21383899450302124,0.1941252247615889,0.25326653398588594,1125,True,True,True,1.018,2024-10-03,0.1941252247615889,LOSS,13.0,crypto
POWR-USD,LONG,2024-11-11,0.24987399578094482,0.22490669016624737,0.29980860701033973,1177,True,True,True,1.179,2024-11-14,0.22490669016624737,LOSS,3.0,crypto
POWR-USD,LONG,2025-04-25,0.190544992685318,0.16955459793403846,0.23252578218787706,1342,True,False,True,0.014,2025-05-04,0.16955459793403846,LOSS,9.0,crypto
POWR-USD,LONG,2025-05-10,0.20367999374866486,0.1839476903314024,0.24314460058318976,1357,True,False,True,0.782,2025-05-15,0.1839476903314024,LOSS,5.0,crypto
POWR-USD,LONG,2025-07-09,0.16202500462532043,0.14869552270237782,0.18868396847120567,1417,True,False,True,0.292,2025-07-12,0.18868396847120567,WIN,3.0,crypto
POWR-USD,LONG,2025-07-21,0.19565099477767944,0.17819840561487382,0.23055617310329068,1429,True,False,True,0.079,2025-07-24,0.17819840561487382,LOSS,3.0,crypto
POWR-USD,LONG,2026-01-07,0.0961500033736229,0.08675254058832317,0.11494492894422234,1599,True,True,True,0.368,2026-01-21,0.08675254058832317,LOSS,14.0,crypto
POWR-USD,LONG,2026-03-17,0.06975500285625458,0.06298745999384886,0.08329008858106601,1668,True,True,True,0.181,2026-03-19,0.06298745999384886,LOSS,2.0,crypto
POWR-USD,LONG,2026-04-16,0.06887900084257126,0.06336132785602426,0.07991434681566525,1698,True,False,True,0.488,2026-04-19,0.06336132785602426,LOSS,3.0,crypto
POWR-USD,LONG,2026-05-09,0.06846900284290314,0.06386229570828435,0.07768241711214072,1721,True,False,True,0.097,2026-05-15,0.06386229570828435,LOSS,6.0,crypto
PYTH-USD,LONG,2024-01-20,0.4061509966850281,0.317828586356318,0.5827958173424482,61,True,True,True,0.694,2024-02-13,0.5827958173424482,WIN,24.0,crypto
PYTH-USD,LONG,2024-02-14,0.6566280126571655,0.5582259341181595,0.8534321697351777,86,True,True,True,0.513,2024-02-20,0.5582259341181595,LOSS,6.0,crypto
PYTH-USD,LONG,2024-02-27,0.7332109808921814,0.6134001454508888,0.9728326517747665,99,True,True,True,0.832,2024-03-05,0.6134001454508888,LOSS,7.0,crypto
PYTH-USD,LONG,2024-03-10,0.8192780017852783,0.6753289253010422,1.1071761547537506,111,True,True,True,0.186,2024-03-16,1.1071761547537506,WIN,6.0,crypto
PYTH-USD,LONG,2024-07-16,0.35583099722862244,0.3046191206754215,0.4582547503350243,239,True,True,True,0.615,2024-08-02,0.3046191206754215,LOSS,17.0,crypto
PYTH-USD,LONG,2024-09-24,0.35146498680114746,0.3130982271863325,0.42819850603077736,309,True,True,True,0.2,2024-10-01,0.3130982271863325,LOSS,7.0,crypto
PYTH-USD,LONG,2024-10-24,0.38520699739456177,0.3353582889980578,0.4849044141875697,339,True,True,True,0.531,2024-10-25,0.3353582889980578,LOSS,1.0,crypto
PYTH-USD,LONG,2024-11-11,0.4477829933166504,0.3834421497852548,0.5764646803794415,357,True,True,True,0.159,2024-12-09,0.3834421497852548,LOSS,28.0,crypto
PYTH-USD,LONG,2025-07-11,0.11525599658489227,0.09891074301998995,0.14794650371469692,599,True,True,True,0.078,2025-07-20,0.14794650371469692,WIN,9.0,crypto
PYTH-USD,LONG,2025-07-21,0.14883799850940704,0.12919042367602174,0.18813314817617766,609,True,True,True,0.056,2025-07-23,0.12919042367602174,LOSS,2.0,crypto
PYTH-USD,LONG,2025-08-28,0.22951099276542664,0.1951235752985519,0.2982858276991761,647,True,True,True,5.41,2025-08-29,0.1951235752985519,LOSS,1.0,crypto
PYTH-USD,LONG,2026-05-08,0.05973200127482414,0.05329621384120698,0.07260357614205847,900,True,True,True,1.624,2026-05-13,0.05329621384120698,LOSS,5.0,crypto
PYTH-USD,LONG,2026-07-06,0.045343998819589615,0.03867298099224743,0.05868603447427398,959,True,True,True,0.76,2026-08-01,0.03867298099224743,LOSS,26.0,crypto
PYTH-USD,LONG,2026-08-20,0.04431400075554848,0.039856376653097825,0.05322924896044978,1004,False,True,True,0.317,2026-08-22,0.05322924896044978,WIN,2.0,crypto
QNT-USD,LONG,2022-03-24,135.94760131835938,118.84251697738357,170.157770000311,214,True,False,True,0.755,2022-04-09,118.84251697738357,LOSS,16.0,crypto
QNT-USD,LONG,2022-07-14,96.92314910888672,80.48681027521386,129.79582677623245,326,True,True,True,0.878,2022-07-26,80.48681027521386,LOSS,12.0,crypto
QNT-USD,LONG,2022-08-06,120.60575866699219,103.73741214308248,154.3424517148116,349,True,False,True,0.78,2022-08-19,103.73741214308248,LOSS,13.0,crypto
QNT-USD,LONG,2022-09-27,133.64016723632812,117.15161081322167,166.61728008254104,401,True,True,True,1.241,2022-10-14,166.61728008254104,WIN,17.0,crypto
QNT-USD,LONG,2022-10-15,183.61468505859375,160.9841048101243,228.87584555553263,419,True,True,True,0.784,2022-10-20,160.9841048101243,LOSS,5.0,crypto
QNT-USD,LONG,2023-01-14,130.4720001220703,119.31688440769113,152.78223155082867,510,True,True,True,0.563,2023-01-24,152.78223155082867,WIN,10.0,crypto
QNT-USD,LONG,2023-05-29,112.3520736694336,104.98233028793346,127.09156043243385,645,False,True,True,0.667,2023-06-10,104.98233028793346,LOSS,12.0,crypto
QNT-USD,LONG,2023-10-25,104.58296966552734,97.84588193248801,118.057145131606,794,True,True,True,1.216,2023-11-03,97.84588193248801,LOSS,9.0,crypto
QNT-USD,LONG,2023-12-05,107.78707885742188,99.7357541295994,123.88972831306683,835,True,True,True,0.427,2023-12-24,123.88972831306683,WIN,19.0,crypto
QNT-USD,LONG,2023-12-26,144.2590789794922,128.37359181097875,176.03005331651906,856,True,True,True,0.061,2024-01-03,128.37359181097875,LOSS,8.0,crypto
QNT-USD,LONG,2024-03-12,138.8782196044922,120.76554086810681,175.10357707726294,933,True,True,True,0.433,2024-03-15,120.76554086810681,LOSS,3.0,crypto
QNT-USD,LONG,2024-08-23,70.89527130126953,64.39123344706628,83.90334700967603,1097,True,False,True,0.512,2024-08-27,64.39123344706628,LOSS,4.0,crypto
QNT-USD,LONG,2024-09-09,73.25992584228516,65.49963446079853,88.7805086052584,1114,True,True,True,0.275,2024-10-09,65.49963446079853,LOSS,30.0,crypto
QNT-USD,LONG,2024-11-11,70.50669860839844,64.1191818513445,83.2817321225063,1177,True,True,True,0.167,2024-11-12,64.1191818513445,LOSS,1.0,crypto
QNT-USD,LONG,2024-11-16,87.84927368164062,76.5247861637548,110.49824871741228,1182,True,True,True,3.058,2024-12-01,110.49824871741228,WIN,15.0,crypto
QNT-USD,LONG,2024-12-02,129.09812927246094,109.92601280266769,167.44236221204744,1198,True,True,True,1.904,2024-12-07,167.44236221204744,WIN,5.0,crypto
QNT-USD,LONG,2025-05-10,101.66126251220703,91.67262583173613,121.63853587314884,1357,True,False,True,0.654,2025-05-17,91.67262583173613,LOSS,7.0,crypto
QNT-USD,LONG,2025-05-26,104.54167175292969,92.9852296879178,127.65455588295347,1373,True,False,True,0.112,2025-06-21,92.9852296879178,LOSS,26.0,crypto
QNT-USD,LONG,2025-07-10,114.10063934326172,103.96144709352572,134.37902384273372,1418,True,True,True,0.64,2025-07-22,134.37902384273372,WIN,12.0,crypto
QNT-USD,LONG,2025-11-30,101.86856079101562,87.46548935363262,130.67470366578164,1561,True,True,True,0.402,2025-12-07,87.46548935363262,LOSS,7.0,crypto
QNT-USD,LONG,2026-05-16,80.9351577758789,74.4250545835382,93.95536416056032,1728,True,True,True,0.55,2026-05-18,74.4250545835382,LOSS,2.0,crypto
QTUM-USD,LONG,2021-11-01,16.861225128173828,14.001198028034498,22.58127932845249,71,True,True,True,0.359,2021-11-18,14.001198028034498,LOSS,17.0,crypto
QTUM-USD,LONG,2022-12-14,2.3595659732818604,2.1654395251278733,2.7478188695898345,479,True,False,True,0.377,2022-12-16,2.1654395251278733,LOSS,2.0,crypto
QTUM-USD,LONG,2023-01-14,2.3992929458618164,2.222226295372105,2.753426246841239,510,True,True,True,1.066,2023-01-18,2.222226295372105,LOSS,4.0,crypto
QTUM-USD,LONG,2023-01-20,2.5221309661865234,2.302579666731467,2.961233565096636,516,True,False,True,0.358,2023-02-05,2.961233565096636,WIN,16.0,crypto
QTUM-USD,LONG,2023-02-19,3.2000980377197266,2.811135900507786,3.978022312143608,546,True,True,True,0.145,2023-02-21,3.978022312143608,WIN,2.0,crypto
QTUM-USD,LONG,2023-04-16,3.4186599254608154,3.113095273916452,4.029789228549542,602,True,False,True,0.353,2023-04-19,3.113095273916452,LOSS,3.0,crypto
QTUM-USD,LONG,2023-06-30,2.676297903060913,2.3913453986834416,3.246202911815856,677,True,True,True,1.11,2023-07-01,3.246202911815856,WIN,1.0,crypto
QTUM-USD,LONG,2023-10-01,2.380462884902954,2.220570634556408,2.7002473855960467,770,True,True,True,1.428,2023-10-03,2.220570634556408,LOSS,2.0,crypto
QTUM-USD,LONG,2023-10-23,2.4535629749298096,2.2908256458773244,2.77903763303478,792,True,True,True,0.847,2023-10-28,2.77903763303478,WIN,5.0,crypto
QTUM-USD,LONG,2023-11-01,3.48553204536438,3.125099747124705,4.20639664184373,801,True,True,True,1.054,2023-11-03,3.125099747124705,LOSS,2.0,crypto
QTUM-USD,LONG,2023-12-08,3.439774990081787,3.126049738473248,4.067225493298865,838,True,False,True,0.526,2023-12-11,3.126049738473248,LOSS,3.0,crypto
QTUM-USD,LONG,2023-12-27,3.6268510818481445,3.23670862005309,4.407136005438254,857,True,False,True,0.267,2024-01-03,3.23670862005309,LOSS,7.0,crypto
QTUM-USD,LONG,2024-02-12,3.062870979309082,2.847896292046847,3.492820353833552,904,True,False,True,0.254,2024-02-15,3.492820353833552,WIN,3.0,crypto
QTUM-USD,LONG,2024-02-28,3.5740931034088135,3.232622927170047,4.257033455886346,920,True,True,True,0.075,2024-03-02,4.257033455886346,WIN,3.0,crypto
QTUM-USD,LONG,2024-03-04,5.28220796585083,4.589655904856822,6.667312087838846,925,True,True,True,2.627,2024-03-05,4.589655904856822,LOSS,1.0,crypto
QTUM-USD,LONG,2024-04-08,5.071351051330566,4.3509905654791785,6.512072023033342,960,False,True,True,0.354,2024-04-13,4.3509905654791785,LOSS,5.0,crypto
QTUM-USD,LONG,2024-08-23,2.630476951599121,2.3624493553307317,3.1665321441359,1097,True,False,True,0.737,2024-08-27,2.3624493553307317,LOSS,4.0,crypto
QTUM-USD,LONG,2024-09-19,2.4089109897613525,2.1976565599290945,2.8314198494258687,1124,True,False,True,0.521,2024-10-25,2.1976565599290945,LOSS,36.0,crypto
QTUM-USD,LONG,2024-11-11,2.8427820205688477,2.5788881662541647,3.3705697291982135,1177,True,True,True,0.746,2024-11-13,2.5788881662541647,LOSS,2.0,crypto
QTUM-USD,LONG,2024-11-16,3.2185440063476562,2.8467335209751483,3.962164977092672,1182,True,True,True,1.482,2024-11-30,3.962164977092672,WIN,14.0,crypto
QTUM-USD,LONG,2024-12-01,4.023809909820557,3.497721582973388,5.075986563514894,1197,True,False,True,0.181,2024-12-03,5.075986563514894,WIN,2.0,crypto
QTUM-USD,LONG,2026-08-20,0.7969710230827332,0.7422542341147335,0.9064046010187325,1824,True,True,True,2.629,2026-08-22,0.9064046010187325,WIN,2.0,crypto
RENDER-USD,LONG,2021-11-02,1.4065150022506714,1.1402700751673747,1.9390048564172648,72,True,True,True,1.673,2021-11-07,1.9390048564172648,WIN,5.0,crypto
RENDER-USD,LONG,2021-11-11,2.861875057220459,2.159286385630507,4.267052400400363,81,True,True,True,1.059,2021-11-15,4.267052400400363,WIN,4.0,crypto
RENDER-USD,LONG,2021-11-19,6.7662529945373535,5.056077948208561,10.18660308719494,89,True,True,True,0.483,2021-12-02,5.056077948208561,LOSS,13.0,crypto
RENDER-USD,LONG,2023-01-14,0.5590149760246277,0.4929100704759326,0.6912247871220178,509,True,True,True,0.284,2023-01-20,0.6912247871220178,WIN,6.0,crypto
RENDER-USD,LONG,2023-01-23,0.8662139773368835,0.7415895986099745,1.1154627347907016,518,True,True,True,2.072,2023-01-28,1.1154627347907016,WIN,5.0,crypto
RENDER-USD,LONG,2023-02-01,1.53398597240448,1.2487705016127129,2.1044169139880142,527,True,True,True,0.341,2023-02-07,2.1044169139880142,WIN,6.0,crypto
RENDER-USD,LONG,2023-04-14,1.736840009689331,1.4763958180098973,2.2577283930481986,599,True,True,True,0.375,2023-04-26,2.2577283930481986,WIN,12.0,crypto
RENDER-USD,LONG,2023-10-29,2.5520179271698,2.307907651979548,3.0402384775503037,797,True,True,True,0.763,2023-10-31,2.307907651979548,LOSS,2.0,crypto
RENDER-USD,LONG,2023-11-15,2.833693027496338,2.4098349253206623,3.681409231847689,814,True,True,True,0.745,2023-11-20,3.681409231847689,WIN,5.0,crypto
RENDER-USD,LONG,2023-12-03,3.8678948879241943,3.325611731405459,4.952461200961665,832,True,False,True,0.598,2023-12-23,4.952461200961665,WIN,20.0,crypto
RENDER-USD,LONG,2023-12-26,5.190962791442871,4.440575223261904,6.691737927804805,855,True,True,True,0.587,2024-01-01,4.440575223261904,LOSS,6.0,crypto
RENDER-USD,LONG,2024-02-15,5.309088230133057,4.6411007125757315,6.645063265247707,906,True,True,True,0.533,2024-02-21,6.645063265247707,WIN,6.0,crypto
RENDER-USD,LONG,2024-02-22,7.383673191070557,6.395639442918007,9.359740687375655,913,True,True,True,0.8,2024-03-05,6.395639442918007,LOSS,12.0,crypto
RENDER-USD,LONG,2024-03-06,9.310248374938965,7.62046635911131,12.689812406594275,926,True,True,True,1.248,2024-03-09,12.689812406594275,WIN,3.0,crypto
RENDER-USD,LONG,2024-03-17,13.149740219116211,10.46354900593003,18.522122645488572,937,True,True,True,0.314,2024-03-19,10.46354900593003,LOSS,2.0,crypto
RENDER-USD,LONG,2024-08-23,5.596922874450684,4.743057310329938,7.304654002692175,1096,False,False,True,0.671,2024-09-03,4.743057310329938,LOSS,11.0,crypto
RENDER-USD,LONG,2024-09-21,5.616744041442871,4.869617924589114,7.110996275150386,1125,True,True,True,0.463,2024-10-25,4.869617924589114,LOSS,34.0,crypto
RENDER-USD,LONG,2024-11-10,5.652360916137695,4.872778264031265,7.211526220350557,1175,True,True,True,0.167,2024-11-12,7.211526220350557,WIN,2.0,crypto
RENDER-USD,LONG,2024-11-18,7.675655841827393,6.444790375923576,10.137386773635026,1183,True,True,True,0.2,2024-12-05,10.137386773635026,WIN,17.0,crypto
RENDER-USD,LONG,2025-05-02,4.849475860595703,4.205108378737731,6.138210824311647,1348,True,False,True,0.235,2025-05-06,4.205108378737731,LOSS,4.0,crypto
RENDER-USD,LONG,2025-05-09,4.9828572273254395,4.296042302553551,6.356487076869216,1355,True,False,True,0.267,2025-05-29,4.296042302553551,LOSS,20.0,crypto
RENDER-USD,LONG,2026-01-06,2.3783318996429443,2.0656393423841592,3.0037170141605145,1597,True,True,True,0.561,2026-01-19,2.0656393423841592,LOSS,13.0,crypto
RENDER-USD,LONG,2026-03-12,1.6890829801559448,1.456955890208831,2.1533371600501723,1662,True,True,True,0.851,2026-05-25,2.1533371600501723,WIN,74.0,crypto
RENDER-USD,LONG,2026-05-26,2.2931549549102783,2.0086246908375047,2.8622154830558255,1737,True,True,True,0.155,2026-05-28,2.0086246908375047,LOSS,2.0,crypto
RLC-USD,LONG,2021-11-02,5.299221038818359,4.31418160179564,7.269299912863799,72,True,True,True,0.728,2021-11-10,4.31418160179564,LOSS,8.0,crypto
RLC-USD,LONG,2022-07-01,1.3246229887008667,1.0645426667314486,1.844783632639703,313,True,True,True,0.814,2022-07-03,1.0645426667314486,LOSS,2.0,crypto
RLC-USD,LONG,2022-08-10,1.4745279550552368,1.2476021661830772,1.928379532799556,353,True,True,True,2.846,2022-08-19,1.2476021661830772,LOSS,9.0,crypto
RLC-USD,LONG,2022-11-04,1.2707600593566895,1.1252289040912522,1.561822369887564,439,True,True,True,0.301,2022-11-08,1.1252289040912522,LOSS,4.0,crypto
RLC-USD,LONG,2022-12-21,1.2542810440063477,1.0852404780002087,1.5923621760186255,486,True,False,True,0.277,2023-01-13,1.5923621760186255,WIN,23.0,crypto
RLC-USD,LONG,2023-02-05,2.0675370693206787,1.778724087107971,2.645163033746094,532,True,True,True,1.379,2023-03-03,1.778724087107971,LOSS,26.0,crypto
RLC-USD,LONG,2023-03-23,2.186336040496826,1.859779005209882,2.8394501110707147,578,True,True,True,0.324,2023-03-25,1.859779005209882,LOSS,2.0,crypto
RLC-USD,LONG,2023-04-18,1.8780430555343628,1.6816826049790758,2.2707639566449367,604,True,False,True,0.015,2023-04-19,1.6816826049790758,LOSS,1.0,crypto
RLC-USD,LONG,2023-05-02,1.9868340492248535,1.7405524435607822,2.479397260552996,618,True,True,True,0.048,2023-05-04,1.7405524435607822,LOSS,2.0,crypto
RLC-USD,LONG,2023-11-15,1.3601980209350586,1.2052277385587478,1.6701385856876803,815,True,True,True,0.056,2023-12-14,1.6701385856876803,WIN,29.0,crypto
RLC-USD,LONG,2023-12-27,1.8170629739761353,1.6070698717987988,2.237049178330808,857,True,False,True,0.05,2024-01-03,1.6070698717987988,LOSS,7.0,crypto
RLC-USD,LONG,2024-01-19,2.0457279682159424,1.736986928856994,2.6632100469338393,880,True,True,True,1.506,2024-01-28,2.6632100469338393,WIN,9.0,crypto
RLC-USD,LONG,2024-02-17,3.0179190635681152,2.5912847803901164,3.871187629924113,909,True,False,True,0.845,2024-02-20,3.871187629924113,WIN,3.0,crypto
RLC-USD,LONG,2024-02-22,4.099437236785889,3.4621224396662766,5.374066831025113,914,True,True,True,0.117,2024-02-24,3.4621224396662766,LOSS,2.0,crypto
RLC-USD,LONG,2024-03-09,4.615646839141846,3.672041806971949,6.502856903481639,930,True,False,True,0.542,2024-03-15,3.672041806971949,LOSS,6.0,crypto
RLC-USD,LONG,2024-08-22,1.6677930355072021,1.4623799090494731,2.07861928842266,1096,True,False,True,0.189,2024-08-30,1.4623799090494731,LOSS,8.0,crypto
RLC-USD,LONG,2024-09-20,1.6269190311431885,1.453590560130043,1.9735759731694795,1125,True,False,True,0.418,2024-10-01,1.453590560130043,LOSS,11.0,crypto
RLC-USD,LONG,2024-11-11,1.8654470443725586,1.6467626131802169,2.302815906757242,1177,True,True,True,0.631,2024-11-14,1.6467626131802169,LOSS,3.0,crypto
RLC-USD,LONG,2024-11-23,1.981323003768921,1.7082885008183122,2.5273920096701383,1189,True,True,True,0.61,2024-12-03,2.5273920096701383,WIN,10.0,crypto
RLC-USD,LONG,2024-12-04,2.7796919345855713,2.4313995906975827,3.4762766223615484,1200,True,True,True,1.254,2024-12-09,2.4313995906975827,LOSS,5.0,crypto
RLC-USD,LONG,2025-05-10,1.3416630029678345,1.2025927364849132,1.619803535933677,1357,True,True,True,0.641,2025-05-17,1.2025927364849132,LOSS,7.0,crypto
RLC-USD,LONG,2025-07-10,1.0156170129776,0.9099115621199473,1.2270279146929057,1418,True,False,True,0.855,2025-07-21,1.2270279146929057,WIN,11.0,crypto
RLC-USD,LONG,2026-03-16,0.44266700744628906,0.39447851341130435,0.5390439955162585,1667,True,True,True,0.895,2026-03-21,0.39447851341130435,LOSS,5.0,crypto
RLC-USD,LONG,2026-04-17,0.45371800661087036,0.41031454452210125,0.5405249307884086,1699,True,False,True,0.416,2026-05-18,0.41031454452210125,LOSS,31.0,crypto
RLC-USD,LONG,2026-08-21,0.3293600082397461,0.29687439179366404,0.3943312411319102,1825,True,False,True,1.274,,,OPEN,,crypto
ROSE-USD,LONG,2021-11-18,0.30645498633384705,0.23847970767809848,0.4424055436453442,88,True,True,True,0.872,2021-11-19,0.23847970767809848,LOSS,1.0,crypto
ROSE-USD,LONG,2021-11-21,0.4165639877319336,0.3210581917267738,0.6075755797422532,91,True,True,True,1.891,2021-11-26,0.3210581917267738,LOSS,5.0,crypto
ROSE-USD,LONG,2021-12-26,0.36832600831985474,0.28263570913041197,0.5397066066987403,126,True,True,True,0.322,2022-01-14,0.5397066066987403,WIN,19.0,crypto
ROSE-USD,LONG,2024-02-27,0.13475599884986877,0.11826034445187819,0.16774730764584994,919,True,True,True,0.416,2024-03-04,0.16774730764584994,WIN,6.0,crypto
ROSE-USD,LONG,2024-03-07,0.17210499942302704,0.14532674910101137,0.22566150006705837,928,True,False,True,0.064,2024-03-16,0.14532674910101137,LOSS,9.0,crypto
ROSE-USD,LONG,2024-05-30,0.09957099705934525,0.0867274987093053,0.12525799375942515,1012,True,True,True,0.294,2024-06-11,0.12525799375942515,WIN,12.0,crypto
ROSE-USD,LONG,2024-06-12,0.1294430047273636,0.11006885925954144,0.1681912956630079,1025,True,True,True,0.187,2024-06-17,0.11006885925954144,LOSS,5.0,crypto
ROSE-USD,LONG,2024-09-19,0.06411000341176987,0.056123510495876765,0.08008298924355607,1124,True,True,True,0.217,2024-09-28,0.08008298924355607,WIN,9.0,crypto
ROSE-USD,LONG,2024-11-07,0.07776600122451782,0.06714354968086861,0.09901090431181625,1173,False,True,True,0.037,2024-11-23,0.09901090431181625,WIN,16.0,crypto
ROSE-USD,LONG,2024-11-30,0.10723599791526794,0.09052465974158039,0.14065867426264306,1196,True,False,True,0.315,2024-12-06,0.14065867426264306,WIN,6.0,crypto
ROSE-USD,LONG,2025-11-06,0.021553000435233116,0.017151840453436575,0.0303553203988262,1537,True,True,True,1.057,2025-11-21,0.017151840453436575,LOSS,15.0,crypto
ROSE-USD,LONG,2026-01-21,0.021348999813199043,0.017290348543293872,0.029466302353009385,1613,True,True,True,0.593,2026-01-23,0.017290348543293872,LOSS,2.0,crypto
RUNE-USD,LONG,2021-10-22,10.889989852905273,9.03216568008834,14.60563819853914,61,True,True,True,1.496,2021-10-30,14.60563819853914,WIN,8.0,crypto
RUNE-USD,LONG,2021-11-01,15.871831893920898,13.150039375039261,21.315416931684172,71,True,True,True,0.65,2021-11-09,13.150039375039261,LOSS,8.0,crypto
RUNE-USD,LONG,2022-03-12,6.503133773803711,5.14582903600907,9.217743249392992,202,True,True,True,0.344,2022-03-19,9.217743249392992,WIN,7.0,crypto
RUNE-USD,LONG,2022-03-26,10.580672264099121,8.863704010400383,14.014608771496597,216,True,False,True,0.848,2022-04-08,8.863704010400383,LOSS,13.0,crypto
RUNE-USD,LONG,2023-11-06,3.5530190467834473,3.127205202480868,4.404646735388606,806,True,False,True,0.095,2023-11-11,4.404646735388606,WIN,5.0,crypto
RUNE-USD,LONG,2023-11-12,5.141547203063965,4.493899655599218,6.436842297993458,812,True,True,True,1.162,2023-11-16,6.436842297993458,WIN,4.0,crypto
RUNE-USD,LONG,2023-12-02,7.091947078704834,6.0737045850521225,9.128432066010257,832,True,False,True,0.864,2023-12-11,6.0737045850521225,LOSS,9.0,crypto
RUNE-USD,LONG,2024-02-28,6.118742942810059,5.4403112320290195,7.475606364372137,920,True,True,True,0.137,2024-03-04,5.4403112320290195,LOSS,5.0,crypto
RUNE-USD,LONG,2024-03-07,6.975467205047607,5.924259079170904,9.077883456801015,928,True,True,True,1.008,2024-03-11,9.077883456801015,WIN,4.0,crypto
RUNE-USD,LONG,2024-03-12,10.451519012451172,8.979374204019503,13.395808629314509,933,True,True,True,0.61,2024-03-15,8.979374204019503,LOSS,3.0,crypto
RUNE-USD,LONG,2025-05-22,2.1280319690704346,1.814401628943243,2.7552926493248178,1369,True,True,True,0.245,2025-05-25,1.814401628943243,LOSS,3.0,crypto
RUNE-USD,LONG,2026-01-14,0.6692659854888916,0.6136847182835561,0.7804285198995626,1606,True,True,True,1.217,2026-01-20,0.6136847182835561,LOSS,6.0,crypto
RUNE-USD,LONG,2026-03-13,0.45247599482536316,0.41043691282553635,0.5365541588250168,1664,True,False,True,0.067,2026-03-22,0.41043691282553635,LOSS,9.0,crypto
RUNE-USD,LONG,2026-04-21,0.4582729935646057,0.4239808575820037,0.5268572655298097,1703,True,True,True,1.103,2026-04-27,0.5268572655298097,WIN,6.0,crypto
RUNE-USD,LONG,2026-05-05,0.5474110245704651,0.5037752373904343,0.6346825989305267,1717,True,False,True,0.318,2026-05-15,0.5037752373904343,LOSS,10.0,crypto
RVN-USD,LONG,2021-11-04,0.14493800699710846,0.1221711769484502,0.19047166709442498,74,True,True,True,0.407,2021-11-10,0.1221711769484502,LOSS,6.0,crypto
RVN-USD,LONG,2022-07-29,0.03838900104165077,0.03243187213652427,0.05030325885190377,341,True,True,True,0.787,2022-08-18,0.03243187213652427,LOSS,20.0,crypto
RVN-USD,LONG,2022-09-05,0.03861299902200699,0.0325438694413218,0.05075125818337736,379,True,True,True,0.355,2022-09-09,0.05075125818337736,WIN,4.0,crypto
RVN-USD,LONG,2022-09-12,0.06786700338125229,0.05502194815013254,0.09355711384349179,386,True,True,True,1.129,2022-09-16,0.05502194815013254,LOSS,4.0,crypto
RVN-USD,LONG,2023-10-01,0.015918999910354614,0.01503600690817298,0.01768498591471788,770,True,False,True,0.523,2023-10-03,0.01503600690817298,LOSS,2.0,crypto
RVN-USD,LONG,2023-10-24,0.015745000913739204,0.014699731501146361,0.01783553973892489,793,True,True,True,0.436,2023-10-29,0.01783553973892489,WIN,5.0,crypto
RVN-USD,LONG,2023-11-12,0.019370999187231064,0.017398506565296155,0.023315984431100882,812,True,False,True,0.11,2023-11-17,0.017398506565296155,LOSS,5.0,crypto
RVN-USD,LONG,2023-12-05,0.022026000544428825,0.01970017961693473,0.026677642399417015,835,True,True,True,0.546,2024-01-03,0.01970017961693473,LOSS,29.0,crypto
RVN-USD,LONG,2024-02-09,0.02035599946975708,0.018398323653897306,0.02427135110147663,901,False,True,True,0.789,2024-02-24,0.02427135110147663,WIN,15.0,crypto
RVN-USD,LONG,2024-02-26,0.02602200023829937,0.02315072663097547,0.03176454745294717,918,True,False,True,0.103,2024-03-11,0.03176454745294717,WIN,14.0,crypto
RVN-USD,LONG,2024-03-26,0.03901100158691406,0.03296167966263281,0.05110964543547657,947,True,True,True,1.553,2024-03-29,0.05110964543547657,WIN,3.0,crypto
RVN-USD,LONG,2024-03-30,0.058226000517606735,0.04788324252026131,0.07891151651229758,951,True,True,True,0.997,2024-04-01,0.04788324252026131,LOSS,2.0,crypto
RVN-USD,LONG,2024-08-23,0.018786000087857246,0.016811281564918488,0.022735437133734764,1097,True,False,True,1.559,2024-08-28,0.016811281564918488,LOSS,5.0,crypto
RVN-USD,LONG,2024-09-19,0.017823999747633934,0.015961657706285378,0.021548683830331046,1124,True,False,True,0.037,2024-10-02,0.015961657706285378,LOSS,13.0,crypto
RVN-USD,LONG,2024-10-24,0.021045999601483345,0.01865511449056252,0.025827769823324992,1159,True,True,True,1.972,2024-10-25,0.01865511449056252,LOSS,1.0,crypto
RVN-USD,LONG,2024-11-16,0.0220940001308918,0.019037327046652158,0.028207346299371085,1182,True,True,True,0.385,2024-12-02,0.028207346299371085,WIN,16.0,crypto
RVN-USD,LONG,2024-12-03,0.03402499854564667,0.029231352636195175,0.04361229036454965,1199,True,True,True,2.101,2024-12-09,0.029231352636195175,LOSS,6.0,crypto
RVN-USD,LONG,2025-05-10,0.013763000257313251,0.012281466994483408,0.016726066782972938,1357,True,False,True,0.626,2025-05-17,0.012281466994483408,LOSS,7.0,crypto
RVN-USD,LONG,2025-07-21,0.01634399965405464,0.01432830101684898,0.020375396928465964,1429,True,True,True,0.192,2025-07-23,0.01432830101684898,LOSS,2.0,crypto
RVN-USD,LONG,2025-07-25,0.01669199950993061,0.014261420844372555,0.021553156841046722,1433,True,True,True,0.059,2025-07-30,0.014261420844372555,LOSS,5.0,crypto
RVN-USD,LONG,2026-04-17,0.006128999870270491,0.005644567322004347,0.007097864966802777,1699,True,True,True,0.363,2026-05-15,0.005644567322004347,LOSS,28.0,crypto
SAND-USD,LONG,2021-10-28,0.9384080171585083,0.7926140501331952,1.2299959512091345,67,True,True,True,0.705,2021-10-30,1.2299959512091345,WIN,2.0,crypto
SAND-USD,LONG,2021-11-02,3.0660879611968994,2.3984059745557627,4.401451934479173,72,True,True,True,1.965,2021-11-09,2.3984059745557627,LOSS,7.0,crypto
SAND-USD,LONG,2021-11-17,3.7349910736083984,2.875416067959268,5.454141084906659,87,True,True,True,0.67,2021-11-23,5.454141084906659,WIN,6.0,crypto
SAND-USD,LONG,2021-11-24,6.3344340324401855,4.913654791829131,9.175992513662294,94,True,True,True,0.922,2021-12-04,4.913654791829131,LOSS,10.0,crypto
SAND-USD,LONG,2021-12-25,6.706561088562012,5.352819164859746,9.414044935966544,125,True,True,True,0.377,2022-01-05,5.352819164859746,LOSS,11.0,crypto
SC-USD,LONG,2021-11-21,0.022252000868320465,0.018882997164073264,0.028990008276814867,91,True,False,True,0.011,2021-11-27,0.028990008276814867,WIN,6.0,crypto
SC-USD,LONG,2022-03-27,0.012361999601125717,0.011064307814210214,0.014957383174956724,217,True,True,True,2.427,2022-04-06,0.011064307814210214,LOSS,10.0,crypto
SC-USD,LONG,2023-07-01,0.0033179998863488436,0.002972766148087572,0.0040084673628713865,678,True,True,True,0.07,2023-07-05,0.0040084673628713865,WIN,4.0,crypto
SC-USD,LONG,2023-07-29,0.0037150001153349876,0.0033746885259864404,0.004395623294032082,706,True,True,True,0.793,2023-08-01,0.0033746885259864404,LOSS,3.0,crypto
SC-USD,LONG,2023-08-05,0.003860000055283308,0.0034177825767408173,0.0047444350123682895,713,True,True,True,0.407,2023-08-14,0.0034177825767408173,LOSS,9.0,crypto
SC-USD,LONG,2023-10-28,0.003392999991774559,0.003175092190770105,0.003828815593783467,797,True,False,True,0.441,2023-10-31,0.003828815593783467,WIN,3.0,crypto
SC-USD,LONG,2023-11-08,0.004176000133156776,0.0037708265030853894,0.00498634739329955,808,True,True,True,0.977,2023-11-17,0.00498634739329955,WIN,9.0,crypto
SC-USD,LONG,2023-12-03,0.005994000006467104,0.0051212611437949866,0.007739477731811339,833,True,True,True,0.011,2023-12-10,0.007739477731811339,WIN,7.0,crypto
SC-USD,LONG,2023-12-13,0.008054999634623528,0.006996438342873311,0.01017212221812396,843,True,False,True,0.495,2023-12-16,0.006996438342873311,LOSS,3.0,crypto
SC-USD,LONG,2024-01-06,0.008116000331938267,0.007015106824574161,0.010317787346666479,867,True,True,True,0.572,2024-01-14,0.010317787346666479,WIN,8.0,crypto
SC-USD,LONG,2024-01-16,0.01081900019198656,0.009046735472241859,0.014363529631475965,877,True,False,True,0.185,2024-01-25,0.009046735472241859,LOSS,9.0,crypto
SC-USD,LONG,2024-02-15,0.011226999573409557,0.009634462726108009,0.014412073268012655,907,True,True,True,1.085,2024-02-17,0.014412073268012655,WIN,2.0,crypto
SC-USD,LONG,2024-02-21,0.01623300090432167,0.013665922544015777,0.021367157624933457,913,True,True,True,0.552,2024-02-24,0.013665922544015777,LOSS,3.0,crypto
SC-USD,LONG,2024-09-20,0.004602999892085791,0.004123377122304095,0.005562245431649182,1125,True,True,True,0.592,2024-10-20,0.005562245431649182,WIN,30.0,crypto
SC-USD,LONG,2024-11-11,0.005233000032603741,0.0047134236364563,0.006272152824898621,1177,True,True,True,0.454,2024-11-19,0.006272152824898621,WIN,8.0,crypto
SC-USD,LONG,2024-11-26,0.007141999900341034,0.006171280343488112,0.009083439014046877,1192,True,True,True,0.299,2024-12-10,0.006171280343488112,LOSS,14.0,crypto
SC-USD,LONG,2025-04-18,0.0033760000951588154,0.002993700592588213,0.00414059910030002,1335,True,False,True,0.492,2025-06-17,0.002993700592588213,LOSS,60.0,crypto
SC-USD,LONG,2025-07-09,0.0031240000389516354,0.0028700742111655124,0.0036318516945238813,1417,True,False,True,0.11,2025-07-18,0.0028700742111655124,LOSS,9.0,crypto
SC-USD,LONG,2026-01-04,0.0016499999910593033,0.0015052764198482372,0.0019394471334814355,1596,True,False,True,1.119,2026-01-21,0.0015052764198482372,LOSS,17.0,crypto
SEI-USD,LONG,2023-11-06,0.12567299604415894,0.1123552641931662,0.1523084597461444,80,True,False,True,0.418,2023-11-13,0.1523084597461444,WIN,7.0,crypto
SEI-USD,LONG,2023-11-23,0.20050999522209167,0.1646987719853054,0.27213244169566425,97,True,True,True,0.899,2023-11-28,0.27213244169566425,WIN,5.0,crypto
SEI-USD,LONG,2023-12-05,0.3088270127773285,0.24914142241225334,0.4281981935074788,109,True,False,True,0.2,2023-12-11,0.24914142241225334,LOSS,6.0,crypto
SEI-USD,LONG,2023-12-19,0.3576529920101166,0.2909624209248281,0.4910341341806935,123,True,True,True,1.321,2023-12-26,0.4910341341806935,WIN,7.0,crypto
SEI-USD,LONG,2023-12-29,0.5488640069961548,0.4360206961337231,0.7745506287210182,133,True,True,True,0.381,2024-01-02,0.7745506287210182,WIN,4.0,crypto
SEI-USD,LONG,2024-02-14,0.8789420127868652,0.7448026955587594,1.1472206472430768,180,True,True,True,1.528,2024-03-05,0.7448026955587594,LOSS,20.0,crypto
SEI-USD,LONG,2024-03-15,1.0464799404144287,0.8385312026797784,1.4623774158837293,210,True,True,True,0.672,2024-03-17,0.8385312026797784,LOSS,2.0,crypto
SEI-USD,LONG,2024-09-25,0.45428699254989624,0.3905716066044501,0.5817177644407885,404,True,True,True,0.531,2024-10-03,0.3905716066044501,LOSS,8.0,crypto
SEI-USD,LONG,2024-11-10,0.4686200022697449,0.4014704802574883,0.602919046294258,450,True,True,True,0.26,2024-11-24,0.602919046294258,WIN,14.0,crypto
SEI-USD,LONG,2024-11-26,0.6934729814529419,0.5724561036159733,0.935506737126879,466,True,True,True,0.068,2024-12-09,0.5724561036159733,LOSS,13.0,crypto
SEI-USD,LONG,2025-06-23,0.2449609935283661,0.20897355096434225,0.31693587865641376,675,True,True,True,0.829,2025-06-25,0.31693587865641376,WIN,2.0,crypto
SEI-USD,LONG,2025-07-15,0.3709850013256073,0.31436044115556994,0.484234121665682,697,True,True,True,0.542,2025-07-24,0.31436044115556994,LOSS,9.0,crypto
SEI-USD,LONG,2025-09-11,0.33603399991989136,0.2979872808435306,0.4121274380726129,755,True,False,True,0.357,2025-09-22,0.2979872808435306,LOSS,11.0,crypto
SEI-USD,LONG,2026-05-10,0.07588700205087662,0.06860441978800887,0.09045216657661212,996,True,True,True,1.322,2026-05-13,0.06860441978800887,LOSS,3.0,crypto
SHIB-USD,LONG,2021-10-24,3.600000127335079e-05,2.8151737542587332e-05,5.1696528734877706e-05,63,True,True,True,0.255,2021-10-27,5.1696528734877706e-05,WIN,3.0,crypto
SHIB-USD,LONG,2022-08-14,1.700000029813964e-05,1.5330223380739237e-05,2.0339554132940444e-05,357,True,True,True,4.791,2022-08-15,1.5330223380739237e-05,LOSS,1.0,crypto
SHIB-USD,LONG,2022-10-29,1.2999999853491317e-05,1.1711787914513526e-05,1.55764237314469e-05,433,True,True,True,1.553,2022-11-08,1.1711787914513526e-05,LOSS,10.0,crypto
SHIB-USD,LONG,2023-02-04,1.4999999621068127e-05,1.3257225214164084e-05,1.8485548434876215e-05,531,True,True,True,2.295,2023-02-09,1.3257225214164084e-05,LOSS,5.0,crypto
SHIB-USD,LONG,2023-07-29,9.000000318337698e-06,8.510667071501738e-06,9.978666812009616e-06,706,True,True,True,4.087,2023-07-30,8.510667071501738e-06,LOSS,1.0,crypto
SHIB-USD,LONG,2023-08-05,9.999999747378752e-06,9.243007014444743e-06,1.151398521324677e-05,713,True,True,True,2.642,2023-08-06,9.243007014444743e-06,LOSS,1.0,crypto
SHIB-USD,LONG,2023-12-16,1.2000000424450263e-05,1.0598307761075172e-05,1.4803385751200446e-05,846,True,True,True,1.427,2023-12-17,1.0598307761075172e-05,LOSS,1.0,crypto
SHIB-USD,LONG,2024-02-27,1.1000000085914508e-05,9.815862003161262e-06,1.3368276251420998e-05,919,True,True,True,1.689,2024-02-29,1.3368276251420998e-05,WIN,2.0,crypto
SHIB-USD,LONG,2024-03-01,1.700000029813964e-05,1.4560659416965731e-05,2.1878682060487455e-05,922,True,True,True,1.64,2024-03-02,2.1878682060487455e-05,WIN,1.0,crypto
SHIB-USD,LONG,2024-03-04,3.600000127335079e-05,3.077724875426341e-05,4.644550631152555e-05,925,True,True,True,4.595,2024-03-05,3.077724875426341e-05,LOSS,1.0,crypto
SHIB-USD,LONG,2024-07-15,1.8999999156221747e-05,1.6621893733443523e-05,2.3756210001778195e-05,1058,True,False,True,0.841,2024-07-25,1.6621893733443523e-05,LOSS,10.0,crypto
SHIB-USD,LONG,2024-09-26,1.8999999156221747e-05,1.692622047658078e-05,2.3147556515503684e-05,1131,True,True,True,2.893,2024-10-01,1.692622047658078e-05,LOSS,5.0,crypto
SHIB-USD,LONG,2024-11-10,2.5999999706982635e-05,2.270314151563234e-05,3.259371608968323e-05,1176,True,True,True,3.64,2024-12-01,3.259371608968323e-05,WIN,21.0,crypto
SHIB-USD,LONG,2025-09-12,1.4000000192027073e-05,1.2902130764644766e-05,1.6195739046791687e-05,1482,True,True,True,1.822,2025-09-22,1.2902130764644766e-05,LOSS,10.0,crypto
SHIB-USD,LONG,2026-07-25,4.999999873689376e-06,4.77367688181726e-06,5.452645857433608e-06,1798,True,True,True,8.837,2026-07-26,5.452645857433608e-06,WIN,1.0,crypto
SHIB-USD,LONG,2026-08-21,6.000000212225132e-06,5.0175196911384435e-06,7.964961254398508e-06,1825,True,True,True,2.036,,,OPEN,,crypto
SKL-USD,LONG,2023-01-11,0.025736000388860703,0.023627471037537796,0.029953059091506515,507,True,False,True,0.056,2023-01-17,0.029953059091506515,WIN,6.0,crypto
SKL-USD,LONG,2023-01-20,0.03621000051498413,0.03223050732929429,0.04416898688636381,516,True,True,True,2.947,2023-02-07,0.04416898688636381,WIN,18.0,crypto
SKL-USD,LONG,2023-02-10,0.056582000106573105,0.04635478892350238,0.07703642247271456,537,True,True,True,2.036,2023-03-02,0.04635478892350238,LOSS,20.0,crypto
SKL-USD,LONG,2023-07-03,0.029183000326156616,0.025978876812282097,0.035591247353905654,680,True,False,True,0.111,2023-07-25,0.025978876812282097,LOSS,22.0,crypto
SKL-USD,LONG,2023-11-04,0.027821000665426254,0.02492706842340629,0.033608865149466184,804,True,False,True,0.521,2023-11-16,0.033608865149466184,WIN,12.0,crypto
SKL-USD,LONG,2023-11-19,0.04301400110125542,0.03708146341403899,0.054879076475688265,819,True,True,True,3.136,2023-11-20,0.054879076475688265,WIN,1.0,crypto
SKL-USD,LONG,2023-12-20,0.0492900013923645,0.04132623964864186,0.06521752487980978,850,True,False,True,0.258,2023-12-26,0.06521752487980978,WIN,6.0,crypto
SKL-USD,LONG,2023-12-27,0.08194199949502945,0.0684662749906842,0.10889344850371996,857,True,True,True,1.215,2023-12-31,0.0684662749906842,LOSS,4.0,crypto
SKL-USD,LONG,2024-02-14,0.08616399765014648,0.07463426251895319,0.10922346791253307,906,True,False,True,0.038,2024-02-29,0.10922346791253307,WIN,15.0,crypto
SKL-USD,LONG,2024-09-21,0.036768000572919846,0.03233576778583034,0.04563246614709886,1126,True,False,True,0.214,2024-09-27,0.04563246614709886,WIN,6.0,crypto
SKL-USD,LONG,2024-10-20,0.043939001858234406,0.037838029932120064,0.05614094571046309,1155,True,False,True,0.224,2024-10-23,0.037838029932120064,LOSS,3.0,crypto
SKL-USD,LONG,2024-11-11,0.04362500086426735,0.03775842932741289,0.055358143937976265,1177,True,True,True,0.137,2024-11-13,0.03775842932741289,LOSS,2.0,crypto
SKL-USD,LONG,2024-11-18,0.04812199994921684,0.040147425068832315,0.0640711497099859,1184,True,True,True,0.055,2024-11-24,0.0640711497099859,WIN,6.0,crypto
SKL-USD,LONG,2024-11-27,0.06611800193786621,0.05432625517989082,0.08970149545381699,1193,True,True,True,0.154,2024-12-18,0.05432625517989082,LOSS,21.0,crypto
SKL-USD,LONG,2026-04-17,0.007753999903798103,0.0065502439902862504,0.010161511730821809,1699,True,True,True,0.537,2026-05-15,0.0065502439902862504,LOSS,28.0,crypto
SKL-USD,LONG,2026-08-22,0.003930000122636557,0.0035380214517972746,0.004713957464315121,1826,True,True,True,0.158,,,OPEN,,crypto
SNX-USD,LONG,2021-11-03,11.262425422668457,9.557698985388273,14.671878297228826,73,True,True,True,0.123,2021-11-10,9.557698985388273,LOSS,7.0,crypto
SNX-USD,LONG,2022-01-03,7.129435062408447,5.994608342364493,9.399088502496356,134,True,True,True,0.578,2022-01-06,5.994608342364493,LOSS,3.0,crypto
SNX-USD,LONG,2022-03-31,6.8212971687316895,5.898098306738742,8.667694892717584,221,True,True,True,0.364,2022-04-06,5.898098306738742,LOSS,6.0,crypto
SNX-USD,LONG,2022-07-18,2.9502370357513428,2.3764885280732564,4.0977340511075155,330,True,False,True,0.051,2022-07-28,4.0977340511075155,WIN,10.0,crypto
SNX-USD,LONG,2022-10-26,2.4382190704345703,2.1477532892485853,3.0191506328065403,430,True,True,True,0.005,2022-11-08,2.1477532892485853,LOSS,13.0,crypto
SNX-USD,LONG,2023-01-20,2.5903069972991943,2.2418971491567645,3.287126693584054,516,True,True,True,1.243,2023-01-30,2.2418971491567645,LOSS,10.0,crypto
SNX-USD,LONG,2023-02-07,2.9352939128875732,2.494604038277976,3.8166736621067674,534,True,True,True,0.2,2023-02-09,2.494604038277976,LOSS,2.0,crypto
SNX-USD,LONG,2023-03-01,3.028157949447632,2.562015448320725,3.9604429517014452,556,True,True,True,0.335,2023-03-09,2.562015448320725,LOSS,8.0,crypto
SNX-USD,LONG,2023-04-18,3.0184218883514404,2.666432538571004,3.722400587912313,604,True,True,True,0.845,2023-04-21,2.666432538571004,LOSS,3.0,crypto
SNX-USD,LONG,2023-07-14,2.741939067840576,2.3675479750179953,3.490721253485738,691,True,True,True,1.767,2023-08-15,2.3675479750179953,LOSS,32.0,crypto
SNX-USD,LONG,2023-11-08,2.6476099491119385,2.407268274169371,3.1282932989970735,808,True,False,True,0.108,2023-11-16,3.1282932989970735,WIN,8.0,crypto
SNX-USD,LONG,2023-11-19,3.427541971206665,2.9434984456758126,4.39562902226837,819,True,True,True,0.484,2023-12-10,4.39562902226837,WIN,21.0,crypto
SNX-USD,LONG,2023-12-11,4.531248092651367,3.9256596857049004,5.742424906544301,841,True,True,True,0.286,2023-12-17,3.9256596857049004,LOSS,6.0,crypto
SNX-USD,LONG,2024-02-14,3.666766881942749,3.3249315104044213,4.350437625019405,906,True,True,True,0.026,2024-02-29,4.350437625019405,WIN,15.0,crypto
SNX-USD,LONG,2024-03-01,4.547296047210693,4.005212570410248,5.631463000811584,922,True,True,True,0.322,2024-03-05,4.005212570410248,LOSS,4.0,crypto
SNX-USD,LONG,2024-03-11,4.738492012023926,4.018339144438737,6.178797747194304,932,True,True,True,0.011,2024-03-16,4.018339144438737,LOSS,5.0,crypto
SNX-USD,LONG,2024-11-11,1.726973056793213,1.5290381568040432,2.1228428567715523,1177,True,True,True,0.228,2024-11-13,1.5290381568040432,LOSS,2.0,crypto
SNX-USD,LONG,2024-11-18,1.8106069564819336,1.5605451205665894,2.310730628312622,1184,True,True,True,0.608,2024-11-25,2.310730628312622,WIN,7.0,crypto
SNX-USD,LONG,2024-11-30,2.628129005432129,2.2481760336681176,3.3880349489601516,1196,True,False,True,0.452,2024-12-08,3.3880349489601516,WIN,8.0,crypto
SNX-USD,LONG,2025-10-01,1.2714020013809204,1.0137517502262852,1.786702503690191,1501,True,True,True,0.071,2025-10-10,1.0137517502262852,LOSS,9.0,crypto
SNX-USD,LONG,2025-10-12,1.7035009860992432,1.2473325395252406,2.6158378792472483,1512,True,True,True,1.168,2025-10-23,1.2473325395252406,LOSS,11.0,crypto
SOL-USD,LONG,2021-10-21,190.3184356689453,162.53385678411578,245.88759343860437,60,True,True,True,0.961,2021-11-03,245.88759343860437,WIN,13.0,crypto
SOL-USD,LONG,2021-11-04,247.3877716064453,213.37796052180062,315.4073937757347,74,True,False,True,0.063,2021-11-17,213.37796052180062,LOSS,13.0,crypto
SOL-USD,LONG,2022-03-24,102.22369384765625,89.66149348073512,127.34809458149851,214,True,True,True,0.983,2022-03-31,127.34809458149851,WIN,7.0,crypto
SOL-USD,LONG,2022-04-01,134.43093872070312,117.79383355796466,167.70514904618005,222,True,True,True,0.661,2022-04-06,117.79383355796466,LOSS,5.0,crypto
SOL-USD,LONG,2023-01-13,18.28844451904297,15.982194605609802,22.900944345909302,509,True,True,True,0.804,2023-01-14,22.900944345909302,WIN,1.0,crypto
SOL-USD,LONG,2023-01-20,25.54827117919922,21.83798490269453,32.9688437322086,516,True,False,True,0.429,2023-02-09,21.83798490269453,LOSS,20.0,crypto
SOL-USD,LONG,2023-02-20,26.181386947631836,22.790539718031443,32.96308140683262,547,True,True,True,0.085,2023-02-24,22.790539718031443,LOSS,4.0,crypto
SOL-USD,LONG,2023-04-12,23.985305786132812,21.517842970218464,28.92023141796151,598,True,True,True,0.283,2023-04-21,21.517842970218464,LOSS,9.0,crypto
SOL-USD,LONG,2023-06-04,21.8189754486084,20.178971714147274,25.09898291753065,651,True,False,True,0.407,2023-06-05,20.178971714147274,LOSS,1.0,crypto
SOL-USD,LONG,2023-06-30,18.897321701049805,16.489242576376917,23.71347995039558,677,True,True,True,0.579,2023-07-13,23.71347995039558,WIN,13.0,crypto
SOL-USD,LONG,2023-07-14,26.7357177734375,23.33290430839576,33.54134470352098,691,True,True,True,0.065,2023-07-24,23.33290430839576,LOSS,10.0,crypto
SOL-USD,LONG,2023-10-20,27.033674240112305,24.658071132472283,31.784880455392347,789,True,True,True,1.385,2023-10-23,31.784880455392347,WIN,3.0,crypto
SOL-USD,LONG,2023-10-30,34.962337493896484,31.332315553757642,42.22238137417417,799,True,True,True,0.699,2023-11-01,42.22238137417417,WIN,2.0,crypto
SOL-USD,LONG,2023-11-10,56.64385223388672,49.58122699392829,70.76910271380358,810,True,True,True,2.249,2023-12-08,70.76910271380358,WIN,28.0,crypto
SOL-USD,LONG,2023-12-20,82.19123077392578,70.54227081776708,105.48915068624319,850,True,True,True,0.522,2023-12-23,105.48915068624319,WIN,3.0,crypto
SOL-USD,LONG,2023-12-24,112.48521423339844,97.61405733089646,142.2275280384024,854,True,True,True,0.4,2024-01-03,97.61405733089646,LOSS,10.0,crypto
SOL-USD,LONG,2024-02-09,106.93333435058594,95.2026791829806,130.3946446857966,901,True,False,True,0.123,2024-02-29,130.3946446857966,WIN,20.0,crypto
SOL-USD,LONG,2024-03-07,143.9778594970703,124.03006445575761,183.87344957969572,928,True,True,True,0.133,2024-03-15,183.87344957969572,WIN,8.0,crypto
SOL-USD,LONG,2024-03-17,202.12356567382812,175.5187566710318,255.33318367942076,938,True,True,True,0.336,2024-03-19,175.5187566710318,LOSS,2.0,crypto
SOL-USD,LONG,2024-07-20,173.89178466796875,155.62940917484897,210.4165356542083,1063,True,False,True,0.261,2024-08-02,155.62940917484897,LOSS,13.0,crypto
SOL-USD,LONG,2024-09-24,152.89215087890625,137.77485850816788,183.126735620383,1129,True,False,True,0.15,2024-10-03,137.77485850816788,LOSS,9.0,crypto
SOL-USD,LONG,2024-10-20,166.9398193359375,152.86939061383856,195.08067678013538,1155,True,False,True,1.028,2024-11-07,195.08067678013538,WIN,18.0,crypto
SOL-USD,LONG,2024-11-08,199.9390106201172,180.73258688830794,238.3518580837357,1174,True,True,True,0.212,2024-11-17,238.3518580837357,WIN,9.0,crypto
SOL-USD,LONG,2024-11-21,257.0658874511719,228.86031795929233,313.47702643493096,1187,True,True,True,0.629,2024-11-26,228.86031795929233,LOSS,5.0,crypto
SOL-USD,LONG,2025-04-22,148.73941040039062,129.9944690572424,186.22929308668705,1339,True,False,True,0.648,2025-05-23,186.22929308668705,WIN,31.0,crypto
SOL-USD,LONG,2025-07-21,195.9942626953125,178.94638062247742,230.09002684098266,1429,True,True,True,1.364,2025-07-25,178.94638062247742,LOSS,4.0,crypto
SOL-USD,LONG,2025-08-13,201.59042358398438,181.5426246185754,241.68602151480235,1452,True,True,True,0.692,2025-08-18,181.5426246185754,LOSS,5.0,crypto
SOL-USD,LONG,2025-08-28,214.4056396484375,188.52958417049467,266.15775060432316,1467,True,False,True,0.108,2025-10-10,188.52958417049467,LOSS,43.0,crypto
SOL-USD,LONG,2026-01-05,137.98997497558594,127.22337044164557,159.52318404346667,1597,True,True,True,0.49,2026-01-20,127.22337044164557,LOSS,15.0,crypto
SOL-USD,LONG,2026-07-01,77.38370513916016,69.28328941637277,93.58453658473493,1774,True,True,True,0.357,2026-08-21,93.58453658473493,WIN,51.0,crypto
STEEM-USD,LONG,2021-11-26,0.7026810050010681,0.5971842817273402,0.913674451548524,96,True,True,True,0.137,2021-12-03,0.5971842817273402,LOSS,7.0,crypto
STEEM-USD,LONG,2023-01-15,0.1839430034160614,0.1689537938377808,0.2139214225726226,511,True,True,True,0.23,2023-01-18,0.2139214225726226,WIN,3.0,crypto
STEEM-USD,LONG,2023-02-17,0.23920400440692902,0.21217580174080636,0.29326040973917433,544,True,False,True,0.018,2023-03-03,0.21217580174080636,LOSS,14.0,crypto
STEEM-USD,LONG,2023-07-01,0.1874449998140335,0.17279587757943876,0.216743244283223,678,True,True,True,0.217,2023-07-11,0.216743244283223,WIN,10.0,crypto
STEEM-USD,LONG,2023-09-15,0.1653600037097931,0.15498798612665632,0.18610403887606664,754,False,True,True,0.19,2023-10-17,0.18610403887606664,WIN,32.0,crypto
STEEM-USD,LONG,2023-10-20,0.19923000037670135,0.18430583376094767,0.22907833360820873,789,True,True,True,1.674,2023-10-21,0.22907833360820873,WIN,1.0,crypto
STEEM-USD,LONG,2023-10-24,0.25668999552726746,0.2302783625955863,0.3095132613906298,793,True,True,True,1.737,2023-10-25,0.2302783625955863,LOSS,1.0,crypto
STEEM-USD,LONG,2024-02-15,0.23619599640369415,0.21679914760220428,0.2749896940066739,907,True,True,True,0.122,2024-02-29,0.2749896940066739,WIN,14.0,crypto
STEEM-USD,LONG,2024-03-01,0.29495200514793396,0.2685408597871305,0.3477742958695409,922,True,True,True,0.789,2024-03-05,0.3477742958695409,WIN,4.0,crypto
STEEM-USD,LONG,2024-03-12,0.376679003238678,0.32457476821365716,0.4808874732887196,933,True,False,True,0.206,2024-03-16,0.32457476821365716,LOSS,4.0,crypto
STEEM-USD,LONG,2024-05-29,0.3255920112133026,0.2866077424961991,0.4035605486475097,1011,True,True,True,1.603,2024-05-31,0.2866077424961991,LOSS,2.0,crypto
STEEM-USD,LONG,2024-07-19,0.2035900056362152,0.18219641964871464,0.24637717761121636,1062,True,True,True,0.017,2024-08-01,0.18219641964871464,LOSS,13.0,crypto
STEEM-USD,LONG,2024-08-23,0.1888599991798401,0.16840565080384715,0.22976869593182597,1097,True,False,True,0.489,2024-08-27,0.16840565080384715,LOSS,4.0,crypto
STEEM-USD,LONG,2024-09-20,0.18689200282096863,0.16932919493483198,0.22201761859324193,1125,True,False,True,0.928,2024-10-02,0.16932919493483198,LOSS,12.0,crypto
STEEM-USD,LONG,2024-11-10,0.18953900039196014,0.1716069290429769,0.22540314308992665,1176,True,True,True,0.073,2024-11-13,0.22540314308992665,WIN,3.0,crypto
STEEM-USD,LONG,2024-11-25,0.25354400277137756,0.22120899124017468,0.31821402583378333,1191,True,False,True,0.323,2024-12-04,0.31821402583378333,WIN,9.0,crypto
STEEM-USD,LONG,2024-12-28,0.3550319969654083,0.27353191707981644,0.5180321567365921,1224,True,True,True,1.112,2024-12-30,0.27353191707981644,LOSS,2.0,crypto
STEEM-USD,LONG,2026-01-08,0.07755400240421295,0.07037890838757536,0.09190419043748813,1600,True,True,True,0.168,2026-01-12,0.07037890838757536,LOSS,4.0,crypto
STEEM-USD,LONG,2026-02-26,0.07405699789524078,0.06037961487885419,0.10141176392801397,1649,True,True,True,0.702,2026-02-27,0.06037961487885419,LOSS,1.0,crypto
STEEM-USD,LONG,2026-08-21,0.042399998754262924,0.038558871351549506,0.05008225355968976,1825,True,True,True,0.055,,,OPEN,,crypto
STORJ-USD,LONG,2021-11-26,2.7323269844055176,2.0896245782050356,4.017731796806482,96,True,True,True,1.015,2021-12-04,2.0896245782050356,LOSS,8.0,crypto
STORJ-USD,LONG,2022-03-26,1.2557439804077148,1.105652880202027,1.5559261808190907,216,True,False,True,0.336,2022-04-04,1.5559261808190907,WIN,9.0,crypto
STORJ-USD,LONG,2022-06-23,0.9344249963760376,0.7319145382068655,1.3394459127143818,305,True,True,True,1.554,2022-06-28,0.7319145382068655,LOSS,5.0,crypto
STORJ-USD,LONG,2023-04-07,0.43278101086616516,0.37838512391887935,0.5415727847607368,593,True,True,True,0.286,2023-04-19,0.37838512391887935,LOSS,12.0,crypto
STORJ-USD,LONG,2023-06-08,0.3253439962863922,0.29310040553316924,0.38983117779283816,655,False,True,True,0.474,2023-06-09,0.29310040553316924,LOSS,1.0,crypto
STORJ-USD,LONG,2023-07-01,0.3182410001754761,0.27869390067779154,0.39733519917084514,678,True,True,True,0.115,2023-07-04,0.39733519917084514,WIN,3.0,crypto
STORJ-USD,LONG,2023-09-15,0.39715299010276794,0.34573301797594563,0.49999293435641257,754,True,True,True,2.284,2023-09-17,0.34573301797594563,LOSS,2.0,crypto
STORJ-USD,LONG,2023-09-19,0.42076098918914795,0.35497436408270633,0.5523342394020312,758,True,True,True,0.342,2023-09-21,0.35497436408270633,LOSS,2.0,crypto
STORJ-USD,LONG,2023-09-29,0.44550999999046326,0.37861554446620066,0.5792989110389885,768,True,False,True,0.152,2023-10-17,0.37861554446620066,LOSS,18.0,crypto
STORJ-USD,LONG,2023-11-08,0.6851980090141296,0.5928751995801871,0.8698436278820147,808,True,True,True,4.688,2023-11-09,0.8698436278820147,WIN,1.0,crypto
STORJ-USD,LONG,2023-12-15,0.9495059847831726,0.8033379194765052,1.2418421153965074,845,True,True,True,0.667,2023-12-25,0.8033379194765052,LOSS,10.0,crypto
STORJ-USD,LONG,2024-03-01,0.8205239772796631,0.7159541488603505,1.0296636341182883,922,True,False,True,0.064,2024-03-05,0.7159541488603505,LOSS,4.0,crypto
STORJ-USD,LONG,2024-03-08,0.8568170070648193,0.7202592785045348,1.1299324641853885,929,True,True,True,0.18,2024-03-16,0.7202592785045348,LOSS,8.0,crypto
STORJ-USD,LONG,2024-07-21,0.42441800236701965,0.37386944370757336,0.5255151196859122,1064,True,False,True,0.108,2024-07-25,0.37386944370757336,LOSS,4.0,crypto
STORJ-USD,LONG,2024-07-27,0.4832099974155426,0.4187484154820126,0.6121331612826026,1070,True,True,True,1.667,2024-08-01,0.4187484154820126,LOSS,5.0,crypto
STORJ-USD,LONG,2024-09-19,0.4034779965877533,0.3535615492165778,0.5033108913301043,1124,True,True,True,0.028,2024-10-15,0.5033108913301043,WIN,26.0,crypto
STORJ-USD,LONG,2024-10-18,0.6313329935073853,0.5509166830353233,0.7921656144515092,1153,True,True,True,0.061,2024-10-20,0.5509166830353233,LOSS,2.0,crypto
STORJ-USD,LONG,2024-11-23,0.5556929707527161,0.47543503553691124,0.7162088411843257,1189,True,True,True,0.491,2024-12-04,0.7162088411843257,WIN,11.0,crypto
STORJ-USD,LONG,2026-04-16,0.10433100163936615,0.09549636920046578,0.12200026651716689,1698,True,True,True,0.461,2026-04-29,0.09549636920046578,LOSS,13.0,crypto
STORJ-USD,LONG,2026-05-06,0.11532799899578094,0.1025387871955421,0.14090642259625863,1718,True,True,True,1.103,2026-05-15,0.1025387871955421,LOSS,9.0,crypto
STX-USD,LONG,2021-12-27,2.6141550540924072,2.1795692970057923,3.483326568265637,127,True,True,True,0.778,2021-12-29,2.1795692970057923,LOSS,2.0,crypto
STX-USD,LONG,2022-08-05,0.4906120002269745,0.42981487495080206,0.6122062507793193,348,True,False,True,0.03,2022-08-19,0.42981487495080206,LOSS,14.0,crypto
STX-USD,LONG,2023-07-27,0.4748289883136749,0.40558056985018026,0.6133258252406643,704,True,True,True,13.325,2023-07-28,0.40558056985018026,LOSS,1.0,crypto
SUI-USD,LONG,2022-07-16,0.0028550000861287117,0.0025550387849326817,0.0034549226885207717,120,True,False,True,0.513,2022-07-29,0.0034549226885207717,WIN,13.0,crypto
SUI-USD,LONG,2022-08-03,0.0037239999510347843,0.003317567924175444,0.004536864004753465,138,True,False,True,0.472,2022-08-10,0.004536864004753465,WIN,7.0,crypto
SUI-USD,LONG,2022-10-04,0.0042050001211464405,0.0038853755655989786,0.004844249232241364,200,True,False,True,0.031,2022-10-11,0.0038853755655989786,LOSS,7.0,crypto
SUI-USD,LONG,2022-10-14,0.004257999826222658,0.003911450734462752,0.00495109800974247,210,False,True,True,0.012,2022-10-23,0.00495109800974247,WIN,9.0,crypto
SUI-USD,LONG,2022-10-27,0.006845999974757433,0.006140524828851572,0.008256950266569155,223,True,True,True,3.056,2022-10-28,0.008256950266569155,WIN,1.0,crypto
SUI-USD,LONG,2023-01-08,0.005051000043749809,0.004703905016873028,0.005745190097503372,296,True,False,True,1.083,2023-01-14,0.005745190097503372,WIN,6.0,crypto
SUI-USD,LONG,2023-01-27,0.0062870001420378685,0.0057822516323890625,0.0072964971613354804,315,True,True,True,0.468,2023-02-01,0.0072964971613354804,WIN,5.0,crypto
SUI-USD,LONG,2023-02-02,0.007813000120222569,0.007152146728450385,0.009134706903766936,321,True,True,True,1.153,2023-02-03,0.009134706903766936,WIN,1.0,crypto
SUI-USD,LONG,2023-02-07,0.010645000264048576,0.009616053393911354,0.01270289400432302,326,True,True,True,2.086,2023-02-08,0.009616053393911354,LOSS,1.0,crypto
SUI-USD,LONG,2023-03-16,0.010352999903261662,0.009278171663184705,0.012502656383415574,363,True,False,True,0.474,2023-04-16,0.012502656383415574,WIN,31.0,crypto
SUI-USD,LONG,2023-05-01,0.013833999633789062,0.01254320553021976,0.016415587840927667,409,True,True,True,0.082,2023-05-02,0.016415587840927667,WIN,1.0,crypto
SYS-USD,LONG,2021-11-15,0.5016499757766724,0.3809323682380045,0.743085190854008,85,True,True,True,0.029,2021-11-29,0.743085190854008,WIN,14.0,crypto
SYS-USD,LONG,2021-12-01,0.8533840179443359,0.6652350156783081,1.2296820224763916,101,True,True,True,0.521,2021-12-04,0.6652350156783081,LOSS,3.0,crypto
SYS-USD,LONG,2021-12-27,0.860044002532959,0.6740921442763698,1.2319477190461374,127,True,False,True,0.21,2022-01-02,1.2319477190461374,WIN,6.0,crypto
SYS-USD,LONG,2024-03-11,0.33520498871803284,0.2777012661164884,0.45021243392112176,932,True,True,True,1.352,2024-03-15,0.2777012661164884,LOSS,4.0,crypto
SYS-USD,LONG,2024-08-19,0.15950700640678406,0.12348663546905164,0.2315477482822489,1093,True,True,True,2.038,2024-08-27,0.12348663546905164,LOSS,8.0,crypto
SYS-USD,LONG,2024-09-27,0.12215700000524521,0.1029624861178287,0.16054602778007823,1132,True,True,True,0.336,2024-10-01,0.1029624861178287,LOSS,4.0,crypto
SYS-USD,LONG,2024-11-24,0.13041499257087708,0.11143152223934957,0.16838193323393208,1190,True,True,True,1.258,2024-12-03,0.16838193323393208,WIN,9.0,crypto
SYS-USD,LONG,2025-04-23,0.04339500144124031,0.03592557487221054,0.05833385457929985,1340,True,True,True,0.538,2025-05-08,0.05833385457929985,WIN,15.0,crypto
SYS-USD,LONG,2025-05-09,0.06063200160861015,0.051838152740025026,0.07821969934578041,1356,True,True,True,0.47,2025-05-16,0.051838152740025026,LOSS,7.0,crypto
THETA-USD,LONG,2021-10-26,7.016445159912109,6.0110312322657995,9.02727301520473,65,True,False,True,0.034,2021-10-27,6.0110312322657995,LOSS,1.0,crypto
THETA-USD,LONG,2021-10-30,8.163121223449707,6.805676178931034,10.878011312487054,69,True,True,True,1.139,2021-11-10,6.805676178931034,LOSS,11.0,crypto
THETA-USD,LONG,2022-06-09,1.4245439767837524,1.1332718241595314,2.0070882820321945,291,False,True,True,0.169,2022-06-12,1.1332718241595314,LOSS,3.0,crypto
THETA-USD,LONG,2022-07-19,1.3261909484863281,1.1462188479883586,1.6861351494822672,331,True,True,True,0.215,2022-07-26,1.1462188479883586,LOSS,7.0,crypto
THETA-USD,LONG,2022-07-29,1.4202549457550049,1.229407414601739,1.8019500080615365,341,True,True,True,0.566,2022-08-19,1.229407414601739,LOSS,21.0,crypto
THETA-USD,LONG,2023-01-08,0.79482501745224,0.7377256820341991,0.9090236882883218,504,False,False,True,0.212,2023-01-14,0.9090236882883218,WIN,6.0,crypto
THETA-USD,LONG,2023-01-17,0.9624069929122925,0.8808404467918681,1.1255400851531412,513,True,True,True,0.214,2023-01-18,0.8808404467918681,LOSS,1.0,crypto
THETA-USD,LONG,2023-01-20,1.0081559419631958,0.9091711928147617,1.206125440260064,516,True,False,True,0.608,2023-02-16,1.206125440260064,WIN,27.0,crypto
THETA-USD,LONG,2023-02-20,1.2860499620437622,1.1300132391502116,1.5981234078308635,547,True,False,True,0.375,2023-02-28,1.1300132391502116,LOSS,8.0,crypto
THETA-USD,LONG,2023-04-18,1.2235989570617676,1.1171944460977783,1.4364079789897461,604,True,True,True,1.317,2023-04-19,1.1171944460977783,LOSS,1.0,crypto
THETA-USD,LONG,2023-07-25,0.8544660210609436,0.7705094044571447,1.0223792542685415,702,True,True,True,0.281,2023-08-01,0.7705094044571447,LOSS,7.0,crypto
THETA-USD,LONG,2023-10-23,0.6487200260162354,0.6080442003712093,0.7300716773062874,792,True,True,True,0.592,2023-10-31,0.7300716773062874,WIN,8.0,crypto
THETA-USD,LONG,2023-11-01,0.7634559869766235,0.6997238823086914,0.8909201963124878,801,True,True,True,0.99,2023-11-08,0.8909201963124878,WIN,7.0,crypto
THETA-USD,LONG,2023-11-09,0.9291030168533325,0.8517362979944446,1.0838364545711083,809,True,True,True,0.823,2023-11-11,1.0838364545711083,WIN,2.0,crypto
THETA-USD,LONG,2023-12-02,1.092352032661438,0.9621982334546382,1.3526596310750376,832,True,True,True,0.217,2023-12-18,0.9621982334546382,LOSS,16.0,crypto
THETA-USD,LONG,2023-12-24,1.2635209560394287,1.105252746231337,1.580057375655612,854,True,True,True,0.759,2024-01-05,1.105252746231337,LOSS,12.0,crypto
THETA-USD,LONG,2024-02-12,1.0790150165557861,0.9815620996480059,1.2739208503713466,904,True,False,True,0.622,2024-02-19,1.2739208503713466,WIN,7.0,crypto
THETA-USD,LONG,2024-02-26,1.7921969890594482,1.5750346576841545,2.2265216518100357,918,True,True,True,3.422,2024-02-27,2.2265216518100357,WIN,1.0,crypto
THETA-USD,LONG,2024-03-03,2.3806040287017822,2.0208088367520745,3.1001944126011978,924,True,True,True,0.689,2024-03-05,3.1001944126011978,WIN,2.0,crypto
THETA-USD,LONG,2024-03-11,3.4741768836975098,2.8545775807553526,4.713375489581824,932,True,True,True,0.399,2024-03-16,2.8545775807553526,LOSS,5.0,crypto
THETA-USD,LONG,2024-07-20,1.635951042175293,1.4332572881846464,2.041338550156586,1063,True,False,True,0.208,2024-07-23,1.4332572881846464,LOSS,3.0,crypto
THETA-USD,LONG,2024-11-11,1.5561130046844482,1.3684270469557989,1.931484920141747,1177,True,True,True,1.267,2024-11-13,1.3684270469557989,LOSS,2.0,crypto
THETA-USD,LONG,2024-11-18,1.7237060070037842,1.4472544432636578,2.276609134484037,1184,True,True,True,0.725,2024-11-29,2.276609134484037,WIN,11.0,crypto
THETA-USD,LONG,2024-11-30,3.0900890827178955,2.639819500778672,3.9906282465963425,1196,True,True,True,2.86,2024-12-09,2.639819500778672,LOSS,9.0,crypto
THETA-USD,LONG,2025-05-08,0.8366190195083618,0.7304329724852952,1.0489911135544951,1355,True,True,True,0.635,2025-05-11,1.0489911135544951,WIN,3.0,crypto
THETA-USD,LONG,2025-07-20,0.9621700048446655,0.85154600987752,1.1834179947789565,1428,True,True,True,0.322,2025-07-24,0.85154600987752,LOSS,4.0,crypto
THETA-USD,LONG,2025-09-13,0.8794549703598022,0.7998831248270816,1.0385986614252436,1483,True,False,True,0.159,2025-09-15,0.7998831248270816,LOSS,2.0,crypto
THETA-USD,LONG,2026-04-17,0.2156360000371933,0.1911002100992403,0.2647075799130993,1699,True,False,True,0.798,2026-04-18,0.2647075799130993,WIN,1.0,crypto
THETA-USD,LONG,2026-05-11,0.24697400629520416,0.2212636232257967,0.2983947724340191,1723,True,False,True,0.324,2026-05-14,0.2212636232257967,LOSS,3.0,crypto
THETA-USD,LONG,2026-08-19,0.1516440063714981,0.1396166490552217,0.17569872100405093,1823,True,False,True,0.778,2026-08-21,0.17569872100405093,WIN,2.0,crypto
TIA-USD,LONG,2024-01-29,0.010266999714076519,0.007504236197244416,0.015792526747740725,700,True,False,True,0.185,2024-02-13,0.015792526747740725,WIN,15.0,crypto
TIA-USD,LONG,2024-03-26,7149.4150390625,6079.69956707456,9288.84598303838,757,True,False,True,13.367,2024-03-27,6079.69956707456,LOSS,1.0,crypto
TIA-USD,LONG,2024-04-22,0.03578199818730354,-322.16713943421615,644.4416248629942,784,False,False,True,0.0,,,OPEN,,crypto
TON-USD,LONG,2022-03-26,4.135398864746094,3.7194542741340633,4.967288045970155,216,True,False,True,0.186,2022-03-31,4.967288045970155,WIN,5.0,crypto
TON-USD,LONG,2022-04-01,5.101822853088379,4.496164702827661,6.313139153609814,222,True,False,True,0.085,2022-04-06,4.496164702827661,LOSS,5.0,crypto
TON-USD,LONG,2023-03-20,1.9532450437545776,1.6267231973351333,2.6062887365934664,575,True,True,True,0.183,2023-05-08,1.6267231973351333,LOSS,49.0,crypto
TON-USD,LONG,2023-06-24,1.5073590278625488,1.3883120100569195,1.7454530634738075,671,True,True,True,0.208,2023-07-02,1.3883120100569195,LOSS,8.0,crypto
TON-USD,LONG,2023-10-28,1.666856050491333,1.346556497194259,2.307455157085481,797,True,False,True,0.128,2023-10-29,1.346556497194259,LOSS,1.0,crypto
TON-USD,LONG,2023-11-04,2.226746082305908,1.8180706580544532,3.044096930808818,804,True,True,True,2.402,2024-03-08,3.044096930808818,WIN,125.0,crypto
TON-USD,LONG,2024-04-08,3.717133045196533,2.7950585704443696,5.5612819947008605,960,True,False,True,0.366,2024-04-10,2.7950585704443696,LOSS,2.0,crypto
TON-USD,LONG,2025-03-28,3.799431085586548,2.3043906890875423,6.789511878584559,1314,True,True,True,0.415,2025-03-29,2.3043906890875423,LOSS,1.0,crypto
TRX-USD,LONG,2021-11-02,0.1073950007557869,0.09588364530192735,0.130417711663506,72,True,True,True,0.239,2021-11-26,0.09588364530192735,LOSS,24.0,crypto
TRX-USD,LONG,2022-03-22,0.0634080022573471,0.05955886124083899,0.07110628429036334,212,True,False,True,0.295,2022-03-28,0.07110628429036334,WIN,6.0,crypto
TRX-USD,LONG,2022-03-30,0.07308699935674667,0.06799404136874537,0.08327291533274928,220,True,True,True,0.298,2022-04-06,0.06799404136874537,LOSS,7.0,crypto
TRX-USD,LONG,2022-05-04,0.08624900132417679,0.07605721757100162,0.10663256883052713,255,True,True,True,2.235,2022-05-05,0.07605721757100162,LOSS,1.0,crypto
TRX-USD,LONG,2023-05-22,0.07816799730062485,0.07444150929122391,0.08562097331942672,638,True,True,True,0.919,2023-06-01,0.07444150929122391,LOSS,10.0,crypto
TRX-USD,LONG,2023-06-02,0.08275400102138519,0.07837554300159168,0.09151091706097222,649,True,True,True,1.562,2023-06-05,0.07837554300159168,LOSS,3.0,crypto
TRX-USD,LONG,2023-07-01,0.07721299678087234,0.07305830049562255,0.08552238935137194,678,True,False,True,0.228,2023-07-22,0.08552238935137194,WIN,21.0,crypto
TRX-USD,LONG,2023-09-14,0.08369400352239609,0.08058631499102623,0.08990938058513581,753,True,False,True,0.87,2023-10-01,0.08990938058513581,WIN,17.0,crypto
TRX-USD,LONG,2023-10-03,0.09085799753665924,0.08746401507661486,0.097645962456748,772,True,False,True,0.32,2023-10-06,0.08746401507661486,LOSS,3.0,crypto
TRX-USD,LONG,2023-10-23,0.09223800152540207,0.08892104536381247,0.09887191384858127,792,True,True,True,0.122,2023-11-01,0.09887191384858127,WIN,9.0,crypto
TRX-USD,LONG,2023-11-10,0.1062380000948906,0.10093384071829953,0.11684631884807273,810,True,True,True,1.993,2023-11-21,0.10093384071829953,LOSS,11.0,crypto
TRX-USD,LONG,2024-01-13,0.11414899677038193,0.10779574647134296,0.12685549736845986,874,True,True,True,1.132,2024-01-16,0.10779574647134296,LOSS,3.0,crypto
TRX-USD,LONG,2024-02-04,0.11838799715042114,0.11303373847251913,0.12909651450622517,896,True,False,True,0.188,2024-02-14,0.12909651450622517,WIN,10.0,crypto
TRX-USD,LONG,2024-02-15,0.13116900622844696,0.12558861172274963,0.14232979523984163,907,True,True,True,0.504,2024-02-27,0.14232979523984163,WIN,12.0,crypto
TRX-USD,LONG,2024-05-09,0.12619300186634064,0.12014044073376963,0.13829812413148265,991,True,False,True,0.75,2024-05-22,0.12014044073376963,LOSS,13.0,crypto
TRX-USD,LONG,2024-06-26,0.12249699980020523,0.11824761067846326,0.13099577804368917,1039,True,False,True,0.156,2024-07-10,0.13099577804368917,WIN,14.0,crypto
TRX-USD,LONG,2024-07-11,0.1343899965286255,0.12839777149727305,0.14637444659133036,1054,True,False,True,0.869,2024-08-01,0.12839777149727305,LOSS,21.0,crypto
TRX-USD,LONG,2024-08-19,0.14318400621414185,0.13644883716424847,0.1566543443139286,1093,True,True,True,1.425,2024-08-20,0.1566543443139286,WIN,1.0,crypto
TRX-USD,LONG,2024-08-25,0.16655699908733368,0.15500113772273427,0.1896687218165325,1099,True,True,True,0.162,2024-09-02,0.15500113772273427,LOSS,8.0,crypto
TRX-USD,LONG,2024-09-27,0.1551699936389923,0.15012180279203358,0.16526637533290978,1132,True,False,True,0.085,2024-10-25,0.16526637533290978,WIN,28.0,crypto
TRX-USD,LONG,2024-10-30,0.1692589968442917,0.16406201344250732,0.17965296364786043,1165,True,False,True,1.005,2024-11-03,0.16406201344250732,LOSS,4.0,crypto
TRX-USD,LONG,2024-11-12,0.18807899951934814,0.1791132571907108,0.20601048417662282,1178,True,True,True,3.957,2024-11-13,0.1791132571907108,LOSS,1.0,crypto
TRX-USD,LONG,2024-11-16,0.20006300508975983,0.18639081565043458,0.22740738396841031,1182,True,True,True,1.187,2024-12-03,0.22740738396841031,WIN,17.0,crypto
TRX-USD,LONG,2025-04-12,0.24607199430465698,0.22986710363620602,0.2784817756415589,1329,True,False,True,0.315,2025-05-12,0.2784817756415589,WIN,30.0,crypto
TRX-USD,LONG,2025-06-05,0.28273099660873413,0.26753977880961777,0.31311343220696686,1383,True,False,True,0.174,2025-06-13,0.26753977880961777,LOSS,8.0,crypto
TRX-USD,LONG,2025-07-09,0.28995099663734436,0.2796418182021259,0.31056935350778125,1417,True,False,True,0.224,2025-07-17,0.31056935350778125,WIN,8.0,crypto
TRX-USD,LONG,2025-07-18,0.32617300748825073,0.3116567186497547,0.3552055851652428,1426,True,True,True,0.977,2025-07-21,0.3116567186497547,LOSS,3.0,crypto
TRX-USD,LONG,2025-07-29,0.338236004114151,0.3199992928725234,0.37470942659740625,1437,True,True,True,0.432,2025-08-02,0.3199992928725234,LOSS,4.0,crypto
TRX-USD,LONG,2025-08-12,0.35235899686813354,0.33715015518379216,0.3827766802368163,1451,True,False,True,0.311,2025-08-29,0.33715015518379216,LOSS,17.0,crypto
TRX-USD,LONG,2026-01-07,0.29790499806404114,0.2895209822692004,0.31467302965372257,1599,True,False,True,0.554,2026-01-17,0.31467302965372257,WIN,10.0,crypto
TRX-USD,LONG,2026-03-20,0.3099139928817749,0.29888188122827464,0.33197821618877543,1671,True,False,True,0.171,2026-04-19,0.33197821618877543,WIN,30.0,crypto
TRX-USD,LONG,2026-05-03,0.3385390043258667,0.32857613448613504,0.35846474400533,1715,True,False,True,0.403,2026-05-20,0.35846474400533,WIN,17.0,crypto
TRX-USD,LONG,2026-05-21,0.36502400040626526,0.35572333937502343,0.3836253224687489,1733,True,False,True,1.175,2026-05-28,0.35572333937502343,LOSS,7.0,crypto
TRX-USD,LONG,2026-08-11,0.3347649872303009,0.3280499073476284,0.3481951469956459,1815,True,False,True,0.502,2026-08-22,0.3481951469956459,WIN,11.0,crypto
UMA-USD,LONG,2021-11-07,15.982217788696289,12.815170370072591,22.316312625943684,77,True,True,True,0.969,2021-11-15,22.316312625943684,WIN,8.0,crypto
UMA-USD,LONG,2022-02-28,7.234582901000977,5.8395453374009385,10.024658028201053,190,False,True,True,0.543,2022-03-01,10.024658028201053,WIN,1.0,crypto
UMA-USD,LONG,2022-12-06,1.9548799991607666,1.7322607160185168,2.400118565445266,471,True,True,True,1.741,2022-12-08,1.7322607160185168,LOSS,2.0,crypto
UMA-USD,LONG,2023-01-14,1.8597520589828491,1.687149808526533,2.2049565598954812,510,True,True,True,0.067,2023-01-24,2.2049565598954812,WIN,10.0,crypto
UMA-USD,LONG,2023-02-19,2.279604911804199,2.048701562984065,2.7414116094444676,546,True,True,True,0.33,2023-02-21,2.7414116094444676,WIN,2.0,crypto
UMA-USD,LONG,2023-05-05,2.947268009185791,2.546017437815063,3.7497691519272474,621,True,True,True,2.981,2023-05-06,2.546017437815063,LOSS,1.0,crypto
UMA-USD,LONG,2024-01-19,5.329994201660156,4.419037492419511,7.151907620141447,880,True,True,True,5.602,2024-01-20,4.419037492419511,LOSS,1.0,crypto
UMA-USD,LONG,2024-05-08,3.4495949745178223,2.816899152528801,4.714986618495865,990,True,True,True,1.026,2024-06-11,2.816899152528801,LOSS,34.0,crypto
UMA-USD,LONG,2024-11-24,2.988023042678833,2.5474250654745054,3.869218997087488,1190,True,False,True,0.401,2024-12-04,3.869218997087488,WIN,10.0,crypto
UMA-USD,LONG,2025-07-15,1.2366230487823486,1.0894605680734277,1.5309480102001904,1423,True,True,True,0.115,2025-07-21,1.5309480102001904,WIN,6.0,crypto
UMA-USD,LONG,2025-08-23,1.617764949798584,1.3412017794845907,2.1708912904265705,1462,True,True,True,0.021,2025-09-01,1.3412017794845907,LOSS,9.0,crypto
UMA-USD,LONG,2026-04-17,0.47192099690437317,0.42697293639218503,0.5618171179287494,1699,True,True,True,0.589,2026-04-18,0.5618171179287494,WIN,1.0,crypto
VET-USD,LONG,2021-10-21,0.12918399274349213,0.11075125877697539,0.1660494606765256,60,True,True,True,0.18,2021-11-08,0.1660494606765256,WIN,18.0,crypto
VET-USD,LONG,2022-03-26,0.06410499662160873,0.05660520833450566,0.07910457319581488,216,True,True,True,1.382,2022-03-28,0.07910457319581488,WIN,2.0,crypto
VET-USD,LONG,2022-03-30,0.0842680037021637,0.07253615022939067,0.10773171064770976,220,True,True,True,0.601,2022-04-06,0.07253615022939067,LOSS,7.0,crypto
VET-USD,LONG,2024-02-12,0.031543001532554626,0.028942449263552696,0.03674410607055849,904,True,False,True,0.491,2024-02-15,0.03674410607055849,WIN,3.0,crypto
VET-USD,LONG,2024-04-11,0.04819199815392494,0.04129824164478912,0.06197951117219659,963,True,True,True,0.083,2024-04-12,0.04129824164478912,LOSS,1.0,crypto
VET-USD,LONG,2024-07-13,0.029354000464081764,0.025921412143992986,0.03621917710425932,1056,True,False,True,0.951,2024-08-01,0.025921412143992986,LOSS,19.0,crypto
VET-USD,LONG,2024-11-16,0.0314829982817173,0.02730205160080969,0.03984489164353252,1182,True,True,True,0.925,2024-11-23,0.03984489164353252,WIN,7.0,crypto
VET-USD,LONG,2024-12-02,0.057333000004291534,0.04894330166209761,0.07411239668867939,1198,True,True,True,2.296,2024-12-03,0.07411239668867939,WIN,1.0,crypto
VET-USD,LONG,2025-01-17,0.05613299831748009,0.0472064743989071,0.07398604615462606,1244,True,True,True,0.424,2025-01-19,0.0472064743989071,LOSS,2.0,crypto
VET-USD,LONG,2025-04-22,0.025475999340415,0.022340452546152977,0.03174709292893905,1339,True,False,True,0.543,2025-05-10,0.03174709292893905,WIN,18.0,crypto
VET-USD,LONG,2025-07-09,0.02242800034582615,0.020053198928434324,0.0271776031806098,1417,False,False,True,0.017,2025-07-18,0.0271776031806098,WIN,9.0,crypto
VET-USD,LONG,2025-09-18,0.025947000831365585,0.023817779584157615,0.030205443325781525,1488,True,False,True,0.002,2025-09-22,0.023817779584157615,LOSS,4.0,crypto
VET-USD,LONG,2026-05-06,0.007708999793976545,0.007167394385251548,0.00879221061142654,1718,True,False,True,0.388,2026-05-15,0.007167394385251548,LOSS,9.0,crypto
WAVES-USD,LONG,2022-02-26,12.257729530334473,10.05656437839761,16.660059834208198,188,True,True,True,0.108,2022-03-01,16.660059834208198,WIN,3.0,crypto
WAVES-USD,LONG,2022-03-07,22.557344436645508,18.51522579232053,30.641581725295467,197,True,True,True,0.836,2022-03-16,30.641581725295467,WIN,9.0,crypto
WAVES-USD,LONG,2022-03-18,32.705299377441406,27.47259635693223,43.17070541845976,208,True,False,True,0.658,2022-03-28,43.17070541845976,WIN,10.0,crypto
WAVES-USD,LONG,2022-03-29,50.53282928466797,43.5435342919818,64.5114192700403,219,True,True,True,1.982,2022-04-04,43.5435342919818,LOSS,6.0,crypto
WAVES-USD,LONG,2023-02-19,3.1307671070098877,2.67900827717472,4.034284766680223,546,True,True,True,0.431,2023-02-24,2.67900827717472,LOSS,5.0,crypto
WAVES-USD,LONG,2023-06-24,2.4223248958587646,2.0924788849833837,3.0820169176095265,671,True,True,True,4.039,2023-06-25,2.0924788849833837,LOSS,1.0,crypto
WAVES-USD,LONG,2023-10-01,1.6219439506530762,1.5253030288416096,1.8152257942760093,770,True,False,True,0.046,2023-10-04,1.5253030288416096,LOSS,3.0,crypto
WAVES-USD,LONG,2023-10-24,1.7740360498428345,1.612017434524002,2.0980732804804996,793,True,True,True,1.652,2023-11-05,2.0980732804804996,WIN,12.0,crypto
WAVES-USD,LONG,2023-11-10,2.2105939388275146,1.9744086306170594,2.682964555248425,810,True,True,True,0.368,2023-11-21,1.9744086306170594,LOSS,11.0,crypto
WAVES-USD,LONG,2023-12-08,2.450079917907715,2.2156331558549365,2.9189734420132716,838,True,False,True,1.032,2023-12-11,2.2156331558549365,LOSS,3.0,crypto
WAVES-USD,LONG,2023-12-20,2.5896129608154297,2.262821413924756,3.243196054596777,850,True,True,True,0.179,2024-01-08,2.262821413924756,LOSS,19.0,crypto
WAVES-USD,LONG,2024-02-27,2.69696307182312,2.450640868547418,3.1896074783745245,919,True,True,True,1.164,2024-02-28,2.450640868547418,LOSS,1.0,crypto
WAVES-USD,LONG,2024-03-02,3.002065896987915,2.70234644397316,3.6015048030174253,923,True,True,True,1.038,2024-03-04,3.6015048030174253,WIN,2.0,crypto
WAVES-USD,LONG,2024-03-13,4.552491188049316,3.9062807821473973,5.844911999853155,934,True,True,True,2.857,2024-03-16,3.9062807821473973,LOSS,3.0,crypto
WAVES-USD,LONG,2024-11-20,1.52498197555542,1.3363289893217827,1.9022879480226944,1186,True,True,True,0.589,2024-11-29,1.9022879480226944,WIN,9.0,crypto
WAVES-USD,LONG,2025-04-26,1.2387690544128418,1.0933064605597935,1.5296942421189383,1343,True,True,True,0.486,2025-05-06,1.0933064605597935,LOSS,10.0,crypto
WAVES-USD,LONG,2025-05-10,1.3110580444335938,1.177386032569911,1.5784020681609592,1357,True,False,True,0.17,2025-05-30,1.177386032569911,LOSS,20.0,crypto
WAVES-USD,LONG,2025-08-19,1.4347230195999146,1.2449246205205848,1.814319817758574,1458,True,True,True,0.002,2025-08-22,1.2449246205205848,LOSS,3.0,crypto
WIF-USD,LONG,2024-02-27,0.6057500243186951,0.4558831179906687,0.9054838369747478,70,True,True,True,1.562,2024-03-01,0.9054838369747478,WIN,3.0,crypto
WIF-USD,LONG,2024-03-02,1.387902021408081,1.1196040332819777,1.9244979976602878,74,True,True,True,0.564,2024-03-05,1.1196040332819777,LOSS,3.0,crypto
WIF-USD,LONG,2024-03-13,2.6393449306488037,1.9839995033838318,3.9500357851787475,85,True,True,True,0.5,2024-03-20,1.9839995033838318,LOSS,7.0,crypto
WIF-USD,LONG,2024-03-28,3.741178035736084,2.682809878528458,5.8579143501513355,100,True,False,True,0.405,2024-04-12,2.682809878528458,LOSS,15.0,crypto
WIF-USD,LONG,2024-05-28,3.7781460285186768,3.045581229700966,5.243275626154098,161,True,True,True,0.924,2024-06-07,3.045581229700966,LOSS,10.0,crypto
WIF-USD,LONG,2024-08-24,1.968641996383667,1.5767865773287233,2.7523528344935544,249,True,False,True,0.105,2024-08-27,1.5767865773287233,LOSS,3.0,crypto
WIF-USD,LONG,2024-09-19,1.7713780403137207,1.4863483188632505,2.341437483214661,275,True,True,True,0.3,2024-09-27,2.341437483214661,WIN,8.0,crypto
WIF-USD,LONG,2024-09-29,2.4516971111297607,2.095296037946982,3.1644992574953186,285,True,False,True,0.186,2024-10-03,2.095296037946982,LOSS,4.0,crypto
WIF-USD,LONG,2024-11-11,3.133336067199707,2.6075643853615804,4.18487943087596,328,True,True,True,1.046,2024-11-13,4.18487943087596,WIN,2.0,crypto
WIF-USD,LONG,2025-07-20,1.2155309915542603,1.0044996167962308,1.6375937410703192,579,True,True,True,0.746,2025-07-25,1.0044996167962308,LOSS,5.0,crypto
WOO-USD,LONG,2021-11-11,1.6601279973983765,1.3778605963198205,2.2246627995554884,81,True,True,True,1.244,2021-11-16,2.2246627995554884,WIN,5.0,crypto
WOO-USD,LONG,2022-06-23,0.21603800356388092,0.16740733735685717,0.3132993359779284,305,True,True,True,0.715,2022-06-30,0.16740733735685717,LOSS,7.0,crypto
WOO-USD,LONG,2022-07-19,0.2083200067281723,0.17083567832324784,0.28328866353802123,331,True,False,True,0.536,2022-07-26,0.17083567832324784,LOSS,7.0,crypto
WOO-USD,LONG,2022-07-30,0.22260500490665436,0.18079850813211767,0.3062179984557277,342,True,True,True,0.242,2022-08-18,0.18079850813211767,LOSS,19.0,crypto
WOO-USD,LONG,2023-02-06,0.22778700292110443,0.195366502155793,0.2926280044517273,533,True,True,True,0.162,2023-02-13,0.195366502155793,LOSS,7.0,crypto
WOO-USD,LONG,2023-03-17,0.23594699800014496,0.1963316108109353,0.31517777237856426,572,True,True,True,0.224,2023-03-21,0.1963316108109353,LOSS,4.0,crypto
WOO-USD,LONG,2023-04-12,0.24663199484348297,0.21572046663899047,0.30845505125246797,598,True,True,True,0.607,2023-04-14,0.30845505125246797,WIN,2.0,crypto
WOO-USD,LONG,2023-04-15,0.3311600089073181,0.2878103819990739,0.4178592627238066,601,True,True,True,0.592,2023-04-19,0.2878103819990739,LOSS,4.0,crypto
WOO-USD,LONG,2023-12-10,0.26216599345207214,0.22944840229948962,0.3276011757572372,840,True,False,True,0.276,2023-12-14,0.3276011757572372,WIN,4.0,crypto
WOO-USD,LONG,2023-12-15,0.4128890037536621,0.34937647065287625,0.5399140699552338,845,True,True,True,0.708,2023-12-18,0.34937647065287625,LOSS,3.0,crypto
WOO-USD,LONG,2023-12-19,0.4566429853439331,0.37701887200296536,0.6158912120258686,849,True,True,True,0.048,2024-01-03,0.37701887200296536,LOSS,15.0,crypto
WOO-USD,LONG,2024-02-19,0.4482539892196655,0.3979520687119224,0.5488578302351518,911,True,True,True,0.359,2024-02-21,0.3979520687119224,LOSS,2.0,crypto
WOO-USD,LONG,2024-02-22,0.47018200159072876,0.40811203138420776,0.5943219420037708,914,True,True,True,0.396,2024-03-03,0.5943219420037708,WIN,10.0,crypto
WOO-USD,LONG,2024-08-23,0.18024000525474548,0.15702927609473252,0.2266614635747714,1097,True,False,True,0.986,2024-08-27,0.15702927609473252,LOSS,4.0,crypto
WOO-USD,LONG,2024-09-20,0.17978300154209137,0.15834655014841528,0.22265590432944354,1125,True,False,True,0.055,2024-10-03,0.15834655014841528,LOSS,13.0,crypto
WOO-USD,LONG,2024-11-12,0.25406399369239807,0.2142860860365846,0.333619809004025,1178,True,True,True,0.751,2024-11-20,0.2142860860365846,LOSS,8.0,crypto
WOO-USD,LONG,2024-11-30,0.2878180146217346,0.24035651659590024,0.3827410106734034,1196,True,False,True,0.209,2024-12-04,0.3827410106734034,WIN,4.0,crypto
WOO-USD,LONG,2026-03-16,0.020078999921679497,0.01783782286046816,0.024561354044102167,1667,True,False,True,0.983,2026-03-21,0.01783782286046816,LOSS,5.0,crypto
WOO-USD,LONG,2026-04-16,0.019137000665068626,0.017074936041873375,0.02326112991145913,1698,True,False,True,0.28,2026-05-16,0.017074936041873375,LOSS,30.0,crypto
XLM-USD,LONG,2021-11-09,0.41214901208877563,0.365889019151522,0.5046689979632829,79,True,True,True,0.59,2021-11-12,0.365889019151522,LOSS,3.0,crypto
XLM-USD,LONG,2022-03-24,0.21476900577545166,0.1950358067881951,0.2542354037499648,214,True,False,True,0.205,2022-04-11,0.1950358067881951,LOSS,18.0,crypto
XLM-USD,LONG,2022-07-19,0.11865200102329254,0.10599754792360165,0.14396090722267432,331,True,False,True,0.083,2022-07-26,0.10599754792360165,LOSS,7.0,crypto
XLM-USD,LONG,2022-08-08,0.13010799884796143,0.11810463312700163,0.154114730289881,351,True,True,True,0.864,2022-08-18,0.11810463312700163,LOSS,10.0,crypto
XLM-USD,LONG,2022-11-04,0.11564400047063828,0.10761584670068641,0.131700308010542,439,False,True,True,0.062,2022-11-08,0.10761584670068641,LOSS,4.0,crypto
XLM-USD,LONG,2023-01-12,0.08164399862289429,0.07695884283108236,0.09101431020651815,508,True,True,True,0.054,2023-01-21,0.09101431020651815,WIN,9.0,crypto
XLM-USD,LONG,2023-01-23,0.09447800368070602,0.08777388549347033,0.10788624005517741,519,True,False,True,0.3,2023-02-09,0.08777388549347033,LOSS,17.0,crypto
XLM-USD,LONG,2023-02-21,0.09484300017356873,0.08781192609884331,0.10890514832301956,548,True,True,True,0.007,2023-02-25,0.08781192609884331,LOSS,4.0,crypto
XLM-USD,LONG,2023-03-21,0.09654299914836884,0.08811494570101444,0.11339910604307762,576,True,True,True,1.628,2023-03-24,0.08811494570101444,LOSS,3.0,crypto
XLM-USD,LONG,2023-03-29,0.1018889993429184,0.09220644607329903,0.12125410588215713,584,True,True,True,0.57,2023-04-22,0.09220644607329903,LOSS,24.0,crypto
XLM-USD,LONG,2023-06-27,0.10213500261306763,0.09530086630228023,0.11580327523464243,674,True,True,True,2.795,2023-06-30,0.11580327523464243,WIN,3.0,crypto
XLM-USD,LONG,2023-07-13,0.15487900376319885,0.13538623868292365,0.19386453392374925,690,True,True,True,3.949,2023-07-14,0.13538623868292365,LOSS,1.0,crypto
XLM-USD,LONG,2024-07-13,0.10244400054216385,0.0931298438747321,0.12107231387702735,1056,True,True,True,1.794,2024-08-03,0.0931298438747321,LOSS,21.0,crypto
XLM-USD,LONG,2024-09-21,0.09809000045061111,0.09264596338759441,0.10897807457664452,1126,True,False,True,0.286,2024-10-02,0.09264596338759441,LOSS,11.0,crypto
XLM-USD,LONG,2024-11-07,0.1020520031452179,0.09636222349942289,0.11343156243680791,1173,True,True,True,1.549,2024-11-11,0.11343156243680791,WIN,4.0,crypto
XLM-USD,LONG,2024-11-12,0.13495400547981262,0.1239075206682322,0.15704697510297347,1178,True,True,True,3.652,2024-11-13,0.1239075206682322,LOSS,1.0,crypto
XLM-USD,LONG,2024-11-15,0.14625699818134308,0.13040519251031546,0.17796060952339832,1181,True,True,True,0.657,2024-11-16,0.17796060952339832,WIN,1.0,crypto
XLM-USD,LONG,2024-11-22,0.34106600284576416,0.2891098151596484,0.4449783782179957,1188,True,True,True,2.838,2024-11-23,0.4449783782179957,WIN,1.0,crypto
XLM-USD,LONG,2025-01-15,0.48931699991226196,0.40760783315756854,0.6527353334216488,1242,True,True,True,0.124,2025-01-26,0.40760783315756854,LOSS,11.0,crypto
XLM-USD,LONG,2025-04-24,0.2806690037250519,0.24972755995828194,0.34255189125859176,1341,True,False,True,0.391,2025-06-18,0.24972755995828194,LOSS,55.0,crypto
XLM-USD,LONG,2025-07-10,0.30274298787117004,0.2767118933928377,0.35480517682783475,1418,True,True,True,0.479,2025-07-11,0.35480517682783475,WIN,1.0,crypto
XLM-USD,LONG,2025-07-13,0.4720729887485504,0.41753170816026175,0.5811555499251277,1421,True,True,True,2.162,2025-07-23,0.41753170816026175,LOSS,10.0,crypto
XLM-USD,LONG,2026-01-05,0.2529579997062683,0.22931513091083952,0.3002437372971259,1597,True,True,True,1.485,2026-01-08,0.22931513091083952,LOSS,3.0,crypto
XLM-USD,LONG,2026-03-15,0.1691489964723587,0.15271911009359646,0.2020087692298832,1666,True,False,True,0.026,2026-04-09,0.15271911009359646,LOSS,25.0,crypto
XLM-USD,LONG,2026-04-17,0.17441299557685852,0.16008421999554567,0.20307054673948421,1699,True,False,True,0.073,2026-04-29,0.16008421999554567,LOSS,12.0,crypto
XLM-USD,LONG,2026-05-28,0.20349399745464325,0.18273279735447764,0.24501639765497446,1740,True,True,True,2.895,2026-05-29,0.24501639765497446,WIN,1.0,crypto
XMR-USD,LONG,2022-03-08,204.84634399414062,176.71495990471436,261.10911217299315,198,True,True,True,1.512,2022-03-10,176.71495990471436,LOSS,2.0,crypto
XMR-USD,LONG,2022-03-26,207.19203186035156,184.53852825668514,252.4990390676844,216,True,False,True,0.025,2022-04-18,252.4990390676844,WIN,23.0,crypto
XMR-USD,LONG,2022-04-21,279.39312744140625,248.23863440962023,341.7021135049783,242,True,True,True,0.6,2022-04-25,248.23863440962023,LOSS,4.0,crypto
XMR-USD,LONG,2022-07-15,138.90672302246094,121.79764523617229,173.12487859503824,327,True,False,True,0.482,2022-08-16,173.12487859503824,WIN,32.0,crypto
XMR-USD,LONG,2022-11-30,142.1205291748047,130.83948507642373,164.6826173715666,465,True,False,True,0.441,2023-01-11,164.6826173715666,WIN,42.0,crypto
XMR-USD,LONG,2023-01-14,175.7982635498047,165.143963253875,197.10686414166406,510,True,True,True,0.868,2023-01-18,165.143963253875,LOSS,4.0,crypto
XMR-USD,LONG,2023-06-22,150.11863708496094,140.55684768332677,169.24221588822928,669,True,False,True,0.006,2023-06-27,169.24221588822928,WIN,5.0,crypto
XMR-USD,LONG,2023-10-01,149.16140747070312,143.1078931668985,161.2684360783124,770,True,True,True,0.004,2023-10-23,161.2684360783124,WIN,22.0,crypto
XMR-USD,LONG,2023-10-29,174.354248046875,165.22759622269209,192.60755169524083,798,True,True,True,2.379,2023-10-30,165.22759622269209,LOSS,1.0,crypto
XMR-USD,LONG,2023-12-23,178.51332092285156,168.9910300136186,197.5579027413175,853,True,False,True,0.005,2023-12-29,168.9910300136186,LOSS,6.0,crypto
XMR-USD,LONG,2024-02-28,133.8922882080078,119.00502550719787,163.6668136096277,920,True,False,True,0.292,2024-04-02,119.00502550719787,LOSS,34.0,crypto
XMR-USD,LONG,2024-05-13,135.58448791503906,122.6723602105198,161.4087433240776,995,True,False,True,0.071,2024-06-05,161.4087433240776,WIN,23.0,crypto
XMR-USD,LONG,2024-06-10,178.46685791015625,164.5966628149946,206.20724810047955,1023,True,True,True,0.459,2024-06-14,164.5966628149946,LOSS,4.0,crypto
XMR-USD,LONG,2024-08-23,173.22744750976562,159.98867328734894,199.70499595459899,1097,True,False,True,0.524,2024-08-27,159.98867328734894,LOSS,4.0,crypto
XMR-USD,LONG,2024-10-20,163.2498016357422,151.27466419308018,187.2000765210662,1155,True,False,True,0.102,2024-11-12,151.27466419308018,LOSS,23.0,crypto
XMR-USD,LONG,2024-12-02,173.86380004882812,158.6762417174768,204.23891671153075,1198,True,True,True,0.985,2024-12-03,204.23891671153075,WIN,1.0,crypto
XMR-USD,LONG,2024-12-08,222.5482177734375,195.80621641936972,276.03222048157306,1204,True,False,True,0.758,2024-12-09,195.80621641936972,LOSS,1.0,crypto
XMR-USD,LONG,2025-01-16,221.90109252929688,198.40708704160255,268.8891035046855,1243,True,True,True,0.989,2025-01-20,198.40708704160255,LOSS,4.0,crypto
XMR-USD,LONG,2025-04-22,226.88441467285156,210.85527123959002,258.94270153937464,1339,True,False,True,0.614,2025-04-28,258.94270153937464,WIN,6.0,crypto
XMR-USD,LONG,2025-05-20,352.06494140625,322.98549607165006,410.2238320754499,1367,True,False,True,0.145,2025-05-25,410.2238320754499,WIN,5.0,crypto
XMR-USD,LONG,2025-07-14,344.3134765625,317.29745538930865,398.3455189088827,1422,True,True,True,0.252,2025-07-21,317.29745538930865,LOSS,7.0,crypto
XMR-USD,LONG,2025-09-13,286.05792236328125,264.07176370954664,330.03023967075046,1483,True,False,True,0.061,2025-10-02,330.03023967075046,WIN,19.0,crypto
XMR-USD,LONG,2025-10-09,342.2665100097656,310.5285918314232,405.7423463664504,1509,True,True,True,0.031,2025-10-10,310.5285918314232,LOSS,1.0,crypto
XMR-USD,LONG,2025-10-26,348.1620178222656,311.9900684685382,420.5059165297205,1526,True,False,True,0.12,2025-11-09,420.5059165297205,WIN,14.0,crypto
XMR-USD,LONG,2025-12-20,476.6664733886719,422.8914160299484,584.2165881061188,1581,True,False,True,1.157,2026-01-01,422.8914160299484,LOSS,12.0,crypto
XMR-USD,LONG,2026-01-11,558.52734375,504.927202135012,665.727626979976,1603,True,True,True,2.81,2026-01-13,665.727626979976,WIN,2.0,crypto
XMR-USD,LONG,2026-01-14,713.4431762695312,633.1213183984504,874.086892011693,1606,True,True,True,0.585,2026-01-16,633.1213183984504,LOSS,2.0,crypto
XRP-USD,LONG,2021-11-03,1.2087960243225098,1.071755230975041,1.482877611017447,73,True,True,True,0.34,2021-11-16,1.071755230975041,LOSS,13.0,crypto
XRP-USD,LONG,2021-12-23,0.9932850003242493,0.8591851887230652,1.2614846235266175,123,True,False,True,0.119,2021-12-28,0.8591851887230652,LOSS,5.0,crypto
XRP-USD,LONG,2022-03-28,0.8633040189743042,0.7900774697746057,1.0097571173737012,218,True,False,True,0.01,2022-04-06,0.7900774697746057,LOSS,9.0,crypto
XRP-USD,LONG,2022-09-17,0.3770039975643158,0.34376918731722855,0.4434736180584903,391,True,True,True,0.948,2022-09-19,0.34376918731722855,LOSS,2.0,crypto
XRP-USD,LONG,2022-09-20,0.41518300771713257,0.37018906814396535,0.505170886863467,394,True,True,True,0.811,2022-09-23,0.505170886863467,WIN,3.0,crypto
XRP-USD,LONG,2022-11-04,0.5044040083885193,0.46037894463476686,0.5924541358960241,439,True,True,True,0.669,2022-11-08,0.46037894463476686,LOSS,4.0,crypto
XRP-USD,LONG,2023-01-14,0.39544299244880676,0.3683455202873696,0.44963793677168107,510,True,True,True,0.664,2023-02-13,0.3683455202873696,LOSS,30.0,crypto
XRP-USD,LONG,2023-03-21,0.46970999240875244,0.42236052195073437,0.5644089333247886,576,True,True,True,2.944,2023-03-22,0.42236052195073437,LOSS,1.0,crypto
XRP-USD,LONG,2023-03-28,0.5150579810142517,0.45326831769685366,0.6386373076490478,583,True,True,True,0.767,2023-04-21,0.45326831769685366,LOSS,24.0,crypto
XRP-USD,LONG,2023-05-28,0.48288899660110474,0.4527046314420931,0.543257726919128,644,True,False,True,0.342,2023-06-04,0.543257726919128,WIN,7.0,crypto
XRP-USD,LONG,2023-07-13,0.8153650164604187,0.7272995546694165,0.991495940042423,690,True,True,True,7.119,2023-07-14,0.7272995546694165,LOSS,1.0,crypto
XRP-USD,LONG,2023-10-23,0.5468699932098389,0.5154232167861665,0.6097635460571835,792,True,True,True,0.125,2023-10-31,0.6097635460571835,WIN,8.0,crypto
XRP-USD,LONG,2023-11-05,0.6611469984054565,0.615233303759064,0.7529743876982415,805,True,True,True,1.614,2023-11-14,0.615233303759064,LOSS,9.0,crypto
XRP-USD,LONG,2023-12-08,0.6731380224227905,0.625115129038725,0.7691838091909216,838,True,True,True,0.836,2023-12-11,0.625115129038725,LOSS,3.0,crypto
XRP-USD,LONG,2024-03-04,0.6501330137252808,0.5918680764634089,0.7666628882490245,925,True,True,True,0.021,2024-03-05,0.5918680764634089,LOSS,1.0,crypto
XRP-USD,LONG,2024-03-11,0.7180359959602356,0.6342327184835418,0.8856425509136232,932,True,True,True,1.182,2024-03-15,0.6342327184835418,LOSS,4.0,crypto
XRP-USD,LONG,2024-07-13,0.526328980922699,0.47724340586328035,0.6245001310415362,1056,True,True,True,1.527,2024-07-17,0.6245001310415362,WIN,4.0,crypto
XRP-USD,LONG,2024-09-28,0.6148009896278381,0.5722837813102901,0.6998354062629342,1133,True,True,True,0.226,2024-10-02,0.5722837813102901,LOSS,4.0,crypto
XRP-USD,LONG,2024-11-11,0.6204670071601868,0.572206252798581,0.7169885158833984,1177,True,True,True,0.183,2024-11-12,0.7169885158833984,WIN,1.0,crypto
XRP-USD,LONG,2024-11-14,0.7730069756507874,0.6812231275403643,0.9565746718716335,1180,True,True,True,0.642,2024-11-16,0.9565746718716335,WIN,2.0,crypto
XRP-USD,LONG,2024-11-22,1.4690190553665161,1.2658489935297401,1.875359179040068,1188,True,True,True,2.09,2024-11-30,1.875359179040068,WIN,8.0,crypto
XRP-USD,LONG,2024-12-01,2.320223093032837,1.993569551960351,2.973530175177809,1197,True,True,True,2.237,2024-12-10,1.993569551960351,LOSS,9.0,crypto
XRP-USD,LONG,2025-01-11,2.576770067214966,2.249150929123283,3.2320083433983315,1238,True,False,True,0.442,2025-01-16,3.2320083433983315,WIN,5.0,crypto
XRP-USD,LONG,2025-05-10,2.4720299243927,2.260948964834096,2.8941918435099083,1357,True,False,True,0.442,2025-05-28,2.260948964834096,LOSS,18.0,crypto
XRP-USD,LONG,2025-07-09,2.4056360721588135,2.224627764593264,2.767652687289912,1417,True,True,True,0.631,2025-07-11,2.767652687289912,WIN,2.0,crypto
XRP-USD,LONG,2025-07-16,3.041404962539673,2.764983457667722,3.5942479722835747,1424,True,True,True,0.142,2025-07-18,3.5942479722835747,WIN,2.0,crypto
XRP-USD,LONG,2026-08-20,1.2684400081634521,1.1749011041463575,1.4555178161976414,1824,True,True,True,2.912,2026-08-21,1.4555178161976414,WIN,1.0,crypto
XRP-USD,LONG,2026-08-22,1.5190000534057617,1.3749708578569633,1.8070584445033586,1826,True,True,True,0.705,,,OPEN,,crypto
XTZ-USD,LONG,2022-03-26,3.658457040786743,3.262357612982332,4.450655896395565,216,True,True,True,0.395,2022-04-06,3.262357612982332,LOSS,11.0,crypto
XTZ-USD,LONG,2023-01-13,0.9164689779281616,0.8514463557503822,1.0465142222837205,509,True,True,True,0.742,2023-01-15,1.0465142222837205,WIN,2.0,crypto
XTZ-USD,LONG,2023-01-21,1.101876974105835,0.9864768403910014,1.3326772415355022,517,True,True,True,0.415,2023-02-22,1.3326772415355022,WIN,32.0,crypto
XTZ-USD,LONG,2023-03-17,1.2514469623565674,1.093771587541756,1.5667977119861902,572,True,False,True,0.057,2023-03-22,1.093771587541756,LOSS,5.0,crypto
XTZ-USD,LONG,2023-04-16,1.1787890195846558,1.091774413196136,1.3528182323616953,602,True,False,True,0.219,2023-04-19,1.091774413196136,LOSS,3.0,crypto
XTZ-USD,LONG,2023-07-13,0.9058579802513123,0.8359100101299438,1.0457539204940491,690,True,True,True,1.344,2023-07-18,0.8359100101299438,LOSS,5.0,crypto
XTZ-USD,LONG,2023-10-01,0.7056180238723755,0.6698699939189565,0.7771140837792134,770,True,False,True,0.767,2023-10-03,0.6698699939189565,LOSS,2.0,crypto
XTZ-USD,LONG,2023-10-29,0.7447559833526611,0.6940560617477132,0.8461558265625571,798,True,False,True,0.241,2023-11-07,0.8461558265625571,WIN,9.0,crypto
XTZ-USD,LONG,2023-11-08,0.8706219792366028,0.8119646323434409,0.9879366730229266,808,True,True,True,0.731,2023-11-09,0.8119646323434409,LOSS,1.0,crypto
XTZ-USD,LONG,2023-11-10,0.8985819816589355,0.8302809512677598,1.035184042441287,810,True,False,True,0.358,2023-11-14,0.8302809512677598,LOSS,4.0,crypto
XTZ-USD,LONG,2023-12-07,0.9084399938583374,0.8379811809641541,1.049357619646704,837,True,False,True,0.198,2023-12-26,1.049357619646704,WIN,19.0,crypto
XTZ-USD,LONG,2023-12-27,1.1125849485397339,0.99656234999769,1.3446301456238217,857,True,False,True,0.807,2024-01-03,0.99656234999769,LOSS,7.0,crypto
XTZ-USD,LONG,2024-02-14,1.0697920322418213,0.9808419569607976,1.2476921828038687,906,True,False,True,0.254,2024-02-29,1.2476921828038687,WIN,15.0,crypto
XTZ-USD,LONG,2024-03-02,1.4270689487457275,1.2971620652763747,1.6868827156844333,923,True,True,True,1.971,2024-03-05,1.2971620652763747,LOSS,3.0,crypto
XTZ-USD,LONG,2024-03-11,1.5237950086593628,1.333459860872508,1.9044653042330726,932,True,False,True,0.014,2024-03-15,1.333459860872508,LOSS,4.0,crypto
XTZ-USD,LONG,2024-07-15,0.822733998298645,0.7441925847872616,0.9798168253214119,1058,True,False,True,0.462,2024-07-24,0.7441925847872616,LOSS,9.0,crypto
XTZ-USD,LONG,2024-11-10,0.7193470001220703,0.6614256932938667,0.8351896137784776,1176,True,True,True,0.193,2024-11-16,0.8351896137784776,WIN,6.0,crypto
XTZ-USD,LONG,2024-11-18,1.1707760095596313,0.9982857614465227,1.5157565057858486,1184,True,True,True,3.309,2024-11-24,1.5157565057858486,WIN,6.0,crypto
XTZ-USD,LONG,2024-11-30,1.6802550554275513,1.3669777950109583,2.3068095762607372,1196,True,True,True,0.527,2024-12-09,1.3669777950109583,LOSS,9.0,crypto
XTZ-USD,LONG,2025-05-09,0.6303650140762329,0.5699103240770169,0.7512743940746649,1356,True,False,True,0.988,2025-05-30,0.5699103240770169,LOSS,21.0,crypto
XTZ-USD,LONG,2025-07-11,0.5997139811515808,0.548864659482909,0.7014126244889245,1419,True,True,True,0.283,2025-07-18,0.7014126244889245,WIN,7.0,crypto
XTZ-USD,LONG,2025-07-19,1.0361230373382568,0.910023923357727,1.2883212652993166,1427,True,True,True,4.437,2025-07-23,0.910023923357727,LOSS,4.0,crypto
XTZ-USD,LONG,2025-11-07,0.6960629820823669,0.6004878707046842,0.8872132048377324,1538,False,True,True,0.588,2025-11-11,0.6004878707046842,LOSS,4.0,crypto
XTZ-USD,LONG,2026-01-16,0.6194450259208679,0.5568839105989807,0.7445672565646424,1608,True,True,True,0.439,2026-01-19,0.5568839105989807,LOSS,3.0,crypto
XTZ-USD,LONG,2026-05-10,0.4010699987411499,0.37312649362803196,0.4569570089673858,1722,True,False,True,0.107,2026-05-13,0.37312649362803196,LOSS,3.0,crypto
XVG-USD,LONG,2021-11-09,0.02609499916434288,0.022842282135466328,0.032600433222095986,79,True,False,True,0.023,2021-11-10,0.032600433222095986,WIN,1.0,crypto
XVG-USD,LONG,2021-11-12,0.03486400097608566,0.029520556159877757,0.045550890608501475,82,True,True,True,0.201,2021-11-14,0.029520556159877757,LOSS,2.0,crypto
XVG-USD,LONG,2022-03-27,0.012420999817550182,0.010965020736860629,0.01533295797892929,217,True,False,True,0.992,2022-03-31,0.01533295797892929,WIN,4.0,crypto
XVG-USD,LONG,2024-04-01,0.010208000428974628,0.00847418914731837,0.013675622992287147,953,True,True,True,1.993,2024-04-02,0.013675622992287147,WIN,1.0,crypto
XVG-USD,LONG,2024-07-16,0.004741000011563301,0.004099196019278546,0.006024607996132811,1059,True,True,True,1.016,2024-07-25,0.004099196019278546,LOSS,9.0,crypto
XVG-USD,LONG,2024-08-23,0.004317000042647123,0.003736026193951915,0.00547894774003754,1097,True,False,True,0.565,2024-08-28,0.003736026193951915,LOSS,5.0,crypto
XVG-USD,LONG,2024-09-20,0.004046000074595213,0.0035901690510223403,0.004957662121740958,1125,True,True,True,0.307,2024-10-02,0.0035901690510223403,LOSS,12.0,crypto
XVG-USD,LONG,2024-11-10,0.0042570000514388084,0.003756491540218081,0.005258017073880263,1176,True,True,True,0.008,2024-11-13,0.005258017073880263,WIN,3.0,crypto
XVG-USD,LONG,2024-11-15,0.007259000092744827,0.006012015553369587,0.009752969171495308,1181,True,True,True,2.698,2024-11-16,0.006012015553369587,LOSS,1.0,crypto
XVG-USD,LONG,2024-12-02,0.009677000343799591,0.007650617041301953,0.013729766948794866,1198,True,True,True,1.188,2024-12-03,0.013729766948794866,WIN,1.0,crypto
XVG-USD,LONG,2024-12-04,0.020200999453663826,0.016226179351034042,0.028150639658923393,1200,True,True,True,0.443,2024-12-06,0.016226179351034042,LOSS,2.0,crypto
XVG-USD,LONG,2025-04-22,0.00496200006455183,0.004276579573568378,0.0063328410465187356,1339,True,True,True,0.622,2025-04-29,0.0063328410465187356,WIN,7.0,crypto
XVG-USD,LONG,2025-05-10,0.006519999820739031,0.0056883209459405604,0.008183357570335972,1357,True,True,True,0.399,2025-05-13,0.008183357570335972,WIN,3.0,crypto
XVG-USD,LONG,2026-01-13,0.007073000073432922,0.0060442362391101385,0.00913052774207849,1605,True,True,True,0.13,2026-01-30,0.0060442362391101385,LOSS,17.0,crypto
YFI-USD,LONG,2021-10-26,37532.98046875,33409.422804361915,45780.09579752617,65,True,True,True,0.047,2021-10-31,33409.422804361915,LOSS,5.0,crypto
YFI-USD,LONG,2021-12-17,33693.97265625,27798.675368062242,45484.567232625515,117,False,True,True,1.084,2022-01-21,27798.675368062242,LOSS,35.0,crypto
YFI-USD,LONG,2022-07-28,9135.1865234375,7714.727478982897,11976.104612346706,340,True,True,True,2.474,2022-07-30,11976.104612346706,WIN,2.0,crypto
YFI-USD,LONG,2022-12-04,7323.048828125,6451.402686091486,9066.341112192027,469,True,True,True,1.04,2022-12-13,6451.402686091486,LOSS,9.0,crypto
YFI-USD,LONG,2023-01-13,6541.92529296875,6046.302712264995,7533.170454376261,509,True,False,True,0.85,2023-01-14,7533.170454376261,WIN,1.0,crypto
YFI-USD,LONG,2023-01-23,7801.6728515625,7023.506234513059,9358.006085661382,519,True,True,True,0.483,2023-02-01,7023.506234513059,LOSS,9.0,crypto
YFI-USD,LONG,2023-02-21,8341.9501953125,7502.933251795307,10019.984082346886,548,True,True,True,0.578,2023-02-24,10019.984082346886,WIN,3.0,crypto
YFI-USD,LONG,2023-03-01,10389.4365234375,9040.789697692775,13086.73017492695,556,True,True,True,0.344,2023-03-08,9040.789697692775,LOSS,7.0,crypto
YFI-USD,LONG,2023-04-11,9213.8857421875,8352.825650435369,10936.005925691763,597,True,True,True,0.522,2023-04-19,8352.825650435369,LOSS,8.0,crypto
YFI-USD,LONG,2023-07-02,7259.6376953125,6600.568276649572,8577.776532638356,679,True,True,True,1.723,2023-07-24,6600.568276649572,LOSS,22.0,crypto
YFI-USD,LONG,2023-11-06,6144.94482421875,5655.122852790479,7124.588767075293,806,True,False,True,0.363,2023-11-10,7124.588767075293,WIN,4.0,crypto
YFI-USD,LONG,2023-11-11,8890.6396484375,8009.7782249172105,10652.362495478079,811,True,True,True,2.295,2023-11-13,10652.362495478079,WIN,2.0,crypto
YFI-USD,LONG,2023-11-15,11789.08984375,10384.294267444542,14598.680996360916,815,True,True,True,1.06,2023-11-17,14598.680996360916,WIN,2.0,crypto
YFI-USD,LONG,2024-03-02,9590.115234375,8671.855318233032,11426.635066658935,923,True,True,True,0.502,2024-03-05,8671.855318233032,LOSS,3.0,crypto
YFI-USD,LONG,2024-08-24,5557.75048828125,5111.078725191548,6451.094014460654,1098,True,False,True,0.216,2024-08-27,5111.078725191548,LOSS,3.0,crypto
YFI-USD,LONG,2024-09-26,5313.12890625,4956.949585158694,6025.487548432611,1131,True,True,True,0.739,2024-10-01,4956.949585158694,LOSS,5.0,crypto
YFI-USD,LONG,2024-11-09,5416.21142578125,4995.1222777938065,6258.389721756137,1175,True,False,True,0.593,2024-11-10,6258.389721756137,WIN,1.0,crypto
YFI-USD,LONG,2024-11-30,8062.05224609375,7020.255558969651,10145.645620341948,1196,True,False,True,0.194,2024-12-04,10145.645620341948,WIN,4.0,crypto
YFI-USD,LONG,2024-12-05,11614.490234375,10086.915428753424,14669.639845618152,1201,True,True,True,1.518,2024-12-09,10086.915428753424,LOSS,4.0,crypto
YFI-USD,LONG,2025-04-27,6094.6455078125,5514.937070449826,7254.062382537848,1344,True,True,True,0.743,2025-04-30,5514.937070449826,LOSS,3.0,crypto
YFI-USD,LONG,2025-05-10,6518.841796875,5862.329282271504,7831.866826081992,1357,True,True,True,0.616,2025-05-15,5862.329282271504,LOSS,5.0,crypto
YFI-USD,LONG,2025-07-10,5719.3408203125,5259.830042840129,6638.362375257242,1418,True,False,True,0.921,2025-07-30,5259.830042840129,LOSS,20.0,crypto
YFI-USD,LONG,2026-01-03,3690.39404296875,3401.2105058321913,4268.761117241867,1595,False,True,True,0.532,2026-01-11,3401.2105058321913,LOSS,8.0,crypto
YFI-USD,LONG,2026-04-16,2743.3056640625,2543.0284281132476,3143.8601359610047,1698,True,False,True,0.027,2026-05-16,2543.0284281132476,LOSS,30.0,crypto
YFI-USD,LONG,2026-07-06,2705.881591796875,2413.3509129551985,3290.942949480228,1779,True,True,True,4.437,2026-07-07,2413.3509129551985,LOSS,1.0,crypto
YFI-USD,LONG,2026-08-22,2310.7900390625,2114.149035115634,2704.072046956232,1826,True,True,True,0.197,,,OPEN,,crypto
ZEC-USD,LONG,2021-10-21,155.011474609375,137.813094320419,189.408235187287,60,True,True,True,0.434,2021-10-24,189.408235187287,WIN,3.0,crypto
ZEC-USD,LONG,2021-11-09,198.8115997314453,173.89161469816455,248.65156979800685,79,True,True,True,0.678,2021-11-10,173.89161469816455,LOSS,1.0,crypto
ZEC-USD,LONG,2021-11-11,205.4046173095703,173.8628437653488,268.48816439801334,81,True,True,True,0.077,2021-11-16,173.8628437653488,LOSS,5.0,crypto
ZEC-USD,LONG,2021-11-21,229.9307098388672,189.44524243360115,310.90164464939926,91,True,True,True,0.59,2021-12-04,189.44524243360115,LOSS,13.0,crypto
ZEC-USD,LONG,2022-02-08,133.59364318847656,114.86812910506984,171.04467135529,170,True,False,True,0.144,2022-02-12,114.86812910506984,LOSS,4.0,crypto
ZEC-USD,LONG,2022-03-08,139.49102783203125,116.65395505673759,185.16517338261858,198,True,True,True,0.795,2022-03-23,185.16517338261858,WIN,15.0,crypto
ZEC-USD,LONG,2022-03-24,192.8896484375,165.0718934335566,248.5251584453868,214,True,False,True,0.476,2022-04-04,165.0718934335566,LOSS,11.0,crypto
ZEC-USD,LONG,2023-02-20,50.10322189331055,44.68235669579161,60.94495228834842,547,True,True,True,0.32,2023-02-25,44.68235669579161,LOSS,5.0,crypto
ZEC-USD,LONG,2023-06-30,33.8129997253418,30.24296883198928,40.95306151204683,677,True,True,True,1.029,2023-07-07,30.24296883198928,LOSS,7.0,crypto
ZEC-USD,LONG,2023-09-22,26.68772315979004,25.04070670050139,29.98175607836734,761,True,False,True,0.273,2023-10-09,25.04070670050139,LOSS,17.0,crypto
ZEC-USD,LONG,2023-11-06,29.7880859375,27.792946025925755,33.77836576064849,806,True,False,True,0.534,2023-11-21,27.792946025925755,LOSS,15.0,crypto
ZEC-USD,LONG,2023-12-07,32.03142547607422,29.45928382227031,37.17570878368203,837,True,False,True,0.021,2023-12-11,29.45928382227031,LOSS,4.0,crypto
ZEC-USD,LONG,2024-02-17,24.932985305786133,22.712333240761385,29.374289435835628,909,True,True,True,1.551,2024-02-22,29.374289435835628,WIN,5.0,crypto
ZEC-USD,LONG,2024-03-02,33.23807907104492,29.270686360171467,41.17286449279183,923,True,False,True,1.492,2024-03-05,29.270686360171467,LOSS,3.0,crypto
ZEC-USD,LONG,2024-07-09,22.61253547668457,19.63235669855576,28.57289303294219,1052,False,True,True,0.884,2024-07-14,28.57289303294219,WIN,5.0,crypto
ZEC-USD,LONG,2024-07-16,30.32826042175293,26.606837494223065,37.77110627681266,1059,True,True,True,0.184,2024-08-05,26.606837494223065,LOSS,20.0,crypto
ZEC-USD,LONG,2024-08-08,35.912113189697266,30.26535213648061,47.20563529613057,1082,True,False,True,0.521,2024-09-01,30.26535213648061,LOSS,24.0,crypto
ZEC-USD,LONG,2024-10-11,36.19582748413086,32.17862242898906,44.23023759441446,1146,True,True,True,1.139,2024-11-07,44.23023759441446,WIN,27.0,crypto
ZEC-USD,LONG,2024-11-08,46.08826446533203,40.62472884255079,57.01533571089452,1174,True,False,True,0.175,2024-11-12,40.62472884255079,LOSS,4.0,crypto
ZEC-USD,LONG,2024-11-23,48.86812210083008,41.56679769174377,63.47077091900269,1189,True,False,True,0.208,2024-12-02,63.47077091900269,WIN,9.0,crypto
ZEC-USD,LONG,2025-03-02,41.285682678222656,34.88373616813233,54.08957569840331,1288,True,False,True,0.773,2025-03-04,34.88373616813233,LOSS,2.0,crypto
ZEC-USD,LONG,2025-03-26,38.867431640625,33.750655121072086,49.10098467973083,1312,True,False,True,0.672,2025-04-07,33.750655121072086,LOSS,12.0,crypto
ZEC-USD,LONG,2025-05-07,40.3552360534668,35.05370343452512,50.95830129135015,1354,True,False,True,0.211,2025-05-25,50.95830129135015,WIN,18.0,crypto
ZEC-USD,LONG,2025-09-08,50.74336242675781,45.40111617744391,61.42785492538562,1478,True,False,True,0.861,2025-09-29,61.42785492538562,WIN,21.0,crypto
ZEC-USD,LONG,2025-09-30,74.46339416503906,64.51459847818802,94.36098553874115,1500,True,True,True,0.374,2025-10-01,94.36098553874115,WIN,1.0,crypto
ZEC-USD,LONG,2025-10-02,131.22760009765625,109.98992045433228,173.7029593843042,1502,True,True,True,0.425,2025-10-04,173.7029593843042,WIN,2.0,crypto
ZEC-USD,LONG,2025-10-08,175.94253540039062,136.04695944077073,255.7336873196304,1508,True,True,True,0.075,2025-10-10,255.7336873196304,WIN,2.0,crypto
ZEC-USD,LONG,2025-10-11,292.3497619628906,226.97053405495382,423.10821777876424,1511,True,True,True,0.697,2025-10-14,226.97053405495382,LOSS,3.0,crypto
ZEC-USD,LONG,2025-10-26,326.5732727050781,246.8157415317405,486.08833505175335,1526,True,True,True,0.454,2025-11-05,486.08833505175335,WIN,10.0,crypto
ZEC-USD,LONG,2025-11-06,533.6963500976562,423.3061164266377,754.4768174396934,1537,True,True,True,0.582,2025-12-01,423.3061164266377,LOSS,25.0,crypto
ZEC-USD,LONG,2025-12-28,530.1592407226562,443.498479501715,703.4807631645388,1589,True,False,True,0.169,2026-01-08,443.498479501715,LOSS,11.0,crypto
ZEC-USD,LONG,2026-04-07,319.6568908691406,275.7285634605242,407.5135456863735,1689,True,True,True,1.644,2026-05-03,407.5135456863735,WIN,26.0,crypto
ZEC-USD,LONG,2026-05-04,423.3661804199219,371.5328122870056,527.0329166857545,1716,True,True,True,0.323,2026-05-06,527.0329166857545,WIN,2.0,crypto
ZEC-USD,LONG,2026-05-08,613.2363891601562,535.1987728759668,769.3116217285351,1720,True,True,True,0.242,2026-05-13,535.1987728759668,LOSS,5.0,crypto
ZEC-USD,LONG,2026-05-20,670.8673095703125,574.1281416889492,864.3456453330391,1732,True,False,True,0.696,2026-05-23,574.1281416889492,LOSS,3.0,crypto
ZEC-USD,LONG,2026-08-19,564.4899291992188,511.8796784702562,669.7104306571439,1823,True,True,True,1.444,2026-08-21,669.7104306571439,WIN,2.0,crypto
ZEC-USD,LONG,2026-08-22,805.4400024414062,718.869026597104,978.5819541300107,1826,True,True,True,1.509,,,OPEN,,crypto
ZEN-USD,LONG,2021-10-21,86.0657958984375,72.83613280204588,112.52512209122074,60,True,False,True,0.05,2021-10-27,72.83613280204588,LOSS,6.0,crypto
ZEN-USD,LONG,2021-11-21,114.46636199951172,93.07915007378797,157.2407858509592,91,True,False,True,0.138,2021-12-03,93.07915007378797,LOSS,12.0,crypto
ZEN-USD,LONG,2023-01-29,11.274310111999512,9.854299530553654,14.114331274891228,525,True,True,True,0.05,2023-02-01,9.854299530553654,LOSS,3.0,crypto
ZEN-USD,LONG,2023-02-07,11.714133262634277,10.176684955574098,14.789029876754636,534,True,True,True,0.316,2023-02-09,10.176684955574098,LOSS,2.0,crypto
ZEN-USD,LONG,2023-02-15,14.870199203491211,12.367743661741818,19.875110286989997,542,True,True,True,1.09,2023-02-24,12.367743661741818,LOSS,9.0,crypto
ZEN-USD,LONG,2023-06-30,8.700843811035156,7.604227802173197,10.894075828759075,677,True,True,True,2.195,2023-08-16,7.604227802173197,LOSS,47.0,crypto
ZEN-USD,LONG,2023-10-23,8.771431922912598,7.970973070014279,10.372349628709236,792,True,True,True,0.703,2023-11-06,10.372349628709236,WIN,14.0,crypto
ZEN-USD,LONG,2023-11-07,11.622570037841797,10.485961626834623,13.895786859856145,807,True,True,True,1.329,2023-11-17,10.485961626834623,LOSS,10.0,crypto
ZEN-USD,LONG,2024-02-17,12.262566566467285,10.859675685357114,15.068348328687627,909,True,True,True,4.823,2024-02-19,10.859675685357114,LOSS,2.0,crypto
ZEN-USD,LONG,2024-03-12,15.491945266723633,13.078553602696282,20.318728594778335,933,True,True,True,1.473,2024-03-19,13.078553602696282,LOSS,7.0,crypto
ZEN-USD,LONG,2024-07-05,9.576592445373535,8.081774551462571,12.566228233195464,1048,True,True,True,1.178,2024-07-08,8.081774551462571,LOSS,3.0,crypto
ZEN-USD,LONG,2024-07-09,10.832998275756836,8.966506429780017,14.565981967710474,1052,True,True,True,0.48,2024-07-12,8.966506429780017,LOSS,3.0,crypto
ZEN-USD,LONG,2024-07-20,12.899212837219238,10.771252505367935,17.155133500921846,1063,True,False,True,0.029,2024-07-25,10.771252505367935,LOSS,5.0,crypto
ZEN-USD,LONG,2024-11-23,10.54231071472168,9.012337642697029,13.602256858770982,1189,True,True,True,0.243,2024-11-27,13.602256858770982,WIN,4.0,crypto
ZEN-USD,LONG,2024-12-20,26.244911193847656,21.477219993453943,35.78029359463508,1216,True,True,True,2.883,2024-12-24,35.78029359463508,WIN,4.0,crypto
ZEN-USD,LONG,2025-04-22,9.343269348144531,8.056650643916246,11.916506756601102,1339,True,False,True,0.387,2025-05-06,8.056650643916246,LOSS,14.0,crypto
ZEN-USD,LONG,2025-05-10,10.791389465332031,9.513531733489662,13.34710492901677,1357,True,True,True,0.576,2025-05-15,9.513531733489662,LOSS,5.0,crypto
ZEN-USD,LONG,2025-07-21,10.193504333496094,8.989710602650744,12.601091795186793,1429,True,True,True,0.111,2025-07-23,8.989710602650744,LOSS,2.0,crypto
ZEN-USD,LONG,2025-10-08,11.910643577575684,9.9352535902992,15.861423552128652,1508,True,True,True,0.591,2025-10-10,9.9352535902992,LOSS,2.0,crypto
ZEN-USD,LONG,2025-11-01,20.098491668701172,15.813642463665165,28.668190078773186,1532,True,True,True,1.515,2025-11-03,15.813642463665165,LOSS,2.0,crypto
ZIL-USD,LONG,2021-10-25,0.11079400032758713,0.09568286889600133,0.14101626319075872,64,True,True,True,0.431,2021-10-27,0.09568286889600133,LOSS,2.0,crypto
ZIL-USD,LONG,2021-12-26,0.07668399810791016,0.0651560076452998,0.09973997903313087,126,True,False,True,0.105,2022-01-05,0.0651560076452998,LOSS,10.0,crypto
ZIL-USD,LONG,2022-03-24,0.04956499859690666,0.04435073730678038,0.059993521177159226,214,True,False,True,0.045,2022-03-26,0.059993521177159226,WIN,2.0,crypto
ZIL-USD,LONG,2022-03-27,0.10587900131940842,0.08998236905142801,0.13767226585536924,217,True,True,True,1.613,2022-03-30,0.13767226585536924,WIN,3.0,crypto
ZIL-USD,LONG,2023-02-18,0.03268799930810928,0.0281132677827804,0.04183746235876705,545,True,False,True,0.104,2023-03-03,0.0281132677827804,LOSS,13.0,crypto
ZIL-USD,LONG,2023-04-18,0.033562999218702316,0.030467667304129777,0.039753663047847394,604,True,True,True,0.748,2023-04-20,0.030467667304129777,LOSS,2.0,crypto
ZIL-USD,LONG,2023-07-04,0.022954000160098076,0.020642433548765823,0.027577133382762582,681,True,False,True,0.202,2023-07-06,0.020642433548765823,LOSS,2.0,crypto
ZIL-USD,LONG,2023-09-21,0.01696999929845333,0.015697899444072044,0.019514199007215904,760,True,True,True,0.206,2023-11-01,0.019514199007215904,WIN,41.0,crypto
ZIL-USD,LONG,2023-11-05,0.02041799947619438,0.018912033038478625,0.023429932351625896,805,True,False,True,0.08,2023-12-05,0.023429932351625896,WIN,30.0,crypto
ZIL-USD,LONG,2023-12-07,0.023618999868631363,0.021695490958196496,0.027466017689501097,837,True,False,True,0.092,2023-12-18,0.021695490958196496,LOSS,11.0,crypto
ZIL-USD,LONG,2023-12-22,0.025877999141812325,0.02333299114713575,0.030968015131165476,852,True,False,True,0.242,2024-01-03,0.02333299114713575,LOSS,12.0,crypto
ZIL-USD,LONG,2024-02-25,0.025575000792741776,0.02308019152620952,0.030564619325806286,917,True,True,True,0.857,2024-03-02,0.030564619325806286,WIN,6.0,crypto
ZIL-USD,LONG,2024-03-04,0.032242000102996826,0.028673609276946607,0.039378781755097264,925,True,True,True,0.407,2024-03-05,0.028673609276946607,LOSS,1.0,crypto
ZIL-USD,LONG,2024-03-06,0.03695400059223175,0.031339194292249836,0.04818361319219558,927,True,True,True,0.174,2024-03-17,0.031339194292249836,LOSS,11.0,crypto
ZIL-USD,LONG,2024-08-23,0.015472999773919582,0.013837828043404148,0.01874334323495045,1097,True,False,True,0.252,2024-08-27,0.013837828043404148,LOSS,4.0,crypto
ZIL-USD,LONG,2024-09-20,0.014686999842524529,0.013365663645183462,0.01732967223720666,1125,True,False,True,0.463,2024-10-03,0.013365663645183462,LOSS,13.0,crypto
ZIL-USD,LONG,2024-10-20,0.016099000349640846,0.014613373151435613,0.019070254746051313,1155,True,False,True,0.04,2024-10-23,0.014613373151435613,LOSS,3.0,crypto
ZIL-USD,LONG,2024-11-11,0.01827000081539154,0.016364716079657806,0.02208057028685901,1177,True,True,True,1.685,2024-11-13,0.016364716079657806,LOSS,2.0,crypto
ZIL-USD,LONG,2024-11-16,0.020486000925302505,0.01784786952940599,0.025762263717095536,1182,True,True,True,1.293,2024-11-24,0.025762263717095536,WIN,8.0,crypto
ZIL-USD,LONG,2024-12-02,0.03044999949634075,0.026038764013553494,0.03927247046191527,1198,True,True,True,1.422,2024-12-09,0.026038764013553494,LOSS,7.0,crypto
ZIL-USD,LONG,2025-04-22,0.012671999633312225,0.011256240867490047,0.015503517164956581,1339,True,False,True,0.379,2025-05-30,0.011256240867490047,LOSS,38.0,crypto
ZIL-USD,LONG,2025-07-09,0.011323000304400921,0.010218700952454602,0.013531599008293559,1417,False,False,True,0.002,2025-07-18,0.013531599008293559,WIN,9.0,crypto
ZIL-USD,LONG,2025-07-20,0.013623000122606754,0.012307227977266315,0.016254544413287633,1428,True,False,True,0.008,2025-07-23,0.012307227977266315,LOSS,3.0,crypto
ZIL-USD,LONG,2026-08-22,0.0028936502058058977,0.0025802059924473035,0.003520538632523086,1826,True,True,True,0.7,,,OPEN,,crypto
ZRX-USD,LONG,2022-07-30,0.3483220040798187,0.2972269505861718,0.45051211106711253,342,True,True,True,0.138,2022-08-20,0.2972269505861718,LOSS,21.0,crypto
ZRX-USD,LONG,2023-01-14,0.20531600713729858,0.18722385896282837,0.24150030348623902,510,True,True,True,1.635,2023-01-24,0.24150030348623902,WIN,10.0,crypto
ZRX-USD,LONG,2023-02-03,0.2547839879989624,0.2252433620407747,0.3138652399153378,530,True,True,True,0.135,2023-02-09,0.2252433620407747,LOSS,6.0,crypto
ZRX-USD,LONG,2023-03-01,0.301162987947464,0.2581646107753497,0.3871597422916926,556,True,True,True,0.254,2023-03-03,0.2581646107753497,LOSS,2.0,crypto
ZRX-USD,LONG,2023-04-01,0.3164289891719818,0.2683932591482857,0.412500449219374,587,True,True,True,0.341,2023-04-03,0.2683932591482857,LOSS,2.0,crypto
ZRX-USD,LONG,2023-06-27,0.2175000011920929,0.19758913320554747,0.25732173716518375,674,True,False,True,0.029,2023-06-28,0.19758913320554747,LOSS,1.0,crypto
ZRX-USD,LONG,2023-07-01,0.21894000470638275,0.19626776521752157,0.2642844836841051,678,True,False,True,0.086,2023-07-10,0.19626776521752157,LOSS,9.0,crypto
ZRX-USD,LONG,2023-10-31,0.2814030051231384,0.24048860323084964,0.363231808907716,800,True,True,True,0.135,2023-11-11,0.363231808907716,WIN,11.0,crypto
ZRX-USD,LONG,2023-11-12,0.4968869984149933,0.42115449097689517,0.6483520132911895,812,True,True,True,0.898,2023-11-17,0.42115449097689517,LOSS,5.0,crypto
ZRX-USD,LONG,2024-02-18,0.3545520007610321,0.3215669685963885,0.4205220650903193,910,True,False,True,0.222,2024-03-02,0.4205220650903193,WIN,13.0,crypto
ZRX-USD,LONG,2024-03-04,0.44057199358940125,0.3917959851760143,0.5381240104161751,925,True,True,True,0.19,2024-03-05,0.3917959851760143,LOSS,1.0,crypto
ZRX-USD,LONG,2024-03-06,0.5301480293273926,0.4554521151762847,0.6795398576296083,927,True,True,True,1.788,2024-03-10,0.6795398576296083,WIN,4.0,crypto
ZRX-USD,LONG,2024-03-11,0.8240259885787964,0.6741651795114769,1.1237476067134353,932,True,True,True,0.117,2024-03-14,1.1237476067134353,WIN,3.0,crypto
ZRX-USD,LONG,2025-04-24,0.27422499656677246,0.24288446659458474,0.3369060565111479,1341,True,False,True,0.016,2025-05-06,0.24288446659458474,LOSS,12.0,crypto
ZRX-USD,LONG,2025-05-09,0.29373699426651,0.2631649987082515,0.35488098538302704,1356,True,False,True,0.545,2025-05-17,0.2631649987082515,LOSS,8.0,crypto
ZRX-USD,LONG,2025-07-20,0.2994770109653473,0.2719231495182022,0.3545847338596375,1428,True,False,True,0.644,2025-07-23,0.2719231495182022,LOSS,3.0,crypto
ZRX-USD,LONG,2025-11-07,0.21894699335098267,0.18670156095719234,0.2834378581385633,1538,False,True,True,0.053,2025-11-13,0.18670156095719234,LOSS,6.0,crypto
ZRX-USD,LONG,2026-05-08,0.12023500353097916,0.11091787905987316,0.13886925247319115,1720,True,False,True,0.444,2026-05-15,0.11091787905987316,LOSS,7.0,crypto
ZRX-USD,LONG,2026-07-04,0.09217999875545502,0.0829058979477119,0.11072820037094125,1777,True,True,True,0.123,2026-07-20,0.0829058979477119,LOSS,16.0,crypto
ZRX-USD,LONG,2026-08-21,0.09519799798727036,0.08810316368348373,0.10938766659484361,1825,True,True,True,2.436,,,OPEN,,crypto
BABA,LONG,2022-01-07,122.15801239013672,109.87447351331558,146.725090143779,96,True,True,True,0.216,2022-01-24,109.87447351331558,LOSS,10.0,stocks
BABA,LONG,2022-07-07,115.1754150390625,103.78176003010397,137.96272505697956,219,True,False,True,0.167,2022-07-11,103.78176003010397,LOSS,2.0,stocks
BABA,LONG,2022-11-15,74.6254653930664,66.18156216133289,91.51327185653344,311,True,True,True,0.147,2023-01-04,91.51327185653344,WIN,33.0,stocks
BABA,LONG,2023-01-05,98.41526794433594,89.64194347304507,115.96191688691766,345,True,False,True,0.013,2023-02-21,89.64194347304507,LOSS,31.0,stocks
BABA,LONG,2023-03-29,94.02996063232422,86.64421066207869,108.80146057281527,402,True,True,True,0.104,2023-04-20,86.64421066207869,LOSS,15.0,stocks
BABA,LONG,2023-06-15,86.7650375366211,81.50887727041102,97.27735806904124,456,True,False,True,0.276,2023-06-22,81.50887727041102,LOSS,4.0,stocks
BABA,LONG,2023-07-13,90.91506958007812,85.56325660455823,101.61869553111791,474,True,False,True,0.556,2023-07-18,85.56325660455823,LOSS,3.0,stocks
BABA,LONG,2023-07-28,94.6228256225586,88.54913098688341,106.77021489390896,485,True,True,True,0.638,2023-08-08,88.54913098688341,LOSS,7.0,stocks
BABA,LONG,2023-11-15,81.93743133544922,78.14068825489205,89.53091749656355,562,False,True,True,0.173,2023-11-16,78.14068825489205,LOSS,1.0,stocks
BABA,LONG,2024-02-06,74.60816955566406,70.44977721295638,82.92495424107943,617,True,True,True,1.197,2024-02-07,70.44977721295638,LOSS,1.0,stocks
BABA,LONG,2024-04-26,72.05223083496094,69.08611480035559,77.98446290417164,673,True,False,True,0.077,2024-05-06,77.98446290417164,WIN,6.0,stocks
BABA,LONG,2024-05-13,80.6832504272461,76.83000364851952,88.38974398469924,684,True,True,True,1.178,2024-05-14,76.83000364851952,LOSS,1.0,stocks
BABA,LONG,2024-05-16,82.68601989746094,77.70213534409051,92.6537890042018,687,True,True,True,0.651,2024-05-23,77.70213534409051,LOSS,5.0,stocks
BABA,LONG,2024-07-12,77.61334228515625,74.00452867569193,84.83096950408489,725,True,False,True,0.443,2024-07-19,74.00452867569193,LOSS,5.0,stocks
BABA,LONG,2024-08-12,78.84112548828125,75.18429431894943,86.1547878269449,746,True,False,True,0.32,2024-09-19,86.1547878269449,WIN,27.0,stocks
BABA,LONG,2024-09-23,87.78638458251953,83.74556664093268,95.86802046569323,775,True,False,True,0.275,2024-09-26,95.86802046569323,WIN,3.0,stocks
BABA,LONG,2024-09-27,104.58556365966797,98.41431741712633,116.92805614475125,779,True,True,True,0.429,2024-10-17,98.41431741712633,LOSS,14.0,stocks
BABA,LONG,2025-01-24,86.86068725585938,82.95092920546558,94.68020335664696,859,True,True,True,0.887,2025-01-29,94.68020335664696,WIN,3.0,stocks
BABA,LONG,2025-01-30,100.11293029785156,94.52174774062678,111.29529541230113,863,True,True,True,0.509,2025-02-03,94.52174774062678,LOSS,2.0,stocks
BABA,LONG,2025-02-10,108.47354125976562,100.9274370719081,123.56574963548067,870,True,True,True,0.984,2025-02-18,123.56574963548067,WIN,5.0,stocks
BABA,LONG,2025-02-20,132.4932403564453,122.13735585037115,153.20500936859364,877,True,True,True,1.308,2025-04-04,122.13735585037115,LOSS,31.0,stocks
BABA,LONG,2025-05-06,124.3957290649414,115.08166318410973,143.02386082660476,929,True,False,True,0.111,2025-05-28,115.08166318410973,LOSS,15.0,stocks
BABA,LONG,2025-07-18,119.1358642578125,112.54080787641726,132.32597702060298,979,True,True,True,0.61,2025-08-29,132.32597702060298,WIN,30.0,stocks
BABA,LONG,2025-09-02,137.2891387939453,128.48001122453604,154.90739393276385,1010,True,True,True,0.427,2025-09-11,154.90739393276385,WIN,7.0,stocks
BABA,LONG,2025-09-15,156.60177612304688,146.49793498993796,176.8094583892647,1019,True,False,True,0.234,2025-09-24,176.8094583892647,WIN,7.0,stocks
BABA,LONG,2025-10-01,181.11663818359375,169.39970140331303,204.5505117441552,1031,True,False,True,0.107,2025-10-10,169.39970140331303,LOSS,7.0,stocks
BABA,LONG,2026-01-22,175.5675811767578,162.9098251557158,200.88309321884185,1108,True,True,True,0.607,2026-02-03,162.9098251557158,LOSS,8.0,stocks
BABA,LONG,2026-04-17,139.72674560546875,130.86829215327626,157.44365250985373,1167,True,False,True,0.025,2026-04-23,130.86829215327626,LOSS,4.0,stocks
BABA,LONG,2026-05-13,144.4830780029297,134.4514127086866,164.54640859141585,1185,True,True,True,0.367,2026-05-15,134.4514127086866,LOSS,2.0,stocks
BABA,LONG,2026-07-15,117.69000244140625,109.46480409724535,134.14039912972805,1227,True,False,True,0.513,,,OPEN,,stocks
F,LONG,2021-11-22,15.094338417053223,13.975638388202475,17.33173847475472,64,True,False,True,0.096,2021-12-03,13.975638388202475,LOSS,8.0,stocks
F,LONG,2021-12-10,15.809255599975586,14.538504795105025,18.350757209716708,77,True,True,True,0.766,2021-12-14,14.538504795105025,LOSS,2.0,stocks
F,LONG,2022-01-03,16.045106887817383,14.946348375563788,18.24262391232457,92,True,False,True,0.376,2022-01-05,18.24262391232457,WIN,2.0,stocks
F,LONG,2022-01-13,18.440448760986328,16.97056059813036,21.380225086698267,100,True,True,True,0.07,2022-01-19,16.97056059813036,LOSS,3.0,stocks
F,LONG,2022-08-01,11.439751625061035,10.607277539551408,13.10469979608029,236,True,True,True,0.985,2022-09-20,10.607277539551408,LOSS,35.0,stocks
F,LONG,2022-11-11,10.921172142028809,10.112830199807451,12.537856026471523,309,True,False,True,0.261,2022-12-06,10.112830199807451,LOSS,16.0,stocks
F,LONG,2023-02-01,10.494978904724121,9.806749130446084,11.871438453280195,363,True,False,True,0.487,2023-02-03,9.806749130446084,LOSS,2.0,stocks
F,LONG,2023-04-11,10.412286758422852,9.747310196736287,11.742239881795982,410,True,False,True,0.049,2023-04-20,9.747310196736287,LOSS,7.0,stocks
F,LONG,2023-05-30,10.312971115112305,9.673424865240879,11.592063614855157,444,True,False,True,0.768,2023-06-13,11.592063614855157,WIN,10.0,stocks
F,LONG,2023-06-14,11.63178825378418,10.97321314788373,12.94893846558508,455,True,False,True,0.075,2023-07-28,10.97321314788373,LOSS,30.0,stocks
F,LONG,2023-12-08,9.259057998657227,8.760473835180145,10.25622632561139,578,True,False,True,0.169,2023-12-21,10.25622632561139,WIN,9.0,stocks
F,LONG,2024-02-01,10.175714492797852,9.643200523428701,11.240742431536152,614,True,True,True,0.158,2024-03-04,11.240742431536152,WIN,21.0,stocks
F,LONG,2024-03-28,11.469404220581055,10.895879858138173,12.616452945466818,653,True,False,True,0.632,2024-04-12,10.895879858138173,LOSS,10.0,stocks
F,LONG,2024-06-28,10.961838722229004,10.458452377421818,11.968611411843376,716,True,False,True,0.069,2024-07-12,11.968611411843376,WIN,9.0,stocks
F,LONG,2024-07-15,12.439151763916016,11.877592809331192,13.562269673085662,726,True,False,True,0.062,2024-07-23,11.877592809331192,LOSS,6.0,stocks
F,LONG,2025-05-06,9.701201438903809,9.043558409557136,11.016487497597154,929,True,False,True,0.141,2025-07-02,11.016487497597154,WIN,39.0,stocks
F,LONG,2025-07-03,11.134382247924805,10.632499471098162,12.13814780157809,969,True,False,True,0.113,2025-07-16,10.632499471098162,LOSS,8.0,stocks
F,LONG,2025-08-19,11.064149856567383,10.588847293077935,12.014754983546279,1001,True,False,True,0.04,2025-10-03,12.014754983546279,WIN,32.0,stocks
F,LONG,2025-10-06,12.134258270263672,11.587893199854793,13.226988411081429,1034,True,False,True,0.105,2025-10-07,11.587893199854793,LOSS,1.0,stocks
F,LONG,2025-10-24,13.22347640991211,12.443950097500164,14.782529034736001,1048,True,True,True,2.549,2025-10-31,12.443950097500164,LOSS,5.0,stocks
F,LONG,2025-12-11,13.173441886901855,12.614929599607454,14.29046646149066,1081,True,False,True,0.45,2026-02-26,14.29046646149066,WIN,51.0,stocks
F,LONG,2026-05-14,14.324856758117676,13.303477926921087,16.367614420510854,1186,True,True,True,1.046,2026-05-15,13.303477926921087,LOSS,1.0,stocks
F,LONG,2026-05-26,15.15585708618164,13.890479295090879,17.686612668363164,1193,True,False,True,0.579,2026-06-17,13.890479295090879,LOSS,16.0,stocks
F,LONG,2026-07-28,14.799714088439941,13.898228934860459,16.602684395598907,1236,True,False,True,0.198,2026-08-04,13.898228934860459,LOSS,5.0,stocks
LMT,LONG,2021-12-27,310.8729248046875,301.47081678964946,329.6771408347636,87,True,False,True,0.355,2022-01-14,329.6771408347636,WIN,14.0,stocks
LMT,LONG,2022-01-18,334.1786193847656,323.45169755588154,355.6324630425338,102,True,True,True,0.587,2022-02-25,355.6324630425338,WIN,27.0,stocks
LMT,LONG,2022-02-28,387.6474304199219,369.87884875224046,423.1845937552847,130,True,True,True,2.231,2022-03-07,423.1845937552847,WIN,5.0,stocks
LMT,LONG,2022-04-07,415.98382568359375,393.3944131232973,461.1626508041867,158,True,False,True,0.629,2022-04-21,393.3944131232973,LOSS,9.0,stocks
LMT,LONG,2022-08-02,385.5576171875,366.6659783636161,423.3408948352678,237,True,True,True,0.027,2022-09-27,366.6659783636161,LOSS,39.0,stocks
LMT,LONG,2022-10-19,398.2335205078125,374.42994011228507,445.84068129886737,292,True,True,True,0.338,2022-11-08,445.84068129886737,WIN,14.0,stocks
LMT,LONG,2022-12-02,451.9677429199219,434.29004425011374,487.32314025953815,323,True,False,True,0.478,2022-12-15,434.29004425011374,LOSS,9.0,stocks
LMT,LONG,2023-02-13,438.9797058105469,422.82331693865945,471.29248355432173,371,True,False,True,0.012,2023-04-26,422.82331693865945,LOSS,50.0,stocks
LMT,LONG,2023-10-09,405.4823303222656,390.61052917052376,435.22593262574935,535,False,True,True,0.635,2024-01-16,435.22593262574935,WIN,67.0,stocks
LMT,LONG,2024-04-19,437.1334533691406,425.8939723825482,459.61241534232545,668,True,False,True,0.766,2024-05-29,425.8939723825482,LOSS,27.0,stocks
LMT,LONG,2024-07-17,451.65509033203125,441.374115141163,472.2170407137678,728,True,False,True,0.07,2024-07-23,472.2170407137678,WIN,4.0,stocks
LMT,LONG,2024-07-24,488.7783203125,473.8763343558854,518.5822922257292,733,True,True,True,1.71,2024-07-31,518.5822922257292,WIN,5.0,stocks
LMT,LONG,2024-08-01,520.7120361328125,504.00220308951094,554.1317022194156,739,True,False,True,0.211,2024-09-23,554.1317022194156,WIN,36.0,stocks
LMT,LONG,2024-09-30,557.6734008789062,542.5472987350739,587.9256051665709,780,True,False,True,0.062,2024-10-21,587.9256051665709,WIN,15.0,stocks
LMT,LONG,2025-01-21,486.0330505371094,468.59014943772,520.9188527358881,856,True,False,True,1.411,2025-01-28,468.59014943772,LOSS,5.0,stocks
LMT,LONG,2025-03-10,463.3935241699219,441.2698676487455,507.6408372122746,889,True,False,True,0.147,2025-03-12,441.2698676487455,LOSS,2.0,stocks
LMT,LONG,2025-06-03,467.55926513671875,449.0953898222454,504.48701576566543,948,True,False,True,0.046,2025-06-11,449.0953898222454,LOSS,6.0,stocks
LMT,LONG,2025-08-20,434.2866516113281,418.17100310176755,466.51794863044927,1002,True,False,True,0.181,2025-09-16,466.51794863044927,WIN,18.0,stocks
LMT,LONG,2025-09-22,471.1861572265625,457.1569834807097,499.2445047182681,1024,True,False,True,0.273,2025-10-06,499.2445047182681,WIN,10.0,stocks
LMT,LONG,2026-01-02,491.2481384277344,472.9669227474925,527.8105697882181,1095,True,False,True,0.581,2026-01-06,527.8105697882181,WIN,2.0,stocks
LMT,LONG,2026-01-09,536.5610961914062,504.535681587255,600.6119253997088,1100,True,True,True,0.003,2026-01-29,600.6119253997088,WIN,13.0,stocks
LMT,LONG,2026-02-13,644.936767578125,608.2717116329195,718.266879468536,1124,True,False,True,0.323,2026-03-23,608.2717116329195,LOSS,25.0,stocks
LMT,LONG,2026-07-23,568.5900268554688,534.7361418651741,636.2977968360581,1233,True,True,True,1.248,,,OPEN,,stocks
PEP,LONG,2021-12-06,143.9899444580078,139.34751702078654,153.27479933245036,73,True,False,True,0.276,2022-01-21,153.27479933245036,WIN,32.0,stocks
PEP,LONG,2022-04-01,147.84580993652344,142.82822189600319,157.88098601756394,154,True,False,True,0.16,2022-05-18,142.82822189600319,LOSS,32.0,stocks
PEP,LONG,2022-07-01,148.5496368408203,142.5690625149424,160.51078549257613,216,True,False,True,0.276,2022-10-07,142.5690625149424,LOSS,68.0,stocks
PEP,LONG,2022-10-13,154.15655517578125,147.55222355169812,167.3652184239475,288,False,True,True,0.69,2023-04-25,167.3652184239475,WIN,132.0,stocks
PEP,LONG,2023-04-28,170.72669982910156,166.98206066286585,178.215978161573,423,True,False,True,0.339,2023-05-22,166.98206066286585,LOSS,16.0,stocks
PEP,LONG,2023-07-21,171.26190185546875,166.6503616203211,180.48498232576407,480,True,True,True,0.066,2023-08-04,166.6503616203211,LOSS,10.0,stocks
PEP,LONG,2023-12-04,154.572265625,150.5758626767023,162.56507152159543,574,True,False,True,0.133,2024-01-23,150.5758626767023,LOSS,33.0,stocks
PEP,LONG,2024-02-08,158.87657165527344,154.7642214951079,167.1012719756045,619,True,True,True,0.422,2024-02-09,154.7642214951079,LOSS,1.0,stocks
PEP,LONG,2024-03-27,159.83116149902344,155.8213584722839,167.85076755250253,652,True,False,True,0.069,2024-04-03,155.8213584722839,LOSS,4.0,stocks
PEP,LONG,2024-04-22,162.49241638183594,158.15109495598742,171.17505923353298,669,True,True,True,0.098,2024-04-23,158.15109495598742,LOSS,1.0,stocks
PEP,LONG,2024-04-24,163.3672332763672,157.47856672258953,175.1445663839225,671,True,True,True,0.066,2024-05-29,157.47856672258953,LOSS,24.0,stocks
PEP,LONG,2024-07-17,157.676025390625,152.2465041686381,168.5350678345988,728,True,False,True,0.096,2024-11-13,152.2465041686381,LOSS,84.0,stocks
PEP,LONG,2025-01-27,145.81834411621094,140.73423212988197,155.98656808886886,860,True,True,True,0.352,2025-02-03,140.73423212988197,LOSS,5.0,stocks
PEP,LONG,2025-02-25,147.52542114257812,141.64808755690956,159.28008831391526,880,True,False,True,0.032,2025-02-27,141.64808755690956,LOSS,2.0,stocks
PEP,LONG,2025-06-10,126.8093032836914,122.75429328231019,134.91932328645385,953,False,False,True,0.252,2025-06-26,122.75429328231019,LOSS,11.0,stocks
PEP,LONG,2025-07-01,130.10865783691406,125.66957491260644,138.98682368552932,967,True,False,True,0.953,2025-07-17,138.98682368552932,WIN,11.0,stocks
PEP,LONG,2025-08-13,143.6620635986328,138.7370147692327,153.51216125743304,997,True,False,True,0.906,2025-09-08,138.7370147692327,LOSS,17.0,stocks
PEP,LONG,2025-10-14,147.19461059570312,141.74308402160412,158.09766374390114,1040,True,False,True,0.257,2025-10-29,141.74308402160412,LOSS,11.0,stocks
PEP,LONG,2025-12-10,146.82958984375,141.82115411209682,156.84646130705636,1080,True,True,True,0.18,2025-12-23,141.82115411209682,LOSS,9.0,stocks
PEP,LONG,2026-01-27,145.92724609375,141.21521904835356,155.35130018454288,1111,True,False,True,0.321,2026-02-03,155.35130018454288,WIN,5.0,stocks
PEP,LONG,2026-02-04,162.99359130859375,156.7060114507677,175.56875102424584,1117,True,False,True,0.855,2026-03-06,156.7060114507677,LOSS,21.0,stocks
GOOG,LONG,2022-02-02,146.74270629882812,137.62417425586474,164.9797703847549,113,True,True,True,0.31,2022-02-07,137.62417425586474,LOSS,3.0,stocks
GOOG,LONG,2022-03-22,139.05152893066406,130.92809309519347,155.29840060160524,146,True,False,True,0.658,2022-04-11,130.92809309519347,LOSS,14.0,stocks
GOOG,LONG,2022-08-12,121.57807922363281,114.70273966450266,135.32875834189312,245,True,False,True,0.089,2022-08-22,114.70273966450266,LOSS,6.0,stocks
GOOG,LONG,2022-10-25,104.01294708251953,97.89817682915975,116.24248758923909,296,True,False,True,0.23,2022-10-26,97.89817682915975,LOSS,1.0,stocks
GOOG,LONG,2022-11-30,100.56336212158203,94.2336962770963,113.2226938105535,321,True,False,True,0.323,2022-12-07,94.2336962770963,LOSS,5.0,stocks
GOOG,LONG,2023-01-23,100.3254623413086,94.73258084803312,111.51122532785953,356,True,False,True,0.635,2023-01-25,94.73258084803312,LOSS,2.0,stocks
GOOG,LONG,2023-02-02,107.84912872314453,101.50775038772227,120.53188539398906,364,True,True,True,2.067,2023-02-06,101.50775038772227,LOSS,2.0,stocks
GOOG,LONG,2023-03-17,101.56453704833984,95.51323899515673,113.66713315470608,394,True,True,True,0.161,2023-05-11,113.66713315470608,WIN,38.0,stocks
GOOG,LONG,2023-05-16,119.04044342041016,113.1057390234616,130.90985221430728,435,True,False,True,0.433,2023-07-27,130.90985221430728,WIN,49.0,stocks
GOOG,LONG,2023-08-29,134.30587768554688,127.90290662742254,147.11181980179555,507,True,True,True,0.161,2023-09-26,127.90290662742254,LOSS,19.0,stocks
GOOG,LONG,2023-10-11,140.46157836914062,134.68256316452283,152.0196087783762,537,True,False,True,0.329,2023-10-23,134.68256316452283,LOSS,8.0,stocks
GOOG,LONG,2023-11-22,138.79627990722656,133.35065626841822,149.68752718484325,567,True,False,True,0.384,2023-11-30,133.35065626841822,LOSS,5.0,stocks
GOOG,LONG,2024-01-19,146.67678833007812,141.17986043587976,157.67064411847485,605,True,True,True,0.472,2024-01-31,141.17986043587976,LOSS,8.0,stocks
GOOG,LONG,2024-03-18,147.18234252929688,139.87107604912595,161.80487548963873,645,True,True,True,0.618,2024-04-26,161.80487548963873,WIN,28.0,stocks
GOOG,LONG,2024-05-17,175.7405548095703,168.38952329575687,190.4426178371972,688,True,False,True,0.235,2024-07-05,190.4426178371972,WIN,32.0,stocks
GOOG,LONG,2024-09-30,166.13583374023438,159.68935361778853,179.02879398512607,780,True,False,True,0.068,2024-10-30,179.02879398512607,WIN,22.0,stocks
GOOG,LONG,2024-12-10,185.5641632080078,177.39346373064944,201.90556216272455,830,True,True,True,0.661,2025-01-21,201.90556216272455,WIN,26.0,stocks
GOOG,LONG,2025-01-31,204.53541564941406,194.85838415951366,223.88947862921486,864,True,False,True,0.362,2025-02-05,194.85838415951366,LOSS,3.0,stocks
GOOG,LONG,2025-06-10,179.49742126464844,170.01434227821875,198.46357923750782,953,True,False,True,0.44,2025-06-20,170.01434227821875,LOSS,7.0,stocks
GOOG,LONG,2025-07-14,182.28944396972656,173.23266578338078,200.40300034241812,975,True,False,True,0.044,2025-08-08,200.40300034241812,WIN,19.0,stocks
GOOG,LONG,2025-08-12,203.57867431640625,195.38991146329948,219.95620002261978,996,True,False,True,0.178,2025-09-03,219.95620002261978,WIN,15.0,stocks
GOOG,LONG,2025-09-04,231.9975128173828,220.7740024039741,254.44453364420025,1012,True,False,True,0.153,2025-09-19,254.44453364420025,WIN,11.0,stocks
GOOG,LONG,2025-10-24,260.0003967285156,247.4923089988228,285.01657218790126,1048,True,False,True,0.42,2025-10-30,285.01657218790126,WIN,4.0,stocks
GOOG,LONG,2025-11-24,317.8470153808594,296.0531874415491,361.43467125947996,1069,True,True,True,1.061,2026-03-06,296.0531874415491,LOSS,69.0,stocks
GOOG,LONG,2026-04-08,314.5506896972656,297.61689729814645,348.41827449550397,1160,True,False,True,0.433,2026-04-27,348.41827449550397,WIN,13.0,stocks
GOOG,LONG,2026-04-30,381.71026611328125,362.03191895555517,421.0669604287334,1176,True,True,True,2.899,2026-06-02,362.03191895555517,LOSS,22.0,stocks
DIS,LONG,2021-12-28,150.4761962890625,143.5488512883605,164.33088629046648,88,True,False,True,0.151,2022-01-20,143.5488512883605,LOSS,16.0,stocks
DIS,LONG,2022-07-28,101.70719146728516,96.0058654559373,113.10984348998088,234,True,False,True,0.112,2022-08-11,113.10984348998088,WIN,10.0,stocks
DIS,LONG,2022-08-15,120.4779281616211,113.21525040506477,135.00328367473375,246,True,True,True,0.264,2022-08-22,113.21525040506477,LOSS,5.0,stocks
DIS,LONG,2022-10-21,98.9342269897461,92.39583053178583,112.01101990566661,294,False,False,True,0.05,2022-11-09,92.39583053178583,LOSS,13.0,stocks
DIS,LONG,2023-01-20,100.33039855957031,94.9163688254587,111.15845802779353,355,True,False,True,0.842,2023-02-09,111.15845802779353,WIN,14.0,stocks
DIS,LONG,2023-10-17,83.57635498046875,80.49308141260076,89.74290211620473,541,True,False,True,0.17,2023-10-20,80.49308141260076,LOSS,3.0,stocks
DIS,LONG,2023-11-09,87.59033203125,83.64273906122831,95.48551797129338,558,True,True,True,1.989,2024-02-06,95.48551797129338,WIN,59.0,stocks
DIS,LONG,2024-02-08,107.52481079101562,102.24846639273895,118.07749958756898,619,True,True,True,4.137,2024-03-27,118.07749958756898,WIN,33.0,stocks
DIS,LONG,2024-03-28,119.02239227294922,114.60292853991557,127.86131973901652,653,True,False,True,0.145,2024-04-04,114.60292853991557,LOSS,4.0,stocks
DIS,LONG,2024-09-16,89.75680541992188,86.75686819783219,95.75667986410124,770,True,False,True,0.033,2024-11-06,95.75667986410124,WIN,37.0,stocks
DIS,LONG,2024-11-11,98.56147003173828,95.28923510986411,105.10593987548663,810,True,False,True,0.782,2024-11-14,105.10593987548663,WIN,3.0,stocks
DIS,LONG,2024-11-15,112.45741271972656,107.06687951778731,123.23847912360506,814,True,True,True,0.098,2025-01-08,107.06687951778731,LOSS,35.0,stocks
DIS,LONG,2025-05-07,100.20549774169922,93.32153529266752,113.97342263976262,930,True,True,True,2.538,2025-06-10,113.97342263976262,WIN,23.0,stocks
DIS,LONG,2025-06-26,119.72633361816406,115.39339804739815,128.3922047596959,964,True,False,True,0.67,2025-08-01,115.39339804739815,LOSS,25.0,stocks
DIS,LONG,2025-12-12,110.007080078125,105.36362937184956,119.29398149067589,1082,True,False,True,0.017,2026-02-02,105.36362937184956,LOSS,33.0,stocks
DIS,LONG,2026-04-16,103.10992431640625,98.83993722111495,111.64989850698885,1166,True,False,True,0.242,2026-06-03,98.83993722111495,LOSS,33.0,stocks
DIS,LONG,2026-08-06,104.68000030517578,99.73957872099791,114.56084347353152,1243,True,False,True,0.595,,,OPEN,,stocks
TSLA,LONG,2022-01-03,399.9266662597656,360.3128441436419,479.1543104920131,92,True,False,True,1.359,2022-01-06,360.3128441436419,LOSS,3.0,stocks
TSLA,LONG,2022-03-21,307.0533447265625,274.1456178608461,372.86879845799535,145,True,False,True,0.27,2022-04-04,372.86879845799535,WIN,10.0,stocks
TSLA,LONG,2022-07-21,271.7066650390625,244.24077555982714,326.6384439975332,229,True,True,True,1.218,2022-10-03,244.24077555982714,LOSS,51.0,stocks
TSLA,LONG,2023-01-23,143.75,125.2848968089366,180.6802063821268,356,True,False,True,0.27,2023-02-01,180.6802063821268,WIN,7.0,stocks
TSLA,LONG,2023-02-02,188.27000427246094,166.02778058416044,232.75445164906193,364,True,False,True,0.401,2023-03-13,166.02778058416044,LOSS,26.0,stocks
TSLA,LONG,2023-03-31,207.4600067138672,189.04397858510126,244.29206297139905,404,True,False,True,0.738,2023-04-05,189.04397858510126,LOSS,3.0,stocks
TSLA,LONG,2023-05-22,188.8699951171875,174.81668185313362,216.97662164529527,439,True,False,True,0.985,2023-06-02,216.97662164529527,WIN,8.0,stocks
TSLA,LONG,2023-06-05,217.61000061035156,201.35323770665275,250.1235264177492,448,True,False,True,0.044,2023-06-09,250.1235264177492,WIN,4.0,stocks
TSLA,LONG,2023-06-13,258.7099914550781,240.51300173994468,295.103970885345,454,True,False,True,0.691,2023-07-18,295.103970885345,WIN,23.0,stocks
TSLA,LONG,2023-11-28,246.72000122070312,226.0340329453153,288.0919377714788,570,True,False,True,0.002,2024-01-11,226.0340329453153,LOSS,30.0,stocks
TSLA,LONG,2024-04-29,194.0500030517578,173.89985591415711,234.3502973269592,674,True,True,True,1.472,2024-05-08,173.89985591415711,LOSS,7.0,stocks
TSLA,LONG,2024-06-26,196.3699951171875,181.5891506216994,225.93168410816372,714,True,False,True,0.716,2024-07-02,225.93168410816372,WIN,4.0,stocks
TSLA,LONG,2024-07-03,246.38999938964844,227.60541108657432,283.95917599579667,719,True,True,True,1.607,2024-07-24,227.60541108657432,LOSS,14.0,stocks
TSLA,LONG,2024-09-19,243.9199981689453,222.3184488987884,287.12309670925913,773,True,False,True,0.763,2024-10-11,222.3184488987884,LOSS,16.0,stocks
TSLA,LONG,2024-10-25,269.19000244140625,246.1852823379288,315.1994426483611,799,True,True,True,0.376,2024-11-04,246.1852823379288,LOSS,6.0,stocks
TSLA,LONG,2024-11-06,288.5299987792969,262.9410433631817,339.70790961152727,807,True,True,True,1.172,2024-11-11,339.70790961152727,WIN,3.0,stocks
TSLA,LONG,2024-12-05,369.489990234375,337.69140577768894,433.0871591477471,827,True,False,True,0.475,2024-12-13,433.0871591477471,WIN,6.0,stocks
TSLA,LONG,2024-12-16,463.0199890136719,426.41189046528945,536.2361861104367,834,True,False,True,1.46,2024-12-19,426.41189046528945,LOSS,3.0,stocks
TSLA,LONG,2025-05-13,334.07000732421875,297.5722078924592,407.0656061877379,934,True,False,True,0.65,2025-06-05,297.5722078924592,LOSS,16.0,stocks
TSLA,LONG,2025-08-11,339.0299987792969,312.6379216376139,391.81415306266285,995,True,False,True,0.078,2025-09-12,391.81415306266285,WIN,23.0,stocks
TSLA,LONG,2025-09-15,410.0400085449219,380.25152907786213,469.61696747904136,1019,True,True,True,0.896,2025-10-02,469.61696747904136,WIN,13.0,stocks
TSLA,LONG,2025-11-03,468.3699951171875,430.39121358138925,544.327558188784,1054,True,False,True,0.072,2025-11-07,430.39121358138925,LOSS,4.0,stocks
TSLA,LONG,2025-12-12,458.9599914550781,424.9609438572706,526.9580866506932,1082,True,False,True,0.005,2026-01-08,424.9609438572706,LOSS,17.0,stocks
TSLA,LONG,2026-04-17,400.6199951171875,369.1775323729946,463.50492060557326,1167,True,False,True,0.279,2026-04-23,369.1775323729946,LOSS,4.0,stocks
TSLA,LONG,2026-05-07,411.7900085449219,382.5408055794211,470.28841447592345,1181,True,False,True,0.172,2026-06-10,382.5408055794211,LOSS,23.0,stocks
APA,LONG,2021-12-27,24.095617294311523,21.706398749270523,28.874054384393524,87,False,False,True,0.209,2022-01-18,28.874054384393524,WIN,15.0,stocks
APA,LONG,2022-02-01,30.01787757873535,26.922838179449254,36.207956377307546,112,True,False,True,0.123,2022-02-15,26.922838179449254,LOSS,10.0,stocks
APA,LONG,2022-03-01,32.24910354614258,29.206699572658508,38.33391149311072,131,True,True,True,0.472,2022-04-18,38.33391149311072,WIN,33.0,stocks
APA,LONG,2022-05-25,39.50390625,35.0671732395642,48.377372270871604,191,True,False,True,0.109,2022-06-17,35.0671732395642,LOSS,16.0,stocks
APA,LONG,2022-10-24,38.31609344482422,34.71907251413654,45.51013530619957,295,True,False,True,0.151,2023-02-17,34.71907251413654,LOSS,80.0,stocks
APA,LONG,2023-04-13,35.63263702392578,32.95568733719773,40.98653639738188,412,True,False,True,0.033,2023-04-21,32.95568733719773,LOSS,6.0,stocks
APA,LONG,2023-07-12,33.24068069458008,31.110447627862268,37.5011468280157,473,True,True,True,0.067,2023-08-03,37.5011468280157,WIN,16.0,stocks
APA,LONG,2023-08-08,38.65235137939453,36.30311601653556,43.35082210511247,492,True,False,True,0.509,2023-09-21,36.30311601653556,LOSS,31.0,stocks
APA,LONG,2023-10-18,38.349056243896484,36.08206750080292,42.88303373008361,542,True,False,True,0.031,2023-10-26,36.08206750080292,LOSS,6.0,stocks
APA,LONG,2024-03-19,29.978351593017578,28.4307687990792,33.073517180894335,646,True,False,True,0.222,2024-05-01,28.4307687990792,LOSS,30.0,stocks
APA,LONG,2024-07-17,29.37255859375,27.81315164494027,32.49137249136946,728,True,False,True,0.62,2024-07-24,27.81315164494027,LOSS,5.0,stocks
APA,LONG,2024-10-03,24.37578773498535,22.481040868463857,28.16528146802834,783,True,False,True,0.116,2024-10-23,22.481040868463857,LOSS,14.0,stocks
APA,LONG,2025-01-02,21.697589874267578,20.2716736610704,24.549422300661938,845,True,False,True,0.078,2025-02-03,20.2716736610704,LOSS,20.0,stocks
APA,LONG,2025-05-09,15.939349174499512,14.215011994076105,19.388023535346324,932,False,False,True,0.077,2025-06-13,19.388023535346324,WIN,24.0,stocks
APA,LONG,2025-08-13,19.86709213256836,18.317689152228724,22.96589809324763,997,True,False,True,0.0,2025-09-02,22.96589809324763,WIN,13.0,stocks
APA,LONG,2025-09-16,23.683971405029297,21.842751699936322,27.366410815215247,1020,True,True,True,0.672,2025-10-10,21.842751699936322,LOSS,18.0,stocks
APA,LONG,2025-12-03,26.333295822143555,24.240189733392278,30.51950799964611,1075,True,False,True,1.055,2025-12-16,24.240189733392278,LOSS,9.0,stocks
APA,LONG,2026-01-14,26.07924461364746,24.11496342588452,30.007806989173346,1103,True,True,True,0.408,2026-03-02,30.007806989173346,WIN,31.0,stocks
APA,LONG,2026-03-13,34.00149917602539,31.343771619803057,39.31695428847006,1143,True,False,True,0.23,2026-03-24,39.31695428847006,WIN,7.0,stocks
APA,LONG,2026-03-26,42.21828079223633,39.1693134827072,48.31621541129458,1152,True,False,True,0.718,2026-04-08,39.1693134827072,LOSS,8.0,stocks
APA,LONG,2026-08-10,41.02000045776367,37.88622401070282,47.28755335188538,1245,True,False,True,1.991,,,OPEN,,stocks
AAPL,LONG,2021-11-17,149.92823791503906,144.9588659183172,159.86698190848279,61,True,False,True,0.214,2021-11-22,159.86698190848279,WIN,3.0,stocks
AAPL,LONG,2021-12-07,167.2076873779297,158.921533776317,183.77999458115505,74,True,False,True,0.207,2022-01-21,158.921533776317,LOSS,31.0,stocks
AAPL,LONG,2022-03-23,166.47206115722656,157.0798016022994,185.2565802670809,147,True,False,True,0.165,2022-04-25,157.0798016022994,LOSS,22.0,stocks
AAPL,LONG,2022-07-14,145.42282104492188,136.97363421807535,162.32119469861493,224,True,False,True,0.005,2022-08-03,162.32119469861493,WIN,14.0,stocks
AAPL,LONG,2022-08-10,165.99681091308594,158.45954713534843,181.07133846856095,243,True,False,True,0.372,2022-08-29,158.45954713534843,LOSS,13.0,stocks
AAPL,LONG,2022-10-28,152.75552368164062,142.6040850219862,173.05840100094946,299,True,True,True,0.628,2022-11-02,142.6040850219862,LOSS,3.0,stocks
AAPL,LONG,2023-02-02,148.1751708984375,140.5707814564132,163.38394978248613,364,True,True,True,0.928,2023-04-03,163.38394978248613,WIN,41.0,stocks
AAPL,LONG,2023-04-19,164.9418487548828,159.07418649685263,176.67717327094317,416,True,False,True,0.074,2023-05-31,176.67717327094317,WIN,29.0,stocks
AAPL,LONG,2023-06-01,177.44715881347656,172.20013139482575,187.9412136507782,446,True,False,True,0.278,2023-06-30,187.9412136507782,WIN,20.0,stocks
AAPL,LONG,2023-07-19,192.2368621826172,186.58208736211685,203.54641182361786,478,True,True,True,0.216,2023-08-04,186.58208736211685,LOSS,12.0,stocks
AAPL,LONG,2023-09-01,186.93173217773438,180.71410731148444,199.36698191023424,510,True,False,True,0.108,2023-09-06,180.71410731148444,LOSS,2.0,stocks
AAPL,LONG,2023-10-11,177.400634765625,170.85378156037498,190.49434117612503,537,True,False,True,0.024,2023-10-20,170.85378156037498,LOSS,7.0,stocks
AAPL,LONG,2023-11-08,180.4494171142578,173.99469983676954,193.35885166923435,557,True,False,True,0.138,2023-12-08,193.35885166923435,WIN,21.0,stocks
AAPL,LONG,2023-12-13,195.57562255859375,189.7735455461408,207.17977658349963,581,True,False,True,0.671,2023-12-27,189.7735455461408,LOSS,9.0,stocks
AAPL,LONG,2024-05-14,185.66021728515625,178.35309455766478,200.2744627401392,685,True,False,True,0.089,2024-06-11,200.2744627401392,WIN,19.0,stocks
AAPL,LONG,2024-06-12,211.05812072753906,201.99691248123844,229.1805372201403,705,True,True,True,1.292,2024-07-10,229.1805372201403,WIN,18.0,stocks
AAPL,LONG,2024-07-15,232.18670654296875,222.30247457340747,251.95517048209132,726,True,False,True,0.265,2024-07-18,222.30247457340747,LOSS,3.0,stocks
AAPL,LONG,2024-10-15,231.9100341796875,222.95272911735327,249.82464430435596,791,True,False,True,0.168,2024-11-01,222.95272911735327,LOSS,13.0,stocks
AAPL,LONG,2024-11-26,233.36643981933594,225.77783267673726,248.5436541045333,821,True,False,True,0.258,2024-12-11,248.5436541045333,WIN,10.0,stocks
AAPL,LONG,2024-12-16,249.23129272460938,242.13846096674584,263.41695624033645,834,True,False,True,0.067,2025-01-02,242.13846096674584,LOSS,11.0,stocks
AAPL,LONG,2025-07-01,206.82041931152344,197.84487866238197,224.77150060980637,967,True,False,True,0.095,2025-08-08,224.77150060980637,WIN,27.0,stocks
AAPL,LONG,2025-08-13,232.4712371826172,221.95789194458712,253.49792765867733,997,True,False,True,0.48,2025-09-22,253.49792765867733,WIN,27.0,stocks
AAPL,LONG,2025-10-20,261.27484130859375,250.5762361054968,282.67205171478764,1044,True,True,True,0.559,2025-12-02,282.67205171478764,WIN,30.0,stocks
AAPL,LONG,2026-02-04,275.73944091796875,263.6575531504193,299.90321645306767,1117,True,True,True,0.761,2026-02-12,263.6575531504193,LOSS,6.0,stocks
AAPL,LONG,2026-04-17,269.7486267089844,257.5474885601841,294.15090300658494,1167,True,False,True,0.502,2026-05-08,294.15090300658494,WIN,15.0,stocks
AAPL,LONG,2026-05-12,294.54595947265625,282.14596568941687,319.345947039135,1184,True,False,True,0.05,2026-06-25,282.14596568941687,LOSS,30.0,stocks
AAPL,LONG,2026-07-09,315.947509765625,299.2660993352954,349.3103306262842,1223,True,False,True,0.089,,,OPEN,,stocks
SNAP,LONG,2022-04-04,39.34000015258789,34.54993982286682,48.920120812030035,155,True,False,True,0.309,2022-04-11,34.54993982286682,LOSS,5.0,stocks
SNAP,LONG,2022-07-21,16.350000381469727,14.244553643128365,20.56089385815245,229,True,True,True,0.674,2022-07-22,14.244553643128365,LOSS,1.0,stocks
SNAP,LONG,2022-11-11,11.579999923706055,9.83480624855627,15.070387274005625,309,True,False,True,0.212,2022-11-22,9.83480624855627,LOSS,7.0,stocks
SNAP,LONG,2023-01-27,10.90999984741211,9.79538925221796,13.139221037800407,360,True,True,True,0.79,2023-02-21,9.79538925221796,LOSS,16.0,stocks
SNAP,LONG,2023-05-26,10.279999732971191,9.399068652919073,12.041861893075428,443,True,False,True,0.479,2023-06-30,12.041861893075428,WIN,23.0,stocks
SNAP,LONG,2023-07-05,12.119999885559082,11.250063917313414,13.859871822050419,468,True,False,True,0.046,2023-07-13,13.859871822050419,WIN,6.0,stocks
SNAP,LONG,2023-11-24,12.520000457763672,11.615986873446461,14.328027626398093,568,True,False,True,0.21,2023-12-04,14.328027626398093,WIN,6.0,stocks
SNAP,LONG,2023-12-05,14.600000381469727,13.615831803939484,16.568337536530212,575,True,False,True,0.447,2023-12-14,16.568337536530212,WIN,7.0,stocks
SNAP,LONG,2024-04-30,15.050000190734863,13.423753814512583,18.302492943179423,675,True,True,True,0.135,2024-07-25,13.423753814512583,LOSS,59.0,stocks
SNAP,LONG,2024-10-11,11.130000114440918,10.283255779681346,12.823488783960062,789,True,False,True,0.142,2024-10-17,10.283255779681346,LOSS,4.0,stocks
SNAP,LONG,2024-10-30,12.619999885559082,11.633196152336382,14.593607352004483,802,True,True,True,2.868,2024-11-06,11.633196152336382,LOSS,5.0,stocks
SNAP,LONG,2024-12-03,12.859999656677246,11.769544784008858,15.040909402014023,825,True,False,True,0.495,2024-12-05,11.769544784008858,LOSS,2.0,stocks
SNAP,LONG,2025-07-01,9.350000381469727,8.532902856210068,10.984195431989043,967,True,True,True,0.979,2025-08-06,8.532902856210068,LOSS,25.0,stocks
SNAP,LONG,2025-09-18,8.4399995803833,7.794421106759677,9.731156527630548,1022,True,True,True,0.589,2025-09-30,7.794421106759677,LOSS,8.0,stocks
SNAP,LONG,2025-11-10,8.6899995803833,7.8951510855844464,10.27969656998101,1059,True,True,True,0.151,2025-11-20,7.8951510855844464,LOSS,8.0,stocks
SNAP,LONG,2025-12-30,8.069999694824219,7.537387554200238,9.13522397607218,1093,True,False,True,0.113,2026-01-16,7.537387554200238,LOSS,12.0,stocks
SNAP,LONG,2026-04-14,5.599999904632568,4.9614323231505715,6.877135067596562,1164,True,True,True,1.378,2026-06-17,4.9614323231505715,LOSS,45.0,stocks
BAC,LONG,2022-01-07,43.946067810058594,41.95860927697878,47.92098487621823,96,True,False,True,0.674,2022-01-18,41.95860927697878,LOSS,6.0,stocks
BAC,LONG,2022-10-18,31.70827293395996,29.536850454160618,36.05111789355865,291,True,True,True,0.084,2022-12-08,29.536850454160618,LOSS,36.0,stocks
BAC,LONG,2023-01-13,32.21368408203125,30.66008499908884,35.32088224791607,351,True,True,True,0.424,2023-01-18,30.66008499908884,LOSS,2.0,stocks
BAC,LONG,2023-01-27,32.414852142333984,30.94311939060215,35.358317645797655,360,True,False,True,0.075,2023-02-24,30.94311939060215,LOSS,19.0,stocks
BAC,LONG,2023-04-14,27.167634963989258,25.593036312824072,30.31683226631963,413,False,False,True,0.058,2023-05-02,25.593036312824072,LOSS,12.0,stocks
BAC,LONG,2023-06-06,27.115400314331055,25.7609211901701,29.82435856265296,449,True,False,True,0.384,2023-06-23,25.7609211901701,LOSS,12.0,stocks
BAC,LONG,2023-07-18,28.47905921936035,27.183765960729136,31.069645736622782,477,True,True,True,0.859,2023-08-16,27.183765960729136,LOSS,21.0,stocks
BAC,LONG,2023-11-03,26.583702087402344,25.13716444475584,29.476777372695352,554,True,False,True,0.491,2023-12-06,29.476777372695352,WIN,22.0,stocks
BAC,LONG,2023-12-13,30.209001541137695,28.998631739088264,32.62974114523656,581,True,False,True,0.81,2024-01-05,32.62974114523656,WIN,15.0,stocks
BAC,LONG,2024-01-30,32.801849365234375,31.514353654732812,35.3768407862375,612,True,False,True,0.146,2024-02-01,31.514353654732812,LOSS,2.0,stocks
BAC,LONG,2024-03-04,33.374732971191406,31.960196121305945,36.20380667096233,635,True,False,True,0.671,2024-04-01,36.20380667096233,WIN,19.0,stocks
BAC,LONG,2024-04-23,36.43209457397461,34.76255956403937,39.771164593845086,670,True,False,True,0.023,2024-07-09,39.771164593845086,WIN,52.0,stocks
BAC,LONG,2024-07-16,42.15604019165039,40.49473150485042,45.47865756525033,727,True,True,True,2.185,2024-07-22,40.49473150485042,LOSS,4.0,stocks
BAC,LONG,2024-08-30,38.92723083496094,37.32833632715106,42.1250198505807,760,True,False,True,0.49,2024-09-06,37.32833632715106,LOSS,4.0,stocks
BAC,LONG,2024-09-19,39.29639434814453,37.5748386067751,42.73950583088339,773,True,False,True,0.207,2024-09-25,37.5748386067751,LOSS,4.0,stocks
BAC,LONG,2024-10-11,40.33481216430664,38.766694174958914,43.47104814300209,789,True,True,True,1.104,2024-11-06,43.47104814300209,WIN,18.0,stocks
BAC,LONG,2024-11-11,44.3057975769043,42.38078915336288,48.155814423987124,810,True,False,True,0.529,2024-12-18,42.38078915336288,LOSS,26.0,stocks
BAC,LONG,2025-01-15,45.5384407043457,43.71032344740301,49.19467521823108,853,True,True,True,0.476,2025-02-03,43.71032344740301,LOSS,12.0,stocks
BAC,LONG,2025-02-06,46.157222747802734,44.44287013476537,49.58592797387746,868,True,False,True,0.259,2025-02-12,44.44287013476537,LOSS,4.0,stocks
BAC,LONG,2025-05-02,39.95894241333008,37.31471746141481,45.24739231716062,927,True,False,True,0.464,2025-06-23,45.24739231716062,WIN,34.0,stocks
BAC,LONG,2025-06-24,45.665252685546875,43.96829835726388,49.05916134211286,962,True,False,True,0.335,2025-08-05,43.96829835726388,LOSS,29.0,stocks
BAC,LONG,2025-08-22,48.425132751464844,46.634876786343284,52.00564468170796,1004,True,False,True,1.017,2025-09-23,52.00564468170796,WIN,21.0,stocks
BAC,LONG,2025-10-27,52.17828369140625,49.98688499777101,56.561081078676736,1049,True,False,True,0.153,2025-11-21,49.98688499777101,LOSS,19.0,stocks
BAC,LONG,2025-12-12,54.54662322998047,52.60067189233449,58.43852590527243,1082,True,False,True,0.315,2026-01-14,52.60067189233449,LOSS,21.0,stocks
BAC,LONG,2026-06-09,54.41999816894531,52.176653020152685,58.90668846653057,1203,True,False,True,0.062,2026-06-25,58.90668846653057,WIN,11.0,stocks
BAC,LONG,2026-07-06,59.900001525878906,57.55334492316493,64.59331473130686,1220,True,False,True,0.597,2026-08-12,64.59331473130686,WIN,27.0,stocks
GM,LONG,2021-11-17,62.056034088134766,58.555000327887804,69.05810160862869,61,True,True,True,0.318,2021-11-26,58.555000327887804,LOSS,6.0,stocks
GM,LONG,2022-01-04,63.141353607177734,59.03024464227282,71.36357153698756,93,True,True,True,1.145,2022-01-07,59.03024464227282,LOSS,3.0,stocks
GM,LONG,2022-07-28,34.32723617553711,31.706160390744106,39.569387745123116,234,True,False,True,0.396,2022-09-09,39.569387745123116,WIN,30.0,stocks
GM,LONG,2022-09-12,40.48001480102539,38.00773340177439,45.424577599527396,265,True,False,True,0.397,2022-09-19,38.00773340177439,LOSS,5.0,stocks
GM,LONG,2022-10-25,35.62818908691406,32.819160234082574,41.24624679257704,296,True,True,True,0.775,2022-12-22,32.819160234082574,LOSS,41.0,stocks
GM,LONG,2023-01-31,37.936126708984375,35.28752226783501,43.23333559128311,362,True,True,True,0.517,2023-03-10,35.28752226783501,LOSS,27.0,stocks
GM,LONG,2023-07-03,37.781280517578125,36.01149241234217,41.32085672805003,467,True,False,True,0.11,2023-07-25,36.01149241234217,LOSS,15.0,stocks
GM,LONG,2023-11-29,30.72677993774414,28.77048733102076,34.6393651511909,571,True,True,True,1.531,2023-12-14,34.6393651511909,WIN,11.0,stocks
GM,LONG,2024-01-08,35.78777313232422,34.02253207821395,39.31825524054476,597,True,False,True,0.077,2024-01-16,34.02253207821395,LOSS,5.0,stocks
GM,LONG,2024-02-29,40.07976150512695,38.27653288113583,43.6862187531092,633,True,False,True,0.023,2024-03-12,38.27653288113583,LOSS,8.0,stocks
GM,LONG,2024-03-20,41.90868377685547,39.943609543201944,45.83883224416252,647,True,False,True,1.045,2024-06-10,45.83883224416252,WIN,56.0,stocks
GM,LONG,2024-06-11,47.27531814575195,45.26767042180011,51.290613593655635,704,True,True,True,0.44,2024-06-14,45.26767042180011,LOSS,3.0,stocks
GM,LONG,2024-08-23,47.62834167480469,45.17293882745176,52.539147369510545,755,True,False,True,1.278,2024-09-10,45.17293882745176,LOSS,11.0,stocks
GM,LONG,2024-10-22,52.81993865966797,49.87606960306936,58.707676772865184,796,True,True,True,2.658,2024-11-25,58.707676772865184,WIN,24.0,stocks
GM,LONG,2025-03-24,50.83157730102539,47.220719093468006,58.05329371614016,899,True,False,True,0.595,2025-03-27,47.220719093468006,LOSS,3.0,stocks
GM,LONG,2025-05-13,49.84379196166992,46.58757573301913,56.35622441897151,934,True,False,True,0.194,2025-06-02,46.58757573301913,LOSS,13.0,stocks
GM,LONG,2025-07-01,51.558292388916016,48.991423125894364,56.69203091495932,967,True,False,True,1.259,2025-07-22,48.991423125894364,LOSS,14.0,stocks
GM,LONG,2025-08-13,55.07611083984375,52.41432382472832,60.39968487007461,997,True,False,True,0.618,2025-09-26,60.39968487007461,WIN,31.0,stocks
GM,LONG,2025-10-24,69.20697784423828,65.10539905253412,77.4101354276466,1048,True,False,True,0.572,2025-12-10,77.4101354276466,WIN,32.0,stocks
GM,LONG,2025-12-15,81.60945892333984,78.32309270983397,88.18219135035159,1083,True,True,True,0.261,2026-01-20,78.32309270983397,LOSS,23.0,stocks
GM,LONG,2026-01-27,85.98955535888672,81.26942105090859,95.42982397484298,1111,True,True,True,0.506,2026-02-09,81.26942105090859,LOSS,9.0,stocks
GM,LONG,2026-05-27,83.93805694580078,78.83511834075652,94.1439341558893,1194,True,False,True,1.545,2026-06-23,78.83511834075652,LOSS,18.0,stocks
GM,LONG,2026-07-27,87.04000091552734,81.61212262113753,97.89575750430697,1235,True,False,True,0.999,,,OPEN,,stocks
RACE,LONG,2021-11-19,260.757568359375,251.17827406199766,279.9161569541297,63,True,False,True,0.564,2021-11-26,251.17827406199766,LOSS,4.0,stocks
RACE,LONG,2022-03-29,214.22085571289062,200.77873008895477,241.10510696076233,151,True,False,True,0.838,2022-04-26,200.77873008895477,LOSS,19.0,stocks
RACE,LONG,2022-07-21,195.484130859375,184.7417492693237,216.96889403947762,229,True,False,True,0.079,2022-09-01,184.7417492693237,LOSS,30.0,stocks
RACE,LONG,2022-11-08,197.67079162597656,187.3201403272798,218.37209422337008,306,True,False,True,0.243,2022-12-01,218.37209422337008,WIN,16.0,stocks
RACE,LONG,2023-01-11,226.1265106201172,217.73234454218607,242.91484277597942,349,True,False,True,0.221,2023-01-27,242.91484277597942,WIN,11.0,stocks
RACE,LONG,2023-02-02,256.8656311035156,246.42826163084618,277.7403700488545,364,True,True,True,1.672,2023-03-15,246.42826163084618,LOSS,28.0,stocks
RACE,LONG,2023-04-12,267.6538391113281,259.2630689969382,284.43537934010794,411,True,False,True,0.231,2023-05-04,284.43537934010794,WIN,16.0,stocks
RACE,LONG,2023-05-05,289.2482604980469,279.00602959764814,309.73272229884435,428,True,False,True,0.603,2023-05-24,279.00602959764814,LOSS,13.0,stocks
RACE,LONG,2023-06-15,298.31134033203125,289.8774676511969,315.1790856936999,456,True,True,True,0.206,2023-06-30,315.1790856936999,WIN,10.0,stocks
RACE,LONG,2023-07-14,320.4037780761719,311.37571569779607,338.4599028329235,475,True,False,True,0.369,2023-07-20,311.37571569779607,LOSS,4.0,stocks
RACE,LONG,2023-10-16,307.01385498046875,295.85485619920155,329.33185254300315,540,True,True,True,0.091,2023-10-18,295.85485619920155,LOSS,2.0,stocks
RACE,LONG,2023-11-02,315.1803283691406,303.55392044283707,338.43314422174774,553,True,True,True,1.061,2023-11-14,338.43314422174774,WIN,8.0,stocks
RACE,LONG,2023-11-17,350.1852111816406,338.66484576154465,373.22594202183257,564,True,False,True,0.718,2023-12-18,338.66484576154465,LOSS,20.0,stocks
RACE,LONG,2024-02-01,379.52813720703125,362.0470199015988,414.4903718178962,614,True,True,True,3.876,2024-02-02,362.0470199015988,LOSS,1.0,stocks
RACE,LONG,2024-02-09,382.55889892578125,364.89705248149045,417.88259181436285,620,True,False,True,0.126,2024-02-28,417.88259181436285,WIN,12.0,stocks
RACE,LONG,2024-03-19,422.31939697265625,408.44483525685075,450.06852040426725,646,True,False,True,0.461,2024-04-02,408.44483525685075,LOSS,9.0,stocks
RACE,LONG,2024-05-03,422.0168151855469,405.9098729509732,454.23069965469426,678,True,False,True,0.577,2024-05-07,405.9098729509732,LOSS,2.0,stocks
RACE,LONG,2024-06-12,419.14312744140625,405.1665274196584,447.09632748490196,705,True,True,True,0.494,2024-06-14,405.1665274196584,LOSS,2.0,stocks
RACE,LONG,2024-07-10,426.685302734375,412.84816767589734,454.3595728513303,723,True,False,True,0.676,2024-07-17,412.84816767589734,LOSS,5.0,stocks
RACE,LONG,2024-08-14,444.19207763671875,424.51941829063367,483.5373963288889,748,True,True,True,1.886,2024-08-29,483.5373963288889,WIN,11.0,stocks
RACE,LONG,2024-08-30,487.23822021484375,470.01208515148227,521.6904903415667,760,True,False,True,0.16,2024-09-04,470.01208515148227,LOSS,2.0,stocks
RACE,LONG,2024-10-17,473.04644775390625,455.94133328345526,507.2566766948082,793,True,False,True,0.069,2024-11-05,455.94133328345526,LOSS,13.0,stocks
RACE,LONG,2025-01-21,431.7657165527344,417.33592299605374,460.62530366609565,856,True,False,True,0.211,2025-02-03,417.33592299605374,LOSS,9.0,stocks
RACE,LONG,2025-02-04,450.4690246582031,431.538028634695,488.3310167052193,866,True,True,True,1.938,2025-02-14,488.3310167052193,WIN,8.0,stocks
RACE,LONG,2025-02-20,498.37982177734375,478.36350837198137,538.4124485880685,877,True,False,True,0.011,2025-02-26,478.36350837198137,LOSS,4.0,stocks
RACE,LONG,2025-04-29,457.4604187011719,433.7632410517389,504.8547740000379,924,True,False,True,0.147,2025-07-23,504.8547740000379,WIN,58.0,stocks
RACE,LONG,2025-08-28,473.51513671875,456.3707081863397,507.8039937835706,1008,True,False,True,0.28,2025-10-09,456.3707081863397,LOSS,29.0,stocks
RACE,LONG,2026-02-11,378.59063720703125,358.4014171372482,418.9690773465974,1122,True,True,True,0.94,2026-02-19,358.4014171372482,LOSS,5.0,stocks
RACE,LONG,2026-04-17,368.59600830078125,348.0848522930072,409.61832031632935,1167,True,False,True,0.941,2026-04-27,348.0848522930072,LOSS,6.0,stocks
RACE,LONG,2026-06-02,353.80999755859375,333.53264499160065,394.36470269257995,1198,True,False,True,0.052,2026-07-07,394.36470269257995,WIN,23.0,stocks
RACE,LONG,2026-08-14,414.8500061035156,397.69112620611475,449.1677658983174,1249,True,False,True,0.038,,,OPEN,,stocks
MSFT,LONG,2021-11-16,325.8370056152344,316.3065599503458,344.89789694501155,60,True,False,True,0.145,2021-11-26,316.3065599503458,LOSS,7.0,stocks
MSFT,LONG,2022-03-22,292.9530334472656,275.41311703594573,328.0328662699054,146,True,False,True,0.102,2022-04-11,275.41311703594573,LOSS,14.0,stocks
MSFT,LONG,2022-07-28,266.9333190917969,251.10036309268318,298.59923109002426,234,True,False,True,0.776,2022-09-01,251.10036309268318,LOSS,25.0,stocks
MSFT,LONG,2022-11-23,240.27447509765625,227.03327983883483,266.7568656152991,317,True,False,True,0.042,2022-12-22,227.03327983883483,LOSS,20.0,stocks
MSFT,LONG,2023-01-26,240.6820831298828,227.5551491471907,266.93595109526706,359,True,False,True,0.333,2023-02-08,266.93595109526706,WIN,9.0,stocks
MSFT,LONG,2023-03-16,268.72137451171875,255.22695627886955,295.71021097741715,393,True,True,True,0.789,2023-04-27,295.71021097741715,WIN,29.0,stocks
MSFT,LONG,2023-04-28,298.9403076171875,284.7834884637492,327.25394592406406,423,True,False,True,0.283,2023-05-30,327.25394592406406,WIN,21.0,stocks
MSFT,LONG,2023-06-15,339.4149169921875,326.38195996296713,365.48083105062824,456,True,False,True,1.356,2023-06-21,326.38195996296713,LOSS,3.0,stocks
MSFT,LONG,2023-07-18,350.5207214355469,334.91925703785233,381.72365023093596,477,True,True,True,1.002,2023-07-21,334.91925703785233,LOSS,3.0,stocks
MSFT,LONG,2023-09-14,330.9486389160156,319.48437951982737,353.87715770839213,518,True,False,True,0.048,2023-09-18,319.48437951982737,LOSS,2.0,stocks
MSFT,LONG,2023-10-25,332.8735656738281,318.8519523115723,360.9167923983398,547,True,True,True,0.528,2023-11-10,360.9167923983398,WIN,12.0,stocks
MSFT,LONG,2023-11-14,361.7961120605469,348.89543092119794,387.59747433924474,561,True,False,True,0.026,2024-01-19,387.59747433924474,WIN,44.0,stocks
MSFT,LONG,2024-01-24,394.1455383300781,382.608315587853,417.2199838145284,608,True,False,True,0.329,2024-03-14,417.2199838145284,WIN,35.0,stocks
MSFT,LONG,2024-03-21,421.1725769042969,406.82873125670716,449.8602681994763,648,True,False,True,0.212,2024-04-15,406.82873125670716,LOSS,16.0,stocks
MSFT,LONG,2024-05-21,421.60797119140625,407.4252200776818,449.9734734188552,690,True,False,True,0.315,2024-05-30,407.4252200776818,LOSS,6.0,stocks
MSFT,LONG,2024-06-12,433.4197692871094,419.1516132281251,461.95608140507795,705,True,False,True,1.028,2024-07-25,419.1516132281251,LOSS,29.0,stocks
MSFT,LONG,2024-09-13,423.89373779296875,407.3313197437227,457.01857389146085,769,True,False,True,0.383,2024-10-07,407.3313197437227,LOSS,16.0,stocks
MSFT,LONG,2024-12-02,425.126953125,409.0865186753071,457.2078220243858,824,True,False,True,0.239,2025-01-13,409.0865186753071,LOSS,27.0,stocks
MSFT,LONG,2025-01-22,440.1402587890625,422.5791365721558,475.2625032228759,857,True,False,True,0.276,2025-01-27,422.5791365721558,LOSS,3.0,stocks
MSFT,LONG,2025-04-30,390.673828125,367.6901429907915,436.64119839341697,925,True,False,True,0.014,2025-05-08,436.64119839341697,WIN,6.0,stocks
MSFT,LONG,2025-05-12,444.04730224609375,420.9674380765805,490.20703058512026,933,True,False,True,0.479,2025-06-26,490.20703058512026,WIN,31.0,stocks
MSFT,LONG,2025-07-09,498.58148193359375,485.277067154136,525.1903114925093,972,True,False,True,0.409,2025-07-31,525.1903114925093,WIN,16.0,stocks
MSFT,LONG,2025-10-01,515.4689331054688,500.45316832941984,545.5004626575666,1031,True,False,True,0.054,2025-10-28,545.5004626575666,WIN,19.0,stocks
MSFT,LONG,2026-04-15,409.5602722167969,389.99044790501733,448.69992084035596,1165,True,False,True,0.694,2026-05-29,448.69992084035596,WIN,31.0,stocks
MSFT,LONG,2026-06-01,459.6546936035156,435.59959972593566,507.76488135867555,1197,True,True,True,0.846,2026-06-03,435.59959972593566,LOSS,2.0,stocks
MSFT,LONG,2026-07-31,463.8468017578125,431.877857681905,527.7846899096274,1239,True,True,True,0.377,,,OPEN,,stocks
C,LONG,2022-01-06,55.120811462402344,52.54151649802192,60.27940139116319,95,True,False,True,0.119,2022-01-24,52.54151649802192,LOSS,11.0,stocks
C,LONG,2022-07-15,43.21736526489258,39.91354255301201,49.82501068865372,225,False,True,True,0.455,2022-09-22,39.91354255301201,LOSS,48.0,stocks
C,LONG,2022-11-10,42.77058792114258,40.44027965852105,47.431204446385635,308,True,True,True,1.433,2022-12-05,40.44027965852105,LOSS,16.0,stocks
C,LONG,2023-01-11,43.02676010131836,41.08507009324667,46.91014011746174,349,True,False,True,0.355,2023-02-02,46.91014011746174,WIN,15.0,stocks
C,LONG,2023-04-14,44.209354400634766,41.7735284616684,49.0810062785675,413,True,True,True,1.406,2023-04-26,41.7735284616684,LOSS,8.0,stocks
C,LONG,2023-06-06,42.58376693725586,40.532416761119364,46.68646728952885,449,True,False,True,0.026,2023-08-08,40.532416761119364,LOSS,43.0,stocks
C,LONG,2023-11-13,39.46012496948242,37.80210930104996,42.776156306347346,560,True,False,True,0.256,2023-12-01,42.776156306347346,WIN,13.0,stocks
C,LONG,2023-12-04,43.77577590942383,42.22154955707752,46.88422861411644,574,True,False,True,0.131,2023-12-14,46.88422861411644,WIN,8.0,stocks
C,LONG,2024-01-02,49.015567779541016,47.159448258797134,52.72780682102878,593,True,False,True,1.235,2024-01-16,47.159448258797134,LOSS,9.0,stocks
C,LONG,2024-01-30,52.75827407836914,50.541496836603386,57.19182856190065,612,True,True,True,1.951,2024-02-05,50.541496836603386,LOSS,4.0,stocks
C,LONG,2024-03-07,53.84956741333008,51.66787410550189,58.21295402898646,638,True,False,True,0.137,2024-03-27,58.21295402898646,WIN,14.0,stocks
C,LONG,2024-03-28,58.99943161010742,56.86441637383302,63.26946208265622,653,True,False,True,0.42,2024-04-04,56.86441637383302,LOSS,4.0,stocks
C,LONG,2024-05-09,59.587249755859375,56.976985207829806,64.80777885191851,682,True,False,True,0.115,2024-06-11,56.976985207829806,LOSS,22.0,stocks
C,LONG,2024-06-28,59.718990325927734,57.20373450448664,64.74950196880992,716,True,True,True,0.344,2024-08-02,57.20373450448664,LOSS,24.0,stocks
C,LONG,2024-08-30,59.51451873779297,56.88349508100248,64.77656605137395,760,True,False,True,0.029,2024-09-06,56.88349508100248,LOSS,4.0,stocks
C,LONG,2024-09-19,59.87556076049805,56.748291790613344,66.13009870026745,773,False,True,True,0.194,2024-11-06,66.13009870026745,WIN,34.0,stocks
C,LONG,2024-11-25,67.81595611572266,64.91739518537457,73.61307797641882,820,True,False,True,0.364,2025-01-15,73.61307797641882,WIN,33.0,stocks
C,LONG,2025-01-17,76.67276763916016,73.23482340087457,83.54865611573132,855,True,False,True,0.413,2025-03-04,73.23482340087457,LOSS,30.0,stocks
C,LONG,2025-05-02,68.13114166259766,62.950527231176196,78.49237052544058,927,True,False,True,0.443,2025-06-24,78.49237052544058,WIN,35.0,stocks
C,LONG,2025-06-25,80.38948059082031,77.3285131556414,86.51141546117813,963,True,False,True,0.75,2025-07-15,86.51141546117813,WIN,13.0,stocks
C,LONG,2025-07-17,90.56586456298828,86.74964518600406,98.19830331695672,978,True,False,True,0.658,2025-08-01,86.74964518600406,LOSS,11.0,stocks
C,LONG,2025-08-27,94.86318969726562,91.01915722027242,102.55125465125204,1007,True,False,True,0.341,2025-09-23,102.55125465125204,WIN,18.0,stocks
C,LONG,2025-11-03,100.09828186035156,95.03788361114134,110.21907835877201,1054,True,False,True,0.025,2025-11-18,95.03788361114134,LOSS,11.0,stocks
C,LONG,2025-12-03,105.13225555419922,99.77805015083425,115.84066636092916,1075,True,False,True,0.865,2025-12-22,115.84066636092916,WIN,13.0,stocks
C,LONG,2025-12-23,117.62361145019531,112.62790981461994,127.61501472134606,1089,True,False,True,0.296,2026-01-14,112.62790981461994,LOSS,14.0,stocks
C,LONG,2026-02-06,121.49465942382812,114.83005773651682,134.82386279845073,1119,True,False,True,0.269,2026-02-12,114.83005773651682,LOSS,4.0,stocks
C,LONG,2026-04-09,123.70292663574219,116.02484814052895,139.05908362616867,1161,True,False,True,0.111,2026-06-12,139.05908362616867,WIN,45.0,stocks
C,LONG,2026-06-15,140.49569702148438,133.24596498224616,154.9951610999608,1207,True,False,True,0.025,2026-07-14,133.24596498224616,LOSS,19.0,stocks
C,LONG,2026-08-14,139.3300018310547,132.8906627574049,152.20867997835427,1249,True,False,True,0.022,2026-08-19,132.8906627574049,LOSS,3.0,stocks
WMT,LONG,2022-03-15,45.83108139038086,44.00233655227251,49.48857106659756,141,True,False,True,0.32,2022-04-07,49.48857106659756,WIN,17.0,stocks
WMT,LONG,2022-04-20,50.37940216064453,48.57951138833305,53.97918370526749,166,True,False,True,0.428,2022-04-29,48.57951138833305,LOSS,7.0,stocks
WMT,LONG,2022-08-16,44.33748245239258,42.27299463261602,48.4664580919457,247,True,True,True,1.763,2022-08-26,42.27299463261602,LOSS,8.0,stocks
WMT,LONG,2022-10-24,44.35021209716797,42.43783539109665,48.17496550931061,295,True,False,True,0.665,2022-11-21,48.17496550931061,WIN,20.0,stocks
WMT,LONG,2022-11-28,48.83580017089844,47.03413915377958,52.43912220513616,319,True,False,True,0.049,2022-12-09,47.03413915377958,LOSS,9.0,stocks
WMT,LONG,2023-03-27,46.226078033447266,44.77556387333944,49.12710635366291,400,True,False,True,0.736,2023-04-25,49.12710635366291,WIN,20.0,stocks
WMT,LONG,2023-06-13,49.983909606933594,48.735347785100906,52.48103325059897,454,True,False,True,0.516,2023-08-14,52.48103325059897,WIN,42.0,stocks
WMT,LONG,2023-09-07,52.800498962402344,51.41918344159286,55.56313000402132,513,True,False,True,0.224,2023-09-29,51.41918344159286,LOSS,16.0,stocks
WMT,LONG,2023-11-01,53.25270462036133,51.85497636129316,56.04816113849766,552,True,False,True,0.25,2023-11-16,51.85497636129316,LOSS,11.0,stocks
WMT,LONG,2024-01-18,52.922035217285156,51.71715451855944,55.33179661473659,604,True,False,True,0.452,2024-02-13,55.33179661473659,WIN,18.0,stocks
WMT,LONG,2024-02-20,57.01341247558594,55.335297394754484,60.369642637248845,626,True,True,True,1.518,2024-05-16,60.369642637248845,WIN,61.0,stocks
WMT,LONG,2024-05-17,63.310691833496094,61.18650942079271,67.55905665890286,688,True,True,True,0.212,2024-06-24,67.55905665890286,WIN,24.0,stocks
WMT,LONG,2024-07-05,68.58903503417969,66.49654798069477,72.77400914114952,720,True,True,True,0.936,2024-08-02,66.49654798069477,LOSS,20.0,stocks
WMT,LONG,2024-08-20,73.20387268066406,70.56105702299506,78.48950399600207,752,True,False,True,0.232,2024-09-13,78.48950399600207,WIN,17.0,stocks
WMT,LONG,2024-09-25,79.94091033935547,77.58827658450433,84.64617784905775,777,True,False,True,0.317,2024-10-07,77.58827658450433,LOSS,8.0,stocks
WMT,LONG,2024-10-15,80.1864242553711,77.96769410163806,84.62388456283716,791,True,False,True,0.044,2024-11-19,84.62388456283716,WIN,25.0,stocks
WMT,LONG,2024-11-21,86.80561065673828,83.98736154595763,92.44210887829959,818,True,False,True,0.07,2024-12-04,92.44210887829959,WIN,8.0,stocks
WMT,LONG,2024-12-05,93.59175109863281,90.75538098448872,99.26449132692099,827,True,False,True,0.54,2024-12-20,90.75538098448872,LOSS,11.0,stocks
WMT,LONG,2025-01-24,93.26760864257812,90.22414951277408,99.35452690218622,859,True,False,True,0.336,2025-02-04,99.35452690218622,WIN,7.0,stocks
WMT,LONG,2025-02-05,100.8463363647461,97.56819010261147,107.40262888901535,867,True,False,True,0.907,2025-02-20,97.56819010261147,LOSS,10.0,stocks
WMT,LONG,2025-04-11,91.58930969238281,84.86938248448506,105.02916410817832,913,True,False,True,0.273,2025-09-17,105.02916410817832,WIN,108.0,stocks
WMT,LONG,2025-10-14,106.31487274169922,102.3081458909209,114.32832644325586,1040,True,True,True,0.544,2025-10-28,102.3081458909209,LOSS,10.0,stocks
WMT,LONG,2025-11-26,108.18909454345703,103.43036795556716,117.70654771923677,1071,True,False,True,0.396,2026-01-12,117.70654771923677,WIN,30.0,stocks
WMT,LONG,2026-01-13,119.598388671875,115.04484485987645,128.7054762958721,1102,True,True,True,0.663,2026-01-27,115.04484485987645,LOSS,9.0,stocks
WMT,LONG,2026-02-02,123.27496337890625,118.36123705495953,133.1024160267997,1115,True,False,True,0.987,2026-02-12,133.1024160267997,WIN,8.0,stocks
WMT,LONG,2026-04-08,126.71424865722656,120.82780868090646,138.48712860986677,1160,True,False,True,0.095,2026-05-21,120.82780868090646,LOSS,31.0,stocks
INTC,LONG,2021-12-07,48.75689697265625,46.003991288093395,54.26270834178196,74,True,True,True,0.391,2021-12-14,46.003991288093395,LOSS,5.0,stocks
INTC,LONG,2022-03-25,48.43677520751953,45.54437846769471,54.22156868716917,149,True,False,True,0.116,2022-04-01,45.54437846769471,LOSS,5.0,stocks
INTC,LONG,2022-10-28,27.658004760742188,25.474529241957473,32.024955798311616,299,True,True,True,1.072,2022-12-22,25.474529241957473,LOSS,38.0,stocks
INTC,LONG,2023-01-12,29.20797348022461,27.551463588335565,32.5209932640027,350,True,False,True,0.233,2023-01-19,27.551463588335565,LOSS,4.0,stocks
INTC,LONG,2023-03-16,29.45650863647461,27.578349074209214,33.2128277610054,393,True,True,True,1.351,2023-03-21,27.578349074209214,LOSS,3.0,stocks
INTC,LONG,2023-03-29,30.764387130737305,28.633897868147372,35.02536565591717,402,True,True,True,0.476,2023-04-25,28.633897868147372,LOSS,18.0,stocks
INTC,LONG,2023-06-12,32.40940475463867,30.09877800165612,37.03065826060377,453,True,False,True,0.662,2023-09-07,37.03065826060377,WIN,60.0,stocks
INTC,LONG,2023-09-12,38.22075271606445,35.989634962414286,42.68298822336479,516,True,True,True,0.026,2023-09-19,35.989634962414286,LOSS,5.0,stocks
INTC,LONG,2023-11-01,36.67658233642578,34.18778772354699,41.654171562183365,552,True,False,True,0.055,2023-11-16,41.654171562183365,WIN,11.0,stocks
INTC,LONG,2023-11-17,43.23101806640625,40.778580742878354,48.13589271346204,564,True,False,True,0.33,2023-12-06,40.778580742878354,LOSS,12.0,stocks
INTC,LONG,2023-12-22,47.365638732910156,44.775213762618996,52.546488673492476,588,True,False,True,0.556,2024-01-04,44.775213762618996,LOSS,7.0,stocks
INTC,LONG,2024-07-05,31.818159103393555,30.389979639928566,34.67451803032353,720,True,False,True,0.751,2024-07-09,34.67451803032353,WIN,2.0,stocks
INTC,LONG,2024-11-06,25.049999237060547,23.046461673831985,29.05707436351767,807,True,True,True,1.228,2024-12-03,23.046461673831985,LOSS,18.0,stocks
INTC,LONG,2025-02-18,27.389999389648438,24.80260032955913,32.56479750982705,875,True,True,True,1.701,2025-02-20,24.80260032955913,LOSS,2.0,stocks
INTC,LONG,2025-05-12,22.18000030517578,20.035189811035885,26.469621293455575,933,True,False,True,0.587,2025-05-23,20.035189811035885,LOSS,9.0,stocks
INTC,LONG,2025-06-24,22.549999237060547,20.70937587220702,26.231245966767602,962,True,False,True,0.12,2025-07-25,20.70937587220702,LOSS,22.0,stocks
INTC,LONG,2025-08-14,23.860000610351562,21.933313039398392,27.713375752257903,998,True,True,True,0.031,2025-09-18,27.713375752257903,WIN,24.0,stocks
INTC,LONG,2025-09-25,33.9900016784668,30.89932702557387,40.17135098425265,1027,True,True,True,1.042,2025-10-24,40.17135098425265,WIN,21.0,stocks
INTC,LONG,2025-10-28,41.529998779296875,37.519711491729346,49.55057335443193,1050,True,False,True,0.204,2025-11-04,37.519711491729346,LOSS,5.0,stocks
INTC,LONG,2025-12-02,43.470001220703125,39.534596005353244,51.34081165140289,1074,True,True,True,1.464,2025-12-10,39.534596005353244,LOSS,6.0,stocks
INTC,LONG,2026-01-07,42.630001068115234,38.81517535682343,50.25965249069884,1098,True,True,True,0.267,2026-01-15,50.25965249069884,WIN,6.0,stocks
INTC,LONG,2026-01-21,54.25,48.94978053255452,64.85043893489096,1107,True,True,True,1.457,2026-01-23,48.94978053255452,LOSS,2.0,stocks
INTC,LONG,2026-04-02,50.380001068115234,44.620991322017076,61.89802056031155,1157,True,False,True,0.42,2026-04-09,61.89802056031155,WIN,4.0,stocks
INTC,LONG,2026-04-10,62.380001068115234,56.21402344132831,74.71195632168909,1162,True,False,True,0.097,2026-04-24,74.71195632168909,WIN,10.0,stocks
INTC,LONG,2026-04-29,94.75,85.2746594819615,113.70068103607699,1175,True,True,True,1.615,2026-05-07,113.70068103607699,WIN,6.0,stocks
INTC,LONG,2026-05-08,124.91999816894531,111.43693039569678,151.88613371544238,1182,True,True,True,1.544,2026-05-15,111.43693039569678,LOSS,5.0,stocks
INTC,LONG,2026-06-15,127.86000061035156,109.10204028485984,165.375921261335,1207,True,False,True,0.028,2026-07-07,109.10204028485984,LOSS,14.0,stocks
XOM,LONG,2022-01-03,54.04113006591797,51.64497541449429,58.833439368765326,92,True,False,True,0.135,2022-01-07,58.833439368765326,WIN,4.0,stocks
XOM,LONG,2022-01-11,60.6835823059082,57.98583773300532,66.07907145171397,98,True,True,True,1.368,2022-02-01,66.07907145171397,WIN,14.0,stocks
XOM,LONG,2022-03-04,72.3118896484375,68.03276095603513,80.87014703324223,134,True,False,True,0.772,2022-03-15,68.03276095603513,LOSS,7.0,stocks
XOM,LONG,2022-04-08,74.67669677734375,70.33222370518736,83.36564292165653,159,True,False,True,0.241,2022-04-25,70.33222370518736,LOSS,10.0,stocks
XOM,LONG,2022-05-04,78.8559799194336,73.96432065384317,88.63929845061443,176,True,True,True,0.668,2022-05-09,73.96432065384317,LOSS,3.0,stocks
XOM,LONG,2022-05-17,80.01991271972656,74.70681415883352,90.64610984151264,185,True,False,True,0.043,2022-06-08,90.64610984151264,WIN,15.0,stocks
XOM,LONG,2022-07-29,84.2072525024414,78.68589398984209,95.24996952764005,235,True,False,True,1.158,2022-08-04,78.68589398984209,LOSS,4.0,stocks
XOM,LONG,2022-08-23,85.96401977539062,80.82935918010497,96.23334096596193,252,True,False,True,0.485,2022-09-16,80.82935918010497,LOSS,17.0,stocks
XOM,LONG,2022-10-06,89.52538299560547,83.93983263517053,100.69648371647534,283,True,False,True,0.65,2022-11-14,100.69648371647534,WIN,27.0,stocks
XOM,LONG,2023-01-06,97.73564147949219,92.8478844158414,107.51115560679375,346,True,False,True,0.011,2023-01-24,92.8478844158414,LOSS,11.0,stocks
XOM,LONG,2023-01-26,104.12873840332031,98.59608495459669,115.19404530076756,359,True,False,True,1.013,2023-01-31,98.59608495459669,LOSS,3.0,stocks
XOM,LONG,2023-02-10,105.3755111694336,99.44474927803574,117.2370349522293,370,True,False,True,0.414,2023-02-17,99.44474927803574,LOSS,5.0,stocks
XOM,LONG,2023-04-05,104.24388885498047,98.76191073886213,115.20784508721715,407,True,False,True,0.046,2023-05-02,98.76191073886213,LOSS,18.0,stocks
XOM,LONG,2023-09-12,106.4634780883789,102.3589578439295,114.67251857727771,516,True,False,True,0.358,2023-10-04,102.3589578439295,LOSS,16.0,stocks
XOM,LONG,2024-01-30,95.87854766845703,92.48663556661658,102.66237187213792,612,True,False,True,0.151,2024-02-05,92.48663556661658,LOSS,4.0,stocks
XOM,LONG,2024-02-21,96.76960754394531,93.06055443407529,104.18771376368537,627,True,False,True,0.109,2024-03-19,104.18771376368537,WIN,19.0,stocks
XOM,LONG,2024-03-25,105.8143539428711,102.7238391168975,111.99538359481829,650,True,False,True,0.442,2024-04-05,111.99538359481829,WIN,8.0,stocks
XOM,LONG,2024-04-10,112.78250885009766,109.68693113526406,118.97366427976485,661,True,False,True,0.03,2024-04-16,109.68693113526406,LOSS,4.0,stocks
XOM,LONG,2024-07-18,110.53512573242188,106.57137847454516,118.46262024817531,729,True,False,True,0.291,2024-07-23,106.57137847454516,LOSS,3.0,stocks
XOM,LONG,2024-10-01,112.48486328125,107.48601918172373,122.48255148030253,781,True,False,True,0.664,2024-12-06,107.48601918172373,LOSS,47.0,stocks
XOM,LONG,2025-01-17,106.21294403076172,102.25151367568071,114.13580474092373,855,True,False,True,0.282,2025-01-28,102.25151367568071,LOSS,6.0,stocks
XOM,LONG,2025-03-17,108.53688049316406,103.2081016842356,119.19443811102099,894,True,False,True,0.426,2025-04-04,103.2081016842356,LOSS,14.0,stocks
XOM,LONG,2025-06-12,105.65613555908203,101.39087520008908,114.18665627706793,955,True,False,True,0.154,2025-09-26,114.18665627706793,WIN,73.0,stocks
XOM,LONG,2025-11-07,113.9183349609375,110.2025722706484,121.3498603415157,1058,True,False,True,0.089,2026-01-05,121.3498603415157,WIN,38.0,stocks
XOM,LONG,2026-01-13,124.05144500732422,119.13702462912924,133.88028576371417,1102,True,False,True,0.243,2026-01-26,133.88028576371417,WIN,8.0,stocks
XOM,LONG,2026-01-28,134.8743438720703,130.08913340235335,144.44476481150423,1112,True,False,True,0.262,2026-02-04,144.44476481150423,WIN,5.0,stocks
XOM,LONG,2026-02-06,146.1187744140625,139.84254273839773,158.67123776539205,1119,True,False,True,0.378,2026-03-20,158.67123776539205,WIN,29.0,stocks
XOM,LONG,2026-03-24,163.20826721191406,154.97463734356825,179.6755269486057,1150,True,False,True,0.705,2026-04-08,154.97463734356825,LOSS,10.0,stocks
XOM,LONG,2026-05-19,161.50424194335938,153.01922061833127,178.47428459341558,1189,True,False,True,0.192,2026-05-21,153.01922061833127,LOSS,2.0,stocks
XOM,LONG,2026-07-21,150.73397827148438,144.08927276997926,164.0233892744946,1231,True,False,True,0.511,2026-08-18,164.0233892744946,WIN,20.0,stocks
GS,LONG,2022-05-27,295.78424072265625,278.2528073844005,330.8471073991677,193,True,False,True,0.316,2022-06-09,278.2528073844005,LOSS,8.0,stocks
GS,LONG,2022-07-19,288.05859375,269.4170941526115,325.34159294477695,227,True,True,True,0.661,2022-09-26,269.4170941526115,LOSS,48.0,stocks
GS,LONG,2022-10-21,296.6668395996094,277.2979354992485,335.4046478003311,294,True,False,True,0.058,2022-11-10,335.4046478003311,WIN,14.0,stocks
GS,LONG,2022-11-11,351.4831848144531,335.0924875414755,384.26457936040833,309,True,False,True,0.528,2022-12-06,335.0924875414755,LOSS,16.0,stocks
GS,LONG,2023-01-13,343.5282287597656,329.7804074053401,371.0238714686167,351,True,True,True,0.521,2023-01-17,329.7804074053401,LOSS,1.0,stocks
GS,LONG,2023-04-13,307.25396728515625,294.38638539577823,332.9891310639123,412,True,False,True,0.009,2023-05-11,294.38638539577823,LOSS,20.0,stocks
GS,LONG,2023-06-07,312.9678649902344,300.2378883962011,338.427818178301,450,True,True,True,0.79,2023-06-22,300.2378883962011,LOSS,10.0,stocks
GS,LONG,2023-07-19,317.44219970703125,303.99249129618573,344.3416165287223,478,True,True,True,0.319,2023-08-17,303.99249129618573,LOSS,21.0,stocks
GS,LONG,2023-09-14,323.86761474609375,311.7305485831366,348.141747072008,518,True,True,True,1.171,2023-09-21,311.7305485831366,LOSS,5.0,stocks
GS,LONG,2023-11-03,307.93597412109375,294.369830050837,335.0682622616073,554,True,True,True,1.492,2023-12-12,335.0682622616073,WIN,26.0,stocks
GS,LONG,2023-12-13,343.73614501953125,332.09590990677634,367.01661524504107,581,True,False,True,1.421,2023-12-28,367.01661524504107,WIN,10.0,stocks
GS,LONG,2024-01-02,367.9671630859375,356.1258317396044,391.6498257786037,593,True,False,True,0.086,2024-01-11,356.1258317396044,LOSS,7.0,stocks
GS,LONG,2024-03-21,394.8248596191406,378.94982836929535,426.5749221188312,648,True,True,True,1.95,2024-04-11,378.94982836929535,LOSS,14.0,stocks
GS,LONG,2024-04-23,404.6451416015625,387.2265673363445,439.4822901319985,670,True,False,True,0.526,2024-05-14,439.4822901319985,WIN,15.0,stocks
GS,LONG,2024-05-15,444.81378173828125,430.46020217364554,473.52094086755267,686,True,False,True,0.574,2024-05-30,430.46020217364554,LOSS,10.0,stocks
GS,LONG,2024-07-02,447.0447998046875,430.3680327972276,480.3983338196073,718,True,False,True,0.126,2024-07-16,480.3983338196073,WIN,9.0,stocks
GS,LONG,2024-10-11,498.6462707519531,479.10053382847076,537.7377445989179,789,True,False,True,0.939,2024-11-06,537.7377445989179,WIN,18.0,stocks
GS,LONG,2024-11-11,581.744384765625,552.9059919903088,639.4211703162573,810,True,False,True,0.25,2024-12-18,552.9059919903088,LOSS,26.0,stocks
GS,LONG,2025-01-15,588.1011352539062,560.038233252243,644.2269392572327,853,False,True,True,0.755,2025-02-07,644.2269392572327,WIN,16.0,stocks
GS,LONG,2025-02-18,652.422119140625,627.6616460199652,701.9430653819445,875,True,False,True,0.652,2025-02-20,627.6616460199652,LOSS,2.0,stocks
GS,LONG,2025-05-02,552.1766357421875,510.9823982952894,634.5651106359837,927,True,False,True,0.367,2025-06-23,634.5651106359837,WIN,34.0,stocks
GS,LONG,2025-06-24,649.0443725585938,621.8226493192088,703.4878190373636,962,True,False,True,1.058,2025-07-02,703.4878190373636,WIN,6.0,stocks
GS,LONG,2025-07-03,709.3994140625,681.8887601988197,764.4207217898606,969,True,False,True,0.353,2025-07-08,681.8887601988197,LOSS,2.0,stocks
GS,LONG,2025-07-25,714.5947265625,688.0958488536678,767.5924819801644,984,True,False,True,0.22,2025-08-01,688.0958488536678,LOSS,5.0,stocks
GS,LONG,2025-08-12,728.710693359375,700.1272626395219,785.8775547990813,996,True,False,True,0.377,2025-08-20,700.1272626395219,LOSS,6.0,stocks
GS,LONG,2025-08-27,734.87646484375,707.2164470768925,790.1965003774651,1007,True,False,True,0.036,2025-09-18,790.1965003774651,WIN,15.0,stocks
GS,LONG,2025-11-11,798.572021484375,759.6953540657879,876.3253563215492,1060,True,False,True,0.161,2025-11-17,759.6953540657879,LOSS,4.0,stocks
GS,LONG,2025-12-05,846.3561401367188,805.6557099993524,927.7570004114514,1077,True,False,True,0.514,2026-01-05,927.7570004114514,WIN,19.0,stocks
GS,LONG,2026-01-15,966.4916381835938,921.5502021547168,1056.3745102413477,1104,True,True,True,0.625,2026-01-23,921.5502021547168,LOSS,5.0,stocks
GS,LONG,2026-04-20,937.6077880859375,885.1094156288149,1042.6045330001828,1168,True,False,True,0.476,2026-06-01,1042.6045330001828,WIN,29.0,stocks
GS,LONG,2026-06-02,1064.5799560546875,1011.1672203759442,1171.405427412174,1198,True,False,True,0.501,2026-06-09,1011.1672203759442,LOSS,5.0,stocks
GS,LONG,2026-06-17,1099.1400146484375,1033.8922588096632,1229.6355263259861,1209,True,False,True,0.024,2026-06-26,1033.8922588096632,LOSS,6.0,stocks
GS,LONG,2026-07-14,1140.0,1070.6110076825626,1278.7779846348749,1226,True,True,True,0.432,2026-07-17,1070.6110076825626,LOSS,3.0,stocks
NFLX,LONG,2021-11-17,69.16899871826172,65.884823212009,75.73734973076716,61,True,False,True,0.044,2021-11-22,65.884823212009,LOSS,3.0,stocks
NFLX,LONG,2022-10-21,28.957000732421875,25.88688993478516,35.097222327695306,294,True,True,True,0.669,2022-11-04,25.88688993478516,LOSS,10.0,stocks
NFLX,LONG,2022-12-01,31.69499969482422,29.039982145532022,37.00503479340861,322,True,True,True,0.319,2022-12-15,29.039982145532022,LOSS,10.0,stocks
NFLX,LONG,2023-01-20,34.25,31.714447802261603,39.321104395476794,355,True,True,True,0.461,2023-02-23,31.714447802261603,LOSS,23.0,stocks
NFLX,LONG,2023-03-31,34.54800033569336,32.19375604244503,39.256488922190016,404,True,False,True,0.186,2023-04-19,32.19375604244503,LOSS,12.0,stocks
NFLX,LONG,2023-05-18,37.12900161743164,34.90733787639659,41.572329099501744,437,True,True,True,2.081,2023-06-07,41.572329099501744,WIN,13.0,stocks
NFLX,LONG,2023-06-09,42.00199890136719,39.38040064338347,47.24519541733463,452,True,True,True,0.082,2023-07-18,47.24519541733463,WIN,25.0,stocks
NFLX,LONG,2023-09-05,44.86800003051758,42.384242777949716,49.8355145356533,511,True,False,True,0.256,2023-09-13,42.384242777949716,LOSS,6.0,stocks
NFLX,LONG,2023-10-19,40.176998138427734,37.280304875357885,45.97038466456743,543,False,True,True,0.405,2023-11-15,45.97038466456743,WIN,19.0,stocks
NFLX,LONG,2023-11-16,46.69499969482422,44.60022832178081,50.884542440911034,563,True,False,True,0.401,2023-12-06,44.60022832178081,LOSS,13.0,stocks
NFLX,LONG,2023-12-18,48.61199951171875,46.45920061018092,52.917597314794406,584,True,True,True,0.318,2024-01-02,46.45920061018092,LOSS,9.0,stocks
NFLX,LONG,2024-01-24,54.48699951171875,51.2710665725882,60.91886538997986,608,True,True,True,2.578,2024-03-01,60.91886538997986,WIN,26.0,stocks
NFLX,LONG,2024-03-20,62.76900100708008,59.85234898350712,68.602305054226,647,True,False,True,0.019,2024-04-19,59.85234898350712,LOSS,21.0,stocks
NFLX,LONG,2024-05-20,64.08200073242188,60.873195778191025,70.49961064088357,689,True,False,True,0.937,2024-08-02,60.873195778191025,LOSS,51.0,stocks
NFLX,LONG,2024-08-19,68.85299682617188,65.31645038421755,75.92608971008053,751,True,False,True,0.469,2024-10-18,75.92608971008053,WIN,43.0,stocks
NFLX,LONG,2024-10-21,77.20700073242188,73.21862450124428,85.18375319477707,795,True,True,True,0.29,2024-11-19,85.18375319477707,WIN,21.0,stocks
NFLX,LONG,2024-11-20,88.38500213623047,84.55899493113148,96.03701654642845,817,True,False,True,0.489,2025-01-10,84.55899493113148,LOSS,33.0,stocks
NFLX,LONG,2025-01-22,95.39900207519531,88.99978497524734,108.19743627509126,857,True,True,True,0.567,2025-03-07,88.99978497524734,LOSS,31.0,stocks
NFLX,LONG,2025-04-22,104.03399658203125,94.8790940857211,122.34380157465154,919,True,True,True,0.466,2025-06-03,122.34380157465154,WIN,29.0,stocks
NFLX,LONG,2025-06-04,123.96600341796875,118.63603472547678,134.6259408029527,949,True,False,True,0.379,2025-06-10,118.63603472547678,LOSS,4.0,stocks
NFLX,LONG,2025-06-24,127.91100311279297,122.68975867587068,138.35349198663755,962,True,False,True,0.624,2025-07-18,122.68975867587068,LOSS,17.0,stocks
NFLX,LONG,2026-02-27,96.23999786376953,89.23089972803396,110.25819413524067,1133,True,True,True,2.779,2026-05-05,89.23089972803396,LOSS,46.0,stocks
NFLX,LONG,2026-08-10,76.29000091552734,71.52440356772203,85.82119561113797,1245,True,False,True,0.353,,,OPEN,,stocks
EBAY,LONG,2022-03-24,52.924659729003906,49.17659705797951,60.420785071052705,148,True,False,True,0.276,2022-04-22,49.17659705797951,LOSS,20.0,stocks
EBAY,LONG,2022-07-21,43.33586502075195,40.65593578727631,48.69572348770323,229,True,False,True,0.125,2022-09-06,40.65593578727631,LOSS,32.0,stocks
EBAY,LONG,2022-11-08,38.83684539794922,35.93442416782287,44.64168785820192,306,True,False,True,0.431,2023-01-23,44.64168785820192,WIN,50.0,stocks
EBAY,LONG,2023-01-25,45.910736083984375,43.335628407707276,51.06095143653857,358,True,False,True,0.794,2023-02-23,43.335628407707276,LOSS,20.0,stocks
EBAY,LONG,2023-04-27,42.99152374267578,41.15061149103848,46.67334824595038,422,True,True,True,0.953,2023-05-16,41.15061149103848,LOSS,13.0,stocks
EBAY,LONG,2023-07-11,44.51108169555664,42.58930325503531,48.3546385765993,472,True,False,True,0.356,2023-07-27,42.58930325503531,LOSS,12.0,stocks
EBAY,LONG,2023-08-30,42.47059631347656,40.63389343525795,46.14400206991378,508,False,False,True,0.052,2023-09-25,40.63389343525795,LOSS,17.0,stocks
EBAY,LONG,2023-11-22,39.741024017333984,37.494193368956665,44.23468531408862,567,True,False,True,0.187,2024-02-28,44.23468531408862,WIN,65.0,stocks
EBAY,LONG,2024-03-04,46.968414306640625,44.56840463155589,51.76843365681009,635,True,False,True,0.448,2024-05-24,51.76843365681009,WIN,58.0,stocks
EBAY,LONG,2024-07-16,53.7766227722168,51.585858807088606,58.15815070247318,727,True,False,True,0.062,2024-07-23,51.585858807088606,LOSS,5.0,stocks
EBAY,LONG,2024-08-01,54.56260681152344,51.993478890884454,59.700862652801405,739,True,True,True,0.279,2024-09-12,59.700862652801405,WIN,29.0,stocks
EBAY,LONG,2024-09-13,61.843753814697266,59.30871631681751,66.91382881045678,769,True,False,True,0.131,2024-10-31,59.30871631681751,LOSS,34.0,stocks
EBAY,LONG,2024-11-25,63.35475158691406,60.42719407454838,69.20986661164542,820,True,True,True,0.839,2024-12-04,60.42719407454838,LOSS,6.0,stocks
EBAY,LONG,2025-01-08,67.93902587890625,63.98281637699419,75.85144488273038,849,True,True,True,1.425,2025-01-13,63.98281637699419,LOSS,2.0,stocks
EBAY,LONG,2025-02-13,67.8019790649414,64.61868066247001,74.1685758698842,873,True,False,True,0.025,2025-02-27,64.61868066247001,LOSS,9.0,stocks
EBAY,LONG,2025-05-16,70.64653015136719,66.61080399164331,78.71798247081495,937,True,False,True,0.151,2025-06-10,78.71798247081495,WIN,16.0,stocks
EBAY,LONG,2025-07-21,78.02816772460938,75.23801631083445,83.60847055215922,980,True,False,True,0.425,2025-07-31,83.60847055215922,WIN,8.0,stocks
EBAY,LONG,2025-08-04,91.68285369873047,86.56524626971918,101.91806855675304,990,True,False,True,0.027,2025-10-01,86.56524626971918,LOSS,41.0,stocks
EBAY,LONG,2025-10-20,94.73352813720703,89.27892058008887,105.64274325144336,1044,True,False,True,0.363,2025-10-30,89.27892058008887,LOSS,8.0,stocks
EBAY,LONG,2026-01-06,90.95294952392578,86.73452195324764,99.38980466528207,1097,True,False,True,0.047,2026-02-04,86.73452195324764,LOSS,20.0,stocks
EBAY,LONG,2026-03-05,92.47364044189453,85.66612450792938,106.08867230982483,1137,True,False,True,0.19,2026-04-20,106.08867230982483,WIN,31.0,stocks
EBAY,LONG,2026-05-04,109.02774047851562,101.18229992766594,124.718621580215,1178,True,True,True,0.506,2026-08-17,101.18229992766594,LOSS,72.0,stocks
AMZN,LONG,2021-11-18,184.80299377441406,176.31193881287206,201.78510369749807,62,True,True,True,1.067,2021-11-26,176.31193881287206,LOSS,5.0,stocks
AMZN,LONG,2022-03-18,161.25050354003906,149.2815123569106,185.18848590629597,144,True,False,True,0.151,2022-04-21,149.2815123569106,LOSS,23.0,stocks
AMZN,LONG,2022-08-03,139.52000427246094,128.23093367779097,162.09814546180087,238,True,False,True,0.122,2022-08-30,128.23093367779097,LOSS,19.0,stocks
AMZN,LONG,2023-03-31,103.29000091552734,97.26189886569595,115.34620501519012,404,True,False,True,0.083,2023-05-17,115.34620501519012,WIN,32.0,stocks
AMZN,LONG,2023-05-18,118.1500015258789,111.9728963777688,130.5042118220991,437,True,False,True,0.751,2023-06-23,130.5042118220991,WIN,24.0,stocks
AMZN,LONG,2023-07-13,134.3000030517578,128.14357421402835,146.61286072721674,474,True,False,True,0.796,2023-07-26,128.14357421402835,LOSS,9.0,stocks
AMZN,LONG,2023-08-04,139.57000732421875,131.45739073252363,155.79524050760898,490,True,True,True,0.72,2023-08-18,131.45739073252363,LOSS,10.0,stocks
AMZN,LONG,2023-09-11,143.10000610351562,136.52296697083807,156.25408436887074,515,True,False,True,0.553,2023-09-19,136.52296697083807,LOSS,6.0,stocks
AMZN,LONG,2023-11-02,138.07000732421875,129.89503888036504,154.41994421192618,553,True,False,True,0.176,2023-12-18,154.41994421192618,WIN,31.0,stocks
AMZN,LONG,2024-01-26,159.1199951171875,153.14618303499333,171.06761928157584,610,True,False,True,0.204,2024-02-02,171.06761928157584,WIN,5.0,stocks
AMZN,LONG,2024-02-09,174.4499969482422,166.99235494910417,189.36528094651823,620,True,False,True,0.523,2024-02-13,166.99235494910417,LOSS,2.0,stocks
AMZN,LONG,2024-02-29,176.75999450683594,169.78161510979817,190.71675330091148,633,True,False,True,0.112,2024-04-25,169.78161510979817,LOSS,39.0,stocks
AMZN,LONG,2024-06-21,189.0800018310547,182.1171187652442,203.0057679626757,711,True,True,True,0.21,2024-07-18,182.1171187652442,LOSS,18.0,stocks
AMZN,LONG,2024-09-11,184.52000427246094,174.01263331993133,205.53474617752016,767,True,False,True,0.405,2024-11-06,205.53474617752016,WIN,40.0,stocks
AMZN,LONG,2024-11-07,210.0500030517578,200.0659077777992,230.01819359967504,808,True,False,True,0.501,2024-11-15,200.0659077777992,LOSS,6.0,stocks
AMZN,LONG,2024-12-04,218.16000366210938,207.97081608008156,238.538378826165,826,True,False,True,0.444,2025-01-28,238.538378826165,WIN,35.0,stocks
AMZN,LONG,2025-02-04,242.05999755859375,231.10736301496834,263.96526664584457,866,True,False,True,0.053,2025-02-07,231.10736301496834,LOSS,3.0,stocks
AMZN,LONG,2025-05-12,208.63999938964844,192.61352664080266,240.69294488734,933,True,True,True,1.741,2025-10-31,240.69294488734,WIN,120.0,stocks
AMZN,LONG,2025-11-03,254.0,239.21813754067497,283.56372491865005,1054,True,True,True,0.474,2025-11-07,239.21813754067497,LOSS,4.0,stocks
AMZN,LONG,2026-01-06,240.92999267578125,230.39879355046293,261.9923909264179,1097,True,False,True,1.039,2026-01-20,230.39879355046293,LOSS,9.0,stocks
AMZN,LONG,2026-04-08,221.25,208.78949963178144,246.17100073643712,1160,True,False,True,0.682,2026-04-14,246.17100073643712,WIN,4.0,stocks
AMZN,LONG,2026-04-24,263.989990234375,250.70911201135925,290.5517466804065,1172,True,False,True,0.783,2026-06-03,250.70911201135925,LOSS,27.0,stocks
AMZN,LONG,2026-08-03,284.0199890136719,264.12448228200395,323.8110024770077,1240,True,True,True,1.085,2026-08-14,264.12448228200395,LOSS,9.0,stocks
META,LONG,2021-12-27,343.1664733886719,322.65410250313806,384.1912151597395,87,True,False,True,0.166,2022-01-05,322.65410250313806,LOSS,7.0,stocks
META,LONG,2022-12-01,119.39155578613281,109.50037645387248,139.17391445065348,322,True,False,True,0.341,2023-01-23,139.17391445065348,WIN,34.0,stocks
META,LONG,2023-01-26,146.01776123046875,137.092979137687,163.86732541603226,359,True,False,True,0.511,2023-02-02,163.86732541603226,WIN,5.0,stocks
META,LONG,2023-03-14,192.33103942871094,178.4694889841594,220.05414031781402,391,True,True,True,0.523,2023-04-14,220.05414031781402,WIN,22.0,stocks
META,LONG,2023-04-27,236.48329162597656,222.14560726270088,265.15866035252793,422,True,True,True,2.275,2023-05-30,265.15866035252793,WIN,22.0,stocks
META,LONG,2023-06-01,270.2369079589844,257.0380315646689,296.63466074761527,446,True,False,True,0.595,2023-06-08,257.0380315646689,LOSS,5.0,stocks
META,LONG,2023-06-15,279.37664794921875,264.93560571546163,308.258732416733,456,True,False,True,0.722,2023-07-13,308.258732416733,WIN,18.0,stocks
META,LONG,2023-07-28,322.64666748046875,302.126431995899,363.68713844960826,485,True,False,True,0.013,2023-08-09,302.126431995899,LOSS,8.0,stocks
META,LONG,2023-09-11,304.88262939453125,286.9591793871501,340.7295294092936,515,True,False,True,0.037,2023-09-27,286.9591793871501,LOSS,12.0,stocks
META,LONG,2023-10-06,312.6841125488281,294.82563467887564,348.4010682887331,534,True,False,True,0.284,2023-10-26,294.82563467887564,LOSS,14.0,stocks
META,LONG,2023-11-10,325.9080505371094,308.6311062011419,360.4619392090443,559,True,False,True,0.325,2024-01-10,360.4619392090443,WIN,40.0,stocks
META,LONG,2024-01-12,371.2300109863281,355.5261408862701,402.6377511864441,601,True,False,True,0.196,2024-01-17,355.5261408862701,LOSS,2.0,stocks
META,LONG,2024-01-19,380.1120300292969,363.9934824608254,412.3491251662398,605,True,False,True,0.786,2024-02-02,412.3491251662398,WIN,10.0,stocks
META,LONG,2024-03-01,498.45574951171875,474.052067700776,547.2631131336043,634,True,False,True,0.646,2024-03-11,474.052067700776,LOSS,6.0,stocks
META,LONG,2024-06-05,491.2711181640625,467.05412554553516,539.7051034011172,700,True,False,True,1.029,2024-07-17,467.05412554553516,LOSS,28.0,stocks
META,LONG,2024-08-13,525.015625,487.3235921111213,600.3996907777574,747,True,False,True,0.072,2024-12-03,600.3996907777574,WIN,78.0,stocks
META,LONG,2024-12-06,620.2018432617188,590.6748765461615,679.2557766928333,828,True,False,True,0.261,2024-12-20,590.6748765461615,LOSS,10.0,stocks
META,LONG,2025-01-23,633.3196411132812,598.8600730923192,702.2387771552053,858,True,False,True,0.159,2025-01-30,702.2387771552053,WIN,5.0,stocks
META,LONG,2025-02-12,721.812255859375,685.8121406382015,793.812486301722,872,True,False,True,0.02,2025-02-21,685.8121406382015,LOSS,6.0,stocks
META,LONG,2025-05-02,594.6121215820312,539.7669049233895,704.3025548993148,927,True,False,True,0.148,2025-06-11,704.3025548993148,WIN,27.0,stocks
META,LONG,2025-06-24,709.8734741210938,676.8961492876895,775.8281237879023,962,True,False,True,0.234,2025-07-31,775.8281237879023,WIN,26.0,stocks
META,LONG,2025-08-12,787.419189453125,749.2030318290559,863.8515047012631,996,True,False,True,0.274,2025-08-19,749.2030318290559,LOSS,5.0,stocks
META,LONG,2025-09-16,776.4551391601562,744.8494477886601,839.6665219031486,1020,True,False,True,0.201,2025-09-25,744.8494477886601,LOSS,7.0,stocks
META,LONG,2026-01-26,671.1627197265625,635.7666835439317,741.9547920918242,1110,False,False,True,0.008,2026-01-29,741.9547920918242,WIN,3.0,stocks
META,LONG,2026-04-14,661.8765258789062,618.6860188713188,748.2575398940812,1164,True,False,True,1.106,2026-04-30,618.6860188713188,LOSS,12.0,stocks
META,LONG,2026-07-09,631.47998046875,581.9915866711407,730.4567680639686,1223,True,False,True,0.129,2026-07-30,581.9915866711407,LOSS,15.0,stocks
BA,LONG,2022-01-13,223.89999389648438,209.8714949512676,251.9569917869179,100,True,True,True,0.379,2022-01-21,209.8714949512676,LOSS,5.0,stocks
BA,LONG,2022-07-19,156.1300048828125,142.47795649326594,183.43410166190563,227,True,False,True,0.028,2022-09-16,142.47795649326594,LOSS,42.0,stocks
BA,LONG,2022-11-03,156.75,143.21423004356143,183.82153991287714,303,True,True,True,0.467,2022-12-05,183.82153991287714,WIN,21.0,stocks
BA,LONG,2022-12-21,196.0,184.33287378850483,219.33425242299035,336,True,False,True,0.838,2023-02-14,219.33425242299035,WIN,36.0,stocks
BA,LONG,2023-04-03,215.38999938964844,203.44870400990013,239.27259014914506,405,True,False,True,0.099,2023-04-14,203.44870400990013,LOSS,8.0,stocks
BA,LONG,2023-06-02,213.32000732421875,203.31150936991335,233.33700323282955,447,True,True,True,0.617,2023-06-06,203.31150936991335,LOSS,2.0,stocks
BA,LONG,2023-06-08,218.11000061035156,206.79975109611192,240.73049963883085,451,True,True,True,0.508,2023-06-22,206.79975109611192,LOSS,9.0,stocks
BA,LONG,2023-07-26,232.8000030517578,221.8492570617709,254.7014950317316,483,True,True,True,2.053,2023-08-18,221.8492570617709,LOSS,17.0,stocks
BA,LONG,2023-11-13,204.5399932861328,194.52444183186515,224.57109619466814,560,True,True,True,1.454,2023-11-28,224.57109619466814,WIN,10.0,stocks
BA,LONG,2023-11-30,231.6300048828125,221.972279564639,250.9454555191595,572,True,True,True,1.375,2023-12-13,250.9454555191595,WIN,9.0,stocks
BA,LONG,2023-12-14,256.239990234375,245.9705246784942,276.7789213461366,582,True,False,True,0.851,2024-01-03,245.9705246784942,LOSS,12.0,stocks
BA,LONG,2024-05-17,184.9499969482422,175.14918690499147,204.55161703474363,688,True,False,True,0.198,2024-05-23,175.14918690499147,LOSS,4.0,stocks
BA,LONG,2024-06-05,189.85000610351562,179.24584008864093,211.058338133265,700,True,False,True,0.19,2024-06-13,179.24584008864093,LOSS,6.0,stocks
BA,LONG,2024-12-10,164.10000610351562,153.6113218110673,185.07737468841225,830,True,True,True,0.41,2025-01-28,185.07737468841225,WIN,31.0,stocks
BA,LONG,2025-04-28,182.3000030517578,166.34955241746528,214.2009043203429,923,True,False,True,0.247,2025-06-03,214.2009043203429,WIN,25.0,stocks
BA,LONG,2025-06-09,217.50999450683594,207.16260793749268,238.20476764552245,952,True,False,True,0.331,2025-06-12,207.16260793749268,LOSS,3.0,stocks
BA,LONG,2025-07-09,226.60000610351562,214.53255112321273,250.73491606412142,972,True,True,True,1.094,2025-09-15,214.53255112321273,LOSS,47.0,stocks
BA,LONG,2025-12-08,206.27000427246094,195.05647941898098,228.69705397942084,1078,True,False,True,0.075,2026-01-05,228.69705397942084,WIN,18.0,stocks
BA,LONG,2026-01-09,234.52999877929688,223.91059385390653,255.76880863007756,1100,True,False,True,0.181,2026-03-02,223.91059385390653,LOSS,34.0,stocks
BA,LONG,2026-05-08,237.36000061035156,223.96288216723858,264.15423749657754,1182,True,False,True,0.109,2026-05-15,223.96288216723858,LOSS,5.0,stocks
BA,LONG,2026-07-06,234.5399932861328,220.88938692208234,261.84120601423376,1220,True,False,True,0.469,2026-07-10,220.88938692208234,LOSS,4.0,stocks
BA,LONG,2026-08-05,240.19000244140625,224.9313628961147,270.70728153198934,1242,True,False,True,0.265,2026-08-18,224.9313628961147,LOSS,9.0,stocks
SBUX,LONG,2022-07-19,74.53556823730469,70.56590217841536,82.47490035508335,227,True,False,True,0.4,2022-09-14,82.47490035508335,WIN,40.0,stocks
SBUX,LONG,2022-11-04,83.41426849365234,77.5810243133035,95.08075685435003,304,True,True,True,0.361,2022-12-02,95.08075685435003,WIN,19.0,stocks
SBUX,LONG,2023-01-06,97.43755340576172,93.42448024089437,105.46369973549642,346,True,True,True,0.678,2023-02-24,93.42448024089437,LOSS,33.0,stocks
SBUX,LONG,2023-04-11,97.0538558959961,93.81368275107674,103.5342021858348,410,True,False,True,0.023,2023-04-27,103.5342021858348,WIN,12.0,stocks
SBUX,LONG,2023-04-28,104.9014892578125,101.6516303091269,111.4012071551837,423,True,False,True,0.796,2023-05-03,101.6516303091269,LOSS,3.0,stocks
SBUX,LONG,2023-11-03,95.19174194335938,90.88314540878115,103.80893501251583,554,True,True,True,0.314,2023-12-04,90.88314540878115,LOSS,20.0,stocks
SBUX,LONG,2024-06-03,77.57917785644531,73.86894256284027,84.99964844365539,698,True,False,True,0.54,2024-06-28,73.86894256284027,LOSS,18.0,stocks
SBUX,LONG,2024-08-13,90.64137268066406,84.1658292369662,103.59245956805978,747,True,True,True,4.28,2024-12-20,84.1658292369662,LOSS,91.0,stocks
SBUX,LONG,2025-01-17,91.01652526855469,87.42129631864363,98.20698316837681,855,True,False,True,0.128,2025-01-29,98.20698316837681,WIN,7.0,stocks
SBUX,LONG,2025-02-04,105.81758880615234,101.11693240493469,115.21890160858766,866,True,False,True,0.106,2025-03-06,101.11693240493469,LOSS,21.0,stocks
SBUX,LONG,2025-06-06,86.83643341064453,81.84191863235118,96.82546296723123,951,True,False,True,0.427,2025-09-08,81.84191863235118,LOSS,63.0,stocks
SBUX,LONG,2025-12-18,87.8248062133789,83.28119171628293,96.91203520757085,1086,True,True,True,0.67,2025-12-23,83.28119171628293,LOSS,3.0,stocks
SBUX,LONG,2026-01-14,89.52394104003906,85.13452584976525,98.30277142058668,1103,True,False,True,0.228,2026-01-28,98.30277142058668,WIN,9.0,stocks
SBUX,LONG,2026-03-10,99.61058807373047,94.1935185096574,110.44472720187662,1140,True,False,True,0.08,2026-03-18,94.1935185096574,LOSS,6.0,stocks
SBUX,LONG,2026-04-17,98.84945678710938,94.02199530384947,108.5043797536292,1167,True,False,True,0.336,2026-06-04,94.02199530384947,LOSS,33.0,stocks
SBUX,LONG,2026-07-09,105.8022232055664,100.30804644308786,116.7905767305235,1223,True,False,True,0.239,,,OPEN,,stocks
GC=F,LONG,2021-11-17,1869.699951171875,1834.1051614944736,1940.8895305266778,61,True,False,True,0.101,2021-11-22,1834.1051614944736,LOSS,3.0,metals
GC=F,LONG,2021-12-31,1827.5,1795.159347542818,1892.1813049143639,91,True,False,True,0.587,2022-01-06,1795.159347542818,LOSS,4.0,metals
GC=F,LONG,2022-01-19,1843.0999755859375,1810.1798479899676,1908.9402307778773,103,True,False,True,0.79,2022-01-27,1810.1798479899676,LOSS,6.0,metals
GC=F,LONG,2022-02-14,1868.0,1829.7080520418726,1944.5838959162547,121,True,False,True,0.167,2022-02-24,1944.5838959162547,WIN,7.0,metals
GC=F,LONG,2022-03-07,1993.9000244140625,1938.5214629259904,2104.657147390207,135,True,True,True,0.773,2022-03-15,1938.5214629259904,LOSS,6.0,metals
GC=F,LONG,2022-04-12,1972.0999755859375,1920.1586195122861,2075.9826877332403,161,True,False,True,0.142,2022-04-25,1920.1586195122861,LOSS,8.0,metals
GC=F,LONG,2022-08-04,1788.5,1749.7197923643466,1866.0604152713067,239,True,False,True,0.098,2022-08-19,1749.7197923643466,LOSS,11.0,metals
GC=F,LONG,2022-11-08,1712.0999755859375,1668.3241396633402,1799.651647431132,306,True,False,True,1.526,2022-12-01,1799.651647431132,WIN,16.0,metals
GC=F,LONG,2022-12-13,1813.9000244140625,1770.6791710284517,1900.341731185284,330,True,False,True,0.273,2023-01-13,1900.341731185284,WIN,21.0,metals
GC=F,LONG,2023-01-19,1922.0999755859375,1884.68382333989,1996.9322800780324,354,True,False,True,0.064,2023-02-03,1884.68382333989,LOSS,11.0,metals
GC=F,LONG,2023-03-15,1926.5999755859375,1885.9354759491891,2007.9289748594342,392,True,True,True,0.664,2023-04-04,2007.9289748594342,WIN,14.0,metals
GC=F,LONG,2023-04-13,2041.300048828125,1988.296394592942,2147.307357298491,412,True,False,True,0.283,2023-04-17,1988.296394592942,LOSS,2.0,metals
GC=F,LONG,2023-10-18,1955.300048828125,1916.5537976490095,2032.792551186356,542,True,False,True,0.501,2023-11-28,2032.792551186356,WIN,28.0,metals
GC=F,LONG,2023-11-29,2047.0999755859375,2014.7702630145595,2111.7594007286934,571,True,True,True,0.272,2023-12-04,2111.7594007286934,WIN,3.0,metals
GC=F,LONG,2024-03-01,2086.89990234375,2050.480838065374,2159.738030900502,634,True,True,True,1.23,2024-03-07,2159.738030900502,WIN,4.0,metals
GC=F,LONG,2024-03-08,2178.60009765625,2136.328499604668,2263.1432937594136,639,True,False,True,0.738,2024-04-01,2263.1432937594136,WIN,15.0,metals
GC=F,LONG,2024-04-03,2294.39990234375,2241.6062476572997,2399.9872117166506,656,True,False,True,0.576,2024-04-12,2399.9872117166506,WIN,7.0,metals
GC=F,LONG,2024-05-17,2412.199951171875,2355.170863716761,2526.2581260821034,688,True,False,True,0.435,2024-05-23,2355.170863716761,LOSS,4.0,metals
GC=F,LONG,2024-07-11,2415.0,2361.557065898798,2521.885868202404,724,True,False,True,0.992,2024-07-25,2361.557065898798,LOSS,10.0,metals
GC=F,LONG,2024-08-16,2498.60009765625,2431.2320740328437,2633.3361449030626,750,True,False,True,0.641,2024-09-24,2633.3361449030626,WIN,26.0,metals
GC=F,LONG,2024-09-26,2669.89990234375,2624.7568951112985,2760.185916808653,778,True,True,True,0.253,2024-09-30,2624.7568951112985,LOSS,2.0,metals
GC=F,LONG,2024-10-16,2674.0,2628.402667413373,2765.194665173254,792,True,False,True,0.083,2024-10-29,2765.194665173254,WIN,9.0,metals
GC=F,LONG,2024-10-30,2788.5,2743.8420778214195,2877.815844357161,802,True,False,True,0.9,2024-10-31,2743.8420778214195,LOSS,1.0,metals
GC=F,LONG,2024-12-11,2733.800048828125,2669.055247018873,2863.2896524466287,831,True,False,True,0.72,2024-12-13,2669.055247018873,LOSS,2.0,metals
GC=F,LONG,2025-01-16,2746.39990234375,2687.3412196668824,2864.5172676974853,855,True,True,True,0.891,2025-02-05,2864.5172676974853,WIN,13.0,metals
GC=F,LONG,2025-02-10,2914.300048828125,2845.436730677494,3052.0266851293873,871,True,False,True,0.72,2025-02-28,2845.436730677494,LOSS,13.0,metals
GC=F,LONG,2025-03-13,2984.300048828125,2910.0034581642803,3132.8932301558143,893,True,True,True,0.711,2025-04-01,3132.8932301558143,WIN,13.0,metals
GC=F,LONG,2025-04-11,3222.199951171875,3100.2426773945203,3466.1144987265843,914,True,False,True,0.879,2025-04-22,3466.1144987265843,WIN,6.0,metals
GC=F,LONG,2025-06-13,3431.199951171875,3311.2725388269128,3671.0547758617995,957,True,False,True,0.52,2025-06-24,3311.2725388269128,LOSS,6.0,metals
GC=F,LONG,2025-07-21,3401.89990234375,3323.124163495077,3559.451380041096,982,True,False,True,0.355,2025-07-28,3323.124163495077,LOSS,5.0,metals
GC=F,LONG,2025-09-02,3549.39990234375,3473.2626754972425,3701.674356036765,1012,True,False,True,1.902,2025-09-22,3701.674356036765,WIN,14.0,metals
GC=F,LONG,2025-09-23,3780.60009765625,3699.4575695760723,3942.8851538166055,1027,True,False,True,0.799,2025-10-06,3942.8851538166055,WIN,9.0,metals
GC=F,LONG,2025-10-07,3976.60009765625,3879.769927834098,4170.260437300554,1037,True,False,True,0.343,2025-10-15,4170.260437300554,WIN,6.0,metals
GC=F,LONG,2025-10-16,4280.2001953125,4145.64745212336,4549.305681690779,1044,True,True,True,1.035,2025-10-21,4145.64745212336,LOSS,3.0,metals
GC=F,LONG,2025-12-01,4239.2998046875,4106.106230570529,4505.686952921442,1075,True,False,True,0.159,2025-12-26,4505.686952921442,WIN,18.0,metals
GC=F,LONG,2026-01-12,4604.2998046875,4466.802260033213,4879.294893996073,1103,True,False,True,0.698,2026-01-22,4879.294893996073,WIN,7.0,metals
GC=F,LONG,2026-01-23,4976.2001953125,4829.343625687952,5269.913334561596,1111,True,False,True,0.918,2026-01-28,5269.913334561596,WIN,3.0,metals
GC=F,LONG,2026-01-29,5318.39990234375,5096.311982289488,5762.575742452274,1115,True,True,True,0.151,2026-01-30,5096.311982289488,LOSS,1.0,metals
GC=F,LONG,2026-08-05,4245.7998046875,4095.115439314643,4547.168535433214,1244,True,False,True,1.244,2026-08-21,4547.168535433214,WIN,12.0,metals
SI=F,LONG,2021-12-31,23.327999114990234,22.55924607129795,24.865505202374806,91,True,False,True,0.086,2022-01-06,22.55924607129795,LOSS,4.0,metals
SI=F,LONG,2022-01-18,23.48699951171875,22.731188692966473,24.998621149223304,102,True,False,True,0.421,2022-01-27,22.731188692966473,LOSS,7.0,metals
SI=F,LONG,2022-02-22,24.31100082397461,23.5933736857499,25.74625510042403,126,True,True,True,0.867,2022-03-04,25.74625510042403,WIN,8.0,metals
SI=F,LONG,2022-03-08,26.88800048828125,25.70531004334031,29.253381378163127,136,True,False,True,1.02,2022-03-10,25.70531004334031,LOSS,2.0,metals
SI=F,LONG,2022-04-13,26.020000457763672,25.04483939232436,27.970322588642297,162,True,True,True,0.113,2022-04-21,25.04483939232436,LOSS,5.0,metals
SI=F,LONG,2022-08-01,20.32200050354004,19.43397320844908,22.09805509372196,236,True,False,True,0.072,2022-08-19,19.43397320844908,LOSS,14.0,metals
SI=F,LONG,2022-10-03,20.518999099731445,19.47636269743382,22.604271904326694,280,True,False,True,1.207,2022-10-11,19.47636269743382,LOSS,6.0,metals
SI=F,LONG,2022-11-04,20.790000915527344,19.69819538625174,22.97361197407855,304,True,False,True,0.119,2022-12-02,22.97361197407855,WIN,19.0,metals
SI=F,LONG,2022-12-09,23.53499984741211,22.31558911362644,25.973821314983446,328,True,False,True,0.123,2023-02-06,22.31558911362644,LOSS,38.0,metals
SI=F,LONG,2023-03-17,22.35099983215332,21.4446807008103,24.163638094839364,394,True,False,True,0.598,2023-03-31,24.163638094839364,WIN,10.0,metals
SI=F,LONG,2023-04-04,25.02199935913086,24.12941459706875,26.80716888325508,406,True,False,True,1.92,2023-05-12,24.12941459706875,LOSS,27.0,metals
SI=F,LONG,2023-07-14,25.013999938964844,24.17301262771726,26.695974561460012,475,True,False,True,0.473,2023-08-02,24.17301262771726,LOSS,13.0,metals
SI=F,LONG,2023-08-29,24.777000427246094,24.14121172009276,26.048577841552763,507,True,True,True,0.62,2023-09-05,24.14121172009276,LOSS,4.0,metals
SI=F,LONG,2023-11-16,23.892000198364258,23.060676321118052,25.55464795285667,563,True,False,True,0.63,2023-12-01,25.55464795285667,WIN,10.0,metals
SI=F,LONG,2024-03-04,23.77899932861328,23.00508350666649,25.326830972506862,635,True,False,True,0.879,2024-03-15,25.326830972506862,WIN,9.0,metals
SI=F,LONG,2024-04-02,25.804000854492188,25.02572973995803,27.3605430835605,655,True,False,True,0.177,2024-04-05,27.3605430835605,WIN,3.0,metals
SI=F,LONG,2024-04-08,27.711999893188477,26.7322686383679,29.671462402829633,659,True,False,True,0.616,2024-04-12,29.671462402829633,WIN,4.0,metals
SI=F,LONG,2024-05-15,29.513999938964844,28.40296244727902,31.736074922336492,686,True,False,True,1.271,2024-05-20,31.736074922336492,WIN,3.0,metals
SI=F,LONG,2024-08-20,29.454999923706055,28.268866053966445,31.827267663185275,752,True,False,True,0.363,2024-09-03,28.268866053966445,LOSS,9.0,metals
SI=F,LONG,2024-09-13,30.698999404907227,29.447840175210523,33.201317864300634,769,True,False,True,0.95,2024-10-18,33.201317864300634,WIN,25.0,metals
SI=F,LONG,2024-10-21,33.86899948120117,32.443383798276685,36.720230847050146,795,True,False,True,0.265,2024-11-01,32.443383798276685,LOSS,9.0,metals
SI=F,LONG,2024-12-11,32.5620002746582,31.379275875757624,34.92744907245936,831,True,False,True,0.079,2024-12-12,31.379275875757624,LOSS,1.0,metals
SI=F,LONG,2025-01-30,32.36399841308594,31.12164695152714,34.84870133620353,864,True,True,True,1.109,2025-02-28,31.12164695152714,LOSS,20.0,metals
SI=F,LONG,2025-03-18,34.57899856567383,33.320437084968454,37.09612152708458,896,True,False,True,0.038,2025-03-21,33.320437084968454,LOSS,3.0,metals
SI=F,LONG,2025-03-27,34.89699935913086,33.720962027513984,37.24907402236461,903,True,False,True,0.541,2025-04-03,33.720962027513984,LOSS,5.0,metals
SI=F,LONG,2025-06-02,34.5629997253418,33.1505394281594,37.387920319706595,948,True,False,True,1.399,2025-07-10,37.387920319706595,WIN,27.0,metals
SI=F,LONG,2025-07-11,38.67599868774414,37.320691226351876,41.38661361052867,976,True,False,True,1.868,2025-07-30,37.320691226351876,LOSS,13.0,metals
SI=F,LONG,2025-08-22,39.00299835205078,37.93947297624741,41.13004910365753,1006,True,False,True,0.137,2025-09-02,41.13004910365753,WIN,6.0,metals
SI=F,LONG,2025-09-03,41.54199981689453,40.33684030567546,43.952318839332676,1013,True,False,True,0.335,2025-09-23,43.952318839332676,WIN,14.0,metals
SI=F,LONG,2025-09-25,44.696998596191406,43.34364164837962,47.403712491814986,1029,True,False,True,0.587,2025-10-01,47.403712491814986,WIN,4.0,metals
SI=F,LONG,2025-10-03,47.59700012207031,45.74626522247855,51.29846992125384,1035,True,False,True,0.094,2025-10-14,51.29846992125384,WIN,7.0,metals
SI=F,LONG,2025-10-16,53.02299880981445,50.09605099193437,58.87689444557462,1044,True,False,True,0.709,2025-10-17,50.09605099193437,LOSS,1.0,metals
SI=F,LONG,2025-11-28,56.44599914550781,53.2668518061465,62.80429382423044,1074,True,False,True,1.413,2025-12-11,62.80429382423044,WIN,9.0,metals
SI=F,LONG,2025-12-17,66.23699951171875,62.36222737955813,73.98654377604,1087,True,False,True,1.191,2025-12-26,73.98654377604,WIN,6.0,metals
SI=F,LONG,2026-01-06,80.52999877929688,72.9374969376775,95.71500246253564,1099,True,False,True,0.219,2026-01-22,95.71500246253564,WIN,11.0,metals
SI=F,LONG,2026-01-23,100.92500305175781,91.42127851535976,119.93245212455392,1111,True,False,True,1.041,2026-01-29,119.93245212455392,WIN,4.0,metals
SI=F,LONG,2026-05-11,85.48500061035156,78.85692681008756,98.74114821087957,1185,True,False,True,0.801,2026-05-15,78.85692681008756,LOSS,4.0,metals
SI=F,LONG,2026-08-07,63.332000732421875,59.751128530118365,70.4937451370289,1246,True,False,True,0.493,,,OPEN,,metals
PL=F,LONG,2021-12-23,974.5999755859375,943.2165861943163,1037.36675436918,86,False,True,True,0.019,2022-01-03,943.2165861943163,LOSS,6.0,metals
PL=F,LONG,2022-01-05,1001.9000244140625,964.854929001831,1075.9902152385255,94,True,False,True,1.231,2022-01-06,964.854929001831,LOSS,1.0,metals
PL=F,LONG,2022-01-19,1028.199951171875,985.3386167894204,1113.9226199367843,103,True,False,True,1.227,2022-03-04,1113.9226199367843,WIN,31.0,metals
PL=F,LONG,2022-06-01,997.2000122070312,962.3099228603899,1066.980190900314,195,True,False,True,0.086,2022-06-13,962.3099228603899,LOSS,8.0,metals
PL=F,LONG,2022-08-01,896.7000122070312,865.5967298156726,958.9065769897486,236,True,False,True,0.174,2022-08-24,865.5967298156726,LOSS,17.0,metals
PL=F,LONG,2022-09-19,918.0,890.0255286966428,973.9489426067144,270,True,True,True,0.929,2022-09-23,890.0255286966428,LOSS,4.0,metals
PL=F,LONG,2022-10-04,943.7000122070312,904.6953529832585,1021.7093306545767,281,True,False,True,1.113,2022-10-11,904.6953529832585,LOSS,5.0,metals
PL=F,LONG,2022-10-21,954.5999755859375,913.1552219927695,1037.4894827722735,294,True,False,True,0.222,2022-11-10,1037.4894827722735,WIN,14.0,metals
PL=F,LONG,2022-12-01,1067.9000244140625,1036.5021303828512,1130.6958124764851,322,True,False,True,0.229,2022-12-05,1036.5021303828512,LOSS,2.0,metals
PL=F,LONG,2022-12-30,1073.699951171875,1033.8218942588865,1153.456064997852,342,True,False,True,0.291,2023-01-19,1033.8218942588865,LOSS,12.0,metals
PL=F,LONG,2023-03-13,1002.5,967.0073465990943,1073.4853068018115,390,False,False,True,1.426,2023-03-28,967.0073465990943,LOSS,11.0,metals
PL=F,LONG,2023-04-04,1018.7000122070312,987.6260635626867,1080.8479094957204,406,True,False,True,1.043,2023-04-18,1080.8479094957204,WIN,9.0,metals
PL=F,LONG,2023-04-19,1096.699951171875,1059.4943094797964,1171.1112345560323,416,True,False,True,0.473,2023-05-04,1059.4943094797964,LOSS,11.0,metals
PL=F,LONG,2023-08-28,968.2999877929688,945.7315908614505,1013.4367816560052,506,True,True,True,1.648,2023-09-05,945.7315908614505,LOSS,5.0,metals
PL=F,LONG,2023-10-31,936.5,912.0596956963517,985.3806086072966,551,True,False,True,0.385,2023-11-06,912.0596956963517,LOSS,4.0,metals
PL=F,LONG,2023-11-21,940.0,911.1093410508145,997.7813178983711,566,True,False,True,0.235,2023-12-05,911.1093410508145,LOSS,9.0,metals
PL=F,LONG,2023-12-14,965.0999755859375,935.0990063795327,1025.101913998747,582,True,False,True,1.4,2024-01-09,935.0990063795327,LOSS,16.0,metals
PL=F,LONG,2024-03-13,942.2999877929688,913.6284049012518,999.6431535764027,642,True,False,True,0.321,2024-03-19,913.6284049012518,LOSS,4.0,metals
PL=F,LONG,2024-04-08,961.9000244140625,930.6340040200018,1024.4320652021838,659,True,False,True,1.19,2024-04-22,930.6340040200018,LOSS,10.0,metals
PL=F,LONG,2024-05-10,1001.0999755859375,976.9697337625151,1049.3604592327822,683,True,False,True,0.879,2024-05-15,1049.3604592327822,WIN,3.0,metals
PL=F,LONG,2024-05-16,1065.4000244140625,1039.3078845455066,1117.5843041511744,687,True,False,True,0.161,2024-05-23,1039.3078845455066,LOSS,5.0,metals
PL=F,LONG,2024-07-05,1035.300048828125,998.8300566297904,1108.2400332247942,720,True,False,True,0.801,2024-07-09,998.8300566297904,LOSS,2.0,metals
PL=F,LONG,2024-09-26,1011.0999755859375,979.4999663022904,1074.2999941532316,778,True,True,True,0.291,2024-09-30,979.4999663022904,LOSS,2.0,metals
PL=F,LONG,2024-10-22,1033.0,1003.2324662794006,1092.5350674411989,796,True,False,True,0.967,2024-10-31,1003.2324662794006,LOSS,7.0,metals
PL=F,LONG,2025-01-07,962.7999877929688,931.1407674883208,1026.1184284022647,848,False,False,True,0.272,2025-01-31,1026.1184284022647,WIN,17.0,metals
PL=F,LONG,2025-02-12,1038.699951171875,1012.0898306090808,1091.9201922974635,873,True,False,True,0.413,2025-02-14,1012.0898306090808,LOSS,2.0,metals
PL=F,LONG,2025-03-17,1023.5,999.9163113575628,1070.6673772848744,895,True,False,True,1.145,2025-03-20,999.9163113575628,LOSS,3.0,metals
PL=F,LONG,2025-05-09,998.5,971.39691362344,1052.70617275312,933,True,False,True,0.635,2025-05-20,1052.70617275312,WIN,7.0,metals
PL=F,LONG,2025-05-21,1082.5999755859375,1048.2221387353673,1151.355649287078,941,True,False,True,1.675,2025-06-06,1151.355649287078,WIN,11.0,metals
PL=F,LONG,2025-06-09,1213.5999755859375,1171.975265781883,1296.8493951940463,953,True,False,True,2.1,2025-06-18,1296.8493951940463,WIN,7.0,metals
PL=F,LONG,2025-06-26,1399.800048828125,1335.5189878556098,1528.3621707731554,965,True,True,True,1.68,2025-06-27,1335.5189878556098,LOSS,1.0,metals
PL=F,LONG,2025-07-11,1452.0,1372.654618808357,1610.6907623832858,976,True,False,True,0.59,2025-07-30,1372.654618808357,LOSS,13.0,metals
PL=F,LONG,2025-08-28,1356.4000244140625,1314.511688671172,1440.1766958998437,1010,True,False,True,0.048,2025-09-03,1440.1766958998437,WIN,3.0,metals
PL=F,LONG,2025-09-23,1504.199951171875,1456.6527162305813,1599.2944210544624,1027,True,False,True,2.339,2025-09-29,1599.2944210544624,WIN,4.0,metals
PL=F,LONG,2025-10-06,1634.9000244140625,1566.7574432193069,1771.1851868035737,1036,True,False,True,0.161,2025-10-21,1566.7574432193069,LOSS,11.0,metals
PL=F,LONG,2025-11-28,1677.699951171875,1609.1094548392678,1814.8809438370895,1074,True,False,True,1.615,2025-12-16,1814.8809438370895,WIN,12.0,metals
PL=F,LONG,2025-12-17,1932.699951171875,1858.3733887159983,2081.3530760836284,1087,True,False,True,1.684,2025-12-22,2081.3530760836284,WIN,3.0,metals
PL=F,LONG,2025-12-23,2282.0,2174.5857068677046,2496.8285862645907,1091,True,False,True,3.018,2025-12-29,2174.5857068677046,LOSS,3.0,metals
PL=F,LONG,2026-01-21,2480.39990234375,2291.8530654429514,2857.493576145347,1109,True,False,True,0.135,2026-01-30,2291.8530654429514,LOSS,7.0,metals
PL=F,LONG,2026-05-13,2187.10009765625,2088.696383694885,2383.9075255789803,1187,True,True,True,1.116,2026-05-14,2088.696383694885,LOSS,1.0,metals
PL=F,LONG,2026-08-07,1750.0999755859375,1685.2667485573943,1879.766429643024,1246,True,False,True,0.086,2026-08-21,1879.766429643024,WIN,10.0,metals
PA=F,LONG,2021-11-16,2164.5,2086.8866407974947,2319.7267184050106,60,True,False,True,0.296,2021-11-19,2086.8866407974947,LOSS,3.0,metals
PA=F,LONG,2021-12-22,1887.0999755859375,1771.1805724549533,2118.938781847906,85,False,False,True,0.623,2022-01-24,2118.938781847906,WIN,21.0,metals
PA=F,LONG,2022-01-25,2184.89990234375,2098.3591256221916,2357.9814557868667,107,True,False,True,1.107,2022-01-27,2357.9814557868667,WIN,2.0,metals
PA=F,LONG,2022-01-28,2368.699951171875,2276.4978018331763,2553.1042498492725,110,True,False,True,0.134,2022-02-07,2276.4978018331763,LOSS,6.0,metals
PA=F,LONG,2022-02-22,2369.300048828125,2275.7189047004067,2556.4623370835616,126,True,False,True,0.013,2022-03-01,2556.4623370835616,WIN,5.0,metals
PA=F,LONG,2022-03-03,2728.800048828125,2566.431903043122,3053.536340398131,133,True,False,True,0.275,2022-03-07,3053.536340398131,WIN,2.0,metals
PA=F,LONG,2022-08-08,2239.300048828125,2119.8289389275333,2478.2422686293085,241,True,True,True,0.681,2022-08-22,2119.8289389275333,LOSS,10.0,metals
PA=F,LONG,2022-09-12,2259.199951171875,2138.132173120402,2501.335507274821,265,True,False,True,0.7,2022-09-13,2138.132173120402,LOSS,1.0,metals
PA=F,LONG,2022-10-04,2321.199951171875,2199.2070610369706,2565.185731441684,281,True,False,True,1.016,2022-10-07,2199.2070610369706,LOSS,3.0,metals
PA=F,LONG,2023-04-18,1639.5999755859375,1569.9199953945924,1778.9599359686276,415,True,False,True,2.365,2023-04-24,1569.9199953945924,LOSS,4.0,metals
PA=F,LONG,2023-09-20,1271.5999755859375,1234.107720510303,1346.5844857372067,522,True,False,True,0.059,2023-09-25,1234.107720510303,LOSS,3.0,metals
PA=F,LONG,2023-09-28,1277.9000244140625,1238.2778703339734,1357.1443325742407,528,False,False,True,0.318,2023-10-02,1238.2778703339734,LOSS,2.0,metals
PA=F,LONG,2023-12-15,1198.0999755859375,1128.154250835582,1337.9914250866486,583,True,False,True,2.47,2023-12-29,1128.154250835582,LOSS,9.0,metals
PA=F,LONG,2024-03-06,1037.9000244140625,978.836096474948,1156.0278802922915,637,True,False,True,1.785,2024-04-26,978.836096474948,LOSS,36.0,metals
PA=F,LONG,2024-05-20,1030.699951171875,995.2679191649703,1101.5640151856844,689,True,False,True,0.271,2024-05-23,995.2679191649703,LOSS,3.0,metals
PA=F,LONG,2024-07-02,1020.2000122070312,969.6586205830978,1121.2827954548982,718,True,False,True,1.531,2024-07-12,969.6586205830978,LOSS,7.0,metals
PA=F,LONG,2024-08-23,942.5,904.461696904467,1018.576606191066,755,True,False,True,0.042,2024-09-06,904.461696904467,LOSS,9.0,metals
PA=F,LONG,2024-09-11,1010.2000122070312,959.870280338088,1110.8594759449177,767,True,False,True,0.842,2024-10-24,1110.8594759449177,WIN,31.0,metals
PA=F,LONG,2024-10-25,1199.699951171875,1140.2545180892691,1318.5908173370867,799,True,False,True,1.302,2024-10-31,1140.2545180892691,LOSS,4.0,metals
PA=F,LONG,2025-04-01,991.2999877929688,967.599866579793,1038.7002302193202,906,True,True,True,0.008,2025-04-03,967.599866579793,LOSS,2.0,metals
PA=F,LONG,2025-05-06,976.2999877929688,945.8324108051906,1037.235141768525,930,True,False,True,0.427,2025-05-12,945.8324108051906,LOSS,4.0,metals
PA=F,LONG,2025-05-20,1021.5999755859375,989.9312375425109,1084.9374516727908,940,True,False,True,2.665,2025-05-27,989.9312375425109,LOSS,4.0,metals
PA=F,LONG,2025-06-06,1060.5999755859375,1015.5543060812261,1150.6913145953604,952,True,False,True,0.622,2025-07-02,1150.6913145953604,WIN,17.0,metals
PA=F,LONG,2025-07-10,1186.9000244140625,1129.6204091123343,1301.459255017519,974,True,True,True,1.044,2025-07-18,1301.459255017519,WIN,6.0,metals
PA=F,LONG,2025-09-11,1219.5999755859375,1164.123275357083,1330.5533760436465,1018,True,False,True,0.833,2025-09-17,1164.123275357083,LOSS,4.0,metals
PA=F,LONG,2025-09-25,1264.4000244140625,1208.8493984080185,1375.5012764261505,1028,True,False,True,0.734,2025-10-08,1375.5012764261505,WIN,9.0,metals
PA=F,LONG,2025-10-13,1509.4000244140625,1432.4898196284814,1663.2204339852246,1040,True,False,True,0.426,2025-10-21,1432.4898196284814,LOSS,6.0,metals
PA=F,LONG,2025-12-15,1592.800048828125,1522.781951888549,1732.836242707277,1084,True,False,True,1.065,2025-12-18,1732.836242707277,WIN,3.0,metals
PA=F,LONG,2025-12-19,1749.0,1674.1573334504935,1898.685333099013,1088,True,False,True,0.04,2025-12-23,1898.685333099013,WIN,2.0,metals
PA=F,LONG,2025-12-26,1984.699951171875,1853.4899455853115,2247.119962345002,1092,True,False,True,0.902,2025-12-29,1853.4899455853115,LOSS,1.0,metals
PA=F,LONG,2026-01-23,2010.0,1875.0594831073797,2279.8810337852406,1110,True,False,True,0.375,2026-01-27,1875.0594831073797,LOSS,2.0,metals
PA=F,LONG,2026-07-22,1302.9000244140625,1249.349040990546,1410.0019912610956,1233,True,False,True,0.161,2026-07-24,1249.349040990546,LOSS,2.0,metals
PA=F,LONG,2026-08-04,1355.300048828125,1286.841367171983,1492.2174121404091,1242,True,False,True,1.531,,,OPEN,,metals
HG=F,LONG,2021-12-27,4.465000152587891,4.31132131084051,4.7723578360826515,87,True,False,True,0.508,2022-01-28,4.31132131084051,LOSS,23.0,metals
HG=F,LONG,2022-02-09,4.600500106811523,4.439978288548032,4.921543743338507,118,True,False,True,0.243,2022-03-04,4.921543743338507,WIN,16.0,metals
HG=F,LONG,2022-06-02,4.553999900817871,4.369661290606193,4.922677121241227,196,True,False,True,1.454,2022-06-10,4.369661290606193,LOSS,6.0,metals
HG=F,LONG,2022-08-10,3.6554999351501465,3.502804962765876,3.960889879918687,243,True,False,True,0.714,2022-08-31,3.502804962765876,LOSS,15.0,metals
HG=F,LONG,2022-10-26,3.629499912261963,3.484292336137889,3.9199150645101106,297,True,False,True,0.647,2022-10-28,3.484292336137889,LOSS,2.0,metals
HG=F,LONG,2022-11-04,3.7144999504089355,3.537921026487366,4.067657798252075,304,True,False,True,0.963,2023-01-11,4.067657798252075,WIN,45.0,metals
HG=F,LONG,2023-01-12,4.185999870300293,4.04046747188882,4.477064667123239,350,True,False,True,0.165,2023-02-06,4.04046747188882,LOSS,16.0,metals
HG=F,LONG,2023-06-13,3.8285000324249268,3.708839675429542,4.067820746415697,454,True,False,True,0.535,2023-06-29,3.708839675429542,LOSS,11.0,metals
HG=F,LONG,2023-07-31,3.994499921798706,3.877525346805378,4.228449071785362,486,True,True,True,0.949,2023-08-02,3.877525346805378,LOSS,2.0,metals
HG=F,LONG,2023-11-21,3.814500093460083,3.7264291553804005,3.990641969619448,566,True,False,True,0.045,2023-12-06,3.7264291553804005,LOSS,11.0,metals
HG=F,LONG,2023-12-27,3.94350004196167,3.843146190669374,4.144207744546262,591,True,False,True,0.329,2024-01-03,3.843146190669374,LOSS,4.0,metals
HG=F,LONG,2024-03-07,3.9195001125335693,3.8401746722069814,4.078150993186745,639,True,False,True,0.555,2024-03-15,4.078150993186745,WIN,6.0,metals
HG=F,LONG,2024-04-03,4.192999839782715,4.0840286774727925,4.4109421644025595,657,True,False,True,0.863,2024-04-18,4.4109421644025595,WIN,11.0,metals
HG=F,LONG,2024-04-19,4.501999855041504,4.37209905590816,4.761801453308191,669,True,False,True,0.947,2024-05-13,4.761801453308191,WIN,16.0,metals
HG=F,LONG,2024-05-14,4.953499794006348,4.758708386006894,5.343082610005254,686,True,False,True,1.484,2024-05-30,4.758708386006894,LOSS,11.0,metals
HG=F,LONG,2024-08-26,4.21150016784668,4.084440874361781,4.465618754816477,757,True,False,True,0.11,2024-09-03,4.084440874361781,LOSS,5.0,metals
HG=F,LONG,2024-09-19,4.285999774932861,4.144286029632262,4.56942726553406,774,True,False,True,0.226,2024-09-26,4.56942726553406,WIN,5.0,metals
HG=F,LONG,2025-01-15,4.359499931335449,4.255174959265409,4.56814987547553,855,True,False,True,0.661,2025-01-23,4.255174959265409,LOSS,5.0,metals
HG=F,LONG,2025-02-05,4.434500217437744,4.318731901198855,4.666036849915523,869,True,False,True,0.389,2025-02-10,4.666036849915523,WIN,3.0,metals
HG=F,LONG,2025-02-13,4.769000053405762,4.617904325177,5.071191509863285,875,True,False,True,0.874,2025-02-18,4.617904325177,LOSS,2.0,metals
HG=F,LONG,2025-03-12,4.821000099182129,4.620896442148679,5.221207413249029,893,True,False,True,0.185,2025-03-26,5.221207413249029,WIN,10.0,metals
HG=F,LONG,2025-06-26,5.065499782562256,4.891580921106976,5.413337505472816,966,True,True,True,0.339,2025-07-08,5.413337505472816,WIN,8.0,metals
HG=F,LONG,2025-07-22,5.697000026702881,5.463638846455259,6.163722387198124,984,True,False,True,0.129,2025-07-30,5.463638846455259,LOSS,6.0,metals
HG=F,LONG,2025-10-03,5.058000087738037,4.904264236751684,5.3654717897107425,1036,True,False,True,1.815,2025-10-10,4.904264236751684,LOSS,5.0,metals
HG=F,LONG,2025-10-27,5.140500068664551,4.9622098471528995,5.497080511687853,1052,True,False,True,0.275,2025-11-04,4.9622098471528995,LOSS,6.0,metals
HG=F,LONG,2025-11-28,5.185500144958496,5.0256936474892555,5.505113139896977,1075,True,False,True,0.019,2025-12-23,5.505113139896977,WIN,17.0,metals
HG=F,LONG,2025-12-26,5.766499996185303,5.544728564035414,6.21004286048508,1094,True,False,True,1.826,2025-12-29,5.544728564035414,LOSS,1.0,metals
HG=F,LONG,2026-01-05,5.924499988555908,5.654138848611533,6.465222268444659,1099,True,False,True,1.006,2026-01-29,6.465222268444659,WIN,17.0,metals
HG=F,LONG,2026-04-13,5.97599983215332,5.734058865963552,6.459881764532858,1166,True,False,True,0.872,2026-05-12,6.459881764532858,WIN,21.0,metals
HG=F,LONG,2026-05-13,6.635499954223633,6.381696144850322,7.143107572970255,1188,True,False,True,0.272,2026-05-15,6.381696144850322,LOSS,2.0,metals
HG=F,LONG,2026-06-02,6.649499893188477,6.3932099895172065,7.162079700531017,1201,True,False,True,0.035,2026-06-05,6.3932099895172065,LOSS,3.0,metals
HG=F,LONG,2026-07-21,6.511000156402588,6.266444635109261,7.0001111989892415,1234,True,False,True,1.014,2026-07-28,6.266444635109261,LOSS,5.0,metals
HG=F,LONG,2026-08-04,6.618500232696533,6.395594328459289,7.064312041171021,1244,True,False,True,0.799,,,OPEN,,metals
^NDX,LONG,2021-11-18,16482.970703125,16116.824811066625,17215.26248724175,62,True,False,True,0.156,2021-11-24,16116.824811066625,LOSS,4.0,indices
^NDX,LONG,2021-12-27,16567.5,15957.540809665215,17787.41838066957,87,True,False,True,0.37,2022-01-05,15957.540809665215,LOSS,7.0,indices
^NDX,LONG,2022-03-22,14654.330078125,13857.163317605005,16248.66359916499,146,True,False,True,0.461,2022-04-18,13857.163317605005,LOSS,18.0,indices
^NDX,LONG,2022-07-19,12249.419921875,11607.34293742194,13533.573890781121,227,True,False,True,0.218,2022-08-11,13533.573890781121,WIN,17.0,indices
^NDX,LONG,2022-08-12,13565.8701171875,12974.290995177449,14749.028361207602,245,True,False,True,0.035,2022-08-22,12974.290995177449,LOSS,6.0,indices
^NDX,LONG,2022-11-30,12030.0595703125,11481.18653105818,13127.80564882114,321,True,False,True,0.019,2022-12-07,11481.18653105818,LOSS,5.0,indices
^NDX,LONG,2023-01-26,12051.48046875,11571.121293882474,13012.198818485052,359,True,False,True,0.552,2023-03-31,13012.198818485052,WIN,45.0,indices
^NDX,LONG,2023-04-28,13245.990234375,12835.429179393717,14067.112344337565,423,True,False,True,0.204,2023-05-26,14067.112344337565,WIN,20.0,indices
^NDX,LONG,2023-05-30,14354.990234375,13953.751485299377,15157.467732526246,444,True,False,True,0.127,2023-06-15,15157.467732526246,WIN,12.0,indices
^NDX,LONG,2023-07-12,15307.23046875,14908.949792768617,16103.791820712766,473,True,False,True,0.113,2023-08-16,14908.949792768617,LOSS,25.0,indices
^NDX,LONG,2023-11-10,15529.1201171875,15063.808322779949,16459.743706002602,559,True,False,True,0.632,2023-12-13,16459.743706002602,WIN,22.0,indices
^NDX,LONG,2023-12-18,16729.80078125,16350.259432035,17488.88347968,584,True,False,True,0.316,2024-01-04,16350.259432035,LOSS,11.0,indices
^NDX,LONG,2024-01-18,16982.2890625,16581.415687391254,17784.03581271749,604,True,False,True,0.065,2024-02-07,17784.03581271749,WIN,14.0,indices
^NDX,LONG,2024-02-09,17962.41015625,17555.183097458663,18776.864273832674,620,True,False,True,0.728,2024-02-13,17555.183097458663,LOSS,2.0,indices
^NDX,LONG,2024-03-01,18302.91015625,17868.659301762393,19171.411865225215,634,True,False,True,0.973,2024-03-05,17868.659301762393,LOSS,2.0,indices
^NDX,LONG,2024-05-14,18322.76953125,17864.989632692857,19238.329328364285,685,True,True,True,0.328,2024-06-12,19238.329328364285,WIN,20.0,indices
^NDX,LONG,2024-06-13,19576.919921875,19131.656195079173,20467.447375466654,706,True,False,True,0.09,2024-07-09,20467.447375466654,WIN,16.0,indices
^NDX,LONG,2024-07-10,20675.380859375,20254.00419761204,21518.134182900918,723,True,False,True,0.624,2024-07-11,20254.00419761204,LOSS,1.0,indices
^NDX,LONG,2024-09-26,20115.5390625,19485.76143571588,21375.094316068236,778,True,False,True,0.229,2024-12-04,21375.094316068236,WIN,48.0,indices
^NDX,LONG,2024-12-06,21622.25,21133.10487676288,22600.540246474236,828,True,False,True,0.428,2024-12-19,21133.10487676288,LOSS,9.0,indices
^NDX,LONG,2025-01-22,21853.0,21146.407418548803,23266.185162902395,857,True,False,True,0.043,2025-01-27,21146.407418548803,LOSS,3.0,indices
^NDX,LONG,2025-02-13,22030.7109375,21376.80552518201,23338.521762135977,873,True,False,True,0.261,2025-02-24,21376.80552518201,LOSS,6.0,indices
^NDX,LONG,2025-05-01,19786.7109375,18583.649515825065,22192.83378084987,926,True,False,True,0.132,2025-06-24,22192.83378084987,WIN,36.0,indices
^NDX,LONG,2025-06-25,22237.740234375,21629.035129573105,23455.15044397879,963,True,False,True,0.056,2025-07-29,23455.15044397879,WIN,23.0,indices
^NDX,LONG,2025-08-08,23611.26953125,23079.20152190591,24675.40554993818,994,True,False,True,0.082,2025-08-20,23079.20152190591,LOSS,8.0,indices
^NDX,LONG,2025-09-11,23992.560546875,23493.11065882089,24991.46032298322,1017,True,False,True,0.093,2025-10-06,24991.46032298322,WIN,17.0,indices
^NDX,LONG,2025-10-08,25136.619140625,24646.865145972733,26116.127129929533,1036,True,False,True,0.301,2025-10-10,24646.865145972733,LOSS,2.0,indices
^NDX,LONG,2025-10-24,25358.16015625,24681.919404927987,26710.641658894026,1048,True,False,True,0.482,2025-11-07,24681.919404927987,LOSS,10.0,indices
^NDX,LONG,2025-12-05,25692.05078125,24881.927102422356,27312.298138905287,1077,True,False,True,0.071,2025-12-17,24881.927102422356,LOSS,8.0,indices
^NDX,LONG,2026-01-27,25939.740234375,25301.980942477494,27215.258818170012,1111,True,False,True,0.209,2026-02-03,25301.980942477494,LOSS,5.0,indices
^NDX,LONG,2026-04-10,25116.33984375,24226.819228536016,26895.381074177967,1162,True,False,True,0.042,2026-04-22,26895.381074177967,WIN,8.0,indices
^NDX,LONG,2026-04-24,27303.669921875,26458.081327030635,28994.84711156373,1172,True,False,True,0.7,2026-05-08,28994.84711156373,WIN,10.0,indices
^NDX,LONG,2026-05-11,29320.66015625,28506.10967176763,30949.76112521474,1183,True,False,True,0.21,2026-06-09,28506.10967176763,LOSS,20.0,indices
^NDX,LONG,2026-08-13,30084.5,29008.37796793353,32236.744064132938,1248,True,False,True,0.256,,,OPEN,,indices
^DJI,LONG,2021-12-27,36302.37890625,35418.190743528925,38070.75523169215,87,True,False,True,0.255,2022-01-18,35418.190743528925,LOSS,15.0,indices
^DJI,LONG,2022-03-28,34955.890625,33869.592959626,37128.485955747994,150,True,False,True,0.024,2022-04-22,33869.592959626,LOSS,18.0,indices
^DJI,LONG,2022-07-21,32036.900390625,30916.08421299586,34278.53274588328,229,True,False,True,0.165,2022-08-16,34278.53274588328,WIN,18.0,indices
^DJI,LONG,2022-10-24,31499.619140625,30207.366256823243,34084.124908228514,295,True,False,True,0.589,2022-11-22,34084.124908228514,WIN,21.0,indices
^DJI,LONG,2022-11-23,34194.05859375,33177.1505388011,36227.8747036478,317,True,False,True,0.154,2022-12-15,33177.1505388011,LOSS,15.0,indices
^DJI,LONG,2023-04-28,34098.16015625,33421.09494403164,35452.29058068672,423,True,False,True,0.045,2023-05-03,33421.09494403164,LOSS,3.0,indices
^DJI,LONG,2023-06-09,33876.78125,33227.107256202195,35176.12923759561,452,True,False,True,0.009,2023-07-19,35176.12923759561,WIN,26.0,indices
^DJI,LONG,2023-07-24,35411.23828125,34848.255043160636,36537.20475742873,481,True,False,True,0.137,2023-08-16,34848.255043160636,LOSS,17.0,indices
^DJI,LONG,2023-11-10,34283.1015625,33589.40314691757,35670.498393664864,559,True,False,True,0.088,2023-11-30,35670.498393664864,WIN,13.0,indices
^DJI,LONG,2023-12-01,36245.5,35666.238628834304,37404.02274233139,573,True,False,True,0.949,2023-12-19,37404.02274233139,WIN,12.0,indices
^DJI,LONG,2023-12-27,37656.51953125,37102.04107189667,38765.476449956666,590,True,False,True,0.055,2024-02-02,38765.476449956666,WIN,25.0,indices
^DJI,LONG,2024-02-12,38797.37890625,38210.374553550384,39971.38761164923,621,True,False,True,0.047,2024-02-13,38210.374553550384,LOSS,1.0,indices
^DJI,LONG,2024-02-22,39069.109375,38418.59941046473,40370.129304070535,628,True,False,True,0.437,2024-04-10,38418.59941046473,LOSS,33.0,indices
^DJI,LONG,2024-05-08,39056.390625,38296.29323066686,40576.58541366628,681,True,False,True,0.207,2024-05-30,38296.29323066686,LOSS,15.0,indices
^DJI,LONG,2024-07-10,39721.359375,39029.31984623883,41105.43843252234,723,True,False,True,0.192,2024-07-17,41105.43843252234,WIN,5.0,indices
^DJI,LONG,2024-08-26,41240.51953125,40335.89241301909,43049.77376771181,756,True,False,True,0.072,2024-09-06,40335.89241301909,LOSS,8.0,indices
^DJI,LONG,2024-09-16,41622.078125,40622.049129692045,43622.13611561591,770,True,False,True,0.074,2024-11-06,43622.13611561591,WIN,37.0,indices
^DJI,LONG,2024-11-08,43988.98828125,43041.61065367868,45883.743536392634,809,True,False,True,0.35,2024-11-19,43041.61065367868,LOSS,7.0,indices
^DJI,LONG,2024-11-25,44736.5703125,43821.61887316613,46566.47319116774,820,True,True,True,0.546,2024-12-13,43821.61887316613,LOSS,13.0,indices
^DJI,LONG,2025-01-21,44025.80859375,43029.74302490551,46017.93973143898,856,True,False,True,0.676,2025-03-03,43029.74302490551,LOSS,28.0,indices
^DJI,LONG,2025-05-02,41317.4296875,39456.11466903823,45040.05972442354,927,True,False,True,0.155,2025-08-15,45040.05972442354,WIN,72.0,indices
^DJI,LONG,2025-08-22,45631.73828125,44773.87064398367,47347.473555782664,1004,True,False,True,0.989,2025-10-27,47347.473555782664,WIN,45.0,indices
^DJI,LONG,2025-10-28,47706.37109375,46735.53639313062,49648.04049498876,1050,True,False,True,0.292,2025-11-07,46735.53639313062,LOSS,8.0,indices
^DJI,LONG,2025-11-12,48254.8203125,47248.694106535826,50267.07272442835,1061,True,False,True,0.426,2025-11-14,47248.694106535826,LOSS,2.0,indices
^DJI,LONG,2025-12-11,48704.01171875,47631.80460390931,50848.42594843138,1081,True,False,True,0.508,2026-03-03,47631.80460390931,LOSS,54.0,indices
^DJI,LONG,2026-05-21,50285.66015625,49177.96044944418,52501.05956986164,1191,True,False,True,0.154,2026-06-25,52501.05956986164,WIN,23.0,indices
^DJI,LONG,2026-07-02,52900.0703125,51687.59549094129,55325.01995561742,1219,True,False,True,0.26,2026-07-23,51687.59549094129,LOSS,14.0,indices
^DJI,LONG,2026-08-04,54085.87890625,52761.972814796965,56733.69108915607,1241,True,False,True,1.203,2026-08-20,52761.972814796965,LOSS,12.0,indices
^GSPC,LONG,2021-12-27,4791.18994140625,4662.137642329877,5049.294539558996,87,True,False,True,0.782,2022-01-10,4662.137642329877,LOSS,10.0,indices
^GSPC,LONG,2022-03-18,4463.1201171875,4277.0973721465725,4835.165607269355,144,True,False,True,0.076,2022-04-22,4277.0973721465725,LOSS,24.0,indices
^GSPC,LONG,2022-07-21,3998.949951171875,3840.7706194044827,4315.30861470666,229,True,False,True,0.314,2022-08-16,4315.30861470666,WIN,18.0,indices
^GSPC,LONG,2022-11-10,3956.3701171875,3777.2357590318784,4314.638833498743,308,True,False,True,0.498,2022-12-22,3777.2357590318784,LOSS,29.0,indices
^GSPC,LONG,2023-01-23,4019.81005859375,3893.5547306232056,4272.320714534839,356,True,False,True,0.07,2023-03-10,3893.5547306232056,LOSS,33.0,indices
^GSPC,LONG,2023-03-31,4109.31005859375,3988.010625024989,4351.908925731272,404,True,False,True,0.508,2023-06-13,4351.908925731272,WIN,50.0,indices
^GSPC,LONG,2023-06-15,4425.83984375,4335.437463885584,4606.644603478831,456,True,False,True,0.753,2023-06-26,4335.437463885584,LOSS,6.0,indices
^GSPC,LONG,2023-06-30,4450.3798828125,4365.674876399984,4619.789895637532,466,True,False,True,0.045,2023-08-17,4365.674876399984,LOSS,33.0,indices
^GSPC,LONG,2023-11-10,4415.240234375,4310.173870354734,4625.372962415531,559,True,False,True,0.413,2023-12-12,4625.372962415531,WIN,21.0,indices
^GSPC,LONG,2023-12-13,4707.08984375,4626.2873912077575,4868.694748834485,581,True,False,True,1.563,2024-01-24,4868.694748834485,WIN,27.0,indices
^GSPC,LONG,2024-01-29,4927.93017578125,4850.590501110785,5082.60952512218,611,True,False,True,0.549,2024-01-31,4850.590501110785,LOSS,2.0,indices
^GSPC,LONG,2024-02-02,4958.60986328125,4871.577477737002,5132.674634369747,615,True,False,True,0.632,2024-03-01,5132.674634369747,WIN,19.0,indices
^GSPC,LONG,2024-03-07,5157.35986328125,5067.3738163688995,5337.331957105951,638,True,False,True,0.171,2024-04-15,5067.3738163688995,LOSS,26.0,indices
^GSPC,LONG,2024-05-09,5214.080078125,5103.529934085483,5435.180366204035,682,True,False,True,0.042,2024-06-12,5435.180366204035,WIN,23.0,indices
^GSPC,LONG,2024-06-17,5473.22998046875,5375.895272140078,5667.899397126093,708,True,False,True,0.534,2024-07-16,5667.899397126093,WIN,19.0,indices
^GSPC,LONG,2024-08-19,5608.25,5443.5117154817835,5937.726569036433,751,True,False,True,0.278,2024-09-06,5443.5117154817835,LOSS,13.0,indices
^GSPC,LONG,2024-09-19,5713.64013671875,5562.324407668534,6016.271594819182,773,True,False,True,0.316,2024-11-11,6016.271594819182,WIN,37.0,indices
^GSPC,LONG,2024-11-26,6021.6298828125,5908.771244331785,6247.34715977393,821,True,False,True,0.016,2024-12-18,5908.771244331785,LOSS,15.0,indices
^GSPC,LONG,2025-01-22,6086.3701171875,5943.616399347879,6371.877552866741,857,True,False,True,0.488,2025-02-03,5943.616399347879,LOSS,8.0,indices
^GSPC,LONG,2025-02-18,6129.580078125,6008.202091647134,6372.336051080732,875,True,False,True,0.023,2025-02-24,6008.202091647134,LOSS,4.0,indices
^GSPC,LONG,2025-05-02,5686.669921875,5403.58232792457,6252.845109775861,927,True,False,True,0.196,2025-07-03,6252.845109775861,WIN,42.0,indices
^GSPC,LONG,2025-07-23,6358.91015625,6257.74730167864,6561.23586539272,982,True,False,True,0.451,2025-08-01,6257.74730167864,LOSS,7.0,indices
^GSPC,LONG,2025-08-12,6445.759765625,6327.252175724032,6682.774945426936,996,True,False,True,0.316,2025-09-22,6682.774945426936,WIN,28.0,indices
^GSPC,LONG,2025-10-01,6711.2001953125,6610.032417514224,6913.535750909052,1031,True,False,True,0.231,2025-10-10,6610.032417514224,LOSS,7.0,indices
^GSPC,LONG,2025-10-24,6791.68994140625,6649.640592400169,7075.788639418412,1048,True,False,True,0.382,2025-11-07,6649.640592400169,LOSS,10.0,indices
^GSPC,LONG,2025-12-05,6870.39990234375,6714.488437792864,7182.222831445522,1077,True,False,True,0.006,2026-03-03,6714.488437792864,LOSS,58.0,indices
^GSPC,LONG,2026-04-13,6886.240234375,6689.625850475212,7279.4690021745755,1163,True,False,True,0.412,2026-05-06,7279.4690021745755,WIN,17.0,indices
^GSPC,LONG,2026-05-08,7398.93017578125,7244.695570833155,7707.39938567744,1182,True,False,True,0.18,2026-06-09,7244.695570833155,LOSS,21.0,indices
^GSPC,LONG,2026-08-03,7600.5,7417.290913613144,7966.918172773712,1240,False,False,True,0.207,,,OPEN,,indices
^GDAXI,LONG,2021-11-15,16148.6396484375,15913.741785485541,16618.435374341418,60,True,False,True,0.22,2021-11-23,15913.741785485541,LOSS,6.0,indices
^GDAXI,LONG,2021-12-27,15835.25,15401.92006765512,16701.90986468976,89,False,False,True,0.006,2022-01-24,15401.92006765512,LOSS,19.0,indices
^GDAXI,LONG,2022-03-29,14820.330078125,14061.221820886614,16338.546592601771,154,True,False,True,0.508,2022-04-06,14061.221820886614,LOSS,6.0,indices
^GDAXI,LONG,2022-05-30,14575.98046875,14064.351555096962,15599.238296056075,196,True,False,True,0.44,2022-06-10,14064.351555096962,LOSS,9.0,indices
^GDAXI,LONG,2022-07-29,13484.0498046875,12984.898563982193,14482.352286098114,240,True,False,True,0.339,2022-08-26,12984.898563982193,LOSS,20.0,indices
^GDAXI,LONG,2022-10-25,13052.9599609375,12539.087005249754,14080.705872312992,302,True,False,True,0.127,2022-11-10,14080.705872312992,WIN,12.0,indices
^GDAXI,LONG,2022-11-11,14224.8603515625,13742.420644457157,15189.739765773185,315,True,True,True,0.28,2023-01-17,15189.739765773185,WIN,46.0,indices
^GDAXI,LONG,2023-02-02,15509.1904296875,15182.53909939015,16162.493090282202,373,True,True,True,1.466,2023-02-24,15182.53909939015,LOSS,16.0,indices
^GDAXI,LONG,2023-04-28,15922.3798828125,15581.283220996478,16604.573206444544,432,True,False,True,0.019,2023-07-06,15581.283220996478,LOSS,48.0,indices
^GDAXI,LONG,2023-07-27,16406.029296875,16080.286205271786,17057.515480081427,495,True,True,True,1.015,2023-08-02,16080.286205271786,LOSS,4.0,indices
^GDAXI,LONG,2023-11-14,15614.4296875,15263.251565465405,16316.78593156919,573,True,False,True,1.423,2023-12-01,16316.78593156919,WIN,13.0,indices
^GDAXI,LONG,2023-12-04,16404.759765625,16140.75010592613,16932.77908502274,587,True,False,True,0.043,2023-12-14,16932.77908502274,WIN,8.0,indices
^GDAXI,LONG,2024-01-30,16972.33984375,16673.373106331685,17570.27331858663,625,True,False,True,0.031,2024-02-28,17570.27331858663,WIN,21.0,indices
^GDAXI,LONG,2024-02-29,17678.189453125,17420.862586874504,18192.843185625992,647,True,False,True,0.564,2024-03-22,18192.843185625992,WIN,16.0,indices
^GDAXI,LONG,2024-03-25,18261.310546875,18019.709224559705,18744.51319150559,664,True,False,True,0.293,2024-04-10,18019.709224559705,LOSS,10.0,indices
^GDAXI,LONG,2024-05-07,18430.05078125,18028.845366809186,19232.461610131628,692,True,False,True,0.517,2024-06-14,18028.845366809186,LOSS,28.0,indices
^GDAXI,LONG,2024-07-12,18748.1796875,18338.91063966743,19566.717783165142,740,True,False,True,0.478,2024-07-19,18338.91063966743,LOSS,5.0,indices
^GDAXI,LONG,2024-08-23,18633.099609375,18217.39228771317,19464.51425269866,770,True,False,True,0.331,2024-09-11,18217.39228771317,LOSS,13.0,indices
^GDAXI,LONG,2024-09-19,19002.380859375,18609.157084481983,19788.828409161033,789,True,False,True,0.059,2024-12-02,19788.828409161033,WIN,52.0,indices
^GDAXI,LONG,2024-12-03,20016.75,19545.684339050575,20958.88132189885,842,True,False,True,0.353,2025-01-20,20958.88132189885,WIN,29.0,indices
^GDAXI,LONG,2025-01-22,21254.26953125,20851.379487431637,22060.049618886726,873,True,False,True,0.991,2025-02-12,22060.049618886726,WIN,15.0,indices
^GDAXI,LONG,2025-02-13,22612.01953125,22150.947918364225,23534.16275702155,889,True,False,True,1.815,2025-03-31,22150.947918364225,LOSS,32.0,indices
^GDAXI,LONG,2025-05-02,23086.650390625,22064.67288902517,25130.605393824662,942,True,False,True,0.938,2026-01-08,25130.605393824662,WIN,174.0,indices
^GDAXI,LONG,2026-01-09,25261.640625,24823.580883255418,26137.760108489165,1117,True,False,True,0.201,2026-01-20,24823.580883255418,LOSS,7.0,indices
^GDAXI,LONG,2026-02-18,25278.2109375,24719.725713342807,26395.181385814387,1145,True,False,True,0.14,2026-03-02,24719.725713342807,LOSS,8.0,indices
^GDAXI,LONG,2026-04-08,24080.630859375,22955.05654159831,26331.779494928378,1178,False,False,True,0.035,2026-08-05,26331.779494928378,WIN,84.0,indices
^FTSE,LONG,2021-12-29,7420.7001953125,7263.130068092295,7735.84044975291,89,True,False,True,0.216,2022-02-24,7263.130068092295,LOSS,40.0,indices
^FTSE,LONG,2022-04-05,7613.7001953125,7424.368664453265,7992.363257030969,157,True,False,True,0.193,2022-04-25,7424.368664453265,LOSS,12.0,indices
^FTSE,LONG,2022-07-29,7423.39990234375,7220.823347219978,7828.553012591294,235,True,False,True,0.269,2022-09-01,7220.823347219978,LOSS,23.0,indices
^FTSE,LONG,2022-11-22,7452.7998046875,7274.367149162325,7809.665115737849,315,True,False,True,0.328,2023-01-13,7809.665115737849,WIN,35.0,indices
^FTSE,LONG,2023-02-03,7901.7998046875,7768.172500720536,8169.054412621428,365,True,False,True,0.392,2023-03-10,7768.172500720536,LOSS,25.0,indices
^FTSE,LONG,2023-04-12,7824.7998046875,7641.174000696567,8192.051412669365,411,True,False,True,0.2,2023-05-24,7641.174000696567,LOSS,28.0,indices
^FTSE,LONG,2023-07-19,7588.2001953125,7437.587041768211,7889.426502401078,478,True,False,True,0.141,2023-08-15,7437.587041768211,LOSS,19.0,indices
^FTSE,LONG,2023-09-14,7673.10009765625,7516.134784788371,7987.030723392008,518,True,False,True,1.566,2023-10-02,7516.134784788371,LOSS,12.0,indices
^FTSE,LONG,2023-12-08,7554.5,7422.499849324888,7818.500301350225,579,True,False,True,0.18,2024-01-17,7422.499849324888,LOSS,25.0,indices
^FTSE,LONG,2024-02-16,7711.7001953125,7573.884675610673,7987.331234716154,626,False,False,True,0.244,2024-04-02,7987.331234716154,WIN,30.0,indices
^FTSE,LONG,2024-04-26,8139.7998046875,7986.138357074857,8447.122699912787,674,True,False,True,0.445,2024-05-10,8447.122699912787,WIN,9.0,indices
^FTSE,LONG,2024-07-26,8285.7001953125,8132.392229141513,8592.316127654474,737,True,False,True,0.077,2024-08-05,8132.392229141513,LOSS,6.0,indices
^FTSE,LONG,2024-10-17,8385.099609375,8243.588561268283,8668.121705588434,795,True,False,True,0.206,2024-10-28,8243.588561268283,LOSS,7.0,indices
^FTSE,LONG,2024-12-02,8312.900390625,8178.475161684076,8581.750848506848,827,True,False,True,0.083,2024-12-19,8178.475161684076,LOSS,13.0,indices
^FTSE,LONG,2025-01-16,8391.900390625,8250.810128355279,8674.080915164443,857,True,False,True,0.93,2025-01-31,8674.080915164443,WIN,11.0,indices
^FTSE,LONG,2025-02-06,8727.2998046875,8569.111713247934,9043.675987566632,872,True,False,True,0.436,2025-03-11,8569.111713247934,LOSS,23.0,indices
^FTSE,LONG,2025-05-16,8684.599609375,8490.25870757163,9073.281412981742,940,True,False,True,0.394,2025-07-23,9073.281412981742,WIN,47.0,indices
^FTSE,LONG,2025-07-24,9138.400390625,9014.844813350994,9385.511545173013,988,True,False,True,0.944,2025-10-01,9385.511545173013,WIN,48.0,indices
^FTSE,LONG,2025-10-03,9491.2998046875,9358.538322130302,9756.822769801896,1038,True,False,True,0.244,2025-10-17,9358.538322130302,LOSS,10.0,indices
^FTSE,LONG,2025-10-23,9578.599609375,9429.94058198707,9875.91766415086,1052,True,False,True,0.02,2025-11-11,9875.91766415086,WIN,13.0,indices
^FTSE,LONG,2025-12-17,9774.2998046875,9598.294362002694,10126.310690057111,1091,True,False,True,0.06,2026-01-06,10126.310690057111,WIN,11.0,indices
^FTSE,LONG,2026-01-14,10184.400390625,10028.32694760483,10496.54727666534,1108,True,False,True,0.333,2026-02-12,10496.54727666534,WIN,21.0,indices
^FTSE,LONG,2026-02-17,10556.2001953125,10359.759091267162,10949.082403403176,1132,True,False,True,0.208,2026-03-06,10359.759091267162,LOSS,13.0,indices
^FTSE,LONG,2026-04-08,10608.900390625,10246.159394552787,11334.382382769425,1166,True,False,True,0.668,2026-04-29,10246.159394552787,LOSS,15.0,indices
^FTSE,LONG,2026-07-02,10652.900390625,10417.291173862255,11124.11882415049,1225,True,False,True,0.337,2026-07-09,10417.291173862255,LOSS,5.0,indices
^FTSE,LONG,2026-07-27,10781.7998046875,10550.477505844843,11244.444402372814,1242,True,True,True,0.159,,,OPEN,,indices
^N225,LONG,2022-01-04,29301.7890625,28521.006705885746,30863.35377572851,90,True,False,True,0.463,2022-01-06,28521.006705885746,LOSS,2.0,indices
^N225,LONG,2022-03-22,27224.109375,26141.349894731655,29389.62833553669,141,True,False,True,0.015,2022-04-27,26141.349894731655,LOSS,26.0,indices
^N225,LONG,2022-05-30,27369.4296875,26493.008774744612,29122.271513010775,186,True,False,True,0.677,2022-06-14,26493.008774744612,LOSS,11.0,indices
^N225,LONG,2022-07-20,27680.259765625,26822.797624489845,29395.18404789531,222,True,False,True,1.441,2022-09-26,26822.797624489845,LOSS,45.0,indices
^N225,LONG,2022-10-26,27431.83984375,26641.81614637427,29011.887238501462,288,True,False,True,0.083,2022-12-20,26641.81614637427,LOSS,37.0,indices
^N225,LONG,2023-01-25,27395.009765625,26691.01832974605,28802.9926373829,348,True,False,True,0.04,2023-03-16,26691.01832974605,LOSS,35.0,indices
^N225,LONG,2023-04-14,28493.470703125,27886.530602896742,29707.350903581515,403,True,False,True,0.679,2023-05-16,29707.350903581515,WIN,19.0,indices
^N225,LONG,2023-05-17,30093.58984375,29578.6283047266,31123.5129217968,423,True,False,True,0.688,2023-05-23,31123.5129217968,WIN,4.0,indices
^N225,LONG,2023-06-05,32217.4296875,31460.537467886228,33731.214126727544,436,True,False,True,1.736,2023-06-08,31460.537467886228,LOSS,3.0,indices
^N225,LONG,2023-06-13,33018.6484375,32105.208799931883,34845.527712636234,442,True,False,True,0.679,2023-07-10,32105.208799931883,LOSS,19.0,indices
^N225,LONG,2023-09-01,32710.619140625,31876.212937499524,34379.43154687595,498,True,False,True,0.043,2023-09-28,31876.212937499524,LOSS,18.0,indices
^N225,LONG,2023-11-06,32708.48046875,31673.884318356435,34777.67276953713,541,True,False,True,0.339,2024-01-11,34777.67276953713,WIN,43.0,indices
^N225,LONG,2024-01-12,35577.109375,34566.383975359866,37598.56017428027,585,True,False,True,0.83,2024-02-13,37598.56017428027,WIN,21.0,indices
^N225,LONG,2024-02-15,38157.94140625,37147.20052698752,40179.423164774955,608,True,False,True,0.291,2024-03-04,40179.423164774955,WIN,11.0,indices
^N225,LONG,2024-03-21,40815.66015625,39639.65408572112,43167.672297307756,631,True,False,True,0.584,2024-04-03,39639.65408572112,LOSS,9.0,indices
^N225,LONG,2024-07-02,40074.69140625,39113.53732677248,41996.99956520504,701,True,False,True,0.275,2024-07-11,41996.99956520504,WIN,7.0,indices
^N225,LONG,2024-09-02,38700.87109375,37079.40513740006,41943.803006449874,743,True,False,True,0.038,2024-09-04,37079.40513740006,LOSS,2.0,indices
^N225,LONG,2024-09-27,39829.55859375,38213.77271484943,43061.13035155114,760,True,False,True,0.927,2024-09-30,38213.77271484943,LOSS,1.0,indices
^N225,LONG,2024-10-15,39910.55078125,38430.769263301416,42870.11381714717,771,True,False,True,0.109,2024-10-22,38430.769263301416,LOSS,5.0,indices
^N225,LONG,2024-12-12,39849.140625,38783.92960617506,41979.562662649885,812,True,False,True,0.407,2024-12-19,38783.92960617506,LOSS,5.0,indices
^N225,LONG,2024-12-27,40281.16015625,39293.92573943867,42255.62898987265,823,True,False,True,0.384,2025-01-06,39293.92573943867,LOSS,2.0,indices
^N225,LONG,2025-05-01,36452.30078125,34880.14021012746,39596.621923495084,903,True,False,True,0.48,2025-06-26,39596.621923495084,WIN,38.0,indices
^N225,LONG,2025-06-27,40150.7890625,39209.12649389614,42034.11419970772,942,True,False,True,1.137,2025-07-24,42034.11419970772,WIN,18.0,indices
^N225,LONG,2025-08-12,42718.171875,41532.691824552356,45089.13197589529,972,True,False,True,1.101,2025-09-18,45089.13197589529,WIN,26.0,indices
^N225,LONG,2025-10-06,47944.76171875,46522.32485748564,50789.63544127872,1009,True,False,True,2.941,2025-10-29,50789.63544127872,WIN,16.0,indices
^N225,LONG,2025-10-31,52411.33984375,50699.50769755654,55835.00413613692,1027,True,False,True,0.881,2025-11-05,50699.50769755654,LOSS,2.0,indices
^N225,LONG,2026-01-05,51832.80078125,50342.04530725022,54814.31172924956,1068,True,False,True,0.946,2026-02-09,54814.31172924956,WIN,24.0,indices
^N225,LONG,2026-02-10,57650.5390625,55378.47920968705,62194.6587681259,1093,True,False,True,0.276,2026-03-04,55378.47920968705,LOSS,14.0,indices
^N225,LONG,2026-04-08,56308.421875,53074.41165773939,62776.442309521226,1131,True,False,True,0.348,2026-05-07,62776.442309521226,WIN,17.0,indices
^N225,LONG,2026-05-25,65158.19140625,62316.016599460105,70842.54101982979,1160,True,False,True,0.956,2026-06-18,70842.54101982979,WIN,18.0,indices
^N225,LONG,2026-06-22,72353.9609375,68956.02534562086,79149.83212125828,1180,True,False,True,0.236,2026-06-24,68956.02534562086,LOSS,2.0,indices
^FCHI,LONG,2021-11-15,7128.6298828125,7008.704970404508,7368.479707628485,60,True,False,True,0.52,2021-11-23,7008.704970404508,LOSS,6.0,indices
^FCHI,LONG,2021-12-23,7106.14990234375,6900.499186636937,7517.451333757375,88,True,False,True,0.02,2022-01-24,6900.499186636937,LOSS,22.0,indices
^FCHI,LONG,2022-03-29,6792.16015625,6441.954642268055,7492.57118421389,156,True,False,True,0.614,2022-04-12,6441.954642268055,LOSS,10.0,indices
^FCHI,LONG,2022-08-04,6513.39013671875,6314.796909012321,6910.576592131609,246,True,False,True,0.295,2022-08-26,6314.796909012321,LOSS,16.0,indices
^FCHI,LONG,2022-10-25,6250.5498046875,6014.274572966186,6723.100268130129,304,True,False,True,0.634,2022-11-24,6723.100268130129,WIN,22.0,indices
^FCHI,LONG,2022-11-30,6738.5498046875,6580.267580300699,7055.114253461103,330,True,True,True,0.106,2022-12-15,6580.267580300699,LOSS,11.0,indices
^FCHI,LONG,2023-01-06,6860.9501953125,6670.766889998107,7241.316805941286,356,True,False,True,0.398,2023-02-14,7241.316805941286,WIN,27.0,indices
^FCHI,LONG,2023-02-15,7300.85986328125,7130.1973810402105,7642.184827763329,384,True,False,True,0.344,2023-03-13,7130.1973810402105,LOSS,18.0,indices
^FCHI,LONG,2023-04-13,7480.830078125,7283.58467242692,7875.320889521159,423,True,False,True,0.174,2023-05-24,7283.58467242692,LOSS,28.0,indices
^FCHI,LONG,2023-07-21,7432.77001953125,7266.987709419445,7764.334639754859,493,True,False,True,0.074,2023-07-26,7266.987709419445,LOSS,3.0,indices
^FCHI,LONG,2023-07-27,7465.240234375,7285.887183071666,7823.946336981668,497,True,True,True,0.166,2023-08-03,7285.887183071666,LOSS,5.0,indices
^FCHI,LONG,2023-12-01,7346.14990234375,7218.621997057945,7601.20571291536,588,True,False,True,0.387,2023-12-14,7601.20571291536,WIN,9.0,indices
^FCHI,LONG,2024-01-26,7634.14013671875,7468.187755493165,7966.0448991699195,625,True,False,True,0.29,2024-02-23,7966.0448991699195,WIN,20.0,indices
^FCHI,LONG,2024-03-07,8016.22021484375,7893.471987835991,8261.716668859268,654,True,False,True,0.628,2024-06-10,7893.471987835991,LOSS,64.0,indices
^FCHI,LONG,2024-08-26,7590.3701171875,7426.41195830491,7918.286434952681,773,True,False,True,0.072,2024-09-06,7426.41195830491,LOSS,9.0,indices
^FCHI,LONG,2024-09-26,7742.08984375,7558.146411304942,8109.976708640115,796,True,False,True,0.525,2024-10-01,7558.146411304942,LOSS,3.0,indices
^FCHI,LONG,2024-12-09,7480.14013671875,7287.373936157427,7865.672537841396,848,True,False,True,0.286,2024-12-19,7287.373936157427,LOSS,8.0,indices
^FCHI,LONG,2025-01-16,7634.740234375,7438.015096051331,8028.190511022338,873,True,False,True,1.154,2025-02-11,8028.190511022338,WIN,18.0,indices
^FCHI,LONG,2025-02-12,8042.18994140625,7874.066988334194,8378.435847550361,892,True,False,True,0.059,2025-03-31,7874.066988334194,LOSS,33.0,indices
^FCHI,LONG,2025-05-12,7850.10009765625,7588.9043088517265,8372.491675265297,952,True,False,True,0.539,2025-06-19,7588.9043088517265,LOSS,28.0,indices
^FCHI,LONG,2025-07-09,7878.4599609375,7705.44962269908,8224.48063741434,994,True,False,True,0.444,2025-08-01,7705.44962269908,LOSS,17.0,indices
^FCHI,LONG,2025-08-19,7979.080078125,7806.615527313008,8324.009179748984,1023,True,False,True,0.392,2025-08-26,7806.615527313008,LOSS,5.0,indices
^FCHI,LONG,2025-10-01,7966.9501953125,7810.372921690186,8280.104742557129,1054,True,False,True,0.404,2025-11-12,8280.104742557129,WIN,30.0,indices
^FCHI,LONG,2026-01-02,8195.2099609375,8055.6669429405865,8474.295996931327,1118,True,False,True,0.16,2026-01-20,8055.6669429405865,LOSS,12.0,indices
^FCHI,LONG,2026-02-20,8515.490234375,8342.65985968599,8861.150983753021,1153,True,False,True,0.891,2026-03-03,8342.65985968599,LOSS,7.0,indices
^FCHI,LONG,2026-04-08,8263.8701171875,7939.449465265501,8912.711421031498,1184,True,False,True,0.966,2026-05-13,7939.449465265501,LOSS,24.0,indices
^FCHI,LONG,2026-06-12,8350.8701171875,8116.917549082317,8818.775253397866,1230,True,False,True,0.469,,,OPEN,,indices
^STOXX50E,LONG,2021-11-15,4386.18994140625,4317.3884075254755,4523.793009167799,60,True,False,True,0.324,2021-11-23,4317.3884075254755,LOSS,6.0,indices
^STOXX50E,LONG,2021-12-28,4311.93017578125,4186.043275966813,4563.703975410124,90,True,False,True,0.287,2022-01-24,4186.043275966813,LOSS,18.0,indices
^STOXX50E,LONG,2022-03-29,4002.179931640625,3791.452851621397,4423.634091679081,154,True,False,True,0.526,2022-04-12,3791.452851621397,LOSS,10.0,indices
^STOXX50E,LONG,2022-07-28,3652.199951171875,3522.809145050327,3910.981563414971,237,True,False,True,0.418,2022-08-31,3522.809145050327,LOSS,23.0,indices
^STOXX50E,LONG,2022-10-24,3527.7900390625,3388.3521133404174,3806.665890506665,298,True,False,True,0.24,2022-11-10,3806.665890506665,WIN,13.0,indices
^STOXX50E,LONG,2022-11-11,3868.5,3736.836465010918,4131.827069978164,312,True,False,True,0.294,2023-01-12,4131.827069978164,WIN,42.0,indices
^STOXX50E,LONG,2023-01-13,4150.7998046875,4044.0273095015446,4364.344795059411,355,True,False,True,0.12,2023-03-15,4044.0273095015446,LOSS,43.0,indices
^STOXX50E,LONG,2023-04-14,4390.75,4279.089196112827,4614.0716077743455,418,True,False,True,0.296,2023-05-04,4279.089196112827,LOSS,13.0,indices
^STOXX50E,LONG,2023-07-27,4447.43994140625,4346.306048989649,4649.707726239452,489,True,True,True,0.542,2023-08-02,4346.306048989649,LOSS,3.0,indices
^STOXX50E,LONG,2023-11-14,4291.72021484375,4184.867645039571,4505.425354452109,566,True,False,True,1.067,2023-12-08,4505.425354452109,WIN,18.0,indices
^STOXX50E,LONG,2023-12-11,4540.18994140625,4466.869172009737,4686.8314801992765,585,True,False,True,0.236,2024-01-03,4466.869172009737,LOSS,13.0,indices
^STOXX50E,LONG,2024-01-24,4564.10986328125,4470.405581632721,4751.518426578308,613,True,False,True,0.456,2024-02-16,4751.518426578308,WIN,17.0,indices
^STOXX50E,LONG,2024-02-22,4855.35986328125,4774.710393521751,5016.658802800248,634,True,False,True,1.8,2024-03-14,5016.658802800248,WIN,15.0,indices
^STOXX50E,LONG,2024-03-21,5052.31005859375,4976.3470629703725,5204.236049840505,654,True,False,True,0.539,2024-04-10,4976.3470629703725,LOSS,12.0,indices
^STOXX50E,LONG,2024-05-10,5085.080078125,4974.516139549554,5306.207955275891,686,True,False,True,0.679,2024-05-29,4974.516139549554,LOSS,12.0,indices
^STOXX50E,LONG,2024-08-29,4966.27001953125,4860.383779479053,5178.042499635643,763,True,False,True,0.633,2024-09-04,4860.383779479053,LOSS,4.0,indices
^STOXX50E,LONG,2024-09-26,5032.58984375,4910.6881464537755,5276.393238342449,783,True,False,True,0.752,2024-10-03,4910.6881464537755,LOSS,5.0,indices
^STOXX50E,LONG,2025-01-07,5011.81982421875,4899.498325844905,5236.462820966441,850,True,False,True,0.073,2025-01-24,5236.462820966441,WIN,13.0,indices
^STOXX50E,LONG,2025-01-30,5282.2099609375,5170.527897043108,5505.574088726284,867,True,False,True,0.393,2025-02-14,5505.574088726284,WIN,11.0,indices
^STOXX50E,LONG,2025-02-18,5533.83984375,5425.529926112663,5750.459679024674,880,True,False,True,0.177,2025-02-24,5425.529926112663,LOSS,4.0,indices
^STOXX50E,LONG,2025-05-09,5309.740234375,5127.3116432935,5674.597416537999,935,True,False,True,0.054,2025-10-20,5674.597416537999,WIN,113.0,indices
^STOXX50E,LONG,2025-10-27,5711.06005859375,5597.662141318195,5937.855893144861,1053,True,False,True,0.21,2025-11-04,5597.662141318195,LOSS,6.0,indices
^STOXX50E,LONG,2025-11-12,5787.31005859375,5658.173683389603,6045.582809002044,1065,True,False,True,0.821,2025-11-14,5658.173683389603,LOSS,2.0,indices
^STOXX50E,LONG,2025-12-30,5796.22021484375,5691.7307832535025,6005.199078024245,1096,True,False,True,0.029,2026-01-12,6005.199078024245,WIN,6.0,indices
^STOXX50E,LONG,2026-01-13,6029.830078125,5921.059046721365,6247.37214093227,1103,True,False,True,0.2,2026-01-19,5921.059046721365,LOSS,4.0,indices
^STOXX50E,LONG,2026-02-18,6103.3701171875,5963.297562905971,6383.515225750558,1129,True,False,True,0.061,2026-03-03,5963.297562905971,LOSS,9.0,indices
^STOXX50E,LONG,2026-04-14,5984.509765625,5746.169777315699,6461.189742243601,1166,True,False,True,0.215,2026-08-04,6461.189742243601,WIN,77.0,indices
^HSI,LONG,2022-01-21,24965.55078125,24195.493716167286,26505.664911415428,104,True,False,True,0.034,2022-01-25,24195.493716167286,LOSS,2.0,indices
^HSI,LONG,2022-04-04,22502.310546875,21287.50027423105,24931.9310921629,152,True,False,True,0.13,2022-04-11,21287.50027423105,LOSS,4.0,indices
^HSI,LONG,2022-06-08,22014.58984375,21013.35763220933,24017.054266831343,193,True,False,True,0.54,2022-06-13,21013.35763220933,LOSS,3.0,indices
^HSI,LONG,2022-06-27,22229.51953125,21207.99425204195,24272.5700896661,206,True,False,True,0.17,2022-07-07,21207.99425204195,LOSS,7.0,indices
^HSI,LONG,2022-11-11,17325.66015625,16103.990391932373,19768.999684885253,302,True,True,True,0.486,2022-12-09,19768.999684885253,WIN,20.0,indices
^HSI,LONG,2023-01-03,20145.2890625,19127.124355384243,22181.618476731514,336,True,False,True,0.089,2023-01-26,22181.618476731514,WIN,14.0,indices
^HSI,LONG,2023-01-27,22688.900390625,21837.669055136175,24391.36306160265,351,True,False,True,0.287,2023-01-31,21837.669055136175,LOSS,2.0,indices
^HSI,LONG,2023-04-17,20782.44921875,19986.833065538212,22373.681525173575,404,True,False,True,0.08,2023-04-21,19986.833065538212,LOSS,4.0,indices
^HSI,LONG,2023-11-15,18079.0,17407.963853426794,19421.07229314641,548,True,False,True,0.122,2023-11-27,17407.963853426794,LOSS,8.0,indices
^HSI,LONG,2024-02-21,16503.099609375,15743.234173940127,18022.830480244746,613,True,True,True,0.25,2024-04-29,18022.830480244746,WIN,45.0,indices
^HSI,LONG,2024-05-02,18207.130859375,17519.785942877017,19581.820692370966,660,True,False,True,0.512,2024-05-17,19581.820692370966,WIN,10.0,indices
^HSI,LONG,2024-05-20,19636.220703125,19016.07111966342,20876.519870048163,671,True,False,True,0.11,2024-05-23,19016.07111966342,LOSS,3.0,indices
^HSI,LONG,2024-08-26,17798.73046875,17240.43478973986,18915.321826770283,739,True,False,True,0.404,2024-09-09,17240.43478973986,LOSS,9.0,indices
^HSI,LONG,2024-09-20,18258.5703125,17669.07396394393,19437.56300961214,756,True,True,True,0.19,2024-09-25,19437.56300961214,WIN,3.0,indices
^HSI,LONG,2024-09-26,19924.580078125,19172.436492521414,21428.867249332172,760,True,True,True,0.883,2024-09-30,21428.867249332172,WIN,2.0,indices
^HSI,LONG,2024-10-02,22443.73046875,21407.924354645653,24515.342696958694,763,True,True,True,1.844,2024-10-08,21407.924354645653,LOSS,4.0,indices
^HSI,LONG,2025-02-04,20789.9609375,20068.262161977662,22233.358488544676,845,True,False,True,1.254,2025-02-13,22233.358488544676,WIN,7.0,indices
^HSI,LONG,2025-02-14,22620.330078125,21735.02443959136,24390.941355192277,853,True,True,True,0.219,2025-03-06,24390.941355192277,WIN,14.0,indices
^HSI,LONG,2025-03-18,24740.5703125,23578.682728275548,27064.345480948905,875,True,False,True,0.122,2025-03-21,23578.682728275548,LOSS,3.0,indices
^HSI,LONG,2025-05-12,23549.4609375,22519.694497335473,25608.993817829054,909,True,False,True,0.683,2025-07-24,25608.993817829054,WIN,52.0,indices
^HSI,LONG,2025-08-25,25829.91015625,25188.7067614784,27112.3169457932,983,True,False,True,0.197,2025-08-27,25188.7067614784,LOSS,2.0,indices
^HSI,LONG,2025-09-09,25938.130859375,25206.086026344474,27402.220525436052,994,True,False,True,0.053,2025-10-17,25206.086026344474,LOSS,26.0,indices
^HSI,LONG,2025-11-10,26649.060546875,25779.064236793183,28389.053167038634,1035,True,False,True,0.138,2025-11-19,25779.064236793183,LOSS,7.0,indices
^HSI,LONG,2026-01-02,26338.470703125,25617.417639286006,27780.576830802987,1071,True,False,True,0.206,2026-01-28,27780.576830802987,WIN,18.0,indices
^HSI,LONG,2026-01-29,27968.08984375,27207.605012230706,29489.059506788588,1090,True,False,True,0.371,2026-02-02,27207.605012230706,LOSS,2.0,indices
^HSI,LONG,2026-07-16,25008.599609375,24078.354805135892,26869.089217853216,1200,True,False,True,0.352,,,OPEN,,indices
FTSEMIB.MI,LONG,2021-11-15,27868.0,27379.95881962663,28844.08236074674,60,True,False,True,0.004,2021-11-19,27379.95881962663,LOSS,4.0,indices
FTSEMIB.MI,LONG,2021-12-27,27231.0,26449.237560759575,28794.52487848085,89,True,False,True,0.153,2022-01-24,26449.237560759575,LOSS,19.0,indices
FTSEMIB.MI,LONG,2022-08-12,22971.0,22243.67035352452,24425.659292950957,250,True,False,True,0.25,2022-08-22,22243.67035352452,LOSS,5.0,indices
FTSEMIB.MI,LONG,2022-10-25,22290.0,21363.241180658526,24143.517638682948,301,True,False,True,0.322,2022-11-10,24143.517638682948,WIN,12.0,indices
FTSEMIB.MI,LONG,2022-11-11,24456.0,23614.599372836918,26138.801254326165,314,True,False,True,0.038,2022-12-16,23614.599372836918,LOSS,25.0,indices
FTSEMIB.MI,LONG,2023-01-06,25180.0,24480.4793248615,26579.041350277002,353,True,False,True,0.689,2023-01-31,26579.041350277002,WIN,17.0,indices
FTSEMIB.MI,LONG,2023-02-01,26704.0,26132.394083794945,27847.21183241011,371,True,False,True,0.283,2023-02-16,27847.21183241011,WIN,11.0,indices
FTSEMIB.MI,LONG,2023-03-06,27949.0,27232.86876983138,29381.26246033724,394,True,False,True,0.204,2023-03-10,27232.86876983138,LOSS,4.0,indices
FTSEMIB.MI,LONG,2023-04-11,27526.0,26598.3333363896,29381.333327220796,418,True,False,True,0.395,2023-05-04,26598.3333363896,LOSS,16.0,indices
FTSEMIB.MI,LONG,2023-06-14,27809.0,27050.789319260486,29325.421361479028,463,True,False,True,0.356,2023-06-26,27050.789319260486,LOSS,8.0,indices
FTSEMIB.MI,LONG,2023-06-30,28231.0,27552.531003742137,29587.937992515726,475,True,False,True,0.769,2023-07-06,27552.531003742137,LOSS,4.0,indices
FTSEMIB.MI,LONG,2023-07-13,28775.0,28050.3469438822,30224.3061122356,484,True,False,True,0.486,2023-08-08,28050.3469438822,LOSS,18.0,indices
FTSEMIB.MI,LONG,2023-09-20,29229.0,28497.0146178815,30692.970764236998,532,True,True,True,0.27,2023-09-22,28497.0146178815,LOSS,2.0,indices
FTSEMIB.MI,LONG,2023-11-13,28925.0,28156.006853319523,30462.986293360955,570,True,False,True,0.299,2023-12-11,30462.986293360955,WIN,20.0,indices
FTSEMIB.MI,LONG,2024-01-31,30744.0,30095.9620087784,32040.075982443203,624,True,False,True,0.062,2024-02-22,32040.075982443203,WIN,16.0,indices
FTSEMIB.MI,LONG,2024-02-23,32701.0,32099.7945619441,33903.4108761118,641,True,False,True,0.752,2024-03-13,33903.4108761118,WIN,13.0,indices
FTSEMIB.MI,LONG,2024-03-19,34262.0,33684.20914229695,35417.58171540609,658,True,False,True,0.412,2024-04-11,33684.20914229695,LOSS,15.0,indices
FTSEMIB.MI,LONG,2024-05-10,34657.0,33850.04612928287,36270.90774143426,693,True,False,True,0.278,2024-06-11,33850.04612928287,LOSS,22.0,indices
FTSEMIB.MI,LONG,2024-08-29,34192.0,33372.60908911319,35830.78182177362,771,True,False,True,0.317,2024-09-06,33372.60908911319,LOSS,6.0,indices
FTSEMIB.MI,LONG,2024-09-27,34727.0,33958.23298317611,36264.53403364778,792,True,False,True,0.731,2024-10-01,33958.23298317611,LOSS,2.0,indices
FTSEMIB.MI,LONG,2024-10-17,35039.0,34250.305262867936,36616.38947426413,806,True,False,True,0.403,2024-10-31,34250.305262867936,LOSS,10.0,indices
FTSEMIB.MI,LONG,2025-01-08,35109.0,34201.375363353916,36924.24927329217,860,True,False,True,0.225,2025-02-06,36924.24927329217,WIN,21.0,indices
FTSEMIB.MI,LONG,2025-02-10,37242.0,36449.09290749422,38827.814185011564,883,True,True,True,0.151,2025-02-19,38827.814185011564,WIN,7.0,indices
FTSEMIB.MI,LONG,2025-02-26,39225.0,38405.519173288354,40863.96165342329,895,True,False,True,0.769,2025-02-27,38405.519173288354,LOSS,1.0,indices
FTSEMIB.MI,LONG,2025-03-18,39534.0,38320.49477961879,41961.01044076242,909,True,False,True,0.465,2025-03-31,38320.49477961879,LOSS,9.0,indices
FTSEMIB.MI,LONG,2025-05-06,38560.0,36986.020266070576,41707.95946785885,941,True,False,True,0.072,2025-07-30,41707.95946785885,WIN,61.0,indices
FTSEMIB.MI,LONG,2025-08-12,41935.0,40896.34512784744,44012.30974430512,1011,True,False,True,0.071,2025-11-11,44012.30974430512,WIN,64.0,indices
FTSEMIB.MI,LONG,2025-11-12,44793.0,43666.24847121986,47046.50305756029,1076,True,False,True,0.609,2025-11-14,43666.24847121986,LOSS,2.0,indices
FTSEMIB.MI,LONG,2025-12-18,44463.0,43533.463929145066,46322.07214170987,1102,True,False,True,0.207,2026-02-03,46322.07214170987,WIN,28.0,indices
FTSEMIB.MI,LONG,2026-02-04,46636.0,45582.566898100216,48742.86620379957,1131,True,False,True,0.205,2026-02-06,45582.566898100216,LOSS,2.0,indices
FTSEMIB.MI,LONG,2026-02-25,47170.0,45929.82281504731,49650.354369905384,1146,True,False,True,0.106,2026-03-03,45929.82281504731,LOSS,4.0,indices
FTSEMIB.MI,LONG,2026-04-08,47092.0,44940.06767000438,51395.864659991246,1174,True,False,True,0.778,2026-06-12,51395.864659991246,WIN,46.0,indices
FTSEMIB.MI,LONG,2026-06-15,51836.0,50300.06446396915,54907.871072061695,1221,True,False,True,0.247,,,OPEN,,indices
^RUT,LONG,2022-06-07,1919.56005859375,1826.0988920447924,2106.4823916916653,199,True,False,True,0.343,2022-06-10,1826.0988920447924,LOSS,3.0,indices
^RUT,LONG,2022-07-21,1836.68994140625,1754.5153506976822,2001.0391228233857,229,True,False,True,0.165,2022-08-11,2001.0391228233857,WIN,15.0,indices
^RUT,LONG,2022-08-12,2016.6199951171875,1942.5510888626434,2164.7578076262757,245,True,False,True,0.308,2022-08-22,1942.5510888626434,LOSS,6.0,indices
^RUT,LONG,2022-10-25,1796.1600341796875,1703.0131500463604,1982.4538024463418,296,True,False,True,0.303,2023-02-02,1982.4538024463418,WIN,68.0,indices
^RUT,LONG,2023-06-02,1830.9100341796875,1767.7095648789707,1957.310972781121,447,True,False,True,0.459,2023-07-17,1957.310972781121,WIN,29.0,indices
^RUT,LONG,2023-07-18,1976.0699462890625,1920.284442720862,2087.6409534254635,477,True,False,True,0.646,2023-08-10,1920.284442720862,LOSS,17.0,indices
^RUT,LONG,2023-11-14,1798.3199462890625,1732.465886268579,1930.0280663300296,561,True,False,True,0.561,2023-12-13,1930.0280663300296,WIN,20.0,indices
^RUT,LONG,2023-12-14,2000.510009765625,1935.873894465359,2129.782240366157,582,True,True,True,1.623,2024-01-11,1935.873894465359,LOSS,18.0,indices
^RUT,LONG,2024-02-12,2045.260009765625,1981.1211661437283,2173.5376970094185,621,True,False,True,1.048,2024-02-13,1981.1211661437283,LOSS,1.0,indices
^RUT,LONG,2024-02-15,2061.47998046875,1984.5898687036622,2215.2602039989256,624,True,False,True,0.247,2024-02-21,1984.5898687036622,LOSS,3.0,indices
^RUT,LONG,2024-03-01,2076.389892578125,2012.2655207525245,2204.638636229326,634,True,False,True,0.107,2024-03-19,2012.2655207525245,LOSS,12.0,indices
^RUT,LONG,2024-03-28,2124.550048828125,2065.6570898705586,2242.335966743258,653,True,False,True,0.292,2024-04-02,2065.6570898705586,LOSS,2.0,indices
^RUT,LONG,2024-05-14,2085.68994140625,2026.546543359101,2203.976737500548,685,True,False,True,0.123,2024-06-07,2026.546543359101,LOSS,17.0,indices
^RUT,LONG,2024-07-11,2125.0400390625,2072.3967449276647,2230.3266273321706,724,True,False,True,1.387,2024-07-16,2230.3266273321706,WIN,3.0,indices
^RUT,LONG,2024-10-16,2286.679931640625,2223.0073398125774,2414.0251152967203,792,True,False,True,0.456,2024-10-23,2223.0073398125774,LOSS,5.0,indices
^RUT,LONG,2024-11-06,2392.919921875,2315.7500061796636,2547.2597532656728,807,True,True,True,2.681,2024-11-15,2315.7500061796636,LOSS,7.0,indices
^RUT,LONG,2024-11-25,2442.030029296875,2362.013748485092,2602.062590920441,820,True,False,True,0.008,2024-12-12,2362.013748485092,LOSS,12.0,indices
^RUT,LONG,2025-05-12,2092.199951171875,1994.1901482038165,2288.219557107992,933,True,False,True,1.056,2025-08-13,2288.219557107992,WIN,64.0,indices
^RUT,LONG,2025-08-22,2361.949951171875,2290.4822887324367,2504.8852760507516,1004,True,False,True,0.915,2025-10-14,2504.8852760507516,WIN,36.0,indices
^RUT,LONG,2025-10-15,2519.75,2435.2212589826204,2688.8074820347592,1041,True,False,True,0.167,2025-10-17,2435.2212589826204,LOSS,2.0,indices
^RUT,LONG,2025-12-03,2512.139892578125,2423.7277264074814,2688.964224919412,1075,True,False,True,0.208,2026-01-15,2688.964224919412,WIN,29.0,indices
^RUT,LONG,2026-01-21,2698.169921875,2628.6784491076155,2837.152867409769,1107,True,False,True,0.171,2026-01-29,2628.6784491076155,LOSS,6.0,indices
^RUT,LONG,2026-04-13,2670.489990234375,2567.3194513348635,2876.831068033398,1163,True,False,True,0.468,2026-05-06,2876.831068033398,WIN,17.0,indices
^RUT,LONG,2026-05-26,2920.5400390625,2825.4599765665535,3110.700164054393,1193,True,False,True,0.671,2026-06-05,2825.4599765665535,LOSS,8.0,indices
^RUT,LONG,2026-06-12,2943.989990234375,2827.355388186005,3177.2591943311154,1206,True,False,True,0.0,,,OPEN,,indices
^IBEX,LONG,2021-12-27,8622.099609375,8349.752413751756,9166.794000621489,89,False,False,True,0.219,2022-02-22,8349.752413751756,LOSS,40.0,indices
^IBEX,LONG,2022-03-29,8614.599609375,8222.915677701903,9397.967472721193,154,True,False,True,0.472,2022-05-09,8222.915677701903,LOSS,27.0,indices
^IBEX,LONG,2022-05-25,8760.2001953125,8467.03970490915,9346.5211761192,193,True,False,True,0.725,2022-06-10,8467.03970490915,LOSS,12.0,indices
^IBEX,LONG,2022-10-27,7921.10009765625,7630.010182957788,8503.279927053174,304,True,False,True,0.297,2023-01-04,8503.279927053174,WIN,48.0,indices
^IBEX,LONG,2023-01-05,8607.599609375,8392.14652255505,9038.505783014902,353,True,False,True,0.437,2023-01-26,9038.505783014902,WIN,15.0,indices
^IBEX,LONG,2023-01-27,9060.2001953125,8869.25456745162,9442.091451034259,369,True,False,True,0.06,2023-02-28,9442.091451034259,WIN,22.0,indices
^IBEX,LONG,2023-03-03,9464.2001953125,9242.129251538487,9908.342082860527,394,True,False,True,0.094,2023-03-10,9242.129251538487,LOSS,5.0,indices
^IBEX,LONG,2023-04-17,9378.5,9117.513603109412,9900.472793781177,423,True,False,True,0.001,2023-05-02,9117.513603109412,LOSS,10.0,indices
^IBEX,LONG,2023-06-14,9432.7998046875,9219.003947381807,9860.391519298886,464,True,False,True,0.049,2023-06-26,9219.003947381807,LOSS,8.0,indices
^IBEX,LONG,2023-06-30,9593.0,9385.723845422091,10007.552309155817,476,True,False,True,0.118,2023-07-06,9385.723845422091,LOSS,4.0,indices
^IBEX,LONG,2023-07-27,9694.7001953125,9488.357969727444,10107.384646482613,495,True,True,True,0.35,2023-08-02,9488.357969727444,LOSS,4.0,indices
^IBEX,LONG,2023-09-20,9645.7998046875,9420.529245028727,10096.340924005046,534,True,False,True,0.034,2023-09-25,9420.529245028727,LOSS,3.0,indices
^IBEX,LONG,2023-11-13,9461.7001953125,9232.771078333817,9919.558429269866,572,True,False,True,0.363,2023-11-23,9919.558429269866,WIN,8.0,indices
^IBEX,LONG,2023-11-24,9939.0,9744.263949606917,10328.472100786166,581,True,False,True,0.184,2024-03-07,10328.472100786166,WIN,71.0,indices
^IBEX,LONG,2024-03-12,10388.900390625,10195.213558441837,10776.274054991325,655,True,False,True,0.227,2024-03-21,10776.274054991325,WIN,7.0,indices
^IBEX,LONG,2024-03-22,10943.2001953125,10719.969488033845,11389.66160986981,663,True,False,True,0.103,2024-04-10,10719.969488033845,LOSS,11.0,indices
^IBEX,LONG,2024-04-26,11154.599609375,10868.365474299535,11727.06787952593,686,True,False,True,0.101,2024-04-30,10868.365474299535,LOSS,2.0,indices
^IBEX,LONG,2024-05-14,11239.2998046875,10975.636363707248,11766.626686648004,697,True,False,True,0.083,2024-06-14,10975.636363707248,LOSS,23.0,indices
^IBEX,LONG,2024-07-12,11250.599609375,10971.880195919457,11808.038436286086,740,True,False,True,0.393,2024-08-01,10971.880195919457,LOSS,14.0,indices
^IBEX,LONG,2024-08-23,11278.099609375,11011.541944069842,11811.214939985315,770,True,False,True,0.179,2024-09-20,11811.214939985315,WIN,20.0,indices
^IBEX,LONG,2024-09-24,11837.0,11591.402876478574,12328.194247042851,792,True,False,True,0.006,2024-10-02,11591.402876478574,LOSS,6.0,indices
^IBEX,LONG,2024-12-03,11873.599609375,11585.272718621402,12450.253390882197,842,True,False,True,0.182,2024-12-18,11585.272718621402,LOSS,11.0,indices
^IBEX,LONG,2025-01-28,12154.2001953125,11881.47650618355,12699.6475735704,879,True,False,True,0.762,2025-02-06,12699.6475735704,WIN,7.0,indices
^IBEX,LONG,2025-02-12,12911.5,12627.683703301145,13479.13259339771,890,True,False,True,0.939,2025-03-25,13479.13259339771,WIN,29.0,indices
^IBEX,LONG,2025-05-05,13518.0,13017.132232834885,14519.73553433023,945,True,False,True,0.109,2025-07-31,14519.73553433023,WIN,63.0,indices
^IBEX,LONG,2025-08-07,14690.900390625,14335.469340146174,15401.762491582653,1013,True,False,True,0.521,2025-08-22,15401.762491582653,WIN,11.0,indices
^IBEX,LONG,2025-09-30,15475.0,15159.935407745279,16105.129184509442,1051,True,False,True,0.371,2025-10-28,16105.129184509442,WIN,20.0,indices
^IBEX,LONG,2025-10-29,16150.099609375,15814.408264563406,16821.482298998188,1072,True,False,True,0.263,2025-11-04,15814.408264563406,LOSS,4.0,indices
^IBEX,LONG,2025-11-11,16388.80078125,15996.901673021755,17172.59899770649,1081,True,False,True,0.91,2025-11-18,15996.901673021755,LOSS,5.0,indices
^IBEX,LONG,2025-12-11,16883.0,16508.389165112203,17632.221669775594,1103,True,False,True,0.206,2026-01-06,17632.221669775594,WIN,15.0,indices
^IBEX,LONG,2026-01-30,17880.900390625,17459.2673357729,18724.1665003292,1136,True,False,True,0.225,2026-03-03,17459.2673357729,LOSS,22.0,indices
^IBEX,LONG,2026-04-08,18132.30078125,17299.198705470448,19798.504932809105,1182,True,False,True,0.777,2026-04-30,17299.198705470448,LOSS,16.0,indices
^IBEX,LONG,2026-05-25,18387.400390625,17761.325862491794,19639.54944689141,1214,True,False,True,0.541,2026-07-02,19639.54944689141,WIN,28.0,indices
^IBEX,LONG,2026-07-03,19852.400390625,19385.33416545046,20786.532840974083,1243,True,False,True,0.227,2026-07-08,19385.33416545046,LOSS,3.0,indices
^IBEX,LONG,2026-08-03,19982.599609375,19444.52547888843,21058.74787034814,1264,True,False,True,0.108,,,OPEN,,indices
^AXJO,LONG,2021-12-29,7509.7998046875,7382.877485092954,7763.644443876592,90,True,False,True,1.046,2022-01-06,7382.877485092954,LOSS,5.0,indices
^AXJO,LONG,2022-03-23,7377.89990234375,7196.982356601527,7739.734993828197,148,True,False,True,0.007,2022-05-06,7196.982356601527,LOSS,29.0,indices
^AXJO,LONG,2022-07-21,6794.2998046875,6630.306776724801,7122.2858606128975,230,True,False,True,0.23,2022-08-16,7122.2858606128975,WIN,18.0,indices
^AXJO,LONG,2022-11-01,6976.89990234375,6803.288456497252,7324.122794036746,302,True,False,True,1.188,2022-12-01,7324.122794036746,WIN,22.0,indices
^AXJO,LONG,2023-01-12,7280.39990234375,7136.9638963055495,7567.271914420151,351,True,False,True,0.375,2023-02-06,7567.271914420151,WIN,16.0,indices
^AXJO,LONG,2023-04-11,7309.89990234375,7176.2864851557615,7577.126736719727,411,True,False,True,0.292,2023-05-03,7176.2864851557615,LOSS,15.0,indices
^AXJO,LONG,2023-06-19,7294.89990234375,7185.444616136219,7513.810474758811,458,True,False,True,0.042,2023-06-23,7185.444616136219,LOSS,4.0,indices
^AXJO,LONG,2023-07-26,7402.0,7280.387465904865,7645.22506819027,485,True,False,True,0.308,2023-08-14,7280.387465904865,LOSS,13.0,indices
^AXJO,LONG,2023-11-15,7105.89990234375,6981.043881606113,7355.6119438190235,565,True,False,True,0.439,2023-12-14,7355.6119438190235,WIN,21.0,indices
^AXJO,LONG,2023-12-15,7442.7001953125,7317.776894286553,7692.546797364394,587,True,True,True,1.001,2024-02-02,7692.546797364394,WIN,31.0,indices
^AXJO,LONG,2024-03-01,7745.60009765625,7629.092453939676,7978.615385089399,638,True,False,True,0.718,2024-03-15,7629.092453939676,LOSS,10.0,indices
^AXJO,LONG,2024-03-28,7896.89990234375,7776.804499843942,8137.090707343366,657,True,False,True,0.729,2024-04-03,7776.804499843942,LOSS,2.0,indices
^AXJO,LONG,2024-05-16,7881.2998046875,7743.142825553852,8157.613762954796,689,True,False,True,0.961,2024-05-24,7743.142825553852,LOSS,6.0,indices
^AXJO,LONG,2024-07-11,7889.60009765625,7762.9746851007785,8142.850922767193,728,True,False,True,0.802,2024-08-01,8142.850922767193,WIN,15.0,indices
^AXJO,LONG,2024-09-02,8109.89990234375,7973.999107082612,8381.701492866026,765,True,False,True,0.038,2024-09-04,7973.999107082612,LOSS,2.0,indices
^AXJO,LONG,2024-09-19,8191.89990234375,8062.166598516102,8451.366509999047,778,True,False,True,0.592,2024-11-25,8451.366509999047,WIN,47.0,indices
^AXJO,LONG,2024-12-03,8495.2001953125,8358.024932523469,8769.550720890562,831,True,False,True,0.264,2024-12-11,8358.024932523469,LOSS,6.0,indices
^AXJO,LONG,2025-01-20,8402.0,8247.276128923988,8711.447742152024,862,True,False,True,0.405,2025-02-24,8247.276128923988,LOSS,24.0,indices
^AXJO,LONG,2025-04-29,8070.60009765625,7833.3657662513815,8545.068760465987,929,True,False,True,0.158,2025-06-04,8545.068760465987,WIN,26.0,indices
^AXJO,LONG,2025-06-10,8587.2001953125,8459.552768372689,8842.495049192123,958,True,False,True,0.312,2025-06-23,8459.552768372689,LOSS,9.0,indices
^AXJO,LONG,2025-07-15,8630.2998046875,8516.709685419693,8857.480043223113,983,True,False,True,0.118,2025-08-12,8857.480043223113,WIN,20.0,indices
^AXJO,LONG,2025-08-15,8938.599609375,8809.304183840939,9197.190460443122,1006,True,False,True,0.611,2025-09-03,8809.304183840939,LOSS,13.0,indices
^AXJO,LONG,2025-10-02,8945.900390625,8805.775105150748,9226.150961573505,1040,True,False,True,0.764,2025-11-04,8805.775105150748,LOSS,23.0,indices
^AXJO,LONG,2026-01-13,8808.5,8683.373701761808,9058.752596476384,1110,True,False,True,0.048,2026-02-12,9058.752596476384,WIN,21.0,indices
^AXJO,LONG,2026-02-25,9128.2998046875,8950.755532280431,9483.388349501638,1140,True,False,True,0.113,2026-03-04,8950.755532280431,LOSS,5.0,indices
^AXJO,LONG,2026-06-15,8914.0,8699.205377103255,9343.58924579349,1215,True,False,True,0.964,2026-07-02,8699.205377103255,LOSS,13.0,indices
^AXJO,LONG,2026-07-28,8947.7998046875,8786.974524169544,9269.450365723413,1246,True,False,True,0.267,2026-08-06,9269.450365723413,WIN,7.0,indices
CL=F,LONG,2022-01-05,77.8499984741211,72.59142606069885,88.36714330096558,94,True,False,True,0.08,2022-01-27,88.36714330096558,WIN,15.0,commodities
CL=F,LONG,2022-02-03,90.2699966430664,84.86154788212873,101.08689416494175,114,True,False,True,0.203,2022-03-01,101.08689416494175,WIN,17.0,commodities
CL=F,LONG,2022-03-02,110.5999984741211,100.56799131892546,130.66401278451235,132,True,False,True,0.762,2022-03-14,100.56799131892546,LOSS,8.0,commodities
CL=F,LONG,2022-05-16,114.19999694824219,102.9193803104457,136.76123022383516,184,True,False,True,0.502,2022-06-22,102.9193803104457,LOSS,25.0,commodities
CL=F,LONG,2022-10-07,92.63999938964844,84.66242925378393,108.59513966137746,284,True,True,True,0.614,2022-10-17,84.66242925378393,LOSS,6.0,commodities
CL=F,LONG,2023-04-12,83.26000213623047,77.96080439480582,93.85839761907977,411,True,False,True,0.547,2023-04-20,77.96080439480582,LOSS,6.0,commodities
CL=F,LONG,2023-07-24,78.73999786376953,74.39972868281409,87.42053622568042,481,True,False,True,0.65,2023-09-05,87.42053622568042,WIN,30.0,commodities
CL=F,LONG,2023-09-12,88.83999633789062,84.85549646378514,96.80899608610159,516,True,False,True,0.346,2023-10-04,84.85549646378514,LOSS,16.0,commodities
CL=F,LONG,2024-01-25,77.36000061035156,72.40749317902218,87.26501547301032,609,True,False,True,0.477,2024-02-02,72.40749317902218,LOSS,6.0,commodities
CL=F,LONG,2024-03-01,79.97000122070312,75.72215161799542,88.46570042611853,634,True,False,True,0.08,2024-06-03,75.72215161799542,LOSS,64.0,commodities
CL=F,LONG,2024-06-18,81.56999969482422,77.87356186619317,88.96287535208631,709,True,False,True,0.492,2024-07-23,77.87356186619317,LOSS,23.0,commodities
CL=F,LONG,2024-10-07,77.13999938964844,71.79965471594178,87.82068873706174,785,True,False,True,0.588,2024-10-09,71.79965471594178,LOSS,2.0,commodities
CL=F,LONG,2024-12-31,71.72000122070312,68.54371356963733,78.07257652283471,844,True,False,True,0.101,2025-01-13,78.07257652283471,WIN,8.0,commodities
CL=F,LONG,2025-01-15,80.04000091552734,76.08492938374087,87.95014397910029,854,True,False,True,0.389,2025-01-21,76.08492938374087,LOSS,3.0,commodities
CL=F,LONG,2025-06-06,64.58000183105469,60.44104195439625,72.85792158437157,952,True,False,True,0.188,2025-06-13,72.85792158437157,WIN,5.0,commodities
CL=F,LONG,2025-07-30,70.0,65.81008846567401,78.37982306865197,989,True,True,True,0.115,2025-08-04,65.81008846567401,LOSS,3.0,commodities
CL=F,LONG,2026-01-09,59.119998931884766,55.90233949293708,65.55531780978014,1102,False,True,True,0.044,2026-01-29,65.55531780978014,WIN,13.0,commodities
CL=F,LONG,2026-03-02,71.2300033569336,66.02926763548172,81.63147479983735,1136,True,True,True,1.308,2026-03-05,81.63147479983735,WIN,3.0,commodities
CL=F,LONG,2026-03-06,90.9000015258789,82.63326921814088,107.43346614135496,1140,True,True,True,2.114,2026-03-09,82.63326921814088,LOSS,1.0,commodities
BZ=F,LONG,2022-01-05,80.80000305175781,75.842749679914,90.71450979544545,94,True,False,True,0.101,2022-01-27,90.71450979544545,WIN,15.0,commodities
BZ=F,LONG,2022-02-04,93.2699966430664,88.2659996598235,103.2779906095522,115,True,False,True,0.631,2022-02-24,103.2779906095522,WIN,13.0,commodities
BZ=F,LONG,2022-03-02,112.93000030517578,103.2159366589054,132.35812759771653,132,True,True,True,1.097,2022-03-07,132.35812759771653,WIN,3.0,commodities
BZ=F,LONG,2022-05-26,117.4000015258789,108.05971579465145,136.0805729883338,192,True,False,True,0.373,2022-06-22,108.05971579465145,LOSS,17.0,commodities
BZ=F,LONG,2023-01-23,88.19000244140625,82.27007504955645,100.02985722510584,356,True,False,True,0.118,2023-02-02,82.27007504955645,LOSS,8.0,commodities
BZ=F,LONG,2023-04-12,87.33000183105469,82.22729967760898,97.5354061379461,411,True,True,True,0.427,2023-04-20,82.22729967760898,LOSS,6.0,commodities
BZ=F,LONG,2023-07-13,81.36000061035156,77.07804586533011,89.92391010039447,474,True,False,True,0.369,2023-09-05,89.92391010039447,WIN,37.0,commodities
BZ=F,LONG,2023-09-12,92.05999755859375,88.46853053165952,99.2429316124622,516,True,False,True,0.34,2023-10-04,88.46853053165952,LOSS,16.0,commodities
BZ=F,LONG,2024-03-19,87.37999725341797,83.91386155350156,94.31226865325078,647,True,False,True,0.115,2024-05-01,83.91386155350156,LOSS,30.0,commodities
BZ=F,LONG,2024-10-07,80.93000030517578,75.80773250770912,91.1745359001091,786,True,False,True,0.636,2024-10-09,75.80773250770912,LOSS,2.0,commodities
BZ=F,LONG,2025-01-02,75.93000030517578,72.93302497437992,81.9239509667675,846,True,True,True,0.594,2025-01-15,81.9239509667675,WIN,9.0,commodities
BZ=F,LONG,2025-06-11,69.7699966430664,65.89698559362616,77.51601874194691,956,True,False,True,0.914,2025-06-13,77.51601874194691,WIN,2.0,commodities
BZ=F,LONG,2025-07-29,72.51000213623047,68.59129368028194,80.34741904812753,989,True,False,True,0.51,2025-08-04,68.59129368028194,LOSS,4.0,commodities
BZ=F,LONG,2026-01-09,63.34000015258789,60.1548613579515,69.71027774186066,1103,True,False,True,0.207,2026-01-29,69.71027774186066,WIN,13.0,commodities
BZ=F,LONG,2026-03-02,77.73999786376953,72.36882141704065,88.4823507572273,1137,True,True,True,1.769,2026-03-06,88.4823507572273,WIN,4.0,commodities
BZ=F,LONG,2026-03-09,98.95999908447266,86.77659649725227,123.32680425891343,1142,True,True,True,0.724,2026-03-10,86.77659649725227,LOSS,1.0,commodities
NG=F,LONG,2022-03-22,5.186999797821045,4.567284503238261,6.426430386986613,146,True,False,True,0.01,2022-04-07,6.426430386986613,WIN,12.0,commodities
NG=F,LONG,2022-04-11,6.64300012588501,5.9759697138578876,7.977060949939254,160,True,True,True,0.315,2022-04-18,7.977060949939254,WIN,4.0,commodities
NG=F,LONG,2022-05-04,8.414999961853027,7.410782219036723,10.423435447485636,176,True,False,True,0.49,2022-05-09,7.410782219036723,LOSS,3.0,commodities
NG=F,LONG,2022-07-26,8.993000030517578,7.703044868787849,11.572910353977036,232,True,False,True,0.185,2022-08-02,7.703044868787849,LOSS,5.0,commodities
NG=F,LONG,2023-03-01,2.811000108718872,2.281758795708737,3.869482734739142,382,False,False,True,0.087,2023-03-20,2.281758795708737,LOSS,13.0,commodities
NG=F,LONG,2023-05-18,2.5920000076293945,2.279286030709171,3.2174279614698413,437,True,True,True,0.403,2023-05-25,2.279286030709171,LOSS,5.0,commodities
NG=F,LONG,2023-06-23,2.7290000915527344,2.429161855122876,3.3286765644124507,461,True,False,True,0.22,2023-08-24,2.429161855122876,LOSS,43.0,commodities
NG=F,LONG,2023-09-28,2.944999933242798,2.67291160857601,3.4891765825763734,528,True,False,True,0.537,2023-10-31,3.4891765825763734,WIN,23.0,commodities
NG=F,LONG,2024-05-20,2.750999927520752,2.4841447438507025,3.284710294860851,690,True,False,True,0.727,2024-05-28,2.4841447438507025,LOSS,5.0,commodities
NG=F,LONG,2024-06-11,3.128999948501587,2.764949866194188,3.8571001131163847,705,True,False,True,0.181,2024-06-17,2.764949866194188,LOSS,4.0,commodities
NG=F,LONG,2024-11-11,2.9200000762939453,2.565224117979113,3.62955199292361,811,True,True,True,0.006,2024-12-19,3.62955199292361,WIN,27.0,commodities
NG=F,LONG,2024-12-20,3.747999906539917,3.3215113399294567,4.600977039760838,839,True,False,True,0.478,2025-01-29,3.3215113399294567,LOSS,25.0,commodities
NG=F,LONG,2025-02-19,4.28000020980835,3.7376238201688112,5.364752989087426,878,True,True,True,0.848,2025-03-27,3.7376238201688112,LOSS,26.0,commodities
NG=F,LONG,2025-09-29,3.2669999599456787,2.9507005470140917,3.8995987858088528,1032,False,False,True,0.436,2025-10-16,2.9507005470140917,LOSS,13.0,commodities
NG=F,LONG,2025-10-30,3.9560000896453857,3.519765799764424,4.828468669407309,1055,True,False,True,1.701,2025-11-28,4.828468669407309,WIN,20.0,commodities
NG=F,LONG,2025-12-01,4.921000003814697,4.48003237434692,5.8029352627502515,1076,True,False,True,0.227,2025-12-10,4.48003237434692,LOSS,7.0,commodities
NG=F,LONG,2026-01-21,4.875,4.086793350715769,6.451413298568461,1110,False,True,True,0.391,2026-01-26,6.451413298568461,WIN,3.0,commodities
NG=F,LONG,2026-01-28,7.460000038146973,5.987889251780473,10.404221610879972,1115,True,False,True,0.029,2026-01-29,5.987889251780473,LOSS,1.0,commodities
CT=F,LONG,2022-01-14,119.69999694824219,114.50731281347691,130.08536521777273,101,True,False,True,0.273,2022-03-21,130.08536521777273,WIN,44.0,commodities
CT=F,LONG,2022-03-25,135.89999389648438,129.55060424920097,148.59877319105118,149,True,True,True,0.926,2022-04-28,148.59877319105118,WIN,23.0,commodities
CT=F,LONG,2022-05-02,157.16000366210938,149.96426230306926,171.5514863801896,174,True,False,True,0.559,2022-05-06,149.96426230306926,LOSS,4.0,commodities
CT=F,LONG,2022-08-12,114.44000244140625,107.6069351076441,128.10613710893054,245,True,False,True,1.182,2022-09-07,107.6069351076441,LOSS,17.0,commodities
CT=F,LONG,2022-12-20,87.83999633789062,82.06554785407492,99.38889330552203,335,True,True,True,0.028,2023-01-04,82.06554785407492,LOSS,9.0,commodities
CT=F,LONG,2023-07-19,85.62000274658203,82.24671887197363,92.36657049579884,478,True,False,True,0.225,2023-10-18,82.24671887197363,LOSS,64.0,commodities
CT=F,LONG,2024-01-24,85.4000015258789,82.70928167696849,90.78144122369974,609,True,False,True,0.305,2024-02-09,90.78144122369974,WIN,12.0,commodities
CT=F,LONG,2024-02-14,93.4800033569336,90.02763371915592,100.38474263248895,624,True,False,True,0.568,2024-02-28,100.38474263248895,WIN,9.0,commodities
CT=F,LONG,2025-04-01,68.25,66.16278260580631,72.42443478838737,907,True,True,True,0.431,2025-04-03,66.16278260580631,LOSS,2.0,commodities
CT=F,LONG,2025-04-23,68.75,65.3845118177841,75.4809763644318,922,True,False,True,0.101,2025-05-15,65.3845118177841,LOSS,16.0,commodities
CT=F,LONG,2025-06-26,67.06999969482422,64.50502189332252,72.19995529782761,966,True,False,True,0.031,2025-08-01,64.50502189332252,LOSS,26.0,commodities
CT=F,LONG,2025-12-26,64.48999786376953,63.17950824134428,67.11097710862003,1094,True,False,True,0.153,2026-01-26,63.17950824134428,LOSS,19.0,commodities
CT=F,LONG,2026-03-10,65.30000305175781,63.57791970164747,68.7441697519785,1143,True,True,True,0.581,2026-03-16,68.7441697519785,WIN,4.0,commodities
CT=F,LONG,2026-03-17,68.7699966430664,66.72657266469378,72.85684459981167,1148,True,True,True,0.02,2026-03-24,66.72657266469378,LOSS,5.0,commodities
CT=F,LONG,2026-03-26,69.41000366210938,67.23870711063867,73.75259676505078,1155,True,True,True,0.175,2026-04-13,73.75259676505078,WIN,11.0,commodities
CT=F,LONG,2026-04-15,75.11000061035156,72.43423638358888,80.46152906387692,1168,True,False,True,0.037,2026-04-30,80.46152906387692,WIN,11.0,commodities
CT=F,LONG,2026-05-05,82.45999908447266,79.0545933160287,89.27081062136057,1182,True,False,True,0.047,2026-05-21,79.0545933160287,LOSS,12.0,commodities
CT=F,LONG,2026-08-03,81.3499984741211,78.16262293010995,87.72474956214339,1243,True,False,True,0.063,,,OPEN,,commodities
ZS=F,LONG,2021-11-17,1277.0,1232.336272832532,1366.3274543349362,61,True,True,True,0.694,2021-11-30,1232.336272832532,LOSS,8.0,commodities
ZS=F,LONG,2021-12-21,1308.0,1262.3378291425988,1399.3243417148024,84,True,False,True,0.46,2022-01-07,1399.3243417148024,WIN,12.0,commodities
ZS=F,LONG,2022-01-20,1425.75,1376.1361604938331,1524.9776790123337,104,True,True,True,0.816,2022-02-01,1524.9776790123337,WIN,8.0,commodities
ZS=F,LONG,2022-02-02,1545.25,1484.6804517253752,1666.3890965492496,113,True,True,True,0.206,2022-02-23,1666.3890965492496,WIN,14.0,commodities
ZS=F,LONG,2022-04-20,1746.75,1672.6526179625607,1894.9447640748785,166,True,False,True,0.277,2022-05-02,1672.6526179625607,LOSS,8.0,commodities
ZS=F,LONG,2022-06-09,1769.0,1689.171310566327,1928.6573788673459,201,True,True,True,0.276,2022-06-15,1689.171310566327,LOSS,4.0,commodities
ZS=F,LONG,2022-08-09,1693.25,1592.7445589115541,1894.2608821768918,242,True,False,True,0.443,2022-08-15,1592.7445589115541,LOSS,4.0,commodities
ZS=F,LONG,2023-06-15,1428.25,1370.915056878507,1542.9198862429862,456,True,False,True,0.445,2023-06-30,1542.9198862429862,WIN,10.0,commodities
ZS=F,LONG,2023-11-03,1327.5,1285.101650681439,1412.296698637122,554,True,False,True,0.425,2024-01-02,1285.101650681439,LOSS,39.0,commodities
ZS=F,LONG,2024-03-21,1212.0,1176.3951919813248,1283.2096160373503,648,True,True,True,0.014,2024-04-02,1176.3951919813248,LOSS,7.0,commodities
ZS=F,LONG,2024-05-03,1201.75,1164.9085388147073,1275.4329223705854,678,True,False,True,0.095,2024-06-17,1164.9085388147073,LOSS,30.0,commodities
ZS=F,LONG,2024-09-18,1014.0,981.8453103393684,1078.3093793212631,772,True,True,True,0.124,2024-10-15,981.8453103393684,LOSS,19.0,commodities
ZS=F,LONG,2025-01-10,1013.5,982.5861088349908,1075.3277823300184,851,True,False,True,0.615,2025-01-23,1075.3277823300184,WIN,8.0,commodities
ZS=F,LONG,2025-04-24,1053.0,1020.2899213393127,1118.4201573213745,922,True,False,True,0.214,2025-06-26,1020.2899213393127,LOSS,43.0,commodities
ZS=F,LONG,2025-08-21,1034.5,1004.4639168774142,1094.5721662451715,1004,True,True,True,0.499,2025-09-30,1004.4639168774142,LOSS,27.0,commodities
ZS=F,LONG,2025-10-20,1031.75,1006.8136282474702,1081.6227435050596,1045,False,False,True,0.14,2025-10-28,1081.6227435050596,WIN,6.0,commodities
ZS=F,LONG,2025-11-03,1119.75,1086.684169319502,1185.881661360996,1055,True,False,True,1.134,2025-12-09,1086.684169319502,LOSS,25.0,commodities
ZS=F,LONG,2026-02-27,1157.25,1121.2036241984276,1229.3427516031447,1134,True,False,True,0.069,2026-06-04,1121.2036241984276,LOSS,67.0,commodities
ZS=F,LONG,2026-07-07,1196.75,1156.7531676977412,1276.7436646045176,1222,True,False,True,0.513,2026-08-04,1156.7531676977412,LOSS,20.0,commodities
KC=F,LONG,2021-11-17,232.60000610351562,218.64126237804928,260.5174935544483,61,True,False,True,0.96,2022-03-15,218.64126237804928,LOSS,80.0,commodities
KC=F,LONG,2022-04-11,236.60000610351562,224.759499057162,260.28102019622287,160,True,True,True,0.608,2022-04-13,224.759499057162,LOSS,2.0,commodities
KC=F,LONG,2022-05-27,229.4499969482422,216.28834876894896,255.77329330682863,193,True,True,True,0.19,2022-07-12,216.28834876894896,LOSS,29.0,commodities
KC=F,LONG,2022-08-11,223.9499969482422,208.70683232630577,254.43632619211502,244,True,False,True,0.23,2022-10-13,208.70683232630577,LOSS,44.0,commodities
KC=F,LONG,2022-12-28,173.5500030517578,164.62372164339098,191.40256586849148,340,True,True,True,0.202,2023-01-04,164.62372164339098,LOSS,4.0,commodities
KC=F,LONG,2023-01-31,181.75,170.66400445334716,203.92199109330568,362,True,True,True,1.678,2023-03-29,170.66400445334716,LOSS,40.0,commodities
KC=F,LONG,2023-04-11,190.5,179.07373376714372,213.35253246571256,410,True,True,True,0.648,2023-05-30,179.07373376714372,LOSS,34.0,commodities
KC=F,LONG,2023-09-18,158.6999969482422,152.5614750622961,170.97704072013437,520,True,False,True,0.147,2023-09-19,170.97704072013437,WIN,1.0,commodities
KC=F,LONG,2023-10-19,163.9499969482422,155.70211738316016,180.44575607840625,543,True,True,True,1.079,2023-11-15,180.44575607840625,WIN,19.0,commodities
KC=F,LONG,2023-11-28,183.64999389648438,173.22705484126453,204.49587200692406,571,True,False,True,0.144,2023-12-18,204.49587200692406,WIN,14.0,commodities
KC=F,LONG,2024-04-03,203.60000610351562,193.54049907187172,223.71902016680343,657,True,True,True,0.964,2024-04-12,223.71902016680343,WIN,7.0,commodities
KC=F,LONG,2024-04-16,236.75,222.50089807483116,265.2482038503377,666,True,False,True,0.077,2024-04-30,222.50089807483116,LOSS,10.0,commodities
KC=F,LONG,2024-07-09,252.0,238.03020213943165,279.9395957211367,723,True,False,True,2.09,2024-07-22,238.03020213943165,LOSS,9.0,commodities
KC=F,LONG,2024-08-27,259.3999938964844,243.54802082122737,291.1039400469984,758,True,False,True,0.618,2024-09-06,243.54802082122737,LOSS,7.0,commodities
KC=F,LONG,2024-09-17,265.0,253.8717784647468,287.2564430705064,772,True,False,True,0.243,2024-09-20,253.8717784647468,LOSS,3.0,commodities
KC=F,LONG,2024-09-24,267.79998779296875,254.60332687782392,294.1933096232584,777,True,True,True,0.318,2024-10-03,254.60332687782392,LOSS,7.0,commodities
KC=F,LONG,2024-11-13,271.6499938964844,255.89813343142768,303.15371482659776,813,True,False,True,0.667,2024-11-22,303.15371482659776,WIN,7.0,commodities
KC=F,LONG,2024-11-25,308.3500061035156,290.54070462706056,343.96860905642575,821,True,False,True,0.236,2024-12-10,343.96860905642575,WIN,10.0,commodities
KC=F,LONG,2025-01-22,341.8500061035156,323.47893330888184,378.5921516927832,859,True,True,True,0.61,2025-01-31,378.5921516927832,WIN,7.0,commodities
KC=F,LONG,2025-02-05,397.75,375.65192958911877,441.94614082176247,869,True,False,True,0.71,2025-02-26,375.65192958911877,LOSS,14.0,commodities
KC=F,LONG,2025-04-28,421.54998779296875,395.2594113506795,474.13114067754725,925,True,False,True,0.951,2025-05-05,395.2594113506795,LOSS,5.0,commodities
KC=F,LONG,2025-08-19,356.20001220703125,332.9591476096892,402.6817414017154,1004,True,False,True,0.8,2025-09-09,402.6817414017154,WIN,14.0,commodities
KC=F,LONG,2025-09-12,410.6499938964844,389.3859852090652,453.1780112713227,1021,True,False,True,0.649,2025-09-17,389.3859852090652,LOSS,3.0,commodities
KC=F,LONG,2025-10-22,420.8500061035156,391.07839426921004,480.3932297721268,1049,True,False,True,0.158,2025-10-27,391.07839426921004,LOSS,3.0,commodities
KC=F,LONG,2026-03-19,306.20001220703125,292.54531154185787,333.509413537378,1150,True,True,True,0.176,2026-03-30,292.54531154185787,LOSS,7.0,commodities
KC=F,LONG,2026-06-23,287.95001220703125,269.6336085284763,324.5828195641411,1215,True,False,True,0.24,2026-07-01,324.5828195641411,WIN,6.0,commodities
KC=F,LONG,2026-07-06,363.95001220703125,340.4721016108901,410.90583339931356,1223,True,False,True,3.212,2026-07-07,340.4721016108901,LOSS,1.0,commodities
KC=F,LONG,2026-07-09,356.95001220703125,327.49298646011204,415.8640637008697,1226,True,False,True,0.608,2026-07-16,327.49298646011204,LOSS,5.0,commodities
KC=F,LONG,2026-08-18,363.3999938964844,336.1399206788439,417.9201403317653,1254,True,False,True,0.69,,,OPEN,,commodities
SB=F,LONG,2021-11-17,20.420000076293945,19.615627481970442,22.02874526494095,61,True,True,True,0.622,2021-11-23,19.615627481970442,LOSS,4.0,commodities
SB=F,LONG,2022-03-03,18.93000030517578,18.116192206622735,20.557616502281874,133,True,False,True,0.147,2022-07-01,18.116192206622735,LOSS,83.0,commodities
SB=F,LONG,2022-07-15,19.25,18.413776900768756,20.922446198462488,225,True,False,True,0.12,2022-07-21,18.413776900768756,LOSS,4.0,commodities
SB=F,LONG,2022-11-08,19.0,18.303259068229217,20.393481863541567,306,True,False,True,0.172,2022-11-16,20.393481863541567,WIN,6.0,commodities
SB=F,LONG,2022-12-21,20.75,19.816532967944717,22.616934064110566,336,True,False,True,0.043,2023-01-03,19.816532967944717,LOSS,7.0,commodities
SB=F,LONG,2023-01-27,20.959999084472656,20.056419240176464,22.76715877306504,360,True,False,True,0.243,2023-03-01,20.056419240176464,LOSS,22.0,commodities
SB=F,LONG,2023-03-30,21.959999084472656,20.965691847584953,23.948613558248063,403,True,True,True,1.026,2023-04-11,23.948613558248063,WIN,7.0,commodities
SB=F,LONG,2023-04-20,25.25,24.012659355918444,27.72468128816311,417,True,False,True,0.566,2023-06-26,24.012659355918444,LOSS,45.0,commodities
SB=F,LONG,2023-08-25,24.829999923706055,23.554361600193886,27.381276570730392,505,True,False,True,0.141,2023-09-15,27.381276570730392,WIN,14.0,commodities
SB=F,LONG,2024-06-13,19.59000015258789,18.62612874180975,21.51774297414417,707,True,True,True,0.456,2024-07-19,18.62612874180975,LOSS,24.0,commodities
SB=F,LONG,2024-08-29,19.889999389648438,18.77906872470818,22.111860719528956,760,True,True,True,0.378,2024-09-09,18.77906872470818,LOSS,6.0,commodities
SB=F,LONG,2024-09-18,21.15999984741211,19.839033943018883,23.801931656198562,773,True,False,True,1.529,2024-12-17,19.839033943018883,LOSS,63.0,commodities
SB=F,LONG,2025-02-21,21.309999465942383,20.393935359700787,23.142127678425574,880,True,False,True,0.458,2025-02-27,20.393935359700787,LOSS,4.0,commodities
SB=F,LONG,2025-10-06,16.809999465942383,16.12361318707111,18.182772023684926,1037,True,False,True,0.524,2025-10-10,16.12361318707111,LOSS,4.0,commodities
SB=F,LONG,2026-05-04,15.289999961853027,14.47757128303536,16.914857319488362,1181,True,False,True,0.345,2026-05-06,14.47757128303536,LOSS,2.0,commodities
SB=F,LONG,2026-08-06,15.569999694824219,14.87463268746195,16.960733709548755,1246,True,True,True,0.69,2026-08-12,16.960733709548755,WIN,4.0,commodities
SB=F,LONG,2026-08-18,17.469999313354492,16.556502708293664,19.29699252347615,1254,True,True,True,0.788,,,OPEN,,commodities
ZW=F,LONG,2021-11-22,845.75,806.2516002130749,924.7467995738502,64,True,False,True,0.127,2021-11-29,806.2516002130749,LOSS,4.0,commodities
ZW=F,LONG,2022-02-22,844.25,792.4078407047508,947.9343185904984,126,True,False,True,0.492,2022-02-25,947.9343185904984,WIN,3.0,commodities
ZW=F,LONG,2022-03-01,1001.75,919.3010783244873,1166.6478433510254,131,True,False,True,1.225,2022-03-03,1166.6478433510254,WIN,2.0,commodities
ZW=F,LONG,2022-03-04,1348.0,1213.9142562240884,1616.1714875518232,134,True,False,True,0.88,2022-03-09,1213.9142562240884,LOSS,3.0,commodities
ZW=F,LONG,2022-05-12,1174.5,1102.9854654873152,1317.5290690253696,182,True,False,True,1.105,2022-05-31,1102.9854654873152,LOSS,12.0,commodities
ZW=F,LONG,2022-09-20,893.75,826.4144170292285,1028.421165941543,271,True,True,True,0.267,2022-10-26,826.4144170292285,LOSS,26.0,commodities
ZW=F,LONG,2023-06-21,734.5,687.1833625140907,829.1332749718185,459,True,False,True,1.458,2023-06-27,687.1833625140907,LOSS,4.0,commodities
ZW=F,LONG,2023-07-24,757.5,695.3151183623372,881.8697632753256,481,True,True,True,0.024,2023-07-28,695.3151183623372,LOSS,4.0,commodities
ZW=F,LONG,2024-05-21,697.5,656.721383342265,779.0572333154701,690,True,True,True,0.025,2024-06-05,656.721383342265,LOSS,10.0,commodities
ZW=F,LONG,2024-09-04,565.25,534.43479760879,626.8804047824201,762,True,False,True,0.86,2024-11-14,534.43479760879,LOSS,51.0,commodities
ZW=F,LONG,2025-01-21,558.75,534.4248479393857,607.4003041212286,857,True,True,True,0.329,2025-01-27,534.4248479393857,LOSS,4.0,commodities
ZW=F,LONG,2025-02-04,577.0,548.1680505985553,634.6638988028894,867,True,False,True,0.225,2025-02-27,548.1680505985553,LOSS,16.0,commodities
ZW=F,LONG,2025-05-21,549.25,526.2820012057427,595.1859975885145,941,True,True,True,0.152,2025-06-12,526.2820012057427,LOSS,15.0,commodities
ZW=F,LONG,2025-06-18,574.25,546.2950349908052,630.1599300183896,960,True,False,True,1.18,2025-06-24,546.2950349908052,LOSS,3.0,commodities
ZW=F,LONG,2025-11-05,554.75,534.7248326185011,594.8003347629979,1057,True,False,True,0.424,2025-11-06,534.7248326185011,LOSS,1.0,commodities
ZW=F,LONG,2026-01-23,529.5,510.9344522759221,566.6310954481557,1110,True,True,True,0.162,2026-02-20,566.6310954481557,WIN,19.0,commodities
ZW=F,LONG,2026-02-27,591.25,566.8356049338806,640.0787901322387,1134,True,False,True,0.983,2026-03-04,566.8356049338806,LOSS,3.0,commodities
ZW=F,LONG,2026-03-06,611.25,583.8084392156455,666.1331215687089,1139,True,False,True,1.111,2026-03-23,583.8084392156455,LOSS,11.0,commodities
ZW=F,LONG,2026-04-28,649.0,615.0748320464556,716.8503359070887,1175,True,False,True,1.415,2026-05-05,615.0748320464556,LOSS,5.0,commodities
ZW=F,LONG,2026-05-12,665.0,630.3159064991053,734.3681870017895,1185,True,False,True,0.202,2026-05-27,630.3159064991053,LOSS,10.0,commodities
ZW=F,LONG,2026-07-15,677.5,642.6413882877522,747.2172234244956,1228,True,True,True,2.453,2026-07-31,642.6413882877522,LOSS,12.0,commodities
CC=F,LONG,2022-01-14,2659.0,2529.49535967934,2918.0092806413204,101,True,False,True,0.463,2022-01-24,2529.49535967934,LOSS,5.0,commodities
CC=F,LONG,2022-02-09,2756.0,2630.0903845715156,3007.8192308569687,118,True,False,True,0.969,2022-02-16,2630.0903845715156,LOSS,5.0,commodities
CC=F,LONG,2022-03-23,2631.0,2531.766579687954,2829.4668406240917,147,False,True,True,0.04,2022-04-05,2531.766579687954,LOSS,9.0,commodities
CC=F,LONG,2022-11-08,2537.0,2432.547847918732,2745.9043041625364,306,True,True,True,0.268,2022-11-17,2432.547847918732,LOSS,7.0,commodities
CC=F,LONG,2022-12-15,2517.0,2442.999272960823,2665.001454078354,332,True,True,True,0.054,2022-12-28,2665.001454078354,WIN,8.0,commodities
CC=F,LONG,2023-01-09,2690.0,2589.2850603198244,2891.429879360351,347,True,True,True,0.377,2023-01-19,2589.2850603198244,LOSS,7.0,commodities
CC=F,LONG,2023-02-15,2692.0,2582.672346192873,2910.6553076142536,373,True,False,True,0.494,2023-03-27,2910.6553076142536,WIN,27.0,commodities
CC=F,LONG,2023-03-31,2933.0,2832.5940726937897,3133.8118546124206,404,True,True,True,0.12,2023-04-21,3133.8118546124206,WIN,14.0,commodities
CC=F,LONG,2023-05-09,3229.0,3107.890107891435,3471.21978421713,430,True,False,True,0.132,2023-05-16,3107.890107891435,LOSS,5.0,commodities
CC=F,LONG,2023-06-28,3292.0,3171.8055545187412,3532.3888909625175,464,True,False,True,0.516,2023-07-26,3532.3888909625175,WIN,19.0,commodities
CC=F,LONG,2023-09-12,3772.0,3640.013781321327,4035.9724373573463,516,True,False,True,2.031,2023-09-18,3640.013781321327,LOSS,4.0,commodities
CC=F,LONG,2023-10-23,3759.0,3605.971896709729,4065.0562065805416,545,True,False,True,0.64,2023-11-14,4065.0562065805416,WIN,16.0,commodities
CC=F,LONG,2023-11-21,4227.0,4035.198598262464,4610.602803475072,566,True,False,True,1.22,2024-01-08,4035.198598262464,LOSS,31.0,commodities
CC=F,LONG,2024-01-16,4429.0,4263.323717043041,4760.352565913918,602,True,True,True,0.857,2024-01-23,4760.352565913918,WIN,5.0,commodities
CC=F,LONG,2024-02-01,4956.0,4724.357760960143,5419.284478079713,614,True,False,True,0.751,2024-02-07,5419.284478079713,WIN,4.0,commodities
CC=F,LONG,2024-02-08,5805.0,5491.202817539148,6432.594364921704,619,True,False,True,2.396,2024-02-23,6432.594364921704,WIN,10.0,commodities
CC=F,LONG,2024-02-26,6884.0,6352.590684241341,7946.818631517319,630,True,False,True,0.504,2024-03-12,7946.818631517319,WIN,11.0,commodities
CC=F,LONG,2024-03-13,8034.0,7547.109857482271,9007.780285035458,642,True,True,True,0.246,2024-03-14,7547.109857482271,LOSS,1.0,commodities
CC=F,LONG,2024-03-21,8559.0,7764.660103900711,10147.679792198578,648,True,True,True,0.166,2024-04-01,10147.679792198578,WIN,6.0,commodities
CC=F,LONG,2024-04-12,10987.0,9945.23502094006,13070.529958119881,663,True,False,True,0.415,2024-04-30,9945.23502094006,LOSS,12.0,commodities
CC=F,LONG,2024-06-12,10539.0,9271.194175047156,13074.611649905688,705,True,False,True,0.696,2024-06-21,9271.194175047156,LOSS,6.0,commodities
CC=F,LONG,2024-08-09,9098.0,8023.601184593805,11246.79763081239,745,True,False,True,0.127,2024-09-16,8023.601184593805,LOSS,25.0,commodities
CC=F,LONG,2024-11-14,8686.0,7822.591533008919,10412.816933982162,813,True,False,True,0.528,2024-12-11,10412.816933982162,WIN,18.0,commodities
CC=F,LONG,2024-12-12,10702.0,10052.5339742583,12000.9320514834,832,True,False,True,0.622,2024-12-18,12000.9320514834,WIN,4.0,commodities
CC=F,LONG,2025-04-02,8968.0,8195.734098540026,10512.531802919948,907,False,True,True,1.414,2025-04-07,8195.734098540026,LOSS,3.0,commodities
CC=F,LONG,2025-04-25,9652.0,8715.244629609104,11525.510740781792,923,True,False,True,0.292,2025-06-20,8715.244629609104,LOSS,38.0,commodities
CC=F,LONG,2025-11-04,6600.0,6074.364603821912,7651.270792356176,1057,True,False,True,0.015,2025-11-07,6074.364603821912,LOSS,3.0,commodities
CC=F,LONG,2025-12-29,6242.0,5825.900067682484,7074.199864635031,1094,True,True,True,0.034,2026-01-02,5825.900067682484,LOSS,3.0,commodities
CC=F,LONG,2026-05-11,4632.0,4281.859131803359,5332.281736393283,1185,True,False,True,1.577,2026-05-14,4281.859131803359,LOSS,3.0,commodities
CC=F,LONG,2026-06-22,4525.0,4072.947481392833,5429.105037214334,1213,True,False,True,0.845,2026-07-07,5429.105037214334,WIN,10.0,commodities
CC=F,LONG,2026-07-08,5959.0,5590.773200915103,6695.453598169794,1224,True,False,True,1.586,2026-07-16,5590.773200915103,LOSS,6.0,commodities
ZC=F,LONG,2021-12-22,602.5,580.8699168849224,645.7601662301552,85,True,True,True,0.324,2022-02-09,645.7601662301552,WIN,33.0,commodities
ZC=F,LONG,2022-02-22,674.75,645.3888543425787,733.4722913148426,126,True,False,True,0.817,2022-03-01,733.4722913148426,WIN,5.0,commodities
ZC=F,LONG,2022-04-13,783.5,741.1577257821664,868.1845484356672,162,True,False,True,0.213,2022-06-01,741.1577257821664,LOSS,33.0,commodities
ZC=F,LONG,2022-08-12,639.75,595.9624067830886,727.3251864338229,245,False,False,True,0.331,2023-05-15,595.9624067830886,LOSS,189.0,commodities
ZC=F,LONG,2023-06-16,640.25,606.3191839768035,708.111632046393,457,True,False,True,0.81,2023-06-28,606.3191839768035,LOSS,7.0,commodities
ZC=F,LONG,2024-09-30,424.75,407.89831859926755,458.4533628014649,780,True,True,True,0.593,2024-10-14,407.89831859926755,LOSS,10.0,commodities
ZC=F,LONG,2024-11-06,426.25,412.7584389466081,453.23312210678375,807,True,False,True,0.334,2024-12-26,453.23312210678375,WIN,34.0,commodities
ZC=F,LONG,2025-01-02,459.5,447.1823217786788,484.13535644264243,845,True,True,True,0.081,2025-01-17,484.13535644264243,WIN,11.0,commodities
ZC=F,LONG,2025-01-21,490.0,475.5497799752155,518.900440049569,857,True,False,True,0.692,2025-02-03,475.5497799752155,LOSS,9.0,commodities
ZC=F,LONG,2025-02-18,502.0,482.69011841018425,540.6197631796315,876,True,False,True,0.233,2025-02-24,482.69011841018425,LOSS,4.0,commodities
ZC=F,LONG,2025-08-29,398.0,383.1234468559216,427.7531062881568,1010,True,False,True,0.235,2025-09-15,427.7531062881568,WIN,10.0,commodities
ZC=F,LONG,2025-09-16,429.5,412.3250548870166,463.84989022596676,1021,True,True,True,0.116,2025-10-01,412.3250548870166,LOSS,11.0,commodities
ZC=F,LONG,2025-10-27,428.75,416.28589989949353,453.67820020101294,1050,True,False,True,0.04,2026-03-09,453.67820020101294,WIN,90.0,commodities
ZC=F,LONG,2026-03-19,469.75,453.04594701371684,503.1581059725663,1148,True,True,True,0.449,2026-03-31,453.04594701371684,LOSS,8.0,commodities
ZC=F,LONG,2026-04-29,466.5,452.8322450047474,493.8355099905052,1176,True,False,True,0.146,2026-05-06,452.8322450047474,LOSS,5.0,commodities
ZC=F,LONG,2026-05-18,477.0,457.5464696727508,515.9070606544984,1189,True,True,True,0.206,2026-05-26,457.5464696727508,LOSS,5.0,commodities
ZC=F,LONG,2026-07-06,440.75,420.9319748671341,480.3860502657318,1221,False,False,True,0.933,2026-08-20,480.3860502657318,WIN,33.0,commodities
ZC=F,LONG,2026-08-21,483.75,463.7662709484879,523.7174581030242,1255,True,False,True,0.25,,,OPEN,,commodities
