pair,direction,entry_date,entry_price,stop_loss,take_profit,entry_bar,rsi_divergence,adx_strong,exit_date,exit_price,outcome,bars_held,asset_class
EURUSD,SHORT,2025-11-11,1.1557220220565796,1.1688578833623753,1.136018230097886,1111,False,False,2025-12-11,1.1688578833623753,LOSS,22.0,forex
EURUSD,SHORT,2026-01-20,1.1639139652252197,1.1755278421064177,1.1464931499034228,1159,True,False,2026-01-23,1.1755278421064177,LOSS,3.0,forex
EURUSD,SHORT,2026-02-26,1.181516408920288,1.1953977756408611,1.1606943588394285,1186,False,False,2026-03-03,1.1606943588394285,WIN,3.0,forex
EURUSD,SHORT,2026-03-23,1.1560158729553223,1.1755482306304723,1.126717336442597,1203,False,True,2026-04-14,1.1755482306304723,LOSS,16.0,forex
EURUSD,SHORT,2026-05-29,1.1652837991714478,1.1776139356522943,1.146788594450178,1252,False,False,2026-06-18,1.146788594450178,WIN,14.0,forex
EURUSD,SHORT,2026-07-10,1.1433405876159668,1.1554923983869836,1.1251128714594416,1282,False,True,2026-08-03,1.1554923983869836,LOSS,16.0,forex
GBPUSD,SHORT,2022-07-22,1.1996161937713623,1.2278116798705743,1.1573229646225442,252,False,True,2022-08-01,1.2278116798705743,LOSS,6.0,forex
GBPUSD,SHORT,2022-08-18,1.2045146226882935,1.2312369871690987,1.1644310759670855,271,False,False,2022-08-30,1.1644310759670855,WIN,8.0,forex
GBPUSD,LONG,2023-02-02,1.2390038967132568,1.2147956426678108,1.275316277781426,391,False,False,2023-02-03,1.2147956426678108,LOSS,1.0,forex
GBPUSD,LONG,2023-03-15,1.215214490890503,1.184811599531608,1.2608188279288455,420,False,False,2023-05-05,1.2608188279288455,WIN,37.0,forex
GBPUSD,LONG,2023-07-21,1.2872332334518433,1.2632921942640907,1.3231447922334723,512,False,True,2023-08-03,1.2632921942640907,LOSS,9.0,forex
GBPUSD,SHORT,2023-08-30,1.2636793851852417,1.2839302426385457,1.2333030990052856,540,False,False,2023-09-21,1.2333030990052856,WIN,16.0,forex
GBPUSD,SHORT,2023-10-10,1.2250398397445679,1.2449007598271185,1.195248459620742,569,False,True,2023-11-14,1.2449007598271185,LOSS,25.0,forex
GBPUSD,LONG,2024-01-02,1.2728800773620605,1.2527507189730431,1.3030741149455867,629,False,True,2024-02-05,1.2527507189730431,LOSS,24.0,forex
GBPUSD,LONG,2024-02-28,1.268166422843933,1.2535322781505258,1.290117639884044,670,False,False,2024-04-10,1.2535322781505258,LOSS,30.0,forex
GBPUSD,SHORT,2024-04-25,1.2459505796432495,1.2646206835642568,1.2179454237617384,711,False,False,2024-05-15,1.2646206835642568,LOSS,14.0,forex
GBPUSD,LONG,2024-07-29,1.2868356704711914,1.2726803793724484,1.308068607119306,778,False,False,2024-08-02,1.2726803793724484,LOSS,4.0,forex
GBPUSD,LONG,2024-09-10,1.307138204574585,1.2899457414240147,1.3329268993004404,809,False,True,2024-09-20,1.3329268993004404,WIN,8.0,forex
GBPUSD,LONG,2024-10-03,1.326611876487732,1.30542276367138,1.3583955457122598,826,False,True,2024-10-10,1.30542276367138,LOSS,5.0,forex
GBPUSD,SHORT,2024-12-02,1.270163893699646,1.2917752615754754,1.237746841885902,868,False,True,2025-01-02,1.237746841885902,WIN,22.0,forex
GBPUSD,SHORT,2025-01-24,1.2353914976119995,1.2611331806994104,1.196778972980883,906,False,False,2025-02-14,1.2611331806994104,LOSS,15.0,forex
GBPUSD,LONG,2025-04-01,1.292089819908142,1.2749937940609262,1.317733858678966,953,False,True,2025-04-03,1.317733858678966,WIN,2.0,forex
GBPUSD,LONG,2025-05-12,1.3289036750793457,1.304053405123414,1.3661790800132432,980,False,True,2025-06-26,1.3661790800132432,WIN,33.0,forex
GBPUSD,LONG,2025-07-07,1.3651504516601562,1.3439140342250977,1.397005077812744,1020,False,False,2025-07-14,1.3439140342250977,LOSS,5.0,forex
GBPUSD,LONG,2025-08-20,1.348679542541504,1.329648707416031,1.3772257952297133,1052,False,False,2025-10-09,1.329648707416031,LOSS,36.0,forex
GBPUSD,SHORT,2025-11-26,1.315870761871338,1.3333330294363417,1.2896773605238323,1122,False,True,2025-12-03,1.3333330294363417,LOSS,5.0,forex
GBPUSD,SHORT,2026-01-16,1.3381328582763672,1.3543304728003402,1.3138364364904076,1157,False,False,2026-01-23,1.3543304728003402,LOSS,5.0,forex
GBPUSD,LONG,2026-02-09,1.3608959913253784,1.3381254714390205,1.3950517711549153,1173,False,True,2026-03-02,1.3381254714390205,LOSS,15.0,forex
GBPUSD,SHORT,2026-05-27,1.345532774925232,1.3637805075782783,1.3181611759456624,1250,True,False,2026-06-19,1.3181611759456624,WIN,17.0,forex
USDJPY,LONG,2025-12-01,155.92799377441406,153.5527662607915,159.49083504484793,1125,False,True,2026-01-26,153.5527662607915,LOSS,38.0,forex
USDCHF,SHORT,2024-09-30,0.840499997138977,0.8549977934923128,0.8187533026089735,823,False,True,2024-10-04,0.8549977934923128,LOSS,4.0,forex
USDCHF,LONG,2024-12-02,0.8820269703865051,0.86914572331408,0.9013488409951428,868,False,True,2024-12-19,0.9013488409951428,WIN,13.0,forex
USDCHF,LONG,2025-11-11,0.8051599860191345,0.7938965526660922,0.8220551360486981,1111,False,False,2025-11-13,0.7938965526660922,LOSS,2.0,forex
USDCHF,LONG,2025-11-27,0.8034899830818176,0.7915405763005466,0.8214140932537242,1123,False,False,2025-12-23,0.7915405763005466,LOSS,18.0,forex
USDCHF,LONG,2026-01-13,0.7973600029945374,0.7874982300618092,0.8121526623936296,1154,False,False,2026-01-23,0.7874982300618092,LOSS,8.0,forex
USDCHF,LONG,2026-04-30,0.7905600070953369,0.7779283371390434,0.8095075120297772,1231,False,False,2026-05-01,0.7779283371390434,LOSS,1.0,forex
USDCHF,LONG,2026-05-27,0.7851099967956543,0.7748011561632323,0.8005732577442872,1250,True,False,2026-06-11,0.8005732577442872,WIN,11.0,forex
USDCHF,LONG,2026-06-17,0.7931100130081177,0.7831630793958514,0.808030413426517,1265,False,False,2026-06-19,0.808030413426517,WIN,2.0,forex
USDCHF,LONG,2026-07-03,0.8044099807739258,0.7933547132472931,0.8209928820638748,1277,False,True,,,OPEN,,forex
AUDUSD,LONG,2024-02-26,0.6565384864807129,0.6456175834180463,0.6729198410747128,668,True,False,2024-04-15,0.6456175834180463,LOSS,35.0,forex
AUDUSD,SHORT,2025-01-16,0.6235401034355164,0.6369498557640099,0.6034254749427761,900,False,True,2025-02-17,0.6369498557640099,LOSS,22.0,forex
AUDUSD,LONG,2025-05-12,0.642091691493988,0.6251661441051432,0.6674800125772553,980,False,False,2025-09-16,0.6674800125772553,WIN,91.0,forex
AUDUSD,LONG,2025-09-19,0.6617901921272278,0.6509250899920644,0.6780878453299728,1074,False,False,2025-10-10,0.6509250899920644,LOSS,15.0,forex
AUDUSD,SHORT,2025-11-18,0.6492701172828674,0.6593022731423317,0.634221883493671,1116,False,False,2025-12-03,0.6593022731423317,LOSS,11.0,forex
AUDUSD,LONG,2026-01-14,0.6683598756790161,0.6592055661715797,0.6820913399401708,1155,False,False,2026-01-22,0.6820913399401708,WIN,6.0,forex
AUDUSD,LONG,2026-03-03,0.710580050945282,0.6950684646020893,0.7338474304600711,1189,False,True,2026-03-23,0.6950684646020893,LOSS,14.0,forex
AUDUSD,SHORT,2026-07-13,0.6942197680473328,0.703271921505541,0.6806415378600205,1283,False,True,2026-07-31,0.703271921505541,LOSS,14.0,forex
USDCAD,LONG,2025-11-10,1.404379963874817,1.390848104439791,1.424677753027356,1110,False,True,2025-12-05,1.390848104439791,LOSS,19.0,forex
USDCAD,SHORT,2026-02-23,1.3648500442504883,1.3800128776168301,1.3421057942009755,1183,False,False,2026-03-25,1.3800128776168301,LOSS,22.0,forex
USDCAD,LONG,2026-07-14,1.4149399995803833,1.4028874045916484,1.4330188920634856,1284,False,True,2026-07-16,1.4028874045916484,LOSS,2.0,forex
NZDUSD,SHORT,2025-02-04,0.5626797080039978,0.5745423082592672,0.5448858076210936,913,False,False,2025-02-17,0.5745423082592672,LOSS,9.0,forex
NZDUSD,LONG,2025-05-12,0.5920698046684265,0.575957497055595,0.6162382660876738,980,False,False,2025-09-26,0.575957497055595,LOSS,99.0,forex
NZDUSD,SHORT,2025-10-27,0.5760199427604675,0.5841630319379215,0.5638053089942865,1100,False,True,2025-11-05,0.5638053089942865,WIN,7.0,forex
NZDUSD,SHORT,2026-01-08,0.5773905515670776,0.5861018687913915,0.5643235757306069,1151,True,False,2026-01-21,0.5861018687913915,LOSS,9.0,forex
NZDUSD,LONG,2026-02-23,0.6003986597061157,0.5889579388337718,0.6175597410146316,1183,False,False,2026-03-03,0.5889579388337718,LOSS,6.0,forex
NZDUSD,LONG,2026-04-13,0.5804302096366882,0.5678431975505958,0.599310727765827,1218,False,True,2026-05-29,0.599310727765827,WIN,34.0,forex
NZDUSD,SHORT,2026-07-09,0.5715788006782532,0.5814466330835238,0.5567770520703472,1281,False,True,2026-07-14,0.5814466330835238,LOSS,3.0,forex
EURJPY,SHORT,2023-12-20,157.9969940185547,161.81422069509776,152.2711540037401,620,False,True,2023-12-25,152.2711540037401,WIN,3.0,forex
EURJPY,LONG,2024-04-22,164.80999755859375,162.47468867639878,168.3129608818862,708,False,False,2024-04-26,168.3129608818862,WIN,4.0,forex
EURJPY,LONG,2025-11-10,177.56300354003906,175.02976551415628,181.36286057886323,1110,False,False,2025-11-20,181.36286057886323,WIN,8.0,forex
EURJPY,LONG,2026-01-06,183.47999572753906,181.27898240685172,186.78151570857005,1149,False,False,2026-01-23,186.78151570857005,WIN,13.0,forex
EURJPY,SHORT,2026-03-17,182.9499969482422,185.46747273039733,179.17378327500947,1199,False,False,2026-04-09,185.46747273039733,LOSS,17.0,forex
EURJPY,SHORT,2026-05-13,185.0279998779297,187.66417145569312,181.07374251128454,1240,False,True,2026-08-03,181.07374251128454,WIN,58.0,forex
EURGBP,SHORT,2023-03-27,0.8794999718666077,0.8928642384064852,0.8594535720567913,428,False,False,2023-05-31,0.8594535720567913,WIN,47.0,forex
EURGBP,SHORT,2024-12-25,0.8289999961853027,0.8453996194703378,0.8044005612577501,885,False,False,2025-01-15,0.8453996194703378,LOSS,14.0,forex
EURGBP,SHORT,2025-12-22,0.8751299977302551,0.8826045272122324,0.8639182035072892,1140,False,False,2026-02-03,0.8639182035072892,WIN,29.0,forex
EURGBP,SHORT,2026-03-25,0.8657000064849854,0.8729440728028507,0.8548339070081874,1205,False,False,2026-03-31,0.8729440728028507,LOSS,4.0,forex
EURGBP,SHORT,2026-05-12,0.8657400012016296,0.8711711161858328,0.857593328725325,1239,False,False,2026-05-15,0.8711711161858328,LOSS,3.0,forex
EURGBP,SHORT,2026-05-27,0.8647500276565552,0.8712270839210036,0.8550344432598826,1250,False,False,2026-07-02,0.8550344432598826,WIN,26.0,forex
EURGBP,SHORT,2026-07-23,0.8531699776649475,0.859954014429118,0.8429939225186918,1291,False,False,,,OPEN,,forex
EURAUD,SHORT,2024-02-26,1.6479400396347046,1.667389468181039,1.6187658968152028,668,False,False,2024-02-28,1.667389468181039,LOSS,2.0,forex
EURAUD,SHORT,2024-12-02,1.6215300559997559,1.6456065209002242,1.5854153586490534,868,False,False,2024-12-06,1.6456065209002242,LOSS,4.0,forex
EURAUD,SHORT,2025-11-11,1.7684099674224854,1.7949799685897967,1.7285549656715182,1111,False,False,2025-11-25,1.7949799685897967,LOSS,10.0,forex
EURAUD,SHORT,2025-12-12,1.7618199586868286,1.7848539221015824,1.727269013564698,1134,False,False,2026-01-22,1.727269013564698,WIN,27.0,forex
EURAUD,SHORT,2026-04-10,1.6522400379180908,1.676110305280772,1.616434636874069,1217,False,True,2026-05-13,1.616434636874069,WIN,23.0,forex
EURAUD,SHORT,2026-05-22,1.6252199411392212,1.644992625228558,1.595560915005216,1247,False,False,2026-06-10,1.644992625228558,LOSS,13.0,forex
EURAUD,LONG,2026-06-24,1.645359992980957,1.6274494640336807,1.6722257864018715,1270,False,False,2026-07-21,1.6274494640336807,LOSS,19.0,forex
EURAUD,LONG,2026-08-03,1.638350009918213,1.6190188076741887,1.667346813284249,1298,True,False,,,OPEN,,forex
EURCAD,LONG,2023-04-06,1.46697998046875,1.4433629333855986,1.502405551093477,436,False,False,2023-04-26,1.502405551093477,WIN,14.0,forex
EURCAD,LONG,2024-01-15,1.467650055885315,1.450905753114701,1.492766510041236,638,False,False,2024-01-30,1.450905753114701,LOSS,11.0,forex
EURCAD,SHORT,2025-11-10,1.6210700273513794,1.6388120432040418,1.5944570035723857,1110,False,False,2026-03-03,1.5944570035723857,WIN,79.0,forex
EURCAD,SHORT,2026-03-23,1.5848300457000732,1.6061729338375128,1.552815713493914,1203,False,True,2026-03-31,1.6061729338375128,LOSS,6.0,forex
EURCAD,LONG,2026-06-24,1.6167900562286377,1.6022905004853503,1.6385393898435687,1270,False,False,2026-07-17,1.6022905004853503,LOSS,17.0,forex
EURCAD,LONG,2026-08-03,1.6174900531768799,1.6042597841282227,1.6373354567498657,1298,False,False,,,OPEN,,forex
EURCHF,LONG,2022-12-13,0.9864000082015991,0.9732606392749282,1.0061090615916055,354,False,False,2023-01-12,1.0061090615916055,WIN,22.0,forex
EURCHF,SHORT,2025-12-31,0.9300600290298462,0.9362593338639327,0.9207610717787165,1146,False,False,2026-01-26,0.9207610717787165,WIN,17.0,forex
EURCHF,SHORT,2026-04-23,0.9186499714851379,0.9265623623431092,0.9067813851981811,1226,False,True,2026-06-22,0.9265623623431092,LOSS,42.0,forex
EURCHF,LONG,2026-06-29,0.9222400188446045,0.9155866838085455,0.9322200213986931,1273,False,False,2026-07-29,0.9322200213986931,WIN,22.0,forex
EURNZD,SHORT,2023-01-23,1.676200032234192,1.7129823562184534,1.6210265462577995,383,False,False,2023-02-17,1.7129823562184534,LOSS,19.0,forex
EURNZD,LONG,2023-07-03,1.780400037765503,1.7475133064438373,1.8297301347480013,498,False,False,2023-08-11,1.8297301347480013,WIN,29.0,forex
EURNZD,SHORT,2024-02-13,1.7575600147247314,1.7825228150661727,1.7201158142125696,659,False,False,2024-02-29,1.7825228150661727,LOSS,12.0,forex
EURNZD,LONG,2025-12-19,2.029910087585449,2.00434071543225,2.068264145815248,1139,False,False,2026-01-20,2.00434071543225,LOSS,20.0,forex
EURNZD,SHORT,2026-02-19,1.9752600193023682,2.0041665141867706,1.9319002769757645,1181,False,True,2026-03-30,2.0041665141867706,LOSS,27.0,forex
EURNZD,SHORT,2026-04-21,1.9944000244140625,2.0180042155350817,1.9589937377325337,1224,False,False,2026-05-29,1.9589937377325337,WIN,28.0,forex
EURNZD,SHORT,2026-06-03,1.962249994277954,1.9928977465585094,1.9162783658571212,1255,False,False,2026-06-11,1.9928977465585094,LOSS,6.0,forex
GBPJPY,SHORT,2023-12-20,183.16400146484375,187.59757501322306,176.51364114227476,620,True,False,2024-01-17,187.59757501322306,LOSS,20.0,forex
GBPJPY,LONG,2026-03-03,210.8730010986328,206.89248472808362,216.8437756544566,1189,False,False,2026-07-06,216.8437756544566,WIN,89.0,forex
GBPAUD,SHORT,2025-11-10,2.0207700729370117,2.053085241550913,1.97229732001616,1110,False,False,2026-01-22,1.97229732001616,WIN,51.0,forex
GBPAUD,SHORT,2026-03-20,1.8958100080490112,1.9284404126557886,1.8468644011388453,1202,False,True,2026-03-26,1.9284404126557886,LOSS,4.0,forex
GBPAUD,SHORT,2026-04-14,1.9036400318145752,1.9306052933418358,1.8631921395236843,1219,False,False,2026-05-13,1.8631921395236843,WIN,21.0,forex
GBPAUD,SHORT,2026-05-19,1.873039960861206,1.8972171517768535,1.836774174487735,1244,False,True,2026-06-09,1.8972171517768535,LOSS,15.0,forex
GBPAUD,LONG,2026-06-18,1.895050048828125,1.8737046924107177,1.927068083454236,1266,False,False,2026-06-30,1.927068083454236,WIN,8.0,forex
GBPAUD,LONG,2026-07-15,1.9201799631118774,1.8994004026983695,1.9513493037321394,1285,False,True,,,OPEN,,forex
GBPCAD,LONG,2024-06-19,1.7429800033569336,1.7276050486921677,1.7660424353540825,750,False,False,2024-07-12,1.7660424353540825,WIN,17.0,forex
GBPCAD,SHORT,2025-12-11,1.84607994556427,1.8705491496743014,1.809376139399223,1133,False,False,2026-01-12,1.8705491496743014,LOSS,20.0,forex
GBPCAD,SHORT,2026-02-17,1.858139991760254,1.8788288820738044,1.8271066562899283,1179,False,False,2026-03-02,1.8271066562899283,WIN,9.0,forex
GBPCAD,SHORT,2026-03-18,1.8284900188446045,1.851344056687004,1.794208962081005,1200,False,True,2026-03-25,1.851344056687004,LOSS,5.0,forex
GBPCAD,SHORT,2026-04-30,1.843500018119812,1.8621121871365192,1.8155817645947514,1231,False,False,2026-05-08,1.8621121871365192,LOSS,6.0,forex
GBPCAD,SHORT,2026-05-20,1.8410600423812866,1.8638105487733363,1.806934282793212,1245,False,False,2026-05-25,1.8638105487733363,LOSS,3.0,forex
GBPCAD,LONG,2026-07-21,1.8899199962615967,1.8681369390884472,1.9225945820213208,1289,False,False,,,OPEN,,forex
GBPCHF,LONG,2023-03-27,1.125,1.1064001544178623,1.1528997683732065,428,True,False,2023-04-21,1.1064001544178623,LOSS,19.0,forex
GBPCHF,SHORT,2024-08-27,1.1173900365829468,1.1383105359675652,1.0860092875060192,799,False,True,2024-12-17,1.1383105359675652,LOSS,80.0,forex
GBPCHF,SHORT,2025-11-11,1.0604300498962402,1.0722320025464676,1.0427271209208993,1111,False,False,2025-11-14,1.0427271209208993,WIN,3.0,forex
GBPCHF,SHORT,2025-12-19,1.062399983406067,1.0742380927922268,1.044642819326827,1139,False,False,2026-01-06,1.0742380927922268,LOSS,10.0,forex
GBPCHF,LONG,2026-03-17,1.0491600036621094,1.0366291677337862,1.0679562575545942,1199,False,True,2026-06-09,1.0679562575545942,WIN,60.0,forex
GBPCHF,LONG,2026-06-18,1.063230037689209,1.05400185327984,1.0770723143032623,1266,False,False,2026-07-06,1.0770723143032623,WIN,12.0,forex
GBPNZD,SHORT,2022-06-20,1.9328500032424927,1.9692502534496072,1.8782496279318208,228,False,False,2022-09-26,1.8782496279318208,WIN,70.0,forex
GBPNZD,SHORT,2022-09-28,1.90447998046875,1.9570603515059828,1.8256094239129008,300,False,False,2022-09-30,1.9570603515059828,LOSS,2.0,forex
GBPNZD,LONG,2022-10-25,1.9818400144577026,1.9199556332201622,2.0746665863140135,319,False,False,2022-11-04,1.9199556332201622,LOSS,8.0,forex
GBPNZD,SHORT,2023-01-17,1.9101899862289429,1.940607360190037,1.8645639252873014,379,False,False,2023-02-21,1.940607360190037,LOSS,25.0,forex
GBPNZD,LONG,2023-04-06,1.972040057182312,1.9376659148396111,2.0236012706963633,436,False,False,2023-04-21,2.0236012706963633,WIN,11.0,forex
GBPNZD,LONG,2023-06-14,2.0466299057006836,2.0093189176965414,2.102596387706897,485,False,False,2023-08-08,2.102596387706897,WIN,39.0,forex
GBPNZD,LONG,2023-08-31,2.135200023651123,2.10192928450049,2.1851061323770726,541,False,True,2023-09-14,2.10192928450049,LOSS,10.0,forex
GBPNZD,SHORT,2023-10-13,2.0572099685668945,2.0909153021976894,2.0066519681207025,572,False,True,2023-10-23,2.0909153021976894,LOSS,6.0,forex
GBPNZD,SHORT,2023-11-24,2.071199893951416,2.1022275923432105,2.024658346363724,602,False,False,2023-12-14,2.024658346363724,WIN,14.0,forex
GBPNZD,SHORT,2023-12-15,2.055039882659912,2.087641113284154,2.006138036723549,617,False,False,2023-12-25,2.006138036723549,WIN,6.0,forex
GBPNZD,SHORT,2024-02-13,2.059969902038574,2.0889215279966407,2.016542463101475,659,False,False,2024-03-06,2.0889215279966407,LOSS,16.0,forex
GBPNZD,LONG,2024-04-08,2.1024699211120605,2.0808860062127663,2.134845793461002,698,False,False,2024-05-08,2.0808860062127663,LOSS,22.0,forex
GBPNZD,SHORT,2024-06-25,2.072010040283203,2.0931421835427964,2.0403118253938133,754,False,False,2024-07-03,2.0931421835427964,LOSS,6.0,forex
GBPNZD,LONG,2024-08-02,2.144160032272339,2.111045559073855,2.1938317420700644,782,False,True,2024-08-07,2.111045559073855,LOSS,3.0,forex
GBPNZD,LONG,2024-09-12,2.1261401176452637,2.09665292648053,2.1703709043923647,811,False,False,2024-10-28,2.1703709043923647,WIN,32.0,forex
GBPNZD,SHORT,2024-11-21,2.1517601013183594,2.180761770499538,2.108257597546592,861,False,False,2024-12-06,2.180761770499538,LOSS,11.0,forex
GBPNZD,LONG,2025-01-03,2.213249921798706,2.1681868890609852,2.2808444709052873,891,False,False,2025-01-24,2.1681868890609852,LOSS,15.0,forex
GBPNZD,LONG,2025-02-05,2.2088100910186768,2.1788253416754255,2.2537872150335536,914,False,False,2025-03-03,2.2537872150335536,WIN,18.0,forex
GBPNZD,LONG,2025-03-17,2.247620105743408,2.209241339497333,2.305188255112521,942,False,True,2025-04-04,2.305188255112521,WIN,14.0,forex
GBPNZD,LONG,2025-04-10,2.2748498916625977,2.2103111283899217,2.3716580365716116,960,False,True,,,OPEN,,forex
AUDJPY,SHORT,2022-11-28,93.50800323486328,95.61489801971004,90.34766105759314,343,False,False,2022-12-20,90.34766105759314,WIN,16.0,forex
AUDJPY,SHORT,2023-04-06,87.91000366210938,90.58342863037126,83.89986620971655,436,False,True,2023-04-20,90.58342863037126,LOSS,10.0,forex
AUDJPY,LONG,2024-01-08,97.20099639892578,95.25932014175218,100.11351078468618,633,False,False,2024-03-21,100.11351078468618,WIN,53.0,forex
AUDJPY,LONG,2025-11-10,100.01100158691406,97.7180995549176,103.45035463490876,1110,False,False,2025-12-09,103.45035463490876,WIN,21.0,forex
AUDJPY,LONG,2025-12-17,102.64800262451172,100.78050944580541,105.4492423925712,1137,False,False,2026-01-06,105.4492423925712,WIN,12.0,forex
AUDJPY,LONG,2026-02-12,109.20099639892578,106.20745444725863,113.6913093264265,1176,False,False,2026-03-11,113.6913093264265,WIN,19.0,forex
AUDJPY,LONG,2026-03-20,111.81500244140625,109.09555951653789,115.89416682870879,1202,False,True,2026-03-30,109.09555951653789,LOSS,6.0,forex
AUDJPY,LONG,2026-05-06,113.58200073242188,111.25008788931082,117.07986999708845,1235,False,False,2026-06-26,111.25008788931082,LOSS,37.0,forex
CADJPY,SHORT,2023-01-23,96.73100280761719,99.9973952567925,91.83141413385422,383,False,True,2023-02-15,99.9973952567925,LOSS,17.0,forex
CADJPY,LONG,2025-11-10,109.51200103759766,107.45881188195867,112.59178477105614,1110,False,False,2025-12-08,112.59178477105614,WIN,20.0,forex
CADJPY,LONG,2026-01-07,113.4020004272461,111.80269307676015,115.800961452975,1150,False,False,2026-02-12,111.80269307676015,LOSS,26.0,forex
CADJPY,SHORT,2026-03-30,115.25800323486328,117.00652922022665,112.63521425681822,1208,False,False,2026-04-27,117.00652922022665,LOSS,20.0,forex
CADJPY,SHORT,2026-05-07,114.75900268554688,116.87231677098565,111.58903155738872,1236,False,True,2026-08-03,111.58903155738872,WIN,62.0,forex
CHFJPY,LONG,2025-12-01,194.0799102783203,191.271735927426,198.2921718046618,1125,False,True,2025-12-22,198.2921718046618,WIN,15.0,forex
CHFJPY,LONG,2026-01-07,196.8908233642578,194.3619892594624,200.68407452145092,1150,False,False,2026-01-23,200.68407452145092,WIN,12.0,forex
CHFJPY,LONG,2026-01-26,199.4347686767578,196.0284250825521,204.54428406806636,1163,False,False,2026-07-31,196.0284250825521,LOSS,134.0,forex
NZDJPY,SHORT,2024-12-25,88.66899871826172,90.78131525353353,85.500523915354,885,False,True,2025-02-07,85.500523915354,WIN,31.0,forex
NZDJPY,SHORT,2025-11-11,86.9729995727539,88.79490301932266,84.24014440290077,1111,True,False,2025-11-20,88.79490301932266,LOSS,7.0,forex
NZDJPY,LONG,2025-12-18,89.71399688720703,88.15753217813395,92.04869395081666,1138,False,False,2026-01-20,92.04869395081666,WIN,21.0,forex
NZDJPY,LONG,2026-03-03,93.5250015258789,91.51811377893215,96.53533314629905,1189,False,False,2026-03-30,91.51811377893215,LOSS,19.0,forex
NZDJPY,SHORT,2026-05-08,93.11000061035156,94.911401430085,90.40789938075142,1237,True,False,2026-05-29,94.911401430085,LOSS,15.0,forex
NZDJPY,SHORT,2026-06-16,93.33000183105469,94.91089638689067,90.95865999730071,1264,False,False,2026-07-16,94.91089638689067,LOSS,22.0,forex
AUDCAD,LONG,2024-02-27,0.8829699754714966,0.8726322737143037,0.8984765281072858,669,True,False,2024-04-09,0.8984765281072858,WIN,30.0,forex
AUDCAD,LONG,2024-06-19,0.913707971572876,0.9020435542705457,0.9312045975263714,750,False,True,2024-07-25,0.9020435542705457,LOSS,26.0,forex
AUDCAD,LONG,2025-11-14,0.9161999821662903,0.9056149379507663,0.9320775484895762,1114,False,False,2026-01-07,0.9320775484895762,WIN,36.0,forex
AUDCAD,LONG,2026-03-04,0.9626200199127197,0.9461300303732848,0.9873550042218722,1190,False,True,2026-03-09,0.9461300303732848,LOSS,3.0,forex
AUDCAD,LONG,2026-03-13,0.964460015296936,0.9442035743412037,0.9948446767305346,1197,False,False,2026-05-13,0.9948446767305346,WIN,43.0,forex
AUDCAD,LONG,2026-05-19,0.9849900007247925,0.9696157636400217,1.0080513563519486,1244,False,False,,,OPEN,,forex
AUDCHF,SHORT,2022-11-28,0.6357449889183044,0.6502437798768896,0.6139968024804267,343,False,False,2023-01-24,0.6502437798768896,LOSS,41.0,forex
AUDCHF,SHORT,2024-08-27,0.5735139846801758,0.5877283777030882,0.5521923951458072,799,False,True,2024-12-25,0.5521923951458072,WIN,86.0,forex
AUDCHF,LONG,2025-11-10,0.5247200131416321,0.5146023043253494,0.5398965763660561,1110,False,False,2025-11-14,0.5146023043253494,LOSS,4.0,forex
AUDCHF,LONG,2025-11-26,0.5227400064468384,0.5121739201522041,0.5385891358887898,1122,False,False,2026-01-15,0.5385891358887898,WIN,34.0,forex
AUDCHF,LONG,2026-01-22,0.5378699898719788,0.5271303549842713,0.55397944220354,1161,False,False,2026-03-03,0.55397944220354,WIN,28.0,forex
AUDCHF,LONG,2026-03-06,0.5473930239677429,0.5349918491422281,0.5659947862060152,1192,False,False,2026-04-28,0.5659947862060152,WIN,37.0,forex
AUDCHF,LONG,2026-06-02,0.563289999961853,0.5561540174193851,0.5739939737755549,1254,False,False,2026-06-29,0.5561540174193851,LOSS,19.0,forex
AUDNZD,LONG,2023-04-27,1.0798100233078003,1.0642088549781743,1.1032117758022393,451,False,False,2023-05-04,1.0642088549781743,LOSS,5.0,forex
AUDNZD,LONG,2024-04-22,1.0890439748764038,1.0798694362916792,1.1028057827534907,708,False,False,2024-05-23,1.0798694362916792,LOSS,23.0,forex
AUDNZD,SHORT,2025-02-06,1.1046110391616821,1.1136061335693348,1.0911183975502032,915,False,False,2025-02-12,1.1136061335693348,LOSS,4.0,forex
AUDNZD,LONG,2025-11-19,1.1500500440597534,1.137221030274221,1.169293564738052,1117,False,True,2026-02-09,1.169293564738052,WIN,56.0,forex
AUDNZD,LONG,2026-03-25,1.1984599828720093,1.1829111651661426,1.2217832094308094,1205,False,True,2026-04-29,1.2217832094308094,WIN,25.0,forex
AUDNZD,LONG,2026-05-07,1.215190052986145,1.2023091303289442,1.2345114369719463,1236,False,True,2026-05-29,1.2023091303289442,LOSS,16.0,forex
AUDNZD,SHORT,2026-06-15,1.208359956741333,1.2228876105210418,1.1865684760717699,1263,False,False,2026-06-19,1.2228876105210418,LOSS,4.0,forex
AUDNZD,SHORT,2026-07-23,1.202180027961731,1.2162636819930412,1.1810545469147655,1291,False,False,,,OPEN,,forex
NZDCAD,SHORT,2022-06-24,0.8161799907684326,0.8321448297503418,0.7922327322955689,232,False,False,2022-07-13,0.7922327322955689,WIN,13.0,forex
NZDCAD,SHORT,2022-07-19,0.7986090183258057,0.814337629209549,0.7750161020001907,249,False,True,2022-08-10,0.814337629209549,LOSS,16.0,forex
NZDCAD,LONG,2022-10-24,0.7863500118255615,0.7678818939094293,0.8140521886997598,318,True,False,2022-11-15,0.8140521886997598,WIN,16.0,forex
NZDCAD,LONG,2022-12-22,0.8560580015182495,0.835425986895491,0.8870060234523873,361,False,True,2023-02-27,0.835425986895491,LOSS,47.0,forex
NZDCAD,LONG,2023-03-16,0.8484370112419128,0.8329036287525935,0.8717370849758919,421,False,False,2023-04-12,0.8329036287525935,LOSS,19.0,forex
NZDCAD,SHORT,2023-04-25,0.835099995136261,0.850574506559924,0.8118882280007665,449,False,False,2023-05-03,0.850574506559924,LOSS,6.0,forex
NZDCAD,SHORT,2023-05-19,0.841526985168457,0.8573930558894344,0.8177278790869911,467,True,False,2023-05-31,0.8177278790869911,WIN,8.0,forex
NZDCAD,SHORT,2023-06-14,0.8199099898338318,0.8361199747303272,0.7955950124890887,485,False,True,2023-07-13,0.8361199747303272,LOSS,21.0,forex
NZDCAD,SHORT,2023-07-27,0.820222020149231,0.8379421431821392,0.7936418355998686,516,False,False,2023-11-29,0.8379421431821392,LOSS,89.0,forex
NZDCAD,LONG,2023-12-13,0.8336499929428101,0.8198875048251737,0.8542937251192646,615,False,True,2023-12-25,0.8198875048251737,LOSS,8.0,forex
NZDCAD,LONG,2023-12-26,0.8353000283241272,0.8161303546250072,0.8640545388728073,624,False,True,2024-02-02,0.8161303546250072,LOSS,28.0,forex
NZDCAD,LONG,2024-03-14,0.8300700187683105,0.820017861969664,0.8451482539662805,681,False,False,2024-03-19,0.820017861969664,LOSS,3.0,forex
NZDCAD,SHORT,2024-04-08,0.8167440295219421,0.8263199313446813,0.8023801767878334,698,False,True,2024-05-15,0.8263199313446813,LOSS,27.0,forex
NZDCAD,LONG,2024-06-17,0.8428549766540527,0.8313941743556477,0.8600461801016603,748,False,True,2024-06-28,0.8313941743556477,LOSS,9.0,forex
NZDCAD,SHORT,2024-12-18,0.8238300085067749,0.8360648983957114,0.8054776736733702,880,False,False,2024-12-25,0.8054776736733702,WIN,5.0,forex
NZDCAD,SHORT,2025-01-20,0.8085899949073792,0.8211546065952177,0.7897430773756213,902,False,True,2025-03-05,0.8211546065952177,LOSS,32.0,forex
NZDCAD,SHORT,2025-03-27,0.8173199892044067,0.8306362066603642,0.7973456630204705,950,False,False,2025-04-04,0.7973456630204705,WIN,6.0,forex
NZDCAD,LONG,2025-05-05,0.8225499987602234,0.805074995499934,0.8487625036506574,975,False,False,2025-09-25,0.805074995499934,LOSS,103.0,forex
NZDCAD,SHORT,2025-10-01,0.8068000078201294,0.8186688370972591,0.7889967639044349,1082,False,False,2025-11-19,0.7889967639044349,WIN,35.0,forex
NZDCAD,SHORT,2025-11-26,0.7929800152778625,0.8035468178841044,0.7771298113684997,1122,False,True,2025-11-27,0.8035468178841044,LOSS,1.0,forex
NZDCAD,SHORT,2025-12-29,0.7962549924850464,0.8058460124888107,0.7818684624793999,1144,False,False,2026-01-20,0.8058460124888107,LOSS,15.0,forex
NZDCAD,LONG,2026-02-23,0.819267988204956,0.8080311611274685,0.8361232288211873,1183,False,True,2026-03-03,0.8080311611274685,LOSS,6.0,forex
NZDCAD,LONG,2026-04-23,0.8069499731063843,0.795596146016352,0.8239807137414328,1226,False,False,2026-05-29,0.8239807137414328,WIN,26.0,forex
NZDCAD,LONG,2026-06-16,0.8152300119400024,0.8025436469503126,0.8342595594245372,1264,False,False,2026-06-24,0.8025436469503126,LOSS,6.0,forex
NZDCAD,LONG,2026-07-29,0.8153799772262573,0.8041262031331096,0.832260638365979,1295,False,False,,,OPEN,,forex
NZDCHF,SHORT,2022-07-22,0.6026999950408936,0.6149866796134028,0.5842699681821297,252,False,True,2022-09-13,0.5842699681821297,WIN,37.0,forex
NZDCHF,LONG,2022-12-19,0.595329999923706,0.5814182204264172,0.6161976691696394,358,False,True,2022-12-21,0.5814182204264172,LOSS,2.0,forex
NZDCHF,LONG,2023-01-12,0.5926600098609924,0.5790217666236606,0.6131173747169902,376,False,False,2023-02-15,0.5790217666236606,LOSS,24.0,forex
NZDCHF,SHORT,2023-05-02,0.5521900057792664,0.5638806020036005,0.5346541114427652,454,False,True,2023-05-08,0.5638806020036005,LOSS,4.0,forex
NZDCHF,SHORT,2023-06-28,0.5497999787330627,0.5602646933592917,0.5341029067937193,495,False,False,2023-07-21,0.5341029067937193,WIN,17.0,forex
NZDCHF,SHORT,2023-09-04,0.5259900093078613,0.5348569334208104,0.5126896231384377,543,False,True,2023-09-20,0.5348569334208104,LOSS,12.0,forex
NZDCHF,LONG,2023-11-21,0.5340399742126465,0.52352033371561,0.5498194349582012,599,False,False,2023-12-25,0.5498194349582012,WIN,24.0,forex
NZDCHF,LONG,2023-12-26,0.5395200252532959,0.5291511983897652,0.5550732655485919,624,False,False,2023-12-28,0.5291511983897652,LOSS,2.0,forex
NZDCHF,LONG,2024-03-05,0.5395699739456177,0.5308878232435512,0.5525931999987174,674,False,False,2024-04-19,0.5308878232435512,LOSS,33.0,forex
NZDCHF,LONG,2024-04-30,0.543749988079071,0.5352804299126532,0.5564543253286978,714,False,False,2024-05-17,0.5564543253286978,WIN,13.0,forex
NZDCHF,LONG,2024-06-03,0.5540900230407715,0.5455923123417609,0.5668365890892875,738,False,False,2024-06-14,0.5455923123417609,LOSS,9.0,forex
NZDCHF,LONG,2024-07-09,0.5503399968147278,0.5430230589992621,0.5613154035379264,764,False,False,2024-07-16,0.5430230589992621,LOSS,5.0,forex
NZDCHF,SHORT,2024-08-13,0.5205000042915344,0.5350838552450236,0.49862422786130073,789,False,True,2024-09-24,0.5350838552450236,LOSS,30.0,forex
NZDCHF,SHORT,2024-10-18,0.5247899889945984,0.5341527829277458,0.5107457980948773,837,False,False,2024-12-09,0.5107457980948773,WIN,36.0,forex
NZDCHF,SHORT,2025-01-03,0.5098000168800354,0.5196229346633325,0.4950656402050897,891,False,True,2025-04-04,0.4950656402050897,WIN,65.0,forex
NZDCHF,SHORT,2025-04-22,0.48532000184059143,0.5034402142294913,0.4581396832572417,966,False,False,2025-10-10,0.4581396832572417,WIN,123.0,forex
NZDCHF,LONG,2026-01-15,0.45925000309944153,0.45113786956411517,0.47141820340243107,1156,False,False,2026-07-14,0.47141820340243107,WIN,128.0,forex
CADCHF,LONG,2024-05-29,0.6684600114822388,0.6611235682271689,0.6794646763648435,735,False,False,2024-05-30,0.6611235682271689,LOSS,1.0,forex
CADCHF,LONG,2025-12-03,0.5746300220489502,0.5661781394823724,0.5873078458988169,1127,False,False,2026-01-26,0.5661781394823724,LOSS,36.0,forex
CADCHF,LONG,2026-03-23,0.5745900273323059,0.5662150642715312,0.587152471923468,1203,False,True,2026-04-14,0.5662150642715312,LOSS,16.0,forex
CADCHF,LONG,2026-05-01,0.5755199790000916,0.5682945446297947,0.5863581305555369,1232,False,False,2026-05-08,0.5682945446297947,LOSS,5.0,forex
CADCHF,LONG,2026-06-11,0.5734999775886536,0.5669240790782343,0.5833638253542826,1261,False,False,2026-06-15,0.5669240790782343,LOSS,2.0,forex
CADCHF,LONG,2026-06-25,0.5707499980926514,0.5644585827661636,0.580187121082383,1271,False,False,2026-07-23,0.580187121082383,WIN,20.0,forex
USDSEK,SHORT,2023-03-27,10.40060043334961,10.717187776603007,9.925719418469512,428,False,False,2023-05-24,10.717187776603007,LOSS,42.0,forex
USDSEK,LONG,2024-12-02,10.927069664001465,10.663622580697716,11.322240288957088,868,False,True,2024-12-25,10.663622580697716,LOSS,17.0,forex
USDSEK,LONG,2025-11-20,9.537260055541992,9.379801029870075,9.773448594049867,1118,False,False,2025-11-28,9.379801029870075,LOSS,6.0,forex
USDSEK,SHORT,2026-02-09,8.9993896484375,9.209173580120087,8.68471375091362,1173,False,True,2026-03-03,9.209173580120087,LOSS,16.0,forex
USDSEK,LONG,2026-04-30,9.304550170898438,9.094575176031835,9.619512663198341,1231,False,False,2026-06-19,9.619512663198341,WIN,36.0,forex
USDSEK,LONG,2026-07-15,9.655759811401367,9.474909080352003,9.927035907975414,1285,False,True,,,OPEN,,forex
USDNOK,SHORT,2022-07-25,9.90999984741211,10.267916332246724,9.373125120160188,253,False,False,2022-09-16,10.267916332246724,LOSS,39.0,forex
USDNOK,SHORT,2023-01-23,9.845450401306152,10.180807328303354,9.342415010810349,383,False,False,2023-02-03,10.180807328303354,LOSS,9.0,forex
USDNOK,LONG,2025-11-28,10.16018009185791,9.978347529792973,10.432928934955315,1124,False,False,2025-12-24,9.978347529792973,LOSS,18.0,forex
USDNOK,LONG,2026-01-14,10.085229873657227,9.943836770089083,10.297319529009442,1155,False,False,2026-01-21,9.943836770089083,LOSS,5.0,forex
USDNOK,SHORT,2026-02-26,9.541720390319824,9.761482526227715,9.21207718645799,1186,False,False,2026-03-03,9.761482526227715,LOSS,3.0,forex
USDNOK,SHORT,2026-03-23,9.566550254821777,9.81089859200374,9.200027749048832,1203,False,False,2026-03-31,9.81089859200374,LOSS,6.0,forex
USDNOK,SHORT,2026-05-15,9.273550033569336,9.462632807693385,8.989925872383262,1242,False,True,2026-06-08,9.462632807693385,LOSS,16.0,forex
USDNOK,LONG,2026-07-09,9.759349822998047,9.573715415016798,10.037801434969921,1281,False,True,2026-07-23,9.573715415016798,LOSS,10.0,forex
EURSEK,LONG,2023-01-23,11.173800468444824,10.94810413484651,11.512344968842296,383,False,True,2023-05-24,11.512344968842296,WIN,87.0,forex
EURSEK,SHORT,2024-02-29,11.18082046508789,11.333400873610188,10.951949852304445,671,False,True,2024-03-18,11.333400873610188,LOSS,12.0,forex
EURSEK,LONG,2024-07-08,11.39050006866455,11.214385091726367,11.654672534071826,763,True,True,2024-07-22,11.654672534071826,WIN,10.0,forex
EURSEK,SHORT,2025-11-14,10.937239646911621,11.063382681530015,10.74802509498403,1114,False,False,2026-01-06,10.74802509498403,WIN,35.0,forex
EURSEK,SHORT,2026-02-11,10.562800407409668,10.713907591946054,10.33613963060509,1175,False,True,2026-03-02,10.713907591946054,LOSS,13.0,forex
EURSEK,LONG,2026-05-06,10.826709747314453,10.67772239410545,11.050190777127959,1235,False,False,2026-06-23,11.050190777127959,WIN,34.0,forex
EURSEK,LONG,2026-07-14,11.059240341186523,10.937005169640532,11.24259309850551,1284,False,False,,,OPEN,,forex
EURNOK,LONG,2022-12-13,10.519700050354004,10.274114334277284,10.888078624469085,354,False,False,2023-01-31,10.888078624469085,WIN,35.0,forex
EURNOK,SHORT,2025-04-04,11.4068603515625,11.647984003501229,11.045174873654407,956,False,True,2025-04-07,11.647984003501229,LOSS,1.0,forex
EURNOK,SHORT,2025-11-14,11.655630111694336,11.82071474757066,11.40800315787985,1114,False,False,2025-11-21,11.82071474757066,LOSS,5.0,forex
EURNOK,SHORT,2026-05-27,10.775500297546387,10.936087673942858,10.53461923295168,1250,False,True,2026-06-09,10.936087673942858,LOSS,9.0,forex
EURNOK,LONG,2026-07-13,11.153380393981934,10.987790571549278,11.401765127630917,1283,False,True,2026-07-21,10.987790571549278,LOSS,6.0,forex
USDMXN,SHORT,2026-02-06,17.503599166870117,17.868264576432082,16.95660105252717,1172,False,True,2026-03-06,17.868264576432082,LOSS,20.0,forex
USDMXN,LONG,2026-04-06,17.880399703979492,17.444944015258415,18.53358323706111,1213,False,True,2026-04-08,17.444944015258415,LOSS,2.0,forex
USDMXN,LONG,2026-06-02,17.352949142456055,17.09880930717801,17.734158895373124,1254,False,False,,,OPEN,,forex
USDZAR,SHORT,2023-08-29,18.55430030822754,19.22187442154079,17.552939138257663,539,False,False,2023-09-05,19.22187442154079,LOSS,5.0,forex
USDZAR,SHORT,2025-11-18,17.171049118041992,17.52115568483226,16.645889267856592,1116,False,False,2025-12-24,16.645889267856592,WIN,26.0,forex
USDZAR,SHORT,2026-02-02,16.137269973754883,16.558243976306258,15.50580896992782,1168,False,True,2026-03-03,16.558243976306258,LOSS,21.0,forex
USDZAR,LONG,2026-04-06,16.969289779663086,16.367719369440973,17.871645394996257,1213,False,True,2026-04-08,16.367719369440973,LOSS,2.0,forex
USDZAR,LONG,2026-05-19,16.572799682617188,16.073624143189825,17.32156299175823,1244,False,False,,,OPEN,,forex
USDPLN,SHORT,2024-01-02,3.9368999004364014,4.02396555885178,3.806301412813333,629,False,True,2024-01-16,4.02396555885178,LOSS,10.0,forex
USDPLN,LONG,2025-11-10,3.6708199977874756,3.611849204968069,3.759276187016585,1110,False,False,2025-12-11,3.611849204968069,LOSS,23.0,forex
USDPLN,LONG,2026-01-09,3.6120500564575195,3.5705963849071534,3.674230563783069,1152,False,False,2026-01-22,3.5705963849071534,LOSS,9.0,forex
USDPLN,LONG,2026-03-25,3.6739299297332764,3.5839241443754997,3.8089386077699414,1205,False,True,2026-04-15,3.5839241443754997,LOSS,15.0,forex
USDPLN,LONG,2026-05-27,3.638050079345703,3.5837791789183155,3.7194564299867845,1250,False,False,2026-06-19,3.7194564299867845,WIN,17.0,forex
USDHUF,LONG,2025-12-22,329.8139953613281,324.21472436455605,338.21290185648627,1140,True,False,2026-01-26,324.21472436455605,LOSS,23.0,forex
USDHUF,LONG,2026-03-24,333.5539855957031,319.5230098810349,354.60044916770545,1204,False,True,2026-04-08,319.5230098810349,LOSS,11.0,forex
USDHUF,SHORT,2026-05-19,308.7909851074219,318.39008527358317,294.39233485817994,1244,False,True,2026-07-17,318.39008527358317,LOSS,43.0,forex
USDHUF,LONG,2026-08-03,314.8389892578125,307.16328444631813,326.35254647505406,1298,False,True,,,OPEN,,forex
USDILS,SHORT,2025-08-25,3.367419958114624,3.434207495570375,3.267238651930997,1055,False,False,2025-10-06,3.267238651930997,WIN,30.0,forex
USDILS,LONG,2025-11-25,3.262939929962158,3.193231757692823,3.367502188366161,1121,False,False,2025-12-12,3.193231757692823,LOSS,13.0,forex
USDILS,SHORT,2026-01-21,3.16198992729187,3.2133610689458134,3.084933214810955,1160,False,True,2026-01-28,3.084933214810955,WIN,5.0,forex
USDILS,SHORT,2026-02-06,3.1189799308776855,3.1736627121785457,3.0369557589263954,1172,False,True,2026-03-30,3.1736627121785457,LOSS,36.0,forex
USDILS,LONG,2026-04-08,3.1417999267578125,3.067901987773379,3.2526468352344624,1215,False,False,2026-04-09,3.067901987773379,LOSS,1.0,forex
SGDJPY,SHORT,2023-01-23,97.82599639892578,100.89735524815652,93.21895812507968,383,False,True,2023-02-21,100.89735524815652,LOSS,21.0,forex
SGDJPY,LONG,2025-11-10,118.07099914550781,116.39218344152842,120.5892227014769,1110,False,False,2025-11-20,120.5892227014769,WIN,8.0,forex
SGDJPY,LONG,2025-12-04,119.88099670410156,118.3038981603594,122.2466445197148,1128,False,False,2026-01-06,122.2466445197148,WIN,21.0,forex
SGDJPY,SHORT,2026-04-02,123.66799926757812,124.98772765113124,121.68840669224846,1211,False,False,2026-04-10,124.98772765113124,LOSS,6.0,forex
SGDJPY,SHORT,2026-05-15,124.01899719238281,125.47829220736907,121.83005466990343,1242,False,True,2026-06-30,125.47829220736907,LOSS,32.0,forex
HKDJPY,SHORT,2022-08-08,17.202999114990234,17.70236455194383,16.45395095955984,263,False,False,2022-08-29,17.70236455194383,LOSS,15.0,forex
HKDJPY,LONG,2022-10-26,18.85099983215332,18.418229463649208,19.50015538490949,320,False,True,2022-11-10,18.418229463649208,LOSS,11.0,forex
HKDJPY,SHORT,2022-12-16,17.71095085144043,18.278967676773156,16.85892561344134,357,False,True,2022-12-20,16.85892561344134,WIN,2.0,forex
HKDJPY,SHORT,2023-04-04,16.857999801635742,17.287978823382744,16.21303126901524,434,False,False,2023-04-28,17.287978823382744,LOSS,18.0,forex
HKDJPY,LONG,2023-05-08,17.22825050354004,16.808470202187905,17.85792095556824,458,False,False,2023-05-26,17.85792095556824,WIN,14.0,forex
HKDJPY,LONG,2023-10-11,19.006000518798828,18.75998862544782,19.375018358825336,570,False,False,2023-11-10,19.375018358825336,WIN,22.0,forex
HKDJPY,LONG,2023-11-17,19.314210891723633,19.03176386170809,19.737881436746946,597,False,False,2023-11-20,19.03176386170809,LOSS,1.0,forex
HKDJPY,SHORT,2024-03-15,18.95709991455078,19.265539477382102,18.4944405703038,682,False,False,2024-03-19,19.265539477382102,LOSS,2.0,forex
HKDJPY,LONG,2024-05-07,19.72715950012207,19.323314990769145,20.33292626415146,719,False,True,2024-06-20,20.33292626415146,WIN,32.0,forex
HKDJPY,SHORT,2024-09-03,18.817930221557617,19.3417315802733,18.032228183484094,804,False,True,2024-09-13,18.032228183484094,WIN,8.0,forex
HKDJPY,SHORT,2025-03-18,19.225339889526367,19.629080930110167,18.619728328650666,943,False,False,2025-04-04,18.619728328650666,WIN,13.0,forex
HKDJPY,SHORT,2025-05-06,18.53424072265625,19.048008047607745,17.763589735229008,976,False,False,2025-05-12,19.048008047607745,LOSS,4.0,forex
HKDJPY,SHORT,2025-05-30,18.335079193115234,18.845208332787507,17.569885483606825,994,False,False,2025-06-23,18.845208332787507,LOSS,16.0,forex
HKDJPY,LONG,2025-08-13,18.825950622558594,18.4472504639867,19.394000860416437,1047,False,False,2025-10-07,19.394000860416437,WIN,39.0,forex
HKDJPY,LONG,2025-12-01,20.028329849243164,19.72150644466787,20.488564956106103,1125,False,True,2026-01-26,19.72150644466787,LOSS,38.0,forex
HKDJPY,LONG,2026-02-09,20.125829696655273,19.7588370747995,20.67631862943893,1173,False,False,2026-02-10,19.7588370747995,LOSS,1.0,forex
HKDJPY,SHORT,2026-02-23,19.75181007385254,20.14490270451468,19.162171127859324,1183,False,False,2026-03-02,20.14490270451468,LOSS,5.0,forex
ZARJPY,SHORT,2022-07-05,8.291399955749512,8.657115580740502,7.742826518263026,239,False,False,2022-12-01,7.742826518263026,WIN,107.0,forex
ZARJPY,SHORT,2022-12-08,7.926199913024902,8.247754362560405,7.443868238721648,351,False,False,2023-01-19,7.443868238721648,WIN,30.0,forex
ZARJPY,SHORT,2023-01-26,7.532800197601318,7.816929396641678,7.106606399040779,386,False,False,2023-03-20,7.106606399040779,WIN,37.0,forex
ZARJPY,SHORT,2023-04-11,7.207099914550781,7.464344488830947,6.821233053130532,439,False,False,2023-05-01,7.464344488830947,LOSS,14.0,forex
ZARJPY,SHORT,2023-05-10,7.247600078582764,7.497664842385033,6.872502932879359,460,False,False,2023-06-12,7.497664842385033,LOSS,23.0,forex
ZARJPY,LONG,2023-09-18,7.788899898529053,7.577604524390149,8.105842959737409,553,False,False,2023-11-01,8.105842959737409,WIN,32.0,forex
ZARJPY,SHORT,2024-01-02,7.6697998046875,7.929045065301087,7.28093191376712,629,False,True,2024-02-13,7.929045065301087,LOSS,30.0,forex
ZARJPY,SHORT,2024-02-29,7.8109002113342285,7.9984098127515475,7.52963580920825,671,False,False,2024-03-20,7.9984098127515475,LOSS,14.0,forex
ZARJPY,LONG,2024-07-03,8.6766996383667,8.380995598117238,9.120255698740891,760,False,True,2024-07-24,8.380995598117238,LOSS,15.0,forex
ZARJPY,SHORT,2024-09-04,8.08430004119873,8.3723018475297,7.652297331702276,805,False,False,2024-09-24,8.3723018475297,LOSS,14.0,forex
ZARJPY,SHORT,2024-11-22,8.505800247192383,8.749208732222833,8.140687519646708,862,False,False,2025-02-20,8.140687519646708,WIN,63.0,forex
ZARJPY,SHORT,2025-03-14,8.086000442504883,8.306914878820802,7.754628788031004,941,False,False,2025-03-18,8.306914878820802,LOSS,2.0,forex
ZARJPY,SHORT,2025-05-01,7.678400039672852,7.951236157423322,7.269145863047146,973,False,False,2025-05-08,7.951236157423322,LOSS,5.0,forex
ZARJPY,LONG,2025-06-23,8.086400032043457,7.867566461492384,8.414650387870067,1010,False,False,2025-08-12,8.414650387870067,WIN,36.0,forex
ZARJPY,LONG,2025-08-21,8.327400207519531,8.172543147826437,8.559685797059174,1053,False,False,2025-09-22,8.559685797059174,WIN,22.0,forex
ZARJPY,LONG,2026-01-27,9.624600410461426,9.386954752431986,9.981068897505585,1164,False,True,2026-03-06,9.386954752431986,LOSS,28.0,forex
ZARJPY,SHORT,2026-04-02,9.422300338745117,9.710299058079775,8.990302259743132,1211,False,True,2026-04-09,9.710299058079775,LOSS,5.0,forex
ZARJPY,SHORT,2026-04-30,9.524499893188477,9.759548993548126,9.171926242649002,1231,False,False,2026-05-27,9.759548993548126,LOSS,19.0,forex
ZARJPY,SHORT,2026-07-24,9.741250991821289,9.965275651475249,9.40521400234035,1292,False,False,,,OPEN,,forex
MXNJPY,SHORT,2022-07-08,6.630003929138184,6.867588602116696,6.2736269196704155,242,False,False,2022-08-24,6.867588602116696,LOSS,33.0,forex
MXNJPY,SHORT,2023-01-23,6.842574119567871,7.09204782494872,6.468363561496598,383,False,False,2023-02-13,7.09204782494872,LOSS,15.0,forex
MXNJPY,SHORT,2023-03-28,7.152480125427246,7.4805313990375275,6.660403215011824,429,False,True,2023-04-28,7.4805313990375275,LOSS,23.0,forex
MXNJPY,LONG,2023-05-05,7.49429988861084,7.23200283352898,7.887745471233631,457,False,False,2023-05-26,7.887745471233631,WIN,15.0,forex
MXNJPY,LONG,2023-07-07,8.351099967956543,8.139918903365023,8.667871564843821,502,False,True,2023-08-24,8.667871564843821,WIN,34.0,forex
MXNJPY,SHORT,2023-12-21,8.373499870300293,8.651380037026424,7.956679620211096,621,False,False,2024-01-19,8.651380037026424,LOSS,21.0,forex
MXNJPY,LONG,2024-05-02,9.188199996948242,8.915707470110872,9.596938787204298,716,False,True,2024-06-03,8.915707470110872,LOSS,22.0,forex
MXNJPY,SHORT,2024-09-20,7.390869140625,7.719211834762855,6.898355099418218,817,False,True,2024-10-04,7.719211834762855,LOSS,10.0,forex
MXNJPY,LONG,2025-01-10,7.703420162200928,7.471550619756476,8.051224475867606,896,False,False,2025-01-16,7.471550619756476,LOSS,4.0,forex
MXNJPY,LONG,2025-03-20,7.40880012512207,7.178647156227123,7.7540295784644915,945,False,False,2025-04-04,7.178647156227123,LOSS,11.0,forex
MXNJPY,LONG,2025-05-08,7.336413860321045,7.074641860412765,7.729071860183465,978,False,False,2025-07-03,7.729071860183465,WIN,40.0,forex
MXNJPY,LONG,2025-08-06,7.873866081237793,7.685338205949193,8.156657894170694,1042,False,True,2025-10-06,8.156657894170694,WIN,43.0,forex
MXNJPY,LONG,2025-10-17,8.143199920654297,7.958576905428005,8.420134443493733,1094,False,False,2025-11-12,8.420134443493733,WIN,18.0,forex
MXNJPY,LONG,2025-12-04,8.479299545288086,8.323146149685734,8.713529638691615,1128,False,False,2025-12-19,8.713529638691615,WIN,11.0,forex
MXNJPY,LONG,2026-01-28,8.881620407104492,8.690511488314861,9.168283785288939,1165,False,True,2026-04-10,9.168283785288939,WIN,52.0,forex
MXNJPY,SHORT,2026-05-07,9.068120002746582,9.257066694946976,8.784699964445991,1236,False,False,2026-06-02,9.257066694946976,LOSS,18.0,forex
TRYJPY,SHORT,2022-07-14,7.859000205993652,8.119870886870382,7.467694184678558,246,False,False,2022-07-29,7.467694184678558,WIN,11.0,forex
TRYJPY,LONG,2022-09-27,7.816999912261963,7.592176635936367,8.154234826750358,299,False,False,2022-10-21,8.154234826750358,WIN,18.0,forex
TRYJPY,LONG,2022-10-24,7.932000160217285,7.725406943395358,8.241889985450175,318,False,False,2022-11-10,7.725406943395358,LOSS,13.0,forex
TRYJPY,LONG,2023-05-03,7.001999855041504,6.791849634121403,7.317225186421655,455,False,False,2023-05-12,6.791849634121403,LOSS,7.0,forex
TRYJPY,LONG,2023-05-22,6.945000171661377,6.689343720079518,7.328484849034165,468,False,True,2023-05-25,6.689343720079518,LOSS,3.0,forex
TRYJPY,LONG,2023-05-29,7.0269999504089355,6.668863332375498,7.564204877459092,473,False,True,2023-05-31,6.668863332375498,LOSS,2.0,forex
TRYJPY,LONG,2024-04-10,4.704999923706055,4.577010750207468,4.896983683953934,700,False,True,2024-04-12,4.577010750207468,LOSS,2.0,forex
TRYJPY,LONG,2024-04-15,4.729000091552734,4.584188780293789,4.946217058441153,703,False,True,2024-04-19,4.584188780293789,LOSS,4.0,forex
TRYJPY,LONG,2024-04-22,4.736999988555908,4.5865284736517795,4.962707260912101,708,False,True,2024-07-03,4.962707260912101,WIN,52.0,forex
TRYJPY,SHORT,2024-09-30,4.173999786376953,4.315148724997076,3.9622763784467683,823,False,True,2024-10-04,4.315148724997076,LOSS,4.0,forex
TRYJPY,LONG,2025-01-02,4.454999923706055,4.349788654170887,4.612816828008807,890,False,False,2025-01-21,4.349788654170887,LOSS,13.0,forex
TRYJPY,SHORT,2025-05-08,3.7179999351501465,3.8371554502981717,3.5392666624281084,978,False,True,2025-09-17,3.5392666624281084,WIN,94.0,forex
TRYJPY,LONG,2025-10-29,3.615999937057495,3.551854831898742,3.712217594795625,1102,False,False,2025-11-20,3.712217594795625,WIN,16.0,forex
TRYJPY,LONG,2025-12-01,3.6659998893737793,3.6093975576058597,3.7509033870256587,1125,False,False,2026-01-26,3.6093975576058597,LOSS,38.0,forex
TRYJPY,SHORT,2026-04-14,3.556999921798706,3.6031705079932745,3.4877440425068533,1219,False,False,2026-04-30,3.4877440425068533,WIN,12.0,forex
TRYJPY,SHORT,2026-06-03,3.477536916732788,3.5167367154281495,3.418737218689746,1255,False,True,2026-07-30,3.418737218689746,WIN,41.0,forex
PLNJPY,SHORT,2022-07-19,29.211999893188477,30.430352729103383,27.384470639316117,249,False,True,2022-09-07,30.430352729103383,LOSS,36.0,forex
PLNJPY,SHORT,2022-10-04,29.422000885009766,30.41325652936088,27.935117418483095,304,False,False,2022-10-17,30.41325652936088,LOSS,9.0,forex
PLNJPY,LONG,2022-11-11,30.802000045776367,29.872127155637383,32.196809380984845,332,False,True,2022-12-20,29.872127155637383,LOSS,27.0,forex
PLNJPY,SHORT,2023-01-23,29.839000701904297,30.853563826607868,28.31715601484894,383,False,False,2023-02-28,30.853563826607868,LOSS,26.0,forex
PLNJPY,SHORT,2023-03-28,30.239999771118164,31.215528624639365,28.77670649083636,429,False,False,2023-04-11,31.215528624639365,LOSS,10.0,forex
PLNJPY,LONG,2023-06-01,32.85599899291992,32.10936939975165,33.97594338267233,476,False,False,2023-06-14,33.97594338267233,WIN,9.0,forex
PLNJPY,LONG,2023-07-10,35.01100158691406,34.21119664112415,36.210709005598936,503,False,True,2023-09-07,34.21119664112415,LOSS,43.0,forex
PLNJPY,SHORT,2023-09-25,34.323001861572266,35.18793420700077,33.02560334342951,558,False,False,2023-10-16,35.18793420700077,LOSS,15.0,forex
PLNJPY,SHORT,2023-12-21,36.124000549316406,37.103827347990354,34.65426035130548,621,True,True,2024-01-02,34.65426035130548,WIN,8.0,forex
PLNJPY,LONG,2024-06-04,39.82500076293945,38.92441664357526,41.175876941985734,739,False,False,2024-06-10,38.92441664357526,LOSS,4.0,forex
PLNJPY,LONG,2024-07-17,40.301998138427734,39.36193089635963,41.71209900152989,770,False,False,2024-07-24,39.36193089635963,LOSS,5.0,forex
PLNJPY,SHORT,2024-08-15,37.77299880981445,39.05267787852414,35.85348020674992,791,False,True,2025-03-18,39.05267787852414,LOSS,152.0,forex
PLNJPY,LONG,2025-03-21,38.433998107910156,37.273259370137126,40.1751062145697,946,False,False,2025-04-07,37.273259370137126,LOSS,11.0,forex
PLNJPY,LONG,2025-05-21,38.41699981689453,37.49410798050733,39.80133757147533,987,False,False,2025-06-25,39.80133757147533,WIN,25.0,forex
PLNJPY,LONG,2025-07-29,40.35900115966797,39.59241640975897,41.50887828453147,1036,False,True,2025-10-08,41.50887828453147,WIN,51.0,forex
PLNJPY,LONG,2025-11-06,41.61000061035156,40.932439356858325,42.62634249059142,1108,False,False,2025-11-19,42.62634249059142,WIN,9.0,forex
PLNJPY,LONG,2026-01-16,43.69599914550781,43.04989199548988,44.66515987053471,1157,False,False,2026-02-12,43.04989199548988,LOSS,19.0,forex
PLNJPY,SHORT,2026-03-13,42.91299819946289,43.87050843155411,41.47673285132606,1197,False,False,2026-04-10,43.87050843155411,LOSS,20.0,forex
PLNJPY,SHORT,2026-05-11,43.53300094604492,44.287824360492735,42.4007658243732,1238,False,True,2026-07-30,42.4007658243732,WIN,58.0,forex
BTCUSD,SHORT,2022-07-10,20860.44921875,23123.7223324076,17465.5395482636,340,False,True,2022-07-19,23123.7223324076,LOSS,9.0,crypto
BTCUSD,LONG,2022-10-25,20095.857421875,19022.94073699681,21705.232449192285,447,True,False,2022-11-08,19022.94073699681,LOSS,14.0,crypto
BTCUSD,LONG,2022-12-04,17130.486328125,16150.727868157452,18600.124018076323,487,False,True,2023-01-12,18600.124018076323,WIN,39.0,crypto
BTCUSD,LONG,2023-02-26,23561.212890625,21994.483066938064,25911.3076261554,571,False,True,2023-03-08,21994.483066938064,LOSS,10.0,crypto
BTCUSD,LONG,2023-05-03,29006.30859375,26927.723184431215,32124.18670772818,637,False,False,2023-05-10,26927.723184431215,LOSS,7.0,crypto
BTCUSD,SHORT,2023-07-20,29792.015625,31278.81599718678,27561.81506671983,715,True,True,2023-08-17,27561.81506671983,WIN,28.0,crypto
BTCUSD,LONG,2023-12-12,41450.22265625,38755.049526343,45492.982351110506,860,False,True,2024-01-02,45492.982351110506,WIN,21.0,crypto
BTCUSD,LONG,2024-01-04,44179.921875,40820.28626688952,49219.37528716572,883,False,False,2024-01-18,40820.28626688952,LOSS,14.0,crypto
BTCUSD,LONG,2024-02-01,43075.7734375,40064.24965672072,47593.059108668924,911,False,False,2024-02-09,47593.059108668924,WIN,8.0,crypto
BTCUSD,LONG,2024-03-20,67913.671875,59954.00003494955,79853.17963507568,959,False,True,2024-04-17,59954.00003494955,LOSS,28.0,crypto
BTCUSD,LONG,2024-06-01,67706.9375,63160.737946768335,74526.2368298475,1032,False,False,2024-06-24,63160.737946768335,LOSS,23.0,crypto
BTCUSD,SHORT,2024-07-02,62029.015625,65664.5976784189,56575.642544871655,1063,False,True,2024-07-05,56575.642544871655,WIN,3.0,crypto
BTCUSD,SHORT,2024-08-02,61415.06640625,66485.80314806942,53808.96129352087,1094,True,False,2024-08-05,53808.96129352087,WIN,3.0,crypto
BTCUSD,SHORT,2024-08-09,60880.11328125,67555.43534885248,50867.13017984628,1101,True,True,2024-10-15,67555.43534885248,LOSS,67.0,crypto
BTCUSD,LONG,2025-01-29,103703.2109375,95412.29613014591,116139.58314853112,1274,True,False,2025-02-03,95412.29613014591,LOSS,5.0,crypto
BTCUSD,SHORT,2025-03-20,84167.1953125,92628.77488795546,71474.82594931682,1324,False,True,2025-04-22,92628.77488795546,LOSS,33.0,crypto
BTCUSD,SHORT,2025-06-05,101575.953125,107222.68892765621,93105.84942101568,1401,False,False,2025-06-09,107222.68892765621,LOSS,4.0,crypto
BTCUSD,SHORT,2025-06-17,104601.1171875,110420.43361224707,95872.14255037939,1413,False,False,2025-07-03,110420.43361224707,LOSS,16.0,crypto
BTCUSD,LONG,2025-08-16,117491.3515625,111723.29007591782,126143.44379237328,1473,False,False,2025-08-22,111723.29007591782,LOSS,6.0,crypto
BTCUSD,LONG,2025-09-11,115507.5390625,110182.22936271885,123495.50361217173,1499,False,False,2025-09-25,110182.22936271885,LOSS,14.0,crypto
BTCUSD,SHORT,2025-10-21,108476.890625,116674.26539799663,96180.82846550507,1539,False,True,2025-11-14,96180.82846550507,WIN,24.0,crypto
BTCUSD,SHORT,2025-12-04,92141.625,99670.19779056369,80848.76581415447,1583,False,True,2026-01-31,80848.76581415447,WIN,58.0,crypto
BTCUSD,SHORT,2026-02-26,67453.7734375,73829.21255966293,57890.6147542556,1667,False,True,2026-03-04,73829.21255966293,LOSS,6.0,crypto
BTCUSD,SHORT,2026-03-22,67845.2109375,73517.46570819328,59336.82878146008,1691,False,False,2026-04-11,73517.46570819328,LOSS,20.0,crypto
BTCUSD,LONG,2026-05-14,81051.25,76860.71987686491,87337.04518470264,1744,False,True,2026-05-17,76860.71987686491,LOSS,3.0,crypto
BTCUSD,LONG,2026-07-06,63995.015625,59590.28607029313,70602.10995706031,1797,False,True,,,OPEN,,crypto
ETHUSD,SHORT,2022-08-20,1577.0037841796875,1793.5021420554388,1252.2562473660605,381,False,True,2022-09-21,1252.2562473660605,WIN,32.0,crypto
ETHUSD,LONG,2022-12-04,1280.256591796875,1165.7828908853592,1451.9671431641486,487,False,True,2022-12-16,1165.7828908853592,LOSS,12.0,crypto
ETHUSD,LONG,2023-02-23,1651.0738525390625,1531.429477996498,1830.5404143529092,568,False,False,2023-03-09,1531.429477996498,LOSS,14.0,crypto
ETHUSD,LONG,2023-03-28,1772.78564453125,1610.146816372302,2016.743886769672,601,False,True,2023-04-13,2016.743886769672,WIN,16.0,crypto
ETHUSD,LONG,2023-04-20,1943.09765625,1795.0808441898923,2165.1228743401616,624,False,True,2023-04-26,1795.0808441898923,LOSS,6.0,crypto
ETHUSD,LONG,2023-05-28,1910.9141845703125,1802.342117714391,2073.772284854195,662,True,False,2023-06-05,1802.342117714391,LOSS,8.0,crypto
ETHUSD,LONG,2023-06-06,1884.494873046875,1772.805322575418,2052.0291987540604,671,False,False,2023-06-10,1772.805322575418,LOSS,4.0,crypto
ETHUSD,SHORT,2023-07-09,1863.009765625,1971.9222396650343,1699.6410545649485,704,False,False,2023-07-13,1971.9222396650343,LOSS,4.0,crypto
ETHUSD,SHORT,2023-07-22,1864.912353515625,1966.0186919643925,1713.2528458424738,717,False,False,2023-08-17,1713.2528458424738,WIN,26.0,crypto
ETHUSD,SHORT,2023-08-30,1705.1121826171875,1794.5566640844713,1570.9454604162618,756,False,True,2023-09-11,1570.9454604162618,WIN,12.0,crypto
ETHUSD,SHORT,2023-09-16,1635.2216796875,1715.659712714101,1514.5646301475986,773,False,True,2023-10-01,1715.659712714101,LOSS,15.0,crypto
ETHUSD,SHORT,2023-10-07,1634.51123046875,1715.63855172254,1512.8202485880652,794,False,False,2023-10-23,1715.63855172254,LOSS,16.0,crypto
ETHUSD,LONG,2023-12-13,2260.648681640625,2085.8799403282337,2522.801793609212,861,False,True,2024-01-10,2522.801793609212,WIN,28.0,crypto
ETHUSD,LONG,2024-01-19,2489.49853515625,2263.313852462682,2828.775559196602,898,False,False,2024-01-23,2263.313852462682,LOSS,4.0,crypto
ETHUSD,LONG,2024-02-07,2423.7451171875,2261.153050598002,2667.633217071747,917,False,False,2024-02-13,2667.633217071747,WIN,6.0,crypto
ETHUSD,LONG,2024-03-17,3642.4130859375,3210.2382291703398,4290.67537108824,956,False,True,2024-03-19,3210.2382291703398,LOSS,2.0,crypto
ETHUSD,LONG,2024-03-28,3561.2939453125,3124.7297468796232,4216.140242961816,967,False,True,2024-04-12,3124.7297468796232,LOSS,15.0,crypto
ETHUSD,SHORT,2024-06-11,3498.33056640625,3767.292641300796,3094.887454064431,1042,False,True,2024-07-04,3094.887454064431,WIN,23.0,crypto
ETHUSD,SHORT,2024-07-30,3278.667724609375,3555.6319938182555,2863.221320796054,1091,False,False,2024-08-03,2863.221320796054,WIN,4.0,crypto
ETHUSD,SHORT,2024-08-26,2681.340576171875,2946.5794691776523,2283.482236663209,1118,False,True,2024-09-06,2283.482236663209,WIN,11.0,crypto
ETHUSD,SHORT,2024-09-14,2418.595703125,2654.528702220586,2064.696204481621,1137,False,True,2024-09-23,2654.528702220586,LOSS,9.0,crypto
ETHUSD,SHORT,2024-10-07,2421.796630859375,2630.7687014786916,2108.3385249304,1160,False,False,2024-10-14,2630.7687014786916,LOSS,7.0,crypto
ETHUSD,SHORT,2024-10-25,2435.93408203125,2639.948025337,2129.9131670726247,1178,False,False,2024-10-29,2639.948025337,LOSS,4.0,crypto
ETHUSD,SHORT,2025-03-26,2009.1893310546875,2252.4859432021517,1644.2444128334912,1330,False,True,2025-04-06,1644.2444128334912,WIN,11.0,crypto
ETHUSD,LONG,2025-07-02,2571.33544921875,2308.848238203822,2965.066265741142,1428,False,False,2025-07-10,2965.066265741142,WIN,8.0,crypto
ETHUSD,LONG,2025-08-20,4334.50048828125,3884.775400492789,5009.088119963942,1477,False,True,2025-09-25,3884.775400492789,LOSS,36.0,crypto
ETHUSD,SHORT,2025-12-05,3024.432861328125,3400.1344809765533,2460.8804318554826,1584,False,True,2025-12-10,3400.1344809765533,LOSS,5.0,crypto
ETHUSD,SHORT,2025-12-15,2964.18310546875,3321.084029612294,2428.8317192534337,1594,False,True,2026-01-13,3321.084029612294,LOSS,29.0,crypto
ETHUSD,SHORT,2026-02-26,2026.7926025390625,2286.610793662258,1637.0653158542693,1667,False,True,2026-03-16,2286.610793662258,LOSS,18.0,crypto
ETHUSD,SHORT,2026-03-27,1991.27197265625,2218.653071270931,1650.2003247342286,1696,False,False,2026-04-07,2218.653071270931,LOSS,11.0,crypto
ETHUSD,SHORT,2026-05-15,2223.328857421875,2378.8378125383724,1990.0654247471289,1745,True,False,2026-05-28,1990.0654247471289,WIN,13.0,crypto
ETHUSD,LONG,2026-07-09,1744.484619140625,1594.8255164700172,1968.9732731465367,1800,False,False,2026-07-27,1968.9732731465367,WIN,18.0,crypto
ETHUSD,LONG,2026-07-28,1919.948486328125,1785.738588867738,2121.2633325187057,1819,False,False,,,OPEN,,crypto
SOLUSD,SHORT,2022-06-22,34.12163543701172,43.45666599309169,20.119089602891762,322,False,True,2022-07-18,43.45666599309169,LOSS,26.0,crypto
SOLUSD,SHORT,2022-07-26,36.190853118896484,42.87150732117234,26.169871815482704,356,False,False,2022-07-28,42.87150732117234,LOSS,2.0,crypto
SOLUSD,LONG,2022-09-26,33.88055419921875,29.517931000886655,40.42448899671689,418,True,False,2022-10-13,29.517931000886655,LOSS,17.0,crypto
SOLUSD,LONG,2022-10-28,32.111263275146484,28.882467375888638,36.954457124033254,450,False,False,2022-11-05,36.954457124033254,WIN,8.0,crypto
SOLUSD,SHORT,2022-12-15,14.02151107788086,15.909658838972168,11.189289436243897,498,False,True,2022-12-26,11.189289436243897,WIN,11.0,crypto
SOLUSD,LONG,2023-02-07,23.861356735229492,20.639711480582594,28.693824617199837,552,False,True,2023-02-09,20.639711480582594,LOSS,2.0,crypto
SOLUSD,LONG,2023-02-17,23.166757583618164,19.887346861707652,28.085873666483934,562,False,False,2023-03-07,19.887346861707652,LOSS,18.0,crypto
SOLUSD,LONG,2023-03-23,22.216777801513672,18.84473614540913,27.274840285670486,596,False,False,2023-06-07,18.84473614540913,LOSS,76.0,crypto
SOLUSD,SHORT,2023-06-22,16.642620086669922,18.73571665151663,13.502975239399861,687,False,True,2023-06-30,18.73571665151663,LOSS,8.0,crypto
SOLUSD,LONG,2023-09-29,20.300655364990234,18.820721429668172,22.520556267973326,786,False,False,2023-10-01,22.520556267973326,WIN,2.0,crypto
SOLUSD,LONG,2023-10-13,21.834917068481445,19.845446791091828,24.819122484565874,800,False,False,2023-10-19,24.819122484565874,WIN,6.0,crypto
SOLUSD,LONG,2024-01-04,105.0775375366211,86.36342186016236,133.1487110513092,883,False,True,2024-01-08,86.36342186016236,LOSS,4.0,crypto
SOLUSD,LONG,2024-01-17,102.0635986328125,85.13694775682784,127.4535749467895,896,False,False,2024-01-22,85.13694775682784,LOSS,5.0,crypto
SOLUSD,LONG,2024-02-01,97.84669494628906,84.46526817377581,117.91883510505895,911,False,False,2024-02-14,117.91883510505895,WIN,13.0,crypto
SOLUSD,LONG,2024-04-03,185.2486114501953,157.92695207148586,226.2311005182595,973,False,False,2024-04-12,157.92695207148586,LOSS,9.0,crypto
SOLUSD,SHORT,2024-05-12,143.52081298828125,163.91211052361578,112.93386668527945,1012,False,False,2024-05-16,163.91211052361578,LOSS,4.0,crypto
SOLUSD,SHORT,2024-06-28,139.70339965820312,157.1077663008432,113.59684969424302,1059,False,True,2024-07-15,157.1077663008432,LOSS,17.0,crypto
SOLUSD,SHORT,2024-08-09,156.45721435546875,183.15778894559654,116.40635247027707,1101,True,True,2024-11-06,183.15778894559654,LOSS,89.0,crypto
SOLUSD,LONG,2024-12-03,234.2003173828125,205.882158164541,276.67755621021973,1217,False,True,2024-12-10,205.882158164541,LOSS,7.0,crypto
SOLUSD,LONG,2025-01-30,239.0231475830078,200.26657499975192,297.15800645789164,1275,False,True,2025-02-02,200.26657499975192,LOSS,3.0,crypto
SOLUSD,SHORT,2025-03-29,124.587646484375,144.27555619753588,95.05578191463368,1333,False,False,2025-04-22,144.27555619753588,LOSS,24.0,crypto
SOLUSD,SHORT,2025-06-12,152.7896728515625,169.7013794936738,127.42211288839553,1408,False,False,2025-06-22,127.42211288839553,WIN,10.0,crypto
SOLUSD,LONG,2025-07-02,152.22763061523438,135.2141435764315,177.7478611734387,1428,False,False,2025-07-17,177.7478611734387,WIN,15.0,crypto
SOLUSD,LONG,2025-08-20,187.5863037109375,166.56591160723022,219.1168918664984,1477,False,True,2025-09-09,219.1168918664984,WIN,20.0,crypto
SOLUSD,LONG,2025-10-02,234.85687255859375,212.00210974376068,269.13901678084335,1520,False,False,2025-10-10,212.00210974376068,LOSS,8.0,crypto
SOLUSD,SHORT,2025-12-04,139.0145263671875,157.62748602644334,111.09508687830375,1583,False,True,2026-01-31,111.09508687830375,WIN,58.0,crypto
SOLUSD,SHORT,2026-02-26,85.90911865234375,97.66008237607157,68.28267306675201,1667,False,True,2026-05-11,97.66008237607157,LOSS,74.0,crypto
SOLUSD,SHORT,2026-05-17,85.1729507446289,91.91481447749297,75.06015514533281,1747,False,False,2026-06-02,75.06015514533281,WIN,16.0,crypto
SOLUSD,LONG,2026-07-09,78.04546356201172,70.79216127100908,88.92541699851569,1800,False,False,2026-08-01,70.79216127100908,LOSS,23.0,crypto
XRPUSD,SHORT,2022-06-29,0.3289780020713806,0.3754915455778997,0.259207686811602,329,False,True,2022-07-19,0.3754915455778997,LOSS,20.0,crypto
XRPUSD,LONG,2022-10-14,0.4889659881591797,0.42729637854378205,0.5814704025822761,436,False,True,2022-11-08,0.42729637854378205,LOSS,25.0,crypto
XRPUSD,LONG,2022-11-29,0.39854899048805237,0.34884255639585837,0.47310864162634336,482,False,True,2022-12-16,0.34884255639585837,LOSS,17.0,crypto
XRPUSD,LONG,2023-02-07,0.403903990983963,0.37377401536476806,0.44909895441275544,552,False,False,2023-02-13,0.37377401536476806,LOSS,6.0,crypto
XRPUSD,LONG,2023-02-20,0.3985249996185303,0.36798226693825525,0.44433909863894283,565,False,False,2023-03-03,0.36798226693825525,LOSS,11.0,crypto
XRPUSD,LONG,2023-05-19,0.4679819941520691,0.4332973113610123,0.5200090183386543,653,False,False,2023-05-30,0.5200090183386543,WIN,11.0,crypto
XRPUSD,LONG,2023-06-11,0.5212209820747375,0.47513965053832435,0.5903429793793573,676,False,True,2023-06-14,0.47513965053832435,LOSS,3.0,crypto
XRPUSD,LONG,2023-08-01,0.7072110176086426,0.6301605128706025,0.8227867747157027,727,False,True,2023-08-05,0.6301605128706025,LOSS,4.0,crypto
XRPUSD,LONG,2023-09-22,0.5125100016593933,0.4818103032231944,0.5585595493136917,779,False,False,2023-10-11,0.4818103032231944,LOSS,19.0,crypto
XRPUSD,SHORT,2023-10-17,0.49169400334358215,0.5180258829804791,0.4521961838882367,804,False,False,2023-10-19,0.5180258829804791,LOSS,2.0,crypto
XRPUSD,SHORT,2023-11-20,0.6128420233726501,0.678891936815371,0.5137671532085689,838,False,True,2023-12-09,0.678891936815371,LOSS,19.0,crypto
XRPUSD,SHORT,2023-12-15,0.6154919862747192,0.6687407352974388,0.5356188627406399,863,False,False,2024-01-19,0.5356188627406399,WIN,35.0,crypto
XRPUSD,SHORT,2024-02-10,0.5241119861602783,0.5588777055514067,0.47196340707358575,920,False,True,2024-02-15,0.5588777055514067,LOSS,5.0,crypto
XRPUSD,SHORT,2024-03-19,0.5844410061836243,0.6821265272544774,0.43791272457734454,958,True,False,2024-04-13,0.43791272457734454,WIN,25.0,crypto
XRPUSD,SHORT,2024-04-23,0.5451589822769165,0.6151671017481712,0.4401468030700344,993,False,False,2024-07-04,0.4401468030700344,WIN,72.0,crypto
XRPUSD,SHORT,2024-08-04,0.5233960151672363,0.5924876050665258,0.4197586303183022,1096,True,True,2024-08-07,0.5924876050665258,LOSS,3.0,crypto
XRPUSD,SHORT,2024-08-15,0.5609549880027771,0.6392373805432194,0.4435313991921136,1107,False,False,2024-09-29,0.6392373805432194,LOSS,45.0,crypto
XRPUSD,LONG,2024-12-20,2.276885986328125,1.7771651815041765,3.0264671935640477,1234,False,True,2025-01-15,3.0264671935640477,WIN,26.0,crypto
XRPUSD,LONG,2025-02-19,2.7408010959625244,2.338168183422067,3.3447504647732105,1295,False,True,2025-02-24,2.338168183422067,LOSS,5.0,crypto
XRPUSD,LONG,2025-03-05,2.500509023666382,2.007696710223126,3.239727493831266,1309,False,True,2025-03-10,2.007696710223126,LOSS,5.0,crypto
XRPUSD,LONG,2025-03-19,2.5458409786224365,2.1513002196525894,3.137652117077207,1323,True,False,2025-03-29,2.1513002196525894,LOSS,10.0,crypto
XRPUSD,SHORT,2025-04-15,2.0885488986968994,2.4032600272901403,1.616482205807038,1350,False,False,2025-05-09,2.4032600272901403,LOSS,24.0,crypto
XRPUSD,SHORT,2025-05-26,2.3106610774993896,2.529066944069473,1.9830522776442645,1391,False,False,2025-06-22,1.9830522776442645,WIN,27.0,crypto
XRPUSD,SHORT,2025-06-26,2.1058549880981445,2.306990793388374,1.8041512801628004,1422,False,False,2025-06-30,2.306990793388374,LOSS,4.0,crypto
XRPUSD,SHORT,2025-08-02,2.766371965408325,3.126437610267857,2.2262734981190277,1459,False,True,2025-08-07,3.126437610267857,LOSS,5.0,crypto
XRPUSD,SHORT,2025-08-18,3.0614829063415527,3.3908879218287136,2.5673753831108117,1475,False,True,2025-10-10,2.5673753831108117,WIN,53.0,crypto
XRPUSD,SHORT,2025-11-11,2.391724109649658,2.718389484433249,1.9017260474742723,1560,False,True,2025-11-21,1.9017260474742723,WIN,10.0,crypto
XRPUSD,SHORT,2025-11-25,2.1985440254211426,2.506221517714815,1.7370277869806339,1574,False,True,2026-01-30,1.7370277869806339,WIN,66.0,crypto
XRPUSD,SHORT,2026-02-15,1.474856972694397,1.70845951183901,1.1244531639774773,1656,False,True,2026-06-05,1.1244531639774773,WIN,110.0,crypto
XRPUSD,LONG,2026-07-21,1.1424729824066162,1.0702086789120833,1.2508694376484155,1812,False,False,2026-07-27,1.0702086789120833,LOSS,6.0,crypto
BNBUSD,SHORT,2022-06-26,233.85874938964844,269.9697199213157,179.69229359214756,326,False,True,2022-07-19,269.9697199213157,LOSS,23.0,crypto
BNBUSD,SHORT,2022-08-22,300.5591125488281,329.27382020045553,257.487051071387,383,False,False,2022-09-19,257.487051071387,WIN,28.0,crypto
BNBUSD,LONG,2022-09-29,283.7890319824219,261.9646414513703,316.5256177789992,421,False,False,2022-10-13,261.9646414513703,LOSS,14.0,crypto
BNBUSD,LONG,2022-10-25,284.4325256347656,269.148902530861,307.3579602906226,447,False,False,2022-10-29,307.3579602906226,WIN,4.0,crypto
BNBUSD,LONG,2022-11-29,295.4981689453125,262.4004099531205,345.1448074336005,482,False,False,2022-12-13,262.4004099531205,LOSS,14.0,crypto
BNBUSD,LONG,2023-02-20,315.37744140625,289.6725851117427,353.93472584801094,565,False,True,2023-03-03,289.6725851117427,LOSS,11.0,crypto
BNBUSD,LONG,2023-04-11,322.7582702636719,305.934023610525,347.99464024339215,615,False,False,2023-04-16,347.99464024339215,WIN,5.0,crypto
BNBUSD,LONG,2023-04-22,331.9950866699219,310.47564868356045,364.274243649464,626,False,False,2023-05-10,310.47564868356045,LOSS,18.0,crypto
BNBUSD,SHORT,2023-07-02,246.25791931152344,264.56438349013445,218.79822304360692,697,False,True,2023-08-17,218.79822304360692,WIN,46.0,crypto
BNBUSD,SHORT,2023-08-30,223.7994384765625,235.33188859216926,206.50076330315235,756,False,True,2023-09-11,206.50076330315235,WIN,12.0,crypto
BNBUSD,SHORT,2023-09-21,210.7939453125,219.93191918283995,197.08698450699006,778,False,False,2023-10-02,219.93191918283995,LOSS,11.0,crypto
BNBUSD,SHORT,2023-10-07,212.36447143554688,220.0963624642601,200.76663489247704,794,False,False,2023-10-23,220.0963624642601,LOSS,16.0,crypto
BNBUSD,LONG,2023-11-14,242.263671875,226.92695650093518,265.2687449360972,832,False,True,2023-11-21,226.92695650093518,LOSS,7.0,crypto
BNBUSD,LONG,2023-12-08,238.91598510742188,224.04918436496507,261.2161862211071,856,False,False,2023-12-20,261.2161862211071,WIN,12.0,crypto
BNBUSD,LONG,2024-01-08,304.5003967285156,276.64213259245327,346.28779293260914,887,False,True,2024-02-15,346.28779293260914,WIN,38.0,crypto
BNBUSD,LONG,2024-03-20,556.7005004882812,473.95976124884885,680.8116093474298,959,False,True,2024-06-04,680.8116093474298,WIN,76.0,crypto
BNBUSD,SHORT,2024-08-02,542.9151611328125,585.8379159468955,478.53102891168805,1094,False,False,2024-08-05,478.53102891168805,WIN,3.0,crypto
BNBUSD,SHORT,2024-08-11,503.8045349121094,560.5486149094367,418.68841491611846,1103,False,True,2024-08-19,560.5486149094367,LOSS,8.0,crypto
BNBUSD,SHORT,2024-09-10,517.4838256835938,559.9946068054599,453.7176540007946,1133,False,True,2024-09-15,559.9946068054599,LOSS,5.0,crypto
BNBUSD,SHORT,2024-10-02,542.7123413085938,587.6343893461193,475.32926925230544,1155,False,False,2024-10-14,587.6343893461193,LOSS,12.0,crypto
BNBUSD,SHORT,2024-12-21,663.2794799804688,740.9916669850427,546.7111994736078,1235,False,False,2025-01-06,740.9916669850427,LOSS,16.0,crypto
BNBUSD,LONG,2025-02-19,653.5147094726562,585.6981578949541,755.2395368392094,1295,False,True,2025-02-28,585.6981578949541,LOSS,9.0,crypto
BNBUSD,SHORT,2025-03-30,601.8302001953125,650.1785365522865,529.3076956598516,1334,True,False,2025-04-07,529.3076956598516,WIN,8.0,crypto
BNBUSD,SHORT,2025-04-13,584.04248046875,631.4714153273328,512.8990781808758,1348,False,False,2025-05-09,631.4714153273328,LOSS,26.0,crypto
BNBUSD,SHORT,2025-06-05,634.0535888671875,672.3973089197547,576.5380087883368,1401,False,True,2025-06-10,672.3973089197547,LOSS,5.0,crypto
BNBUSD,SHORT,2025-06-17,648.5108032226562,681.6705926163529,598.7711191321113,1413,False,False,2025-07-10,681.6705926163529,LOSS,23.0,crypto
BNBUSD,LONG,2025-08-04,769.05908203125,710.7050846443906,856.5900781115391,1461,False,True,2025-08-13,856.5900781115391,WIN,9.0,crypto
BNBUSD,LONG,2025-08-26,863.6304931640625,796.1280081115083,964.8842207428938,1483,False,True,2025-09-17,964.8842207428938,WIN,22.0,crypto
BNBUSD,LONG,2025-09-26,960.9239501953125,887.5544601065407,1070.9781853284703,1514,False,True,2025-10-02,1070.9781853284703,WIN,6.0,crypto
BNBUSD,LONG,2025-10-11,1137.1993408203125,986.3180699276076,1363.52124715937,1529,False,True,2025-10-13,1363.52124715937,WIN,2.0,crypto
BNBUSD,LONG,2025-10-27,1139.7459716796875,1004.0062873320428,1343.3554982011547,1545,False,False,2025-11-03,1004.0062873320428,LOSS,7.0,crypto
BNBUSD,SHORT,2025-12-14,877.806884765625,949.2183537586402,770.6896812761022,1593,False,False,2026-01-14,949.2183537586402,LOSS,31.0,crypto
BNBUSD,SHORT,2026-01-29,867.09814453125,915.7443395089963,794.1288520646306,1639,False,False,2026-01-31,794.1288520646306,WIN,2.0,crypto
BNBUSD,SHORT,2026-03-03,633.8309326171875,690.8793235781416,548.2583461757564,1672,False,True,2026-05-30,690.8793235781416,LOSS,88.0,crypto
BNBUSD,LONG,2026-08-02,587.5682983398438,561.3352013274974,626.9179438583633,1824,False,False,,,OPEN,,crypto
ADAUSD,SHORT,2022-06-26,0.48965299129486084,0.5853540994439625,0.3461013290712083,326,False,False,2022-08-14,0.5853540994439625,LOSS,49.0,crypto
ADAUSD,LONG,2022-09-07,0.4792819917201996,0.42484617387622825,0.5609357184861565,399,True,False,2022-10-02,0.42484617387622825,LOSS,25.0,crypto
ADAUSD,LONG,2022-10-28,0.40450701117515564,0.3659304339102731,0.4623718770724795,450,False,True,2022-11-08,0.3659304339102731,LOSS,11.0,crypto
ADAUSD,SHORT,2022-12-14,0.308133989572525,0.3303840137190329,0.2747589533527632,497,False,True,2022-12-16,0.2747589533527632,WIN,2.0,crypto
ADAUSD,LONG,2023-03-21,0.37123599648475647,0.329057116054464,0.4345043171301951,594,False,False,2023-04-14,0.4345043171301951,WIN,24.0,crypto
ADAUSD,LONG,2023-06-02,0.37830400466918945,0.3547900375234893,0.4135749553877397,667,True,False,2023-06-05,0.3547900375234893,LOSS,3.0,crypto
ADAUSD,SHORT,2023-07-06,0.27970001101493835,0.3081600973472705,0.23700988151644012,701,False,False,2023-07-13,0.3081600973472705,LOSS,7.0,crypto
ADAUSD,SHORT,2023-08-03,0.29257598519325256,0.3172931751098508,0.25550020031835524,729,False,True,2023-08-17,0.25550020031835524,WIN,14.0,crypto
ADAUSD,SHORT,2023-08-30,0.2656539976596832,0.2860520141826772,0.2350569728751923,756,False,True,2023-10-24,0.2860520141826772,LOSS,55.0,crypto
ADAUSD,LONG,2024-02-02,0.5139579772949219,0.45870671826857806,0.5968348658344376,912,False,False,2024-02-15,0.5968348658344376,WIN,13.0,crypto
ADAUSD,LONG,2024-02-24,0.5966960191726685,0.5391584898902029,0.6830023130963668,934,False,False,2024-02-29,0.6830023130963668,WIN,5.0,crypto
ADAUSD,SHORT,2024-05-28,0.45699000358581543,0.49701990114212796,0.3969451572513466,1028,False,False,2024-06-17,0.3969451572513466,WIN,20.0,crypto
ADAUSD,SHORT,2024-07-28,0.40738698840141296,0.450441404775013,0.3428053638410129,1089,True,False,2024-08-04,0.3428053638410129,WIN,7.0,crypto
ADAUSD,SHORT,2024-08-30,0.34715399146080017,0.38575910965350124,0.28924631417174856,1122,False,True,2024-09-24,0.38575910965350124,LOSS,25.0,crypto
ADAUSD,SHORT,2024-10-07,0.3514670133590698,0.3851122279018381,0.30099919154491744,1160,False,False,2024-11-07,0.3851122279018381,LOSS,31.0,crypto
ADAUSD,LONG,2024-12-11,1.0888899564743042,0.8797536960045547,1.4025943471789284,1225,False,True,2024-12-19,0.8797536960045547,LOSS,8.0,crypto
ADAUSD,LONG,2025-01-15,1.0791540145874023,0.9145159767710962,1.3261110713118616,1260,False,False,2025-01-27,0.9145159767710962,LOSS,12.0,crypto
ADAUSD,LONG,2025-03-04,0.941277027130127,0.722811355258956,1.2689755349368834,1308,False,True,2025-03-09,0.722811355258956,LOSS,5.0,crypto
ADAUSD,SHORT,2025-03-20,0.7175170183181763,0.8600558889549296,0.5037087123630464,1324,False,False,2025-05-12,0.8600558889549296,LOSS,53.0,crypto
ADAUSD,SHORT,2025-05-29,0.7223420143127441,0.8077359542617512,0.5942511043892336,1394,False,False,2025-06-18,0.5942511043892336,WIN,20.0,crypto
ADAUSD,SHORT,2025-07-04,0.5728909969329834,0.6407379738854515,0.47112053150428124,1430,False,True,2025-07-10,0.6407379738854515,LOSS,6.0,crypto
ADAUSD,SHORT,2025-08-01,0.7156670093536377,0.8129070632097658,0.5698069285694456,1458,False,True,2025-08-09,0.8129070632097658,LOSS,8.0,crypto
ADAUSD,SHORT,2025-08-29,0.8271369934082031,0.9439342951851684,0.6519410407427553,1486,False,True,2025-09-13,0.9439342951851684,LOSS,15.0,crypto
ADAUSD,LONG,2025-09-16,0.8806899785995483,0.7990746596093544,1.0031129570848392,1504,False,False,2025-09-24,0.7990746596093544,LOSS,8.0,crypto
ADAUSD,LONG,2025-10-06,0.8718159794807434,0.7916470458388021,0.9920693799436554,1524,False,False,2025-10-10,0.7916470458388021,LOSS,4.0,crypto
ADAUSD,SHORT,2025-12-04,0.43945398926734924,0.4998970731345714,0.348789363466516,1583,False,True,2025-12-18,0.348789363466516,WIN,14.0,crypto
ADAUSD,SHORT,2026-01-19,0.3701249957084656,0.41130832005877455,0.30835000918300215,1629,False,False,2026-01-31,0.30835000918300215,WIN,12.0,crypto
ADAUSD,SHORT,2026-02-15,0.2817800045013428,0.32293157257134236,0.2200526523963434,1656,False,True,2026-06-02,0.2200526523963434,WIN,107.0,crypto
ADAUSD,LONG,2026-07-21,0.17334799468517303,0.15623475313353272,0.19901785701263353,1812,False,False,2026-07-27,0.15623475313353272,LOSS,6.0,crypto
LINKUSD,SHORT,2022-06-21,6.838943004608154,8.58539123496478,4.219270659073216,321,False,False,2022-08-08,8.58539123496478,LOSS,48.0,crypto
LINKUSD,LONG,2022-09-08,7.407059192657471,6.516032428856355,8.743599338359145,400,False,False,2022-10-13,6.516032428856355,LOSS,35.0,crypto
LINKUSD,LONG,2022-10-29,7.613306999206543,6.916015208412626,8.659244685397418,451,False,False,2022-11-04,8.659244685397418,WIN,6.0,crypto
LINKUSD,LONG,2022-11-28,7.207573890686035,6.169009321418869,8.765420744586784,481,False,False,2022-12-16,6.169009321418869,LOSS,18.0,crypto
LINKUSD,LONG,2023-02-07,7.198653221130371,6.522210648838704,8.213317079567872,552,False,False,2023-02-13,6.522210648838704,LOSS,6.0,crypto
LINKUSD,LONG,2023-02-22,7.708319187164307,6.879294850232086,8.951855692562637,567,False,True,2023-03-03,6.879294850232086,LOSS,9.0,crypto
LINKUSD,LONG,2023-03-21,7.407576084136963,6.571389175761094,8.661856446700767,594,False,False,2023-04-18,8.661856446700767,WIN,28.0,crypto
LINKUSD,SHORT,2023-05-31,6.480094909667969,6.870204302652784,5.894930820190746,665,False,False,2023-06-07,5.894930820190746,WIN,7.0,crypto
LINKUSD,LONG,2023-08-14,7.414638042449951,6.860294567961516,8.246153254182605,740,False,False,2023-08-16,6.860294567961516,LOSS,2.0,crypto
LINKUSD,LONG,2023-09-18,6.5657548904418945,6.079405833116766,7.295278476429587,775,True,False,2023-09-25,7.295278476429587,WIN,7.0,crypto
LINKUSD,LONG,2023-10-11,7.393107891082764,6.746051189709476,8.363692943142695,798,False,True,2023-10-21,8.363692943142695,WIN,10.0,crypto
LINKUSD,LONG,2023-11-18,13.74829387664795,11.57107504724223,17.01412212075653,836,False,True,2023-12-08,17.01412212075653,WIN,20.0,crypto
LINKUSD,LONG,2023-12-14,15.393107414245605,13.427438045139379,18.341611467904947,862,False,False,2024-01-03,13.427438045139379,LOSS,20.0,crypto
LINKUSD,LONG,2024-01-14,14.79709243774414,12.722481658137493,17.909008607154114,893,False,False,2024-02-02,17.909008607154114,WIN,19.0,crypto
LINKUSD,LONG,2024-02-28,19.431785583496094,17.476562525241672,22.36462017087773,938,False,True,2024-03-05,17.476562525241672,LOSS,6.0,crypto
LINKUSD,LONG,2024-03-06,20.075965881347656,17.49017646394153,23.954650007456845,945,False,True,2024-03-17,17.49017646394153,LOSS,11.0,crypto
LINKUSD,SHORT,2024-04-01,18.38026237487793,20.633600402803275,15.000255332989912,971,False,False,2024-04-12,15.000255332989912,WIN,11.0,crypto
LINKUSD,SHORT,2024-04-23,15.196627616882324,17.43072009134826,11.845488905183421,993,False,True,2024-05-24,17.43072009134826,LOSS,31.0,crypto
LINKUSD,SHORT,2024-06-08,15.944519996643066,17.72964451063322,13.266833225657834,1039,False,True,2024-06-18,13.266833225657834,WIN,10.0,crypto
LINKUSD,SHORT,2024-07-03,13.620819091796875,15.107917017711106,11.390172202925529,1064,False,True,2024-07-05,11.390172202925529,WIN,2.0,crypto
LINKUSD,SHORT,2024-07-28,13.293225288391113,14.75454027967861,11.101252801459868,1089,False,False,2024-08-04,11.101252801459868,WIN,7.0,crypto
LINKUSD,SHORT,2024-09-11,10.406829833984375,11.577516201819632,8.65080028223149,1134,False,True,2024-09-20,11.577516201819632,LOSS,9.0,crypto
LINKUSD,SHORT,2024-10-07,11.160425186157227,12.319851020415397,9.421286434769971,1160,False,False,2024-10-30,12.319851020415397,LOSS,23.0,crypto
LINKUSD,LONG,2025-01-19,24.2492733001709,20.200521017873402,30.32240172361714,1264,False,False,2025-02-02,20.200521017873402,LOSS,14.0,crypto
LINKUSD,SHORT,2025-03-20,14.215102195739746,16.842375869383186,10.274191685274586,1324,False,True,2025-04-07,10.274191685274586,WIN,18.0,crypto
LINKUSD,SHORT,2025-04-13,12.6239013671875,14.78325132128752,9.384876436037471,1348,False,False,2025-04-23,14.78325132128752,LOSS,10.0,crypto
LINKUSD,SHORT,2025-05-07,13.819287300109863,15.272307277826613,11.639757333534739,1372,False,False,2025-05-08,15.272307277826613,LOSS,1.0,crypto
LINKUSD,SHORT,2025-05-29,15.040348052978516,16.956125953450147,12.166681202271068,1394,False,False,2025-06-21,12.166681202271068,WIN,23.0,crypto
LINKUSD,SHORT,2025-06-25,13.136893272399902,14.844373760806624,10.57567253978982,1421,False,False,2025-07-10,14.844373760806624,LOSS,15.0,crypto
LINKUSD,LONG,2025-08-26,24.399843215942383,20.49496680258559,30.257157835977573,1483,False,True,2025-09-25,20.49496680258559,LOSS,30.0,crypto
LINKUSD,LONG,2025-10-06,23.37454605102539,21.0447497074096,26.869240566449076,1524,False,False,2025-10-10,21.0447497074096,LOSS,4.0,crypto
LINKUSD,SHORT,2025-11-11,15.298300743103027,17.82725513296899,11.504869158304084,1560,False,True,2026-01-25,11.504869158304084,WIN,75.0,crypto
LINKUSD,SHORT,2026-02-27,8.708776473999023,9.808530026632587,7.059146145048678,1668,False,True,2026-03-16,9.808530026632587,LOSS,17.0,crypto
LINKUSD,SHORT,2026-03-22,8.685224533081055,9.578351261149347,7.345534440978616,1691,False,False,2026-04-16,9.578351261149347,LOSS,25.0,crypto
LINKUSD,SHORT,2026-05-01,9.092687606811523,9.722973706319577,8.147258457549444,1731,False,False,2026-05-05,9.722973706319577,LOSS,4.0,crypto
LINKUSD,LONG,2026-07-10,7.962952136993408,7.307486139960953,8.946151132542091,1801,True,False,,,OPEN,,crypto
AVAXUSD,SHORT,2022-06-26,19.692432403564453,24.846364776513695,11.96153384414059,326,False,True,2022-07-19,24.846364776513695,LOSS,23.0,crypto
AVAXUSD,SHORT,2022-09-13,19.06827163696289,21.976598784686924,14.70578091537684,405,False,False,2022-10-13,14.70578091537684,WIN,30.0,crypto
AVAXUSD,LONG,2022-10-26,17.015155792236328,15.54832557223288,19.215401122241502,448,True,False,2022-10-31,19.215401122241502,WIN,5.0,crypto
AVAXUSD,LONG,2023-02-17,19.477388381958008,16.97507078746622,23.230864773695693,562,False,True,2023-03-03,16.97507078746622,LOSS,14.0,crypto
AVAXUSD,LONG,2023-03-21,17.4854679107666,15.00296171333385,21.209227206915727,594,False,False,2023-04-18,21.209227206915727,WIN,28.0,crypto
AVAXUSD,SHORT,2023-06-07,14.032129287719727,15.159187158380865,12.34154248172802,672,False,True,2023-06-10,12.34154248172802,WIN,3.0,crypto
AVAXUSD,SHORT,2023-07-24,13.103471755981445,14.372205902774638,11.200370535791656,719,False,False,2023-08-16,11.200370535791656,WIN,23.0,crypto
AVAXUSD,SHORT,2023-09-29,9.175294876098633,9.746146687058792,8.319017159658394,786,False,True,2023-10-01,9.746146687058792,LOSS,2.0,crypto
AVAXUSD,SHORT,2023-10-17,9.112850189208984,9.927401266195682,7.891023573728938,804,False,True,2023-10-22,9.927401266195682,LOSS,5.0,crypto
AVAXUSD,LONG,2023-12-29,40.21108627319336,32.87206527859241,51.21961776509478,877,False,True,2024-01-08,32.87206527859241,LOSS,10.0,crypto
AVAXUSD,LONG,2024-02-02,36.707916259765625,31.59734781303499,44.373768929861576,912,False,False,2024-02-29,44.373768929861576,WIN,27.0,crypto
AVAXUSD,LONG,2024-03-06,41.51433563232422,35.42934808984357,50.64181694604519,945,False,False,2024-03-12,50.64181694604519,WIN,6.0,crypto
AVAXUSD,SHORT,2024-05-07,35.341732025146484,41.01610989884427,26.830165214599806,1007,False,True,2024-05-21,41.01610989884427,LOSS,14.0,crypto
AVAXUSD,SHORT,2024-05-30,35.98757553100586,40.32963147275754,29.474491618378337,1030,False,False,2024-06-14,29.474491618378337,WIN,15.0,crypto
AVAXUSD,SHORT,2024-06-29,27.725507736206055,31.320984409635148,22.332292726062413,1060,False,True,2024-07-05,22.332292726062413,WIN,6.0,crypto
AVAXUSD,SHORT,2024-07-10,25.76766586303711,29.657914260290884,19.932293267156446,1071,False,True,2024-07-21,29.657914260290884,LOSS,11.0,crypto
AVAXUSD,SHORT,2024-07-28,27.40057373046875,31.137773338843065,21.794774317907276,1089,False,False,2024-08-04,21.794774317907276,WIN,7.0,crypto
AVAXUSD,SHORT,2024-10-03,24.65347671508789,27.964441447136533,19.68702961701493,1156,False,False,2024-10-12,27.964441447136533,LOSS,9.0,crypto
AVAXUSD,SHORT,2024-10-30,26.1982421875,28.786739387673087,22.31549638724037,1183,False,False,2024-11-09,28.786739387673087,LOSS,10.0,crypto
AVAXUSD,LONG,2024-12-11,48.37092590332031,39.72141342677103,61.345194618144234,1225,False,True,2024-12-19,39.72141342677103,LOSS,8.0,crypto
AVAXUSD,SHORT,2025-04-10,18.330242156982422,21.531429380079043,13.52846132233749,1345,False,False,2025-04-22,21.531429380079043,LOSS,12.0,crypto
AVAXUSD,SHORT,2025-05-30,20.55556297302246,23.720543622551823,15.808091998728418,1395,False,False,2025-06-22,15.808091998728418,WIN,23.0,crypto
AVAXUSD,LONG,2025-07-09,19.5084285736084,17.408045979257587,22.659002465134616,1435,True,False,2025-07-16,22.659002465134616,WIN,7.0,crypto
AVAXUSD,LONG,2025-08-08,23.797428131103516,21.003419069360884,27.988441723717465,1465,False,False,2025-09-10,27.988441723717465,WIN,33.0,crypto
AVAXUSD,LONG,2025-10-02,31.023582458496094,27.123792185662708,36.87326786774617,1520,False,False,2025-10-10,27.123792185662708,LOSS,8.0,crypto
AVAXUSD,SHORT,2025-12-04,14.399070739746094,16.30432005252029,11.5411967705848,1583,False,True,2025-12-18,11.5411967705848,WIN,14.0,crypto
AVAXUSD,SHORT,2025-12-28,12.636359214782715,13.90706829635489,10.730295592424453,1607,False,True,2026-01-02,13.90706829635489,LOSS,5.0,crypto
AVAXUSD,SHORT,2026-01-19,12.721200942993164,14.031900339033715,10.755151848932337,1629,True,False,2026-01-30,10.755151848932337,WIN,11.0,crypto
AVAXUSD,SHORT,2026-02-27,8.959959983825684,10.092557622313244,7.261063526094343,1668,False,True,2026-03-13,10.092557622313244,LOSS,14.0,crypto
AVAXUSD,SHORT,2026-03-22,9.018503189086914,9.953664399491577,7.615761373479919,1691,False,False,2026-04-17,9.953664399491577,LOSS,26.0,crypto
AVAXUSD,LONG,2026-04-26,9.465227127075195,8.689030557930849,10.629521980791715,1726,False,False,2026-05-29,8.689030557930849,LOSS,33.0,crypto
AVAXUSD,LONG,2026-07-03,6.946293830871582,6.202593895423986,8.061843734042977,1794,False,True,2026-07-24,6.202593895423986,LOSS,21.0,crypto
AVAXUSD,SHORT,2026-07-27,6.396115779876709,6.960389085968367,5.549705820739222,1818,False,True,,,OPEN,,crypto
DOGEUSD,SHORT,2022-06-22,0.06171099841594696,0.07492140084489882,0.041895394772519176,322,False,True,2022-06-26,0.07492140084489882,LOSS,4.0,crypto
DOGEUSD,SHORT,2022-07-01,0.06617499887943268,0.07866575098087532,0.04743887072726872,331,False,False,2022-08-14,0.07866575098087532,LOSS,44.0,crypto
DOGEUSD,SHORT,2022-08-26,0.063571996986866,0.07282428435342868,0.049693565937021976,387,False,False,2022-10-26,0.07282428435342868,LOSS,61.0,crypto
DOGEUSD,LONG,2022-12-08,0.09854000061750412,0.08310195358407113,0.1216970711676536,491,False,True,2022-12-16,0.08310195358407113,LOSS,8.0,crypto
DOGEUSD,LONG,2023-01-11,0.07815299928188324,0.07114278568640046,0.08866831967510741,525,True,False,2023-01-14,0.08866831967510741,WIN,3.0,crypto
DOGEUSD,LONG,2023-01-25,0.08659400045871735,0.0771483118247068,0.10076253340973317,539,False,True,2023-03-03,0.0771483118247068,LOSS,37.0,crypto
DOGEUSD,LONG,2023-03-23,0.07741200178861618,0.06796128666413191,0.09158807447534259,596,False,False,2023-04-03,0.09158807447534259,WIN,11.0,crypto
DOGEUSD,SHORT,2023-04-26,0.07862299680709839,0.08855396290712399,0.06372654765705998,630,False,False,2023-06-10,0.06372654765705998,WIN,45.0,crypto
DOGEUSD,SHORT,2023-06-28,0.06260199844837189,0.06785787399376578,0.05471818513028105,693,False,False,2023-07-01,0.06785787399376578,LOSS,3.0,crypto
DOGEUSD,SHORT,2023-07-09,0.0654349997639656,0.07030345104315672,0.05813232284517894,704,False,False,2023-07-13,0.07030345104315672,LOSS,4.0,crypto
DOGEUSD,SHORT,2023-08-07,0.07342199981212616,0.07994925383164567,0.0636311187828469,733,False,True,2023-08-17,0.0636311187828469,WIN,10.0,crypto
DOGEUSD,SHORT,2023-08-30,0.06583800166845322,0.07088258357464687,0.058271128809162735,756,False,True,2023-10-09,0.058271128809162735,WIN,40.0,crypto
DOGEUSD,SHORT,2023-10-17,0.059119999408721924,0.0616584499389702,0.055312323613349514,804,False,False,2023-10-22,0.0616584499389702,LOSS,5.0,crypto
DOGEUSD,LONG,2023-11-22,0.07578399777412415,0.06686186187792251,0.0891672016184266,840,False,True,2023-12-04,0.0891672016184266,WIN,12.0,crypto
DOGEUSD,LONG,2023-12-21,0.09500399976968765,0.08427608189055047,0.11109587658839343,869,False,True,2024-01-03,0.08427608189055047,LOSS,13.0,crypto
DOGEUSD,LONG,2024-02-12,0.08234500139951706,0.07688787216099258,0.09053069525730378,922,False,False,2024-02-19,0.09053069525730378,WIN,7.0,crypto
DOGEUSD,LONG,2024-02-23,0.08443400263786316,0.07753493283128096,0.09478260734773646,933,False,False,2024-02-27,0.09478260734773646,WIN,4.0,crypto
DOGEUSD,LONG,2024-03-17,0.15433000028133392,0.1160360138820238,0.2117709798802991,956,False,True,2024-03-28,0.2117709798802991,WIN,11.0,crypto
DOGEUSD,LONG,2024-04-04,0.17992599308490753,0.1409769802361604,0.23834951235802823,974,False,True,2024-04-13,0.1409769802361604,LOSS,9.0,crypto
DOGEUSD,LONG,2024-05-17,0.15556299686431885,0.13245643016102612,0.19022284691925795,1017,False,False,2024-06-14,0.13245643016102612,LOSS,28.0,crypto
DOGEUSD,SHORT,2024-08-01,0.11923599988222122,0.13469755564949404,0.096043666231312,1093,False,False,2024-08-05,0.096043666231312,WIN,4.0,crypto
DOGEUSD,SHORT,2024-08-22,0.10530800372362137,0.11800237797174368,0.0862664423514379,1114,False,False,2024-09-26,0.11800237797174368,LOSS,35.0,crypto
DOGEUSD,SHORT,2024-10-07,0.10865499824285507,0.12124759646161086,0.0897661009147214,1160,False,False,2024-10-16,0.12124759646161086,LOSS,9.0,crypto
DOGEUSD,LONG,2024-12-11,0.41449201107025146,0.33236326939164484,0.5376851235881615,1225,False,True,2024-12-19,0.33236326939164484,LOSS,8.0,crypto
DOGEUSD,LONG,2025-01-15,0.3857100009918213,0.3317020875395871,0.4667218711701726,1260,False,False,2025-01-27,0.3317020875395871,LOSS,12.0,crypto
DOGEUSD,SHORT,2025-04-02,0.1641950011253357,0.19022559738543682,0.125149106735184,1337,False,False,2025-04-26,0.19022559738543682,LOSS,24.0,crypto
DOGEUSD,SHORT,2025-05-07,0.1720069944858551,0.1895773313122269,0.1456514892462974,1372,False,False,2025-05-08,0.1895773313122269,LOSS,1.0,crypto
DOGEUSD,SHORT,2025-05-30,0.19343599677085876,0.22389550142791165,0.14774673978527944,1395,False,True,2025-06-22,0.14774673978527944,WIN,23.0,crypto
DOGEUSD,SHORT,2025-07-04,0.16287100315093994,0.1823005175468304,0.13372673155710424,1430,False,True,2025-07-09,0.1823005175468304,LOSS,5.0,crypto
DOGEUSD,SHORT,2025-08-01,0.20121599733829498,0.23452431444248203,0.1512535216820144,1458,False,True,2025-08-09,0.23452431444248203,LOSS,8.0,crypto
DOGEUSD,LONG,2025-09-08,0.24188099801540375,0.2161021178895793,0.2805493182041404,1496,False,False,2025-09-13,0.2805493182041404,WIN,5.0,crypto
DOGEUSD,LONG,2025-10-08,0.25556299090385437,0.2257931689369176,0.30021772385425954,1526,False,False,2025-10-10,0.2257931689369176,LOSS,2.0,crypto
DOGEUSD,SHORT,2025-12-10,0.14351500570774078,0.16153863248763486,0.11647956553789966,1589,False,True,2025-12-31,0.11647956553789966,WIN,21.0,crypto
DOGEUSD,SHORT,2026-01-18,0.13165900111198425,0.14545812945624437,0.11096030859559408,1628,False,False,2026-01-31,0.11096030859559408,WIN,13.0,crypto
DOGEUSD,SHORT,2026-02-15,0.10265699774026871,0.11903502233677207,0.07808996084551366,1656,False,True,2026-06-24,0.07808996084551366,WIN,129.0,crypto
LTCUSD,SHORT,2022-06-22,52.10539245605469,61.79015883195667,37.578242892201715,322,False,True,2022-07-28,61.79015883195667,LOSS,36.0,crypto
LTCUSD,LONG,2022-09-08,58.003257751464844,51.24476913801522,68.14099067163927,400,False,False,2022-09-19,51.24476913801522,LOSS,11.0,crypto
LTCUSD,LONG,2022-11-10,60.361053466796875,51.11467472910563,74.23062157333374,463,False,True,2022-11-23,74.23062157333374,WIN,13.0,crypto
LTCUSD,LONG,2022-12-13,77.344482421875,69.94893075908035,88.43780991606697,496,False,True,2022-12-16,69.94893075908035,LOSS,3.0,crypto
LTCUSD,LONG,2023-02-10,93.52928161621094,85.07179730418059,106.21550808425646,555,False,True,2023-03-07,85.07179730418059,LOSS,25.0,crypto
LTCUSD,LONG,2023-03-23,93.70100402832031,81.95123793411835,111.32565316962325,596,False,False,2023-05-08,81.95123793411835,LOSS,46.0,crypto
LTCUSD,SHORT,2023-06-08,88.46656036376953,95.70454972084882,77.60957632815061,673,True,False,2023-06-10,77.60957632815061,WIN,2.0,crypto
LTCUSD,SHORT,2023-07-22,92.051513671875,100.75850368809057,78.99102864755164,717,False,False,2023-08-15,78.99102864755164,WIN,24.0,crypto
LTCUSD,SHORT,2023-09-17,63.57822799682617,68.23810005757753,56.58841990569914,774,False,True,2023-09-19,68.23810005757753,LOSS,2.0,crypto
LTCUSD,SHORT,2023-09-24,63.58713912963867,68.07740289404653,56.85174348302689,781,False,False,2023-10-01,68.07740289404653,LOSS,7.0,crypto
LTCUSD,SHORT,2023-10-09,63.11105728149414,66.96137701545308,57.33557768055573,796,False,False,2023-10-23,66.96137701545308,LOSS,14.0,crypto
LTCUSD,SHORT,2023-11-20,69.51773834228516,75.35855861478964,60.756507933528425,838,True,False,2023-12-08,75.35855861478964,LOSS,18.0,crypto
LTCUSD,SHORT,2023-12-15,70.95587921142578,76.41108350088956,62.77307277723011,863,False,False,2023-12-27,76.41108350088956,LOSS,12.0,crypto
LTCUSD,LONG,2024-01-01,74.73192596435547,69.49352066375747,82.58953391525247,880,False,False,2024-01-03,69.49352066375747,LOSS,2.0,crypto
LTCUSD,LONG,2024-02-08,70.5627670288086,66.1813143413598,77.13494605998179,918,False,False,2024-02-28,77.13494605998179,WIN,20.0,crypto
LTCUSD,LONG,2024-03-18,87.1122055053711,73.52879793417085,107.48731686217145,957,False,False,2024-03-29,107.48731686217145,WIN,11.0,crypto
LTCUSD,LONG,2024-04-06,101.50172424316406,86.05906684820735,124.66571033559913,976,False,True,2024-04-12,86.05906684820735,LOSS,6.0,crypto
LTCUSD,LONG,2024-05-27,85.2121810913086,78.94572893151806,94.61185933099439,1027,False,False,2024-06-07,78.94572893151806,LOSS,11.0,crypto
LTCUSD,SHORT,2024-07-01,74.34024810791016,79.42047063326534,66.71991431987738,1062,False,True,2024-07-04,66.71991431987738,WIN,3.0,crypto
LTCUSD,SHORT,2024-07-28,71.1284408569336,76.66615489560154,62.82186979893168,1089,False,True,2024-08-03,62.82186979893168,WIN,6.0,crypto
LTCUSD,SHORT,2024-08-26,63.17496109008789,68.75101303987636,54.810883165405194,1118,False,False,2024-09-23,68.75101303987636,LOSS,28.0,crypto
LTCUSD,SHORT,2024-10-07,64.7729721069336,69.53366421684741,57.631933942062865,1160,False,False,2024-10-15,69.53366421684741,LOSS,8.0,crypto
LTCUSD,LONG,2024-10-27,71.07989501953125,65.76591079696402,79.05087135338209,1180,False,False,2024-11-03,65.76591079696402,LOSS,7.0,crypto
LTCUSD,LONG,2024-12-11,117.5313949584961,95.3655207890329,150.78020621269087,1225,False,True,2024-12-19,95.3655207890329,LOSS,8.0,crypto
LTCUSD,LONG,2025-01-23,116.507568359375,97.79193390369002,144.58102004290248,1268,False,False,2025-02-03,97.79193390369002,LOSS,11.0,crypto
LTCUSD,LONG,2025-02-12,122.0439224243164,100.83101653766826,153.8632812542886,1288,False,False,2025-03-04,100.83101653766826,LOSS,20.0,crypto
LTCUSD,SHORT,2025-03-26,92.33674621582031,104.38054229432865,74.27105209805781,1330,False,True,2025-04-06,74.27105209805781,WIN,11.0,crypto
LTCUSD,SHORT,2025-05-28,95.30498504638672,104.95970189869819,80.82290976791953,1393,False,False,2025-06-21,80.82290976791953,WIN,24.0,crypto
LTCUSD,SHORT,2025-06-26,84.28509521484375,91.47774596472892,73.49611909001598,1422,False,True,2025-07-03,91.47774596472892,LOSS,7.0,crypto
LTCUSD,LONG,2025-08-03,110.4697265625,98.86631433349854,127.8748449060022,1460,False,False,2025-08-05,127.8748449060022,WIN,2.0,crypto
LTCUSD,LONG,2025-08-16,120.94686889648438,107.07884788366731,141.74890041570998,1473,False,True,2025-09-01,107.07884788366731,LOSS,16.0,crypto
LTCUSD,LONG,2025-09-10,117.56956481933594,108.36743895777941,131.37275361167073,1498,False,False,2025-09-22,108.36743895777941,LOSS,12.0,crypto
LTCUSD,SHORT,2025-11-16,95.89550018310547,112.06019190037512,71.648462607201,1565,False,False,2026-01-15,71.648462607201,WIN,60.0,crypto
LTCUSD,SHORT,2026-02-27,54.52947235107422,60.44909740263437,45.65003477373399,1668,False,True,2026-05-10,60.44909740263437,LOSS,72.0,crypto
LTCUSD,LONG,2026-07-10,44.75157928466797,41.55599037885134,49.54496264339291,1801,False,False,,,OPEN,,crypto
DOTUSD,SHORT,2022-06-25,8.1337308883667,9.64687653624545,5.864012416548572,325,False,True,2022-08-13,9.64687653624545,LOSS,49.0,crypto
DOTUSD,SHORT,2022-09-03,7.285171031951904,8.15140188790776,5.985824748018121,395,False,False,2022-10-13,5.985824748018121,WIN,40.0,crypto
DOTUSD,LONG,2022-11-03,6.425295829772949,5.925694719333718,7.174697495431796,456,False,False,2022-11-05,7.174697495431796,WIN,2.0,crypto
DOTUSD,LONG,2023-03-17,6.635837078094482,5.8490156914636255,7.816069158040768,590,False,False,2023-03-27,5.8490156914636255,LOSS,10.0,crypto
DOTUSD,LONG,2023-04-01,6.40951681137085,5.757428985845998,7.3876485496581275,605,True,False,2023-04-26,5.757428985845998,LOSS,25.0,crypto
DOTUSD,SHORT,2023-06-04,5.319441795349121,5.606137734136747,4.889397887167682,669,False,False,2023-06-10,4.889397887167682,WIN,6.0,crypto
DOTUSD,SHORT,2023-07-27,5.233479022979736,5.644725826439812,4.616608817789623,722,False,False,2023-08-16,4.616608817789623,WIN,20.0,crypto
DOTUSD,SHORT,2023-08-30,4.536325931549072,4.829776345455433,4.096150310689531,756,False,True,2023-09-11,4.096150310689531,WIN,12.0,crypto
DOTUSD,SHORT,2023-10-07,4.0564470291137695,4.254897972589998,3.7587706138994275,794,False,False,2023-10-11,3.7587706138994275,WIN,4.0,crypto
DOTUSD,LONG,2023-11-28,5.2706780433654785,4.707471362247632,6.115488065042248,846,False,True,2023-12-06,6.115488065042248,WIN,8.0,crypto
DOTUSD,LONG,2023-12-18,6.875728130340576,5.958468029402153,8.251618281748211,866,False,True,2023-12-21,8.251618281748211,WIN,3.0,crypto
DOTUSD,LONG,2024-02-09,7.19149112701416,6.521910796201553,8.195861623233071,919,False,False,2024-02-27,8.195861623233071,WIN,18.0,crypto
DOTUSD,LONG,2024-03-17,10.115609169006348,8.354679255463028,12.757004039321327,956,False,True,2024-04-03,8.354679255463028,LOSS,17.0,crypto
DOTUSD,SHORT,2024-05-07,6.996738910675049,7.917560709194574,5.615506212895761,1007,False,True,2024-06-18,5.615506212895761,WIN,42.0,crypto
DOTUSD,SHORT,2024-06-29,6.07234001159668,6.698912922211482,5.132480645674476,1060,False,False,2024-07-05,5.132480645674476,WIN,6.0,crypto
DOTUSD,SHORT,2024-07-07,5.9062628746032715,6.699868816651084,4.715853961531552,1068,False,False,2024-08-04,4.715853961531552,WIN,28.0,crypto
DOTUSD,SHORT,2024-09-10,4.256246089935303,4.676664890218969,3.625617889509803,1133,False,True,2024-09-24,4.676664890218969,LOSS,14.0,crypto
DOTUSD,SHORT,2024-10-13,4.157303810119629,4.497413884474508,3.6471386985873107,1166,False,False,2024-10-15,4.497413884474508,LOSS,2.0,crypto
DOTUSD,LONG,2024-12-11,9.006820678710938,6.985892173941156,12.03821343586561,1225,False,True,2024-12-19,6.985892173941156,LOSS,8.0,crypto
DOTUSD,LONG,2025-01-06,7.76667594909668,6.581099994073228,9.545039881631856,1251,True,False,2025-01-08,6.581099994073228,LOSS,2.0,crypto
DOTUSD,SHORT,2025-02-23,4.959229946136475,5.663859734406513,3.902285263731417,1299,False,True,2025-03-10,3.902285263731417,WIN,15.0,crypto
DOTUSD,SHORT,2025-03-16,4.305270195007324,4.995154242107482,3.2704441243570876,1320,False,True,2025-04-09,3.2704441243570876,WIN,24.0,crypto
DOTUSD,SHORT,2025-04-21,3.785083055496216,4.226147565993706,3.12348628974998,1356,False,True,2025-04-24,4.226147565993706,LOSS,3.0,crypto
DOTUSD,SHORT,2025-05-26,4.46865177154541,5.009356398790835,3.6575948306772723,1391,False,False,2025-06-18,3.6575948306772723,WIN,23.0,crypto
DOTUSD,LONG,2025-07-25,4.088868141174316,3.5741962187894103,4.860876024751676,1451,False,True,2025-08-01,3.5741962187894103,LOSS,7.0,crypto
DOTUSD,LONG,2025-08-09,4.139029026031494,3.7097094355427997,4.783008411764536,1466,False,False,2025-08-20,3.7097094355427997,LOSS,11.0,crypto
DOTUSD,LONG,2025-08-23,4.226393222808838,3.735989476012025,4.961998843004057,1480,False,False,2025-08-25,3.735989476012025,LOSS,2.0,crypto
DOTUSD,LONG,2025-09-08,4.045086860656738,3.6638863632292793,4.616887606797927,1496,False,False,2025-09-19,4.616887606797927,WIN,11.0,crypto
DOTUSD,LONG,2025-10-06,4.387514114379883,3.9637174504264037,5.023209110310102,1524,False,False,2025-10-10,3.9637174504264037,LOSS,4.0,crypto
DOTUSD,SHORT,2025-12-10,2.1941299438476562,2.527487338256585,1.6940938522342635,1589,False,True,2025-12-25,1.6940938522342635,WIN,15.0,crypto
DOTUSD,SHORT,2025-12-28,1.848762035369873,2.088353194942184,1.4893752960114068,1607,False,True,2026-01-02,2.088353194942184,LOSS,5.0,crypto
DOTUSD,SHORT,2026-03-14,1.414059042930603,1.5977054829426938,1.138589382912467,1683,False,False,2026-03-16,1.5977054829426938,LOSS,2.0,crypto
DOTUSD,SHORT,2026-03-22,1.4115079641342163,1.5880527153000024,1.1466908373855373,1691,False,False,2026-06-01,1.1466908373855373,WIN,71.0,crypto
MATICUSD,SHORT,2022-06-30,0.4773710072040558,0.6018855180325353,0.2905992409613365,330,False,True,2022-07-08,0.6018855180325353,LOSS,8.0,crypto
MATICUSD,LONG,2022-09-09,0.8915079832077026,0.7884324267580548,1.0461213178821744,401,False,False,2022-09-18,0.7884324267580548,LOSS,9.0,crypto
MATICUSD,LONG,2022-10-04,0.8361300230026245,0.7524927754455326,0.9615858943382624,426,False,False,2022-10-13,0.7524927754455326,LOSS,9.0,crypto
MATICUSD,LONG,2022-10-17,0.847258985042572,0.7759043891275417,0.9542908789151175,439,False,False,2022-10-26,0.9542908789151175,WIN,9.0,crypto
MATICUSD,LONG,2022-11-10,1.124959945678711,0.88655795668019,1.4825629291764924,463,False,False,2022-11-13,0.88655795668019,LOSS,3.0,crypto
MATICUSD,LONG,2022-12-08,0.9277809858322144,0.8202083098835676,1.0891399997551845,491,False,False,2022-12-16,0.8202083098835676,LOSS,8.0,crypto
MATICUSD,LONG,2023-01-08,0.8403710126876831,0.7837613794230178,0.925285462584681,522,False,False,2023-01-13,0.925285462584681,WIN,5.0,crypto
MATICUSD,LONG,2023-03-17,1.2244999408721924,1.0535815116114755,1.4808775847632676,590,False,False,2023-03-27,1.0535815116114755,LOSS,10.0,crypto
MATICUSD,LONG,2023-04-14,1.1620399951934814,1.0691100949022563,1.301434845630319,618,False,False,2023-04-20,1.0691100949022563,LOSS,6.0,crypto
MATICUSD,SHORT,2023-06-03,0.8995140194892883,0.96124425168509,0.8069186711955858,668,False,False,2023-06-06,0.8069186711955858,WIN,3.0,crypto
MATICUSD,SHORT,2023-07-27,0.716543972492218,0.7903028260383459,0.6059056921730261,722,False,False,2023-08-17,0.6059056921730261,WIN,21.0,crypto
MATICUSD,SHORT,2023-08-30,0.575082004070282,0.6247261247723962,0.5006158230171107,756,False,True,2023-09-11,0.5006158230171107,WIN,12.0,crypto
MATICUSD,SHORT,2023-09-21,0.5201519727706909,0.5573061876961188,0.46442065038254904,778,False,True,2023-10-01,0.5573061876961188,LOSS,10.0,crypto
MATICUSD,SHORT,2023-10-17,0.5194709897041321,0.5549868734230979,0.4661971641256833,804,False,False,2023-10-21,0.5549868734230979,LOSS,4.0,crypto
MATICUSD,LONG,2023-12-02,0.816215991973877,0.7281594457015911,0.9483008113823057,850,False,True,2023-12-26,0.9483008113823057,WIN,24.0,crypto
MATICUSD,LONG,2024-02-08,0.8343909978866577,0.7554458590687585,0.9528087061135065,918,False,False,2024-02-16,0.9528087061135065,WIN,8.0,crypto
MATICUSD,SHORT,2024-05-04,0.7292919754981995,0.828116955722923,0.5810545051611142,1004,False,True,2024-06-14,0.5810545051611142,WIN,41.0,crypto
MATICUSD,SHORT,2024-07-14,0.5307989716529846,0.5872721433299413,0.44608921413754965,1075,False,True,2024-08-03,0.44608921413754965,WIN,20.0,crypto
MATICUSD,SHORT,2024-10-21,0.37188199162483215,0.3955447494893543,0.3363878548280489,1174,False,False,2024-10-25,0.3363878548280489,WIN,4.0,crypto
MATICUSD,LONG,2024-12-11,0.6295310258865356,0.5102877665734362,0.8083959148561848,1225,False,True,2024-12-18,0.5102877665734362,LOSS,7.0,crypto
MATICUSD,LONG,2025-01-06,0.5234400033950806,0.4522824742321112,0.6301762971395346,1251,True,False,2025-01-08,0.4522824742321112,LOSS,2.0,crypto
TRXUSD,SHORT,2022-06-28,0.06603799760341644,0.07534528313660396,0.05207706930363516,328,False,True,2022-11-13,0.05207706930363516,WIN,138.0,crypto
TRXUSD,SHORT,2022-11-28,0.05303100124001503,0.05760215631654777,0.046174268625215925,481,False,True,2023-01-13,0.05760215631654777,LOSS,46.0,crypto
TRXUSD,LONG,2023-02-10,0.0633229985833168,0.058918226398300175,0.06993015686084175,555,False,True,2023-02-15,0.06993015686084175,WIN,5.0,crypto
TRXUSD,LONG,2023-02-26,0.0695130005478859,0.06497281091913953,0.07632328499100544,571,False,True,2023-03-08,0.06497281091913953,LOSS,10.0,crypto
TRXUSD,LONG,2023-03-17,0.06779500097036362,0.062158058288820345,0.07625041499267853,590,False,False,2023-03-22,0.062158058288820345,LOSS,5.0,crypto
TRXUSD,LONG,2023-04-01,0.06684199720621109,0.06171540996436277,0.07453187806898356,605,False,False,2023-05-21,0.07453187806898356,WIN,50.0,crypto
TRXUSD,LONG,2023-06-08,0.07749500125646591,0.07277408114820476,0.08457638141885765,673,False,True,2023-06-09,0.07277408114820476,LOSS,1.0,crypto
TRXUSD,LONG,2023-06-25,0.07320400327444077,0.06868462423891249,0.07998307182773318,690,False,False,2023-07-08,0.07998307182773318,WIN,13.0,crypto
TRXUSD,LONG,2023-08-25,0.07720199972391129,0.07399445231992044,0.08201332082989755,751,False,False,2023-09-12,0.08201332082989755,WIN,18.0,crypto
TRXUSD,SHORT,2023-10-12,0.08486700057983398,0.08815005616921041,0.07994241719576933,799,False,True,2023-10-16,0.08815005616921041,LOSS,4.0,crypto
TRXUSD,LONG,2023-11-22,0.10123699903488159,0.09479586816135666,0.110898695345169,840,False,True,2024-01-13,0.110898695345169,WIN,52.0,crypto
TRXUSD,LONG,2024-01-19,0.11035799980163574,0.10359455545031326,0.12050316632861946,898,False,False,2024-02-06,0.12050316632861946,WIN,18.0,crypto
TRXUSD,LONG,2024-03-06,0.13776299357414246,0.1326670146602978,0.14540696194490946,945,False,True,2024-03-11,0.1326670146602978,LOSS,5.0,crypto
TRXUSD,SHORT,2024-05-22,0.12009599804878235,0.12506125502161286,0.11264811258953658,1022,False,False,2024-05-27,0.11264811258953658,WIN,5.0,crypto
TRXUSD,SHORT,2024-08-11,0.12774500250816345,0.1336566853194059,0.1188774782912998,1103,False,False,2024-08-16,0.1336566853194059,LOSS,5.0,crypto
TRXUSD,LONG,2024-09-26,0.15320099890232086,0.14811971561046244,0.1608229238401085,1149,False,False,2024-10-09,0.1608229238401085,WIN,13.0,crypto
TRXUSD,LONG,2024-10-21,0.15829500555992126,0.15361070782877542,0.16532145215664001,1174,False,False,2024-10-25,0.16532145215664001,WIN,4.0,crypto
TRXUSD,LONG,2024-12-10,0.2699579894542694,0.20785112200244038,0.36311829063201295,1224,False,True,2025-02-03,0.20785112200244038,LOSS,55.0,crypto
TRXUSD,LONG,2025-02-12,0.24332399666309357,0.2202943463297323,0.2778684721631355,1288,False,False,2025-02-28,0.2202943463297323,LOSS,16.0,crypto
TRXUSD,SHORT,2025-03-03,0.23092800378799438,0.25254171027438177,0.1985074440584133,1307,False,False,2025-04-13,0.25254171027438177,LOSS,41.0,crypto
TRXUSD,SHORT,2025-06-17,0.27166101336479187,0.28837926715048307,0.24658363268625508,1413,False,True,2025-07-07,0.28837926715048307,LOSS,20.0,crypto
TRXUSD,LONG,2025-08-26,0.3519720137119293,0.33274132892942965,0.38081804088567883,1483,False,True,2025-09-05,0.33274132892942965,LOSS,10.0,crypto
TRXUSD,LONG,2025-09-12,0.35262998938560486,0.33383347782373607,0.38082475672840804,1500,False,True,2025-09-25,0.33383347782373607,LOSS,13.0,crypto
TRXUSD,LONG,2025-10-05,0.3414260149002075,0.32915334827256426,0.3598350148416724,1523,False,False,2025-10-10,0.32915334827256426,LOSS,5.0,crypto
TRXUSD,SHORT,2025-11-12,0.2945530116558075,0.30899443995649234,0.27289086920478023,1561,False,True,2025-11-25,0.27289086920478023,WIN,13.0,crypto
TRXUSD,SHORT,2025-12-03,0.2805800139904022,0.2910669371432622,0.2648496292611122,1582,False,True,2026-01-03,0.2910669371432622,LOSS,31.0,crypto
TRXUSD,SHORT,2026-01-24,0.2950499951839447,0.3093765529473076,0.27356015853890037,1634,False,False,2026-02-05,0.27356015853890037,WIN,12.0,crypto
TRXUSD,SHORT,2026-02-17,0.28199800848960876,0.2923700884302495,0.2664398885786477,1658,False,False,2026-03-13,0.2923700884302495,LOSS,24.0,crypto
TRXUSD,LONG,2026-04-25,0.3240079879760742,0.31394088728773795,0.3391086390085786,1725,False,True,2026-05-03,0.3391086390085786,WIN,8.0,crypto
TRXUSD,LONG,2026-07-21,0.329459011554718,0.32157987055228876,0.3412777230583619,1812,False,False,,,OPEN,,crypto
ATOMUSD,LONG,2022-08-29,11.440898895263672,9.586976736633247,14.22178213320931,390,False,False,2022-09-09,14.22178213320931,WIN,11.0,crypto
ATOMUSD,LONG,2022-09-22,14.649860382080078,11.862484987375934,18.830923474136295,414,False,False,2022-10-12,11.862484987375934,LOSS,20.0,crypto
ATOMUSD,SHORT,2022-12-28,9.121023178100586,9.838403598705792,8.044952547192777,511,False,True,2023-01-02,9.838403598705792,LOSS,5.0,crypto
ATOMUSD,LONG,2023-02-11,13.758606910705566,12.183550592641218,16.12119138780209,556,False,True,2023-02-28,12.183550592641218,LOSS,17.0,crypto
ATOMUSD,LONG,2023-03-16,12.851852416992188,11.250705819494064,15.253572313239374,589,False,True,2023-03-22,11.250705819494064,LOSS,6.0,crypto
ATOMUSD,SHORT,2023-05-13,10.895848274230957,11.875742055732623,9.426007601978458,647,False,False,2023-06-07,9.426007601978458,WIN,25.0,crypto
ATOMUSD,SHORT,2023-06-22,9.016958236694336,9.828285537250467,7.799967285860139,687,False,True,2023-07-03,9.828285537250467,LOSS,11.0,crypto
ATOMUSD,SHORT,2023-07-10,9.250606536865234,10.004131253318043,8.120319462186021,705,False,False,2023-07-14,10.004131253318043,LOSS,4.0,crypto
ATOMUSD,SHORT,2023-07-19,9.18753719329834,9.98867131579141,7.985836009558733,714,False,False,2023-08-16,7.985836009558733,WIN,28.0,crypto
ATOMUSD,SHORT,2023-09-17,6.9462199211120605,7.431930539435689,6.217653993626618,774,False,True,2023-09-18,7.431930539435689,LOSS,1.0,crypto
ATOMUSD,SHORT,2023-09-26,6.955625057220459,7.4391197569700225,6.230383007596114,783,False,False,2023-10-01,7.4391197569700225,LOSS,5.0,crypto
ATOMUSD,LONG,2023-11-22,8.814624786376953,7.63376731921619,10.585910987118098,840,False,True,2023-12-08,10.585910987118098,WIN,16.0,crypto
ATOMUSD,LONG,2023-12-20,10.662837982177734,9.132397047389524,12.95849938436005,868,False,True,2024-01-08,9.132397047389524,LOSS,19.0,crypto
ATOMUSD,LONG,2024-02-12,9.935027122497559,9.11192802492632,11.169675768854418,922,False,False,2024-02-27,11.169675768854418,WIN,15.0,crypto
ATOMUSD,LONG,2024-03-29,12.532543182373047,10.978591051940896,14.863471378021273,968,False,False,2024-04-02,10.978591051940896,LOSS,4.0,crypto
ATOMUSD,SHORT,2024-05-11,8.500800132751465,9.476149636746104,7.037775876759506,1011,False,False,2024-06-14,7.037775876759506,WIN,34.0,crypto
ATOMUSD,SHORT,2024-07-23,6.173941135406494,6.769493958259216,5.280611901127411,1084,False,True,2024-08-02,5.280611901127411,WIN,10.0,crypto
ATOMUSD,SHORT,2024-10-07,4.423182964324951,4.918510496780782,3.6801916656412046,1160,False,False,2024-10-21,4.918510496780782,LOSS,14.0,crypto
ATOMUSD,SHORT,2024-10-30,4.455388069152832,4.906341358320932,3.7789581354006816,1183,False,False,2024-11-10,4.906341358320932,LOSS,11.0,crypto
ATOMUSD,LONG,2024-12-11,8.830166816711426,7.046217388411062,11.506090959161972,1225,False,True,2024-12-19,7.046217388411062,LOSS,8.0,crypto
ATOMUSD,SHORT,2025-02-23,4.875960826873779,5.5723300723944424,3.8314069585927846,1299,False,True,2025-03-09,3.8314069585927846,WIN,14.0,crypto
ATOMUSD,SHORT,2025-04-02,4.222219944000244,4.79907559736433,3.3569364639541157,1337,False,False,2025-04-04,4.79907559736433,LOSS,2.0,crypto
ATOMUSD,SHORT,2025-04-08,4.163844108581543,4.819099041009501,3.1809617099396057,1343,True,False,2025-05-09,4.819099041009501,LOSS,31.0,crypto
ATOMUSD,SHORT,2025-05-27,4.757533073425293,5.303153730840971,3.939102087301776,1392,False,False,2025-06-18,3.939102087301776,WIN,22.0,crypto
ATOMUSD,LONG,2025-07-03,4.183225154876709,3.790121121278071,4.772881205274666,1429,False,False,2025-07-11,4.772881205274666,WIN,8.0,crypto
ATOMUSD,LONG,2025-07-25,4.7090301513671875,4.19086876591302,5.4862722295484385,1451,False,True,2025-08-01,4.19086876591302,LOSS,7.0,crypto
ATOMUSD,LONG,2025-08-09,4.731931209564209,4.287517415061896,5.398551901317678,1466,False,False,2025-08-19,4.287517415061896,LOSS,10.0,crypto
ATOMUSD,LONG,2025-08-23,4.885766983032227,4.382914308807807,5.6400459943688555,1480,False,False,2025-09-01,4.382914308807807,LOSS,9.0,crypto
ATOMUSD,LONG,2025-09-10,4.678361892700195,4.289843168921142,5.2611399783687745,1498,False,False,2025-09-22,4.289843168921142,LOSS,12.0,crypto
ATOMUSD,SHORT,2025-11-08,2.9529869556427,3.430291109739627,2.23703072449731,1557,False,True,2025-12-01,2.23703072449731,WIN,23.0,crypto
ATOMUSD,SHORT,2025-12-28,2.073132038116455,2.2760837222437007,1.7687045119255866,1607,False,True,2026-01-04,2.2760837222437007,LOSS,7.0,crypto
ATOMUSD,SHORT,2026-01-22,2.3303210735321045,2.600268976543682,1.925399219014738,1632,True,False,2026-01-31,1.925399219014738,WIN,9.0,crypto
ATOMUSD,LONG,2026-04-13,1.7798800468444824,1.6471683041129803,1.9789476609417356,1713,False,False,2026-04-24,1.9789476609417356,WIN,11.0,crypto
ATOMUSD,LONG,2026-05-01,1.896314024925232,1.7704669778538815,2.0850845955322574,1731,False,False,2026-05-11,2.0850845955322574,WIN,10.0,crypto
ATOMUSD,LONG,2026-05-16,2.0427639484405518,1.8506605442581348,2.3309190547141774,1746,False,True,2026-06-02,1.8506605442581348,LOSS,17.0,crypto
XLMUSD,SHORT,2022-06-26,0.12021899968385696,0.13877657819301967,0.09238263192011291,326,False,False,2022-11-09,0.09238263192011291,WIN,136.0,crypto
XLMUSD,SHORT,2023-02-09,0.0855259969830513,0.0922605818233622,0.07542411972258495,554,False,True,2023-02-18,0.0922605818233622,LOSS,9.0,crypto
XLMUSD,LONG,2023-03-16,0.084757000207901,0.07764950384543014,0.09541824475160729,589,False,False,2023-03-21,0.09541824475160729,WIN,5.0,crypto
XLMUSD,LONG,2023-09-08,0.12687699496746063,0.11453851275338116,0.14538471828857985,765,False,False,2023-09-21,0.11453851275338116,LOSS,13.0,crypto
XLMUSD,SHORT,2023-11-17,0.11816100031137466,0.12981341874092553,0.10068237266704837,835,False,True,2023-12-08,0.12981341874092553,LOSS,21.0,crypto
XLMUSD,SHORT,2023-12-18,0.12116199731826782,0.13094212035558306,0.10649181276229497,866,False,False,2023-12-25,0.13094212035558306,LOSS,7.0,crypto
XLMUSD,SHORT,2024-01-12,0.11910700052976608,0.13138234606890148,0.10069398222106299,891,False,False,2024-03-02,0.13138234606890148,LOSS,50.0,crypto
XLMUSD,SHORT,2024-03-19,0.12077199667692184,0.14281244143931401,0.08771132953333359,958,True,True,2024-03-29,0.14281244143931401,LOSS,10.0,crypto
XLMUSD,SHORT,2024-04-03,0.12640100717544556,0.1428309028834436,0.10175616361344848,973,False,False,2024-04-13,0.10175616361344848,WIN,10.0,crypto
XLMUSD,SHORT,2024-04-24,0.11446800082921982,0.1289521687498774,0.09274174894823346,994,False,False,2024-06-18,0.09274174894823346,WIN,55.0,crypto
XLMUSD,SHORT,2024-08-01,0.09934200346469879,0.10837444344133731,0.085793343499741,1093,False,False,2024-08-05,0.085793343499741,WIN,4.0,crypto
XLMUSD,SHORT,2024-08-15,0.09562599658966064,0.10513814022214095,0.0813577811409402,1107,False,False,2024-11-10,0.10513814022214095,LOSS,87.0,crypto
XLMUSD,LONG,2024-12-10,0.4365859925746918,0.31545419133381014,0.6182836944360142,1224,False,True,2024-12-20,0.31545419133381014,LOSS,10.0,crypto
XLMUSD,LONG,2025-01-08,0.42576900124549866,0.3443186998916941,0.5479444532762054,1253,False,False,2025-02-02,0.3443186998916941,LOSS,25.0,crypto
XLMUSD,SHORT,2025-03-20,0.2811430096626282,0.3250761217920653,0.2152433414684725,1324,False,False,2025-04-07,0.2152433414684725,WIN,18.0,crypto
XLMUSD,SHORT,2025-04-20,0.2435770034790039,0.27222566437694085,0.2006040121320985,1355,False,True,2025-04-23,0.27222566437694085,LOSS,3.0,crypto
XLMUSD,SHORT,2025-05-28,0.2851560115814209,0.3125672199965991,0.2440391989586536,1393,False,False,2025-06-20,0.2440391989586536,WIN,23.0,crypto
XLMUSD,SHORT,2025-07-04,0.2377610057592392,0.2587595355452573,0.206263211080212,1430,False,True,2025-07-08,0.2587595355452573,LOSS,4.0,crypto
XLMUSD,SHORT,2025-08-01,0.3827829957008362,0.44567007418646676,0.2884523779723903,1458,False,True,2025-08-08,0.44567007418646676,LOSS,7.0,crypto
XLMUSD,SHORT,2025-08-19,0.39023301005363464,0.4419319387172813,0.31268461705816464,1476,True,False,2025-10-10,0.31268461705816464,WIN,52.0,crypto
XLMUSD,SHORT,2025-10-27,0.3229619860649109,0.36307089710515744,0.2627986195045411,1545,False,True,2025-11-04,0.2627986195045411,WIN,8.0,crypto
XLMUSD,SHORT,2025-11-11,0.2816070020198822,0.3216664317733473,0.22151785738968455,1560,False,True,2025-11-21,0.22151785738968455,WIN,10.0,crypto
XLMUSD,SHORT,2025-11-28,0.2534860074520111,0.2868831582130287,0.20339028131048476,1577,False,True,2025-12-18,0.20339028131048476,WIN,20.0,crypto
XLMUSD,SHORT,2025-12-28,0.22006799280643463,0.24133178696125346,0.1881723015742064,1607,False,True,2026-01-05,0.24133178696125346,LOSS,8.0,crypto
XLMUSD,SHORT,2026-01-12,0.21922700107097626,0.24108702033381693,0.18643697217671523,1622,False,False,2026-01-14,0.24108702033381693,LOSS,2.0,crypto
XLMUSD,SHORT,2026-01-19,0.21551799774169922,0.23879740344645467,0.18059888918456604,1629,False,False,2026-01-31,0.18059888918456604,WIN,12.0,crypto
XLMUSD,SHORT,2026-02-15,0.17032000422477722,0.19425221210318117,0.1344216924071713,1656,False,True,2026-05-28,0.19425221210318117,LOSS,102.0,crypto
XLMUSD,LONG,2026-06-05,0.20307700335979462,0.15961627799470857,0.2682680914074237,1766,False,True,,,OPEN,,crypto
NEARUSD,SHORT,2022-06-26,3.783262014389038,4.796731775651457,2.2630573724954095,326,False,True,2022-08-05,4.796731775651457,LOSS,40.0,crypto
NEARUSD,SHORT,2022-09-01,4.343934059143066,5.023133642707732,3.325134683796068,393,False,False,2022-09-12,5.023133642707732,LOSS,11.0,crypto
NEARUSD,LONG,2022-11-05,3.324399948120117,2.9771172765968363,3.8453239554050382,458,False,False,2022-11-08,2.9771172765968363,LOSS,3.0,crypto
NEARUSD,SHORT,2022-12-14,1.6613759994506836,1.8759590130232109,1.3395014790918927,497,False,True,2022-12-19,1.3395014790918927,WIN,5.0,crypto
NEARUSD,LONG,2023-02-07,2.490000009536743,2.12008748980716,3.044868789131118,552,False,True,2023-02-13,2.12008748980716,LOSS,6.0,crypto
NEARUSD,LONG,2023-02-17,2.4589920043945312,2.0649790180604697,3.0500114838956236,562,False,True,2023-03-03,2.0649790180604697,LOSS,14.0,crypto
NEARUSD,LONG,2023-03-21,2.07511305809021,1.7514181593486486,2.560655406202552,594,False,False,2023-05-07,1.7514181593486486,LOSS,47.0,crypto
NEARUSD,SHORT,2023-06-22,1.3257770538330078,1.465490998399649,1.1162061369830463,687,False,True,2023-06-26,1.465490998399649,LOSS,4.0,crypto
NEARUSD,SHORT,2023-07-09,1.3266539573669434,1.4878848789412604,1.0848075750054678,704,False,False,2023-07-14,1.4878848789412604,LOSS,5.0,crypto
NEARUSD,SHORT,2023-07-25,1.347694993019104,1.495264423373514,1.126340847487489,720,True,False,2023-08-17,1.126340847487489,WIN,23.0,crypto
NEARUSD,SHORT,2023-08-30,1.2033740282058716,1.3128887382374106,1.0391019631585632,756,False,True,2023-10-09,1.0391019631585632,WIN,40.0,crypto
NEARUSD,LONG,2023-12-18,2.284450054168701,1.9228320941203818,2.8268769942411804,866,False,True,2023-12-20,2.8268769942411804,WIN,2.0,crypto
NEARUSD,LONG,2024-02-22,3.2456159591674805,2.800637869890124,3.9130830930835154,932,False,False,2024-02-26,3.9130830930835154,WIN,4.0,crypto
NEARUSD,LONG,2024-03-20,6.900822162628174,4.995612700480087,9.758636355850305,959,False,True,2024-04-13,4.995612700480087,LOSS,24.0,crypto
NEARUSD,LONG,2024-05-09,7.486283779144287,6.23412844985614,9.364516773076508,1009,False,False,2024-06-11,6.23412844985614,LOSS,33.0,crypto
NEARUSD,SHORT,2024-07-28,5.449138164520264,6.259674767480126,4.23333326008047,1089,False,False,2024-08-04,4.23333326008047,WIN,7.0,crypto
NEARUSD,SHORT,2024-08-30,4.116755962371826,4.824112167605084,3.0557216545219394,1122,False,False,2024-09-23,4.824112167605084,LOSS,24.0,crypto
NEARUSD,SHORT,2024-10-05,4.778327941894531,5.493729403348313,3.7052257497138585,1158,False,False,2024-11-03,3.7052257497138585,WIN,29.0,crypto
NEARUSD,SHORT,2024-11-07,4.230734825134277,4.802561861571551,3.372994270478367,1191,False,False,2024-11-10,4.802561861571551,LOSS,3.0,crypto
NEARUSD,LONG,2024-12-11,6.8547282218933105,5.51865145345986,8.858843374543486,1225,False,True,2024-12-19,5.51865145345986,LOSS,8.0,crypto
NEARUSD,LONG,2025-01-05,5.903985977172852,5.014542276306811,7.238151528471913,1250,False,False,2025-01-08,5.014542276306811,LOSS,3.0,crypto
NEARUSD,SHORT,2025-02-23,3.4276840686798096,4.043041582863997,2.504647797403529,1299,False,True,2025-03-09,2.504647797403529,WIN,14.0,crypto
NEARUSD,SHORT,2025-03-20,2.7366089820861816,3.2240770462584045,2.0054068858278473,1324,False,True,2025-04-07,2.0054068858278473,WIN,18.0,crypto
NEARUSD,SHORT,2025-04-21,2.21710205078125,2.5575313647076623,1.7064580798916316,1356,False,True,2025-04-24,2.5575313647076623,LOSS,3.0,crypto
NEARUSD,SHORT,2025-06-12,2.3780739307403564,2.7379749830704787,1.838222352245173,1408,False,False,2025-06-22,1.838222352245173,WIN,10.0,crypto
NEARUSD,LONG,2025-07-09,2.3391079902648926,2.0487853817883805,2.774591902979661,1435,True,False,2025-07-16,2.774591902979661,WIN,7.0,crypto
NEARUSD,LONG,2025-08-12,2.7843739986419678,2.4283447153445237,3.318417923588134,1469,False,False,2025-08-19,2.4283447153445237,LOSS,7.0,crypto
NEARUSD,LONG,2025-09-09,2.6325631141662598,2.3506800431182113,3.0553877207383326,1497,False,False,2025-09-18,3.0553877207383326,WIN,9.0,crypto
NEARUSD,SHORT,2025-12-10,1.762349009513855,2.0699674555151972,1.3009213405118416,1589,False,False,2026-01-30,1.3009213405118416,WIN,51.0,crypto
NEARUSD,SHORT,2026-03-24,1.2913269996643066,1.4435028653318855,1.0630632011629384,1693,False,True,2026-05-06,1.4435028653318855,LOSS,43.0,crypto
NEARUSD,LONG,2026-06-15,2.388273000717163,1.8993381965908087,3.1216752069066946,1776,False,True,2026-06-24,1.8993381965908087,LOSS,9.0,crypto
NEARUSD,LONG,2026-07-06,2.050405979156494,1.7330944115239932,2.5263733306052454,1797,True,False,2026-07-27,1.7330944115239932,LOSS,21.0,crypto
APTUSD,SHORT,2022-10-03,0.003759999992325902,0.004139802648925952,0.0031902960074258273,317,False,True,2022-10-15,0.004139802648925952,LOSS,12.0,crypto
APTUSD,LONG,2023-03-26,0.0010489999549463391,0.0009040371020312143,0.0012664442343190262,491,False,True,2023-04-19,0.0012664442343190262,WIN,24.0,crypto
APTUSD,SHORT,2023-08-27,0.000155999994603917,0.00016390387973949888,0.0001441441669005442,645,False,False,2023-08-29,0.00016390387973949888,LOSS,2.0,crypto
APTUSD,SHORT,2023-08-31,0.00015700000221841037,0.00016509623355368203,0.0001448556552155029,649,False,False,2023-09-12,0.0001448556552155029,WIN,12.0,crypto
APTUSD,LONG,2023-11-24,0.00032900000223889947,0.00025987654629087406,0.0004326851861609376,734,False,True,2023-12-04,0.0004326851861609376,WIN,10.0,crypto
APTUSD,LONG,2023-12-28,0.0021150000393390656,-0.0006573732911297437,0.006273560035042279,768,False,True,,,OPEN,,crypto
ARBUSD,SHORT,2022-07-17,0.00020799999765586108,0.0002320428333219386,0.0001719357441567448,347,False,True,2022-07-19,0.0002320428333219386,LOSS,2.0,crypto
ARBUSD,LONG,2022-12-04,0.0003429999924264848,0.00032345582770613134,0.00037231623950701506,487,False,True,2023-01-12,0.00037231623950701506,WIN,39.0,crypto
ARBUSD,SHORT,2023-07-15,0.00037200000951997936,0.0005728709477640963,7.06936021538039e-05,710,False,False,2023-07-19,0.0005728709477640963,LOSS,4.0,crypto
ARBUSD,LONG,2023-10-06,0.8908119797706604,0.8209622606365482,0.9955865584718286,793,False,False,2023-10-10,0.8209622606365482,LOSS,4.0,crypto
ARBUSD,SHORT,2023-11-20,1.0368670225143433,1.151915037555972,0.8642949999519003,838,False,True,2023-12-07,0.8642949999519003,WIN,17.0,crypto
ARBUSD,LONG,2024-05-20,0.0014280000468716025,0.0012722077782458456,0.0016616884498102378,1020,False,False,2024-06-21,0.0012722077782458456,LOSS,32.0,crypto
ARBUSD,LONG,2024-07-25,0.0013150000013411045,0.0012234003395944731,0.0014523994939610516,1086,False,False,2024-08-03,0.0012234003395944731,LOSS,9.0,crypto
ARBUSD,SHORT,2024-08-09,0.0012179999612271786,0.0013462649477870158,0.0010256024813874228,1101,True,True,2024-08-11,0.0010256024813874228,WIN,2.0,crypto
ARBUSD,SHORT,2024-09-14,0.0006000000284984708,0.0006553969717853192,0.0005169046135681981,1137,False,True,2024-09-26,0.0006553969717853192,LOSS,12.0,crypto
ARBUSD,SHORT,2024-10-07,0.0006230000290088356,0.0006627494599499291,0.0005633758825971953,1160,False,False,2024-10-14,0.0006627494599499291,LOSS,7.0,crypto
ARBUSD,SHORT,2024-11-23,0.000977999996393919,0.0012825017493025847,0.0005212473670309204,1207,False,True,2025-05-07,0.0012825017493025847,LOSS,165.0,crypto
OPUSD,SHORT,2023-02-13,2.220633029937744,2.7754652988771027,1.3883846265287063,336,False,True,2023-02-15,2.7754652988771027,LOSS,2.0,crypto
OPUSD,SHORT,2023-03-04,2.3624460697174072,2.925217890485145,1.5182883385658004,355,False,False,2023-03-14,2.925217890485145,LOSS,10.0,crypto
OPUSD,SHORT,2023-03-15,2.4080750942230225,3.0529395260457095,1.440778446488992,366,False,False,2023-05-30,1.440778446488992,WIN,76.0,crypto
OPUSD,SHORT,2023-06-28,1.2180479764938354,1.42396491651191,0.9091725664667237,471,False,False,2023-07-14,1.42396491651191,LOSS,16.0,crypto
OPUSD,SHORT,2023-08-12,1.5507969856262207,1.7219427458589354,1.2940783452771487,516,False,True,2023-08-17,1.2940783452771487,WIN,5.0,crypto
OPUSD,SHORT,2023-08-30,1.482226014137268,1.6362509092838866,1.2511886714173404,534,False,False,2023-09-10,1.2511886714173404,WIN,11.0,crypto
OPUSD,LONG,2023-12-04,1.7951359748840332,1.6014286018819992,2.085697034387084,630,False,False,2023-12-07,2.085697034387084,WIN,3.0,crypto
OPUSD,LONG,2024-01-08,3.417396068572998,2.6411673172496175,4.581739195558069,665,False,True,2024-01-23,2.6411673172496175,LOSS,15.0,crypto
OPUSD,LONG,2024-02-07,3.3598580360412598,2.8980320080082227,4.052597078090815,695,False,False,2024-02-20,4.052597078090815,WIN,13.0,crypto
OPUSD,LONG,2024-02-24,3.669167995452881,3.1519023208457924,4.445066507363514,712,False,False,2024-03-05,4.445066507363514,WIN,10.0,crypto
OPUSD,LONG,2024-03-13,4.417394161224365,3.7515197450595714,5.416205785471556,730,False,True,2024-03-15,3.7515197450595714,LOSS,2.0,crypto
OPUSD,SHORT,2024-04-29,2.497314929962158,2.982822455223826,1.7690536420696568,777,False,True,2024-05-03,2.982822455223826,LOSS,4.0,crypto
OPUSD,SHORT,2024-05-10,2.5187149047851562,2.9463903936352156,1.8772016715100672,788,False,False,2024-05-21,2.9463903936352156,LOSS,11.0,crypto
OPUSD,SHORT,2024-05-26,2.5330450534820557,2.9301765375641375,1.9373478273589329,804,False,False,2024-06-14,1.9373478273589329,WIN,19.0,crypto
OPUSD,SHORT,2024-07-11,1.6605470180511475,1.9134386085545347,1.2812096322960667,850,False,True,2024-07-19,1.9134386085545347,LOSS,8.0,crypto
OPUSD,SHORT,2024-07-28,1.7026859521865845,1.9239688134817998,1.3707616602437613,867,False,False,2024-08-04,1.3707616602437613,WIN,7.0,crypto
OPUSD,SHORT,2024-08-20,1.354537010192871,1.5671493772915488,1.0356184595448545,890,False,True,2024-08-23,1.5671493772915488,LOSS,3.0,crypto
OPUSD,SHORT,2024-08-29,1.425889015197754,1.6287171678474226,1.1216467862232509,899,False,True,2024-09-19,1.6287171678474226,LOSS,21.0,crypto
OPUSD,SHORT,2024-10-08,1.6345239877700806,1.8602790963231883,1.295891324940419,939,False,False,2024-11-21,1.8602790963231883,LOSS,44.0,crypto
OPUSD,LONG,2024-12-11,2.3367810249328613,1.870845358480564,3.035684524611307,1003,False,True,2024-12-19,1.870845358480564,LOSS,8.0,crypto
OPUSD,SHORT,2025-02-27,1.1039179563522339,1.3317432286511626,0.7621800479038409,1081,False,True,2025-03-11,0.7621800479038409,WIN,12.0,crypto
OPUSD,SHORT,2025-03-26,0.8857309818267822,1.023936736129834,0.6784223503722047,1108,False,True,2025-04-03,0.6784223503722047,WIN,8.0,crypto
OPUSD,SHORT,2025-05-03,0.6792439818382263,0.7722877869042959,0.539678274239122,1146,False,False,2025-05-10,0.7722877869042959,LOSS,7.0,crypto
OPUSD,SHORT,2025-05-19,0.7134770154953003,0.8563922149265447,0.49910421634843366,1162,False,False,2025-06-21,0.49910421634843366,WIN,33.0,crypto
OPUSD,SHORT,2025-06-30,0.5663390159606934,0.6558212084859515,0.43211572717280616,1204,False,False,2025-07-10,0.6558212084859515,LOSS,10.0,crypto
OPUSD,LONG,2025-07-24,0.6923140287399292,0.5741931018718425,0.8694954190420593,1228,True,True,2025-08-13,0.8694954190420593,WIN,20.0,crypto
OPUSD,LONG,2025-08-16,0.7407979965209961,0.6175128197703503,0.9257257616469647,1251,False,True,2025-10-10,0.6175128197703503,LOSS,55.0,crypto
OPUSD,SHORT,2025-11-11,0.4061410129070282,0.4853355379097478,0.28734922540294877,1338,False,True,2025-12-01,0.28734922540294877,WIN,20.0,crypto
OPUSD,SHORT,2025-12-10,0.32386499643325806,0.3767210832465605,0.24458086621330438,1367,False,True,2026-01-31,0.24458086621330438,WIN,52.0,crypto
OPUSD,SHORT,2026-03-18,0.12624500691890717,0.1440704329540827,0.09950686786614386,1465,False,True,2026-05-06,0.1440704329540827,LOSS,49.0,crypto
OPUSD,SHORT,2026-05-22,0.12670999765396118,0.14321606886198457,0.1019508908419261,1530,False,False,2026-06-05,0.1019508908419261,WIN,14.0,crypto
FILUSD,SHORT,2022-06-25,6.08303689956665,7.242439340094133,4.343933238775426,325,False,True,2022-07-30,7.242439340094133,LOSS,35.0,crypto
FILUSD,LONG,2022-09-12,6.541749954223633,5.55041862185459,8.028746952777198,404,True,False,2022-09-18,5.55041862185459,LOSS,6.0,crypto
FILUSD,LONG,2022-10-28,5.367282867431641,4.891285189691511,6.081279384041835,450,False,False,2022-11-03,6.081279384041835,WIN,6.0,crypto
FILUSD,LONG,2022-12-04,4.579728126525879,4.087189660847871,5.318535825042891,487,False,False,2022-12-16,4.087189660847871,LOSS,12.0,crypto
FILUSD,LONG,2023-02-07,5.547709941864014,4.754953893845132,6.736844013892337,552,False,True,2023-02-09,4.754953893845132,LOSS,2.0,crypto
FILUSD,LONG,2023-02-15,5.479165077209473,4.705435645371411,6.639759224966565,560,False,True,2023-02-17,6.639759224966565,WIN,2.0,crypto
FILUSD,LONG,2023-02-26,6.90660285949707,5.47150841874306,9.059244520628086,571,False,True,2023-03-09,5.47150841874306,LOSS,11.0,crypto
FILUSD,LONG,2023-03-17,6.396756172180176,4.904744558301694,8.634773592997899,590,False,False,2023-05-08,4.904744558301694,LOSS,52.0,crypto
FILUSD,SHORT,2023-06-22,3.9239308834075928,4.371699875985246,3.2522773945411134,687,False,True,2023-07-03,4.371699875985246,LOSS,11.0,crypto
FILUSD,SHORT,2023-07-31,4.257393836975098,4.625468594182591,3.705281701163858,726,False,False,2023-08-16,3.705281701163858,WIN,16.0,crypto
FILUSD,SHORT,2023-10-17,3.210638999938965,3.3950663775247913,2.9339979335602253,804,False,False,2023-10-22,3.3950663775247913,LOSS,5.0,crypto
FILUSD,LONG,2023-11-25,4.779504776000977,4.164855949949791,5.701478015077755,843,False,True,2023-12-16,5.701478015077755,WIN,21.0,crypto
FILUSD,LONG,2023-12-18,5.297379970550537,4.524382541389898,6.456876114291495,866,False,True,2023-12-31,6.456876114291495,WIN,13.0,crypto
FILUSD,LONG,2024-01-13,6.029654026031494,4.8146423832616625,7.852171490186242,892,False,False,2024-01-23,4.8146423832616625,LOSS,10.0,crypto
FILUSD,LONG,2024-02-12,5.459167003631592,4.917232490574801,6.272068773216779,922,False,False,2024-02-17,6.272068773216779,WIN,5.0,crypto
FILUSD,LONG,2024-03-28,9.301408767700195,7.629575502000888,11.809158666249157,967,False,False,2024-04-12,7.629575502000888,LOSS,15.0,crypto
FILUSD,SHORT,2024-05-19,5.553036212921143,6.283477718186134,4.457373955023655,1019,False,False,2024-05-21,6.283477718186134,LOSS,2.0,crypto
FILUSD,SHORT,2024-05-26,5.8523759841918945,6.574148146476855,4.769717740764454,1026,False,False,2024-06-07,6.574148146476855,LOSS,12.0,crypto
FILUSD,SHORT,2024-07-31,4.209012031555176,4.7537454100953465,3.3919119637449198,1092,False,False,2024-08-05,3.3919119637449198,WIN,5.0,crypto
FILUSD,SHORT,2024-09-16,3.4135899543762207,3.785564989326043,2.8556274019514873,1139,False,True,2024-09-20,3.785564989326043,LOSS,4.0,crypto
FILUSD,SHORT,2024-10-08,3.6270101070404053,4.00030877801588,3.0670621005771936,1161,False,False,2024-10-20,4.00030877801588,LOSS,12.0,crypto
FILUSD,SHORT,2024-10-25,3.435983896255493,3.8274197121029,2.8488301724843828,1178,False,False,2024-11-08,3.8274197121029,LOSS,14.0,crypto
FILUSD,LONG,2024-11-21,4.536004066467285,3.8534358311292136,5.559856419474393,1205,False,True,2024-11-23,5.559856419474393,WIN,2.0,crypto
FILUSD,LONG,2024-12-11,6.689188003540039,5.31568134176051,8.749447996209332,1225,False,True,2024-12-19,5.31568134176051,LOSS,8.0,crypto
FILUSD,SHORT,2025-03-18,2.9235150814056396,3.40444693049378,2.2021173077734293,1322,False,True,2025-04-07,2.2021173077734293,WIN,20.0,crypto
FILUSD,SHORT,2025-05-19,2.8627710342407227,3.2351081658709093,2.3042653367954427,1384,False,False,2025-06-20,2.3042653367954427,WIN,32.0,crypto
FILUSD,SHORT,2025-06-30,2.301992893218994,2.575971703467642,1.8910246778460225,1426,False,False,2025-07-10,2.575971703467642,LOSS,10.0,crypto
FILUSD,LONG,2025-07-25,2.6487700939178467,2.3161648243050514,3.1476779983370395,1451,False,False,2025-08-01,2.3161648243050514,LOSS,7.0,crypto
FILUSD,LONG,2025-08-12,2.629210948944092,2.334108397196141,3.0718647765660183,1469,False,False,2025-08-22,2.334108397196141,LOSS,10.0,crypto
FILUSD,LONG,2025-09-16,2.5572659969329834,2.3013849185597026,2.9410876144929046,1504,True,False,2025-09-22,2.3013849185597026,LOSS,6.0,crypto
FILUSD,LONG,2025-10-05,2.333631992340088,2.115430924398343,2.660933594252705,1523,False,False,2025-10-10,2.115430924398343,LOSS,5.0,crypto
FILUSD,SHORT,2025-12-29,1.3168879747390747,1.5057845932708909,1.0335430469413505,1608,False,False,2026-01-01,1.5057845932708909,LOSS,3.0,crypto
FILUSD,SHORT,2026-03-18,0.9239029884338379,1.046121430773607,0.7405753249241841,1687,False,False,2026-05-06,1.046121430773607,LOSS,49.0,crypto
FILUSD,LONG,2026-05-14,1.053354024887085,0.9195210585364506,1.2541034744130366,1744,False,True,2026-05-23,0.9195210585364506,LOSS,9.0,crypto
FILUSD,LONG,2026-07-09,0.7808949947357178,0.6934718185254813,0.9120297590510724,1800,False,False,2026-07-27,0.6934718185254813,LOSS,18.0,crypto
ICPUSD,SHORT,2022-06-26,5.767800807952881,7.169850511737272,3.6647262522762936,326,False,False,2022-07-08,7.169850511737272,LOSS,12.0,crypto
ICPUSD,SHORT,2022-07-25,6.2291669845581055,7.3710903778049115,4.516281894687896,355,False,False,2022-07-28,7.3710903778049115,LOSS,3.0,crypto
ICPUSD,LONG,2022-09-10,7.127786159515381,6.153133283333156,8.589765473788718,402,True,False,2022-09-15,6.153133283333156,LOSS,5.0,crypto
ICPUSD,LONG,2022-11-03,5.380952835083008,4.791244053558837,6.265516007369264,456,False,False,2022-11-08,4.791244053558837,LOSS,5.0,crypto
ICPUSD,LONG,2022-12-02,4.282639026641846,3.7466851716553258,5.086569809121626,485,False,True,2022-12-16,3.7466851716553258,LOSS,14.0,crypto
ICPUSD,SHORT,2022-12-27,3.8342549800872803,4.241785279747879,3.222959530596382,510,False,True,2023-01-09,4.241785279747879,LOSS,13.0,crypto
ICPUSD,LONG,2023-02-07,5.834402084350586,5.123852012402273,6.900227192273055,552,False,True,2023-02-09,5.123852012402273,LOSS,2.0,crypto
ICPUSD,LONG,2023-04-11,5.3362531661987305,4.788058742935287,6.158544801093896,615,False,False,2023-04-16,6.158544801093896,WIN,5.0,crypto
ICPUSD,LONG,2023-04-22,5.615320205688477,4.803544393463167,6.83298392402644,626,False,True,2023-05-24,4.803544393463167,LOSS,32.0,crypto
ICPUSD,SHORT,2023-06-22,4.140552997589111,4.594816445213053,3.459157826153199,687,False,True,2023-08-17,3.459157826153199,WIN,56.0,crypto
ICPUSD,LONG,2023-11-22,4.44440221786499,3.7853901748670067,5.432920282361966,840,False,True,2023-12-09,5.432920282361966,WIN,17.0,crypto
ICPUSD,LONG,2024-01-13,12.91667366027832,9.728611224519154,17.69876731391707,892,False,True,2024-01-23,9.728611224519154,LOSS,10.0,crypto
ICPUSD,LONG,2024-02-02,12.711692810058594,10.56783992409666,15.927472139001495,912,False,False,2024-03-05,15.927472139001495,WIN,32.0,crypto
ICPUSD,SHORT,2024-05-06,12.793852806091309,15.010478900652316,9.468913664249797,1006,False,False,2024-06-14,9.468913664249797,WIN,39.0,crypto
ICPUSD,SHORT,2024-08-01,8.897101402282715,10.212605971342917,6.923844548692411,1093,False,False,2024-08-05,6.923844548692411,WIN,4.0,crypto
ICPUSD,SHORT,2024-08-30,7.625193119049072,8.67412464974106,6.051795823011091,1122,False,False,2024-09-10,8.67412464974106,LOSS,11.0,crypto
ICPUSD,SHORT,2024-10-07,8.052411079406738,9.152994436451884,6.40153604383902,1160,False,False,2024-11-10,9.152994436451884,LOSS,34.0,crypto
ICPUSD,LONG,2024-12-11,13.168057441711426,10.567464302436619,17.068947150623636,1225,False,True,2024-12-19,10.567464302436619,LOSS,8.0,crypto
ICPUSD,SHORT,2025-03-18,5.81321907043457,6.733222442005693,4.433214013077887,1322,False,True,2025-04-07,4.433214013077887,WIN,20.0,crypto
ICPUSD,SHORT,2025-04-13,5.003706932067871,5.711222017335311,3.942434304166711,1348,False,True,2025-05-10,5.711222017335311,LOSS,27.0,crypto
ICPUSD,SHORT,2025-05-19,5.218254089355469,5.873520066901796,4.235355123035978,1384,False,False,2025-06-09,5.873520066901796,LOSS,21.0,crypto
ICPUSD,SHORT,2025-06-17,5.127814769744873,5.843287304167014,4.054605968111661,1413,False,False,2025-07-18,5.843287304167014,LOSS,31.0,crypto
ICPUSD,LONG,2025-07-25,5.619146823883057,4.91210454733058,6.679710238711771,1451,False,False,2025-08-02,4.91210454733058,LOSS,8.0,crypto
ICPUSD,LONG,2025-08-12,5.667479991912842,5.032745579247982,6.6195816109101315,1469,False,False,2025-08-19,5.032745579247982,LOSS,7.0,crypto
ICPUSD,LONG,2025-10-05,4.526138782501221,4.121151002329813,5.133620452758333,1523,False,False,2025-10-10,4.121151002329813,LOSS,5.0,crypto
ICPUSD,SHORT,2025-12-21,3.0494959354400635,3.7408804808519696,2.0124191173222044,1600,False,False,2026-01-14,3.7408804808519696,LOSS,24.0,crypto
ICPUSD,SHORT,2026-01-24,3.465488910675049,4.13183544038001,2.4659691161176065,1634,False,True,2026-02-05,2.4659691161176065,WIN,12.0,crypto
ICPUSD,SHORT,2026-03-21,2.432157039642334,2.7435978545015276,1.9649958173535436,1690,True,True,2026-05-05,2.7435978545015276,LOSS,45.0,crypto
ICPUSD,LONG,2026-05-31,2.72066593170166,2.3084662890970464,3.3389653956085805,1761,False,False,2026-06-05,2.3084662890970464,LOSS,5.0,crypto
ETCUSD,SHORT,2022-06-27,16.528331756591797,19.54642116389375,12.001197645638866,327,False,False,2022-07-17,19.54642116389375,LOSS,20.0,crypto
ETCUSD,LONG,2022-09-07,37.259883880615234,30.688288201007538,47.11727740002678,399,False,False,2022-09-18,30.688288201007538,LOSS,11.0,crypto
ETCUSD,LONG,2022-10-28,25.506454467773438,22.64853899802802,29.793327672391563,450,True,False,2022-11-02,22.64853899802802,LOSS,5.0,crypto
ETCUSD,LONG,2022-11-05,26.47303009033203,23.58114343440746,30.81086007421889,458,False,False,2022-11-08,23.58114343440746,LOSS,3.0,crypto
ETCUSD,SHORT,2022-11-26,19.874025344848633,22.62530690040525,15.747103011513708,479,False,True,2022-12-19,15.747103011513708,WIN,23.0,crypto
ETCUSD,SHORT,2023-02-16,21.37545394897461,23.797523631861186,17.742349424644743,561,False,True,2023-02-21,23.797523631861186,LOSS,5.0,crypto
ETCUSD,LONG,2023-03-18,20.753070831298828,18.042932165923844,24.818278829361304,591,False,False,2023-05-08,18.042932165923844,LOSS,51.0,crypto
ETCUSD,SHORT,2023-05-29,18.368478775024414,19.478848856852775,16.702923652281875,663,False,True,2023-06-05,16.702923652281875,WIN,7.0,crypto
ETCUSD,SHORT,2023-07-20,18.6861572265625,20.434927933819427,16.063001165677107,715,False,False,2023-08-16,16.063001165677107,WIN,27.0,crypto
ETCUSD,SHORT,2023-09-17,15.404818534851074,16.328465357465227,14.019348300929845,774,False,True,2023-09-30,16.328465357465227,LOSS,13.0,crypto
ETCUSD,SHORT,2023-10-07,15.652795791625977,16.58011901338621,14.261810958985627,794,False,False,2023-10-23,16.58011901338621,LOSS,16.0,crypto
ETCUSD,LONG,2023-11-22,19.00896453857422,16.999785459482965,22.0227331572111,840,False,True,2023-12-07,22.0227331572111,WIN,15.0,crypto
ETCUSD,LONG,2023-12-12,20.315988540649414,18.34951082337926,23.26570511655465,860,False,True,2023-12-28,23.26570511655465,WIN,16.0,crypto
ETCUSD,LONG,2024-01-19,25.341201782226562,21.313350558055976,31.38297861848244,898,False,True,2024-02-29,31.38297861848244,WIN,41.0,crypto
ETCUSD,LONG,2024-03-28,32.5375862121582,27.79930514173715,39.64500781778978,967,False,True,2024-04-12,27.79930514173715,LOSS,15.0,crypto
ETCUSD,LONG,2024-05-18,28.62223243713379,25.565976741951097,33.20661597990782,1018,True,False,2024-05-23,33.20661597990782,WIN,5.0,crypto
ETCUSD,SHORT,2024-06-02,28.934589385986328,32.10604115998633,24.17741172498632,1033,False,False,2024-06-14,24.17741172498632,WIN,12.0,crypto
ETCUSD,SHORT,2024-07-27,22.84707260131836,25.128617997196333,19.424754507501397,1088,False,True,2024-08-03,19.424754507501397,WIN,7.0,crypto
ETCUSD,SHORT,2024-09-15,17.816959381103516,19.255657769959093,15.65891179782015,1138,False,True,2024-09-21,19.255657769959093,LOSS,6.0,crypto
ETCUSD,SHORT,2024-10-07,18.575082778930664,20.0480414646819,16.365644750303808,1160,False,False,2024-10-20,20.0480414646819,LOSS,13.0,crypto
ETCUSD,SHORT,2024-10-25,18.17586326599121,19.71233609395556,15.871154024044687,1178,False,False,2024-10-30,19.71233609395556,LOSS,5.0,crypto
ETCUSD,SHORT,2024-11-02,18.0999755859375,19.572284947270425,15.891511543938112,1186,False,False,2024-11-06,19.572284947270425,LOSS,4.0,crypto
ETCUSD,LONG,2024-12-11,33.55359649658203,27.030914112273276,43.337620073045166,1225,False,True,2024-12-19,27.030914112273276,LOSS,8.0,crypto
ETCUSD,LONG,2025-01-06,28.656627655029297,24.96637439274844,34.19200754845058,1251,False,False,2025-01-08,24.96637439274844,LOSS,2.0,crypto
ETCUSD,LONG,2025-01-21,27.116962432861328,23.17058685197823,33.03652580418598,1266,False,False,2025-02-02,23.17058685197823,LOSS,12.0,crypto
ETCUSD,SHORT,2025-03-03,18.702590942382812,21.674143020787835,14.24526282477528,1307,False,True,2025-04-06,14.24526282477528,WIN,34.0,crypto
ETCUSD,SHORT,2025-04-21,15.610109329223633,17.20438197308519,13.218700363431296,1356,False,True,2025-04-25,17.20438197308519,LOSS,4.0,crypto
ETCUSD,SHORT,2025-05-07,16.191516876220703,17.639834284147756,14.019040764330123,1372,False,False,2025-05-08,17.639834284147756,LOSS,1.0,crypto
ETCUSD,SHORT,2025-05-28,18.428213119506836,20.400937311707462,15.469126831205896,1393,False,False,2025-06-21,15.469126831205896,WIN,24.0,crypto
ETCUSD,LONG,2025-07-03,16.982694625854492,15.485328726437212,19.228743474980412,1429,False,False,2025-07-16,19.228743474980412,WIN,13.0,crypto
ETCUSD,LONG,2025-08-08,22.3994083404541,19.91140877829713,26.13140768368956,1465,False,False,2025-09-21,19.91140877829713,LOSS,44.0,crypto
ETCUSD,LONG,2025-10-06,20.00044822692871,18.405605058967957,22.39271297886984,1524,False,False,2025-10-10,18.405605058967957,LOSS,4.0,crypto
ETCUSD,SHORT,2025-10-27,16.513568878173828,18.530312677958726,13.488453178496481,1545,False,True,2025-11-07,18.530312677958726,LOSS,11.0,crypto
ETCUSD,SHORT,2025-11-12,15.288270950317383,17.68988056775285,11.68585652416418,1561,False,True,2025-12-18,11.68585652416418,WIN,36.0,crypto
ETCUSD,SHORT,2025-12-29,11.916053771972656,13.068582486404487,10.18726070032491,1608,False,True,2026-01-05,13.068582486404487,LOSS,7.0,crypto
ETCUSD,SHORT,2026-01-12,12.248922348022461,13.292049039757078,10.684232310420535,1622,False,False,2026-01-13,13.292049039757078,LOSS,1.0,crypto
ETCUSD,SHORT,2026-01-19,12.02548885345459,13.179332909771501,10.294722768979224,1629,False,False,2026-01-31,10.294722768979224,WIN,12.0,crypto
ETCUSD,SHORT,2026-02-22,8.518675804138184,9.615061105963537,6.874097851400153,1663,False,True,2026-05-08,9.615061105963537,LOSS,75.0,crypto
HBARUSD,SHORT,2022-07-10,0.06503500044345856,0.07489164186024214,0.05025003831828319,340,False,True,2022-07-20,0.07489164186024214,LOSS,10.0,crypto
HBARUSD,SHORT,2022-08-18,0.0706930011510849,0.07944339556894153,0.05756740952429995,379,False,False,2022-09-18,0.05756740952429995,WIN,31.0,crypto
HBARUSD,LONG,2022-10-11,0.060903001576662064,0.055848625509684315,0.06848456567712868,433,True,False,2022-11-08,0.055848625509684315,LOSS,28.0,crypto
HBARUSD,LONG,2023-04-14,0.06747999787330627,0.060286179214640835,0.07827072586130443,618,True,False,2023-04-21,0.060286179214640835,LOSS,7.0,crypto
HBARUSD,SHORT,2023-05-29,0.05278899893164635,0.0563386560115107,0.04746451331184981,663,False,True,2023-06-05,0.04746451331184981,WIN,7.0,crypto
HBARUSD,SHORT,2023-07-06,0.04619299992918968,0.050993674357729425,0.038991988286380064,701,False,False,2023-07-13,0.050993674357729425,LOSS,7.0,crypto
HBARUSD,LONG,2023-12-01,0.060878001153469086,0.055105399512944915,0.06953690361425534,849,False,True,2023-12-06,0.06953690361425534,WIN,5.0,crypto
HBARUSD,LONG,2024-03-28,0.11619599908590317,0.09698193587986755,0.1450170938949566,967,False,False,2024-04-12,0.09698193587986755,LOSS,15.0,crypto
HBARUSD,LONG,2024-05-09,0.1106489971280098,0.08838252862746901,0.14404869987882096,1009,False,True,2024-06-07,0.08838252862746901,LOSS,29.0,crypto
HBARUSD,SHORT,2024-07-22,0.07084999978542328,0.07977013425921131,0.05746979807474123,1083,False,True,2024-08-03,0.05746979807474123,WIN,12.0,crypto
HBARUSD,SHORT,2024-09-15,0.05013899877667427,0.05505430160702517,0.04276604453114792,1138,False,True,2024-09-21,0.05505430160702517,LOSS,6.0,crypto
HBARUSD,SHORT,2024-10-05,0.0531340017914772,0.05951425118248425,0.043563627704966634,1158,False,False,2024-11-03,0.043563627704966634,WIN,29.0,crypto
HBARUSD,LONG,2024-12-20,0.27060800790786743,0.19709623844946703,0.380875662095468,1234,False,True,2025-01-16,0.380875662095468,WIN,27.0,crypto
HBARUSD,LONG,2025-01-23,0.32718899846076965,0.26317979552047827,0.4232028028712067,1268,False,True,2025-02-02,0.26317979552047827,LOSS,10.0,crypto
HBARUSD,LONG,2025-03-04,0.24156099557876587,0.18742018191959062,0.32277221606752876,1308,True,True,2025-03-11,0.18742018191959062,LOSS,7.0,crypto
HBARUSD,SHORT,2025-03-26,0.19158099591732025,0.22250804686387327,0.14519041949749073,1330,False,True,2025-04-06,0.14519041949749073,WIN,11.0,crypto
HBARUSD,SHORT,2025-04-10,0.16754299402236938,0.20144530741467376,0.11668952393391283,1345,False,True,2025-04-25,0.20144530741467376,LOSS,15.0,crypto
HBARUSD,SHORT,2025-06-11,0.17299500107765198,0.1917692833391858,0.14483357768535124,1407,False,False,2025-06-18,0.14483357768535124,WIN,7.0,crypto
HBARUSD,SHORT,2025-06-30,0.15002000331878662,0.1669227730078627,0.12466584878517249,1426,False,True,2025-07-09,0.1669227730078627,LOSS,9.0,crypto
HBARUSD,SHORT,2025-08-05,0.23916499316692352,0.28033397546463157,0.17741151972036145,1462,True,True,2025-10-10,0.17741151972036145,WIN,66.0,crypto
HBARUSD,SHORT,2025-11-11,0.17773699760437012,0.2082276878996548,0.1320009621614431,1560,False,False,2025-11-21,0.1320009621614431,WIN,10.0,crypto
HBARUSD,SHORT,2025-12-04,0.13948799669742584,0.1609614772502305,0.10727777586821886,1583,False,False,2025-12-18,0.10727777586821886,WIN,14.0,crypto
HBARUSD,SHORT,2026-01-11,0.11720400303602219,0.12985713751339265,0.0982243013199665,1621,False,False,2026-01-30,0.0982243013199665,WIN,19.0,crypto
HBARUSD,SHORT,2026-02-23,0.09485500305891037,0.10615221310452606,0.07790918799048682,1664,False,False,2026-05-30,0.10615221310452606,LOSS,96.0,crypto
HBARUSD,LONG,2026-07-25,0.07086800038814545,0.06568023979421354,0.07864964127904331,1816,True,False,,,OPEN,,crypto
VETUSD,SHORT,2022-06-26,0.024298999458551407,0.029039415356074922,0.017188375612266132,326,False,False,2022-08-02,0.029039415356074922,LOSS,37.0,crypto
VETUSD,LONG,2022-10-28,0.023517999798059464,0.021765131233390262,0.026147302645063264,450,False,False,2022-11-06,0.026147302645063264,WIN,9.0,crypto
VETUSD,SHORT,2023-01-05,0.01623399928212166,0.01730842514755385,0.014622360483973371,519,False,True,2023-01-09,0.01730842514755385,LOSS,4.0,crypto
VETUSD,LONG,2023-02-10,0.02361699938774109,0.02079200424248901,0.027854492105619206,555,False,True,2023-02-17,0.027854492105619206,WIN,7.0,crypto
VETUSD,LONG,2023-02-26,0.028220999985933304,0.02428519585309104,0.034124706185196696,571,False,True,2023-03-04,0.02428519585309104,LOSS,6.0,crypto
VETUSD,LONG,2023-04-04,0.0241519995033741,0.02143055370865179,0.028234168195457564,608,False,False,2023-04-26,0.02143055370865179,LOSS,22.0,crypto
VETUSD,SHORT,2023-06-04,0.01974800042808056,0.020933813997314338,0.01796928007422989,669,False,False,2023-06-07,0.01796928007422989,WIN,3.0,crypto
VETUSD,SHORT,2023-07-30,0.018717000260949135,0.020061909520793994,0.016699636371181846,725,False,False,2023-08-17,0.016699636371181846,WIN,18.0,crypto
VETUSD,SHORT,2023-08-30,0.016249999403953552,0.017467963661921673,0.01442305301700137,756,False,True,2023-09-15,0.017467963661921673,LOSS,16.0,crypto
VETUSD,SHORT,2023-09-26,0.016536999493837357,0.01769114525430145,0.014805780853141217,783,False,False,2023-10-02,0.01769114525430145,LOSS,6.0,crypto
VETUSD,SHORT,2023-10-09,0.01654200069606304,0.017603873317419624,0.014949191764028168,796,False,False,2023-10-23,0.017603873317419624,LOSS,14.0,crypto
VETUSD,LONG,2023-11-17,0.02102999947965145,0.01884159162680935,0.024312611258914603,835,False,True,2023-12-05,0.024312611258914603,WIN,18.0,crypto
VETUSD,LONG,2024-03-06,0.046959999948740005,0.03888780674397976,0.05906828975588038,945,False,True,2024-03-17,0.03888780674397976,LOSS,11.0,crypto
VETUSD,LONG,2024-03-28,0.04669399932026863,0.039488204974734285,0.05750269083857015,967,False,False,2024-04-05,0.039488204974734285,LOSS,8.0,crypto
VETUSD,LONG,2024-04-10,0.046500999480485916,0.03963403048161136,0.056801452978797747,980,False,False,2024-04-13,0.03963403048161136,LOSS,3.0,crypto
VETUSD,SHORT,2024-05-16,0.03525099903345108,0.03959182282092785,0.028739763352235922,1016,False,False,2024-06-14,0.028739763352235922,WIN,29.0,crypto
VETUSD,SHORT,2024-07-25,0.027347000315785408,0.030774954717712508,0.02220506871289476,1086,False,False,2024-08-04,0.02220506871289476,WIN,10.0,crypto
VETUSD,SHORT,2024-09-11,0.021681999787688255,0.024027386737066284,0.01816391936362121,1134,False,True,2024-09-20,0.024027386737066284,LOSS,9.0,crypto
VETUSD,SHORT,2024-10-07,0.02295299991965294,0.025296266158179256,0.019438100561863465,1160,False,False,2024-11-03,0.019438100561863465,WIN,27.0,crypto
VETUSD,LONG,2024-12-11,0.059376999735832214,0.04545652541923753,0.08025771121072424,1225,False,True,2024-12-19,0.04545652541923753,LOSS,8.0,crypto
VETUSD,LONG,2025-01-21,0.04918399825692177,0.03856075253695265,0.06511886683687544,1266,False,False,2025-02-02,0.03856075253695265,LOSS,12.0,crypto
VETUSD,SHORT,2025-03-20,0.02605300024151802,0.030558664365091744,0.019294504056157437,1324,False,True,2025-04-07,0.019294504056157437,WIN,18.0,crypto
VETUSD,SHORT,2025-04-13,0.022718999534845352,0.02634759818365005,0.017276101561638307,1348,False,True,2025-04-23,0.02634759818365005,LOSS,10.0,crypto
VETUSD,SHORT,2025-05-07,0.02487500011920929,0.02769527121567496,0.02064459347451078,1372,True,False,2025-05-08,0.02769527121567496,LOSS,1.0,crypto
VETUSD,SHORT,2025-05-28,0.027154000476002693,0.030813229612095334,0.02166515677186373,1393,False,False,2025-06-17,0.02166515677186373,WIN,20.0,crypto
VETUSD,SHORT,2025-06-30,0.02123199962079525,0.023734991721973124,0.01747751146902844,1426,False,True,2025-07-10,0.023734991721973124,LOSS,10.0,crypto
VETUSD,SHORT,2025-07-31,0.023103000596165657,0.02637607311888376,0.018193391812088504,1457,False,False,2025-08-13,0.02637607311888376,LOSS,13.0,crypto
VETUSD,LONG,2025-08-17,0.02476399950683117,0.021959174157853048,0.02897123753029835,1474,False,False,2025-09-25,0.021959174157853048,LOSS,39.0,crypto
VETUSD,SHORT,2025-10-07,0.02254300005733967,0.02462292356490329,0.019423114795994238,1525,False,False,2025-10-10,0.019423114795994238,WIN,3.0,crypto
VETUSD,SHORT,2025-11-14,0.015456999652087688,0.0180540912350211,0.01156136227768757,1563,False,True,2025-12-12,0.01156136227768757,WIN,28.0,crypto
VETUSD,SHORT,2025-12-28,0.011113000102341175,0.01243554440308016,0.009129183651232699,1607,False,True,2026-01-05,0.01243554440308016,LOSS,8.0,crypto
VETUSD,SHORT,2026-01-12,0.011288999579846859,0.012540936588308729,0.009411094067154055,1622,False,False,2026-01-29,0.009411094067154055,WIN,17.0,crypto
VETUSD,SHORT,2026-02-15,0.008360999636352062,0.009635313792373562,0.006449528402319812,1656,False,True,2026-05-19,0.006449528402319812,WIN,93.0,crypto
VETUSD,LONG,2026-07-06,0.0049680001102387905,0.004464710704566759,0.005722934218746837,1797,False,True,2026-07-29,0.004464710704566759,LOSS,23.0,crypto
ALGOUSD,SHORT,2022-06-26,0.33229801058769226,0.3945455362341426,0.23892672211801672,326,False,False,2022-09-23,0.3945455362341426,LOSS,89.0,crypto
ALGOUSD,LONG,2022-09-29,0.35493800044059753,0.3057243073532707,0.42875854007158776,421,False,False,2022-10-13,0.3057243073532707,LOSS,14.0,crypto
ALGOUSD,LONG,2022-10-28,0.3337869942188263,0.3034623561762899,0.37927395128263086,450,False,False,2022-11-03,0.37927395128263086,WIN,6.0,crypto
ALGOUSD,SHORT,2023-01-05,0.18354399502277374,0.20110178066826379,0.15720731655453868,519,False,True,2023-01-09,0.20110178066826379,LOSS,4.0,crypto
ALGOUSD,SHORT,2023-02-13,0.2446579933166504,0.27598973379943,0.197660382592481,558,False,False,2023-02-16,0.27598973379943,LOSS,3.0,crypto
ALGOUSD,LONG,2023-04-04,0.21812200546264648,0.19062647274391117,0.25936530454074946,608,False,False,2023-04-20,0.19062647274391117,LOSS,16.0,crypto
ALGOUSD,SHORT,2023-06-22,0.12512899935245514,0.13792310505679117,0.10593784079595109,687,False,True,2023-06-23,0.13792310505679117,LOSS,1.0,crypto
ALGOUSD,SHORT,2023-07-02,0.12373200058937073,0.13770217051150047,0.10277674570617612,697,False,True,2023-08-16,0.10277674570617612,WIN,45.0,crypto
ALGOUSD,SHORT,2023-08-30,0.09683900326490402,0.1049803017788242,0.08462705549402376,756,False,True,2023-09-30,0.1049803017788242,LOSS,31.0,crypto
ALGOUSD,LONG,2023-10-05,0.10023099929094315,0.0926937654464679,0.11153685005765601,792,False,False,2023-10-17,0.0926937654464679,LOSS,12.0,crypto
ALGOUSD,LONG,2023-11-22,0.13239899277687073,0.11206382409226008,0.1629017458037867,840,False,True,2023-12-07,0.1629017458037867,WIN,15.0,crypto
ALGOUSD,LONG,2024-02-10,0.17536300420761108,0.15908068638561856,0.19978648094059986,920,True,True,2024-02-19,0.19978648094059986,WIN,9.0,crypto
ALGOUSD,LONG,2024-02-24,0.1970980018377304,0.1776711062626872,0.22623834520029523,934,True,False,2024-02-29,0.22623834520029523,WIN,5.0,crypto
ALGOUSD,LONG,2024-03-17,0.2754270136356354,0.222488437531482,0.3548348777918654,956,False,True,2024-03-19,0.222488437531482,LOSS,2.0,crypto
ALGOUSD,LONG,2024-03-26,0.28012099862098694,0.23284638379685718,0.3510329208571816,965,False,False,2024-04-02,0.23284638379685718,LOSS,7.0,crypto
ALGOUSD,SHORT,2024-05-18,0.182901993393898,0.2062209642161691,0.1479235371604914,1018,False,False,2024-06-17,0.1479235371604914,WIN,30.0,crypto
ALGOUSD,SHORT,2024-07-03,0.14254799485206604,0.15733197090024423,0.12037203077979876,1064,False,True,2024-07-05,0.12037203077979876,WIN,2.0,crypto
ALGOUSD,SHORT,2024-07-10,0.13935400545597076,0.15698980310613087,0.11290030898073061,1071,False,True,2024-07-15,0.15698980310613087,LOSS,5.0,crypto
ALGOUSD,SHORT,2024-10-15,0.12568700313568115,0.13704326442770995,0.10865261119763796,1168,False,False,2024-11-03,0.10865261119763796,WIN,19.0,crypto
ALGOUSD,LONG,2024-12-10,0.4251990020275116,0.3091827832800845,0.5992233301486523,1224,False,True,2024-12-20,0.3091827832800845,LOSS,10.0,crypto
ALGOUSD,LONG,2025-01-20,0.42889299988746643,0.3366507842476474,0.567256323347195,1265,False,False,2025-02-02,0.3366507842476474,LOSS,13.0,crypto
ALGOUSD,SHORT,2025-03-26,0.20685000717639923,0.23887108032724486,0.1588183974501308,1330,False,True,2025-04-06,0.1588183974501308,WIN,11.0,crypto
ALGOUSD,SHORT,2025-04-13,0.18273000419139862,0.2160108461111741,0.1328087413117354,1348,False,False,2025-04-23,0.2160108461111741,LOSS,10.0,crypto
ALGOUSD,SHORT,2025-05-05,0.1994200050830841,0.22568282081373872,0.16002578148710217,1370,False,False,2025-05-08,0.22568282081373872,LOSS,3.0,crypto
ALGOUSD,SHORT,2025-05-28,0.217289999127388,0.24588631394697147,0.1743955268980128,1393,False,False,2025-06-13,0.1743955268980128,WIN,16.0,crypto
ALGOUSD,SHORT,2025-06-25,0.17565099895000458,0.1981560082749513,0.14189348496258447,1421,False,True,2025-07-10,0.1981560082749513,LOSS,15.0,crypto
ALGOUSD,SHORT,2025-08-01,0.23660700023174286,0.2779794307455039,0.17454835446110128,1458,False,True,2025-08-11,0.2779794307455039,LOSS,10.0,crypto
ALGOUSD,LONG,2025-08-12,0.271261990070343,0.2326033661093826,0.32924992601178366,1469,False,False,2025-08-30,0.2326033661093826,LOSS,18.0,crypto
ALGOUSD,LONG,2025-09-12,0.24838800728321075,0.22445385521925793,0.28428923537913997,1500,True,False,2025-09-22,0.22445385521925793,LOSS,10.0,crypto
ALGOUSD,SHORT,2025-10-14,0.20544099807739258,0.24231062122796115,0.15013656335153971,1532,False,True,2025-11-04,0.15013656335153971,WIN,21.0,crypto
ALGOUSD,SHORT,2025-11-08,0.1777919977903366,0.20503854486851664,0.13692217717306657,1557,False,True,2025-11-21,0.13692217717306657,WIN,13.0,crypto
ALGOUSD,SHORT,2025-12-10,0.13519899547100067,0.15153339443786126,0.11069739702070978,1589,False,True,2025-12-18,0.11069739702070978,WIN,8.0,crypto
ALGOUSD,SHORT,2025-12-28,0.11979100108146667,0.13201544426118472,0.1014543363118896,1607,False,True,2026-01-04,0.13201544426118472,LOSS,7.0,crypto
ALGOUSD,SHORT,2026-01-18,0.12286199629306793,0.1368388922872476,0.10189665230179842,1628,False,False,2026-01-31,0.10189665230179842,WIN,13.0,crypto
ALGOUSD,SHORT,2026-02-26,0.0880730003118515,0.09915896156531988,0.07144405843164894,1667,False,True,2026-04-01,0.09915896156531988,LOSS,34.0,crypto
ALGOUSD,LONG,2026-05-02,0.11280299723148346,0.10114820700895602,0.1302851825652746,1732,False,False,2026-05-07,0.1302851825652746,WIN,5.0,crypto
ALGOUSD,LONG,2026-05-14,0.11861199885606766,0.10515664001732271,0.1387950371141851,1744,False,True,2026-05-28,0.10515664001732271,LOSS,14.0,crypto
ALGOUSD,LONG,2026-05-30,0.12400200217962265,0.10886407973957381,0.1467088858396959,1760,False,False,2026-06-03,0.10886407973957381,LOSS,4.0,crypto
SANDUSD,SHORT,2022-07-02,1.042673945426941,1.289838694970994,0.6719268211108614,332,False,False,2022-07-07,1.289838694970994,LOSS,5.0,crypto
SANDUSD,SHORT,2022-08-17,1.2150390148162842,1.384714573199454,0.9605256772415296,378,False,False,2022-08-26,0.9605256772415296,WIN,9.0,crypto
SANDUSD,SHORT,2022-09-11,0.9746459722518921,1.089895563901469,0.8017715847775269,403,False,True,2022-10-11,0.8017715847775269,WIN,30.0,crypto
SANDUSD,LONG,2022-10-29,0.8114699721336365,0.73928767925157,0.9197434114567362,451,False,True,2022-10-30,0.9197434114567362,WIN,1.0,crypto
SANDUSD,LONG,2023-02-11,0.7471789717674255,0.6111412481821517,0.9512355571453364,556,False,True,2023-03-04,0.6111412481821517,LOSS,21.0,crypto
SANDUSD,LONG,2023-03-21,0.6748350262641907,0.5679363479943381,0.8351830436689696,594,False,False,2023-04-25,0.5679363479943381,LOSS,35.0,crypto
SANDUSD,LONG,2023-06-01,0.5533769726753235,0.5020178127845301,0.6304157125115136,666,True,False,2023-06-06,0.5020178127845301,LOSS,5.0,crypto
SANDUSD,SHORT,2023-06-22,0.4162609875202179,0.4692945970933598,0.336710573160505,687,False,True,2023-07-13,0.4692945970933598,LOSS,21.0,crypto
SANDUSD,SHORT,2023-07-30,0.4310680031776428,0.46685786289041076,0.3773832136084909,725,False,False,2023-08-15,0.3773832136084909,WIN,16.0,crypto
SANDUSD,SHORT,2023-09-20,0.3005079925060272,0.32247482069671735,0.26755775021999206,777,False,True,2023-10-01,0.32247482069671735,LOSS,11.0,crypto
SANDUSD,SHORT,2023-10-17,0.2873939871788025,0.3036523442837918,0.2630064515213185,804,False,False,2023-10-21,0.3036523442837918,LOSS,4.0,crypto
SANDUSD,LONG,2023-11-28,0.41411900520324707,0.35996467848586305,0.49535049527932307,846,False,True,2023-12-09,0.49535049527932307,WIN,11.0,crypto
SANDUSD,LONG,2024-02-12,0.4821000099182129,0.44178477032786306,0.5425728693037376,922,False,False,2024-02-26,0.5425728693037376,WIN,14.0,crypto
SANDUSD,LONG,2024-03-24,0.6824169754981995,0.5655110464048554,0.8577758691382156,963,False,False,2024-04-12,0.5655110464048554,LOSS,19.0,crypto
SANDUSD,SHORT,2024-05-16,0.43673399090766907,0.48807277645917824,0.3597258125804053,1016,False,True,2024-06-06,0.48807277645917824,LOSS,21.0,crypto
SANDUSD,SHORT,2024-07-25,0.3069019913673401,0.3444018562374621,0.25065219406215705,1086,False,True,2024-08-05,0.25065219406215705,WIN,11.0,crypto
SANDUSD,SHORT,2024-09-16,0.24266000092029572,0.26808271748341833,0.2045259260756118,1139,False,True,2024-09-19,0.26808271748341833,LOSS,3.0,crypto
SANDUSD,SHORT,2024-10-07,0.25468701124191284,0.2821289506999574,0.21352410205484598,1160,False,False,2024-10-19,0.2821289506999574,LOSS,12.0,crypto
SANDUSD,LONG,2024-11-15,0.2905369997024536,0.2531091918150614,0.3466787115335419,1199,False,False,2024-11-16,0.3466787115335419,WIN,1.0,crypto
SANDUSD,LONG,2024-12-15,0.7515890002250671,0.5658315419568749,1.0302251876273556,1229,False,True,2024-12-19,0.5658315419568749,LOSS,4.0,crypto
SANDUSD,LONG,2025-01-17,0.6694309711456299,0.5566221352370113,0.8386442250085577,1262,False,False,2025-01-19,0.5566221352370113,LOSS,2.0,crypto
SANDUSD,SHORT,2025-04-13,0.2582690119743347,0.29658402391824495,0.20079649405846936,1348,False,True,2025-04-23,0.29658402391824495,LOSS,10.0,crypto
SANDUSD,SHORT,2025-05-19,0.31116700172424316,0.3577535118894685,0.24128723647640513,1384,False,False,2025-06-21,0.24128723647640513,WIN,33.0,crypto
SANDUSD,SHORT,2025-07-04,0.2412630021572113,0.2712511026074763,0.1962808514818138,1430,False,False,2025-07-10,0.2712511026074763,LOSS,6.0,crypto
SANDUSD,LONG,2025-07-25,0.3042530119419098,0.2622750666383289,0.36721992989728114,1451,False,True,2025-08-01,0.2622750666383289,LOSS,7.0,crypto
SANDUSD,LONG,2025-08-12,0.30104899406433105,0.26491798116038456,0.3552455134202508,1469,False,False,2025-09-01,0.26491798116038456,LOSS,20.0,crypto
SANDUSD,LONG,2025-09-07,0.2881630063056946,0.2585521609442957,0.33257927434779294,1495,False,False,2025-09-13,0.33257927434779294,WIN,6.0,crypto
SANDUSD,LONG,2025-09-16,0.3017120063304901,0.2710276987967787,0.34773846763105726,1504,False,False,2025-09-22,0.2710276987967787,LOSS,6.0,crypto
SANDUSD,LONG,2025-10-06,0.28599900007247925,0.25934553756011114,0.3259791938410314,1524,False,False,2025-10-09,0.25934553756011114,LOSS,3.0,crypto
SANDUSD,SHORT,2025-11-08,0.20461399853229523,0.23804601897762026,0.15446596786430766,1557,False,True,2025-11-21,0.15446596786430766,WIN,13.0,crypto
SANDUSD,SHORT,2026-01-03,0.11881499737501144,0.13206351585711198,0.09894221965186063,1613,False,True,2026-01-17,0.13206351585711198,LOSS,14.0,crypto
SANDUSD,SHORT,2026-01-28,0.12305600196123123,0.1481605866879775,0.08539912487111184,1638,False,True,2026-02-05,0.08539912487111184,WIN,8.0,crypto
SANDUSD,SHORT,2026-02-26,0.0850289985537529,0.09909607311840174,0.06392838670677964,1667,False,True,2026-06-02,0.06392838670677964,WIN,96.0,crypto
MANAUSD,SHORT,2022-06-22,0.8369699716567993,1.033078652004208,0.5428069511356864,322,False,True,2022-06-25,1.033078652004208,LOSS,3.0,crypto
MANAUSD,SHORT,2022-07-05,0.874114990234375,1.0365873945629909,0.6304063837414512,335,False,False,2022-07-30,1.0365873945629909,LOSS,25.0,crypto
MANAUSD,SHORT,2022-08-18,0.9263520240783691,1.0564401120723328,0.7312198920874237,379,False,False,2022-09-07,0.7312198920874237,WIN,20.0,crypto
MANAUSD,SHORT,2022-09-11,0.8034719824790955,0.8890758623633587,0.6750661626527006,403,False,False,2022-09-21,0.6750661626527006,WIN,10.0,crypto
MANAUSD,LONG,2022-10-30,0.6718810200691223,0.6116681369747239,0.76220034471072,452,False,True,2022-11-02,0.6116681369747239,LOSS,3.0,crypto
MANAUSD,LONG,2022-11-04,0.6969429850578308,0.6312033350320276,0.7955524600965356,457,False,True,2022-11-08,0.6312033350320276,LOSS,4.0,crypto
MANAUSD,SHORT,2023-01-05,0.32087698578834534,0.35035602108087976,0.2766584328495437,519,False,True,2023-01-07,0.35035602108087976,LOSS,2.0,crypto
MANAUSD,LONG,2023-02-20,0.7424420118331909,0.6319019201888045,0.9082521492997705,565,False,True,2023-02-25,0.6319019201888045,LOSS,5.0,crypto
MANAUSD,LONG,2023-03-21,0.6199629902839661,0.5203829472949562,0.7693330547674809,594,False,False,2023-05-01,0.5203829472949562,LOSS,41.0,crypto
MANAUSD,SHORT,2023-05-29,0.47843098640441895,0.5191788506029614,0.4173091901066052,663,False,False,2023-06-04,0.5191788506029614,LOSS,6.0,crypto
MANAUSD,SHORT,2023-06-05,0.45780399441719055,0.5078789344183665,0.3826915844154266,670,False,False,2023-06-10,0.3826915844154266,WIN,5.0,crypto
MANAUSD,SHORT,2023-06-22,0.3681829869747162,0.41273304318048015,0.3013579026660702,687,False,True,2023-06-24,0.41273304318048015,LOSS,2.0,crypto
MANAUSD,SHORT,2023-07-09,0.3798370063304901,0.42158162470796456,0.31722007876427843,704,False,False,2023-07-13,0.42158162470796456,LOSS,4.0,crypto
MANAUSD,SHORT,2023-07-24,0.3871450126171112,0.4260869714864308,0.3287320743131318,719,False,False,2023-08-16,0.3287320743131318,WIN,23.0,crypto
MANAUSD,SHORT,2023-09-17,0.2889220118522644,0.3114597735359521,0.25511536932673284,774,False,True,2023-09-29,0.3114597735359521,LOSS,12.0,crypto
MANAUSD,SHORT,2023-10-07,0.2989419996738434,0.3196155008753298,0.2679317478716138,794,False,False,2023-10-23,0.3196155008753298,LOSS,16.0,crypto
MANAUSD,LONG,2023-11-19,0.43126600980758667,0.3727963195262884,0.5189705452295341,837,False,True,2023-12-08,0.5189705452295341,WIN,19.0,crypto
MANAUSD,LONG,2023-12-16,0.5021020174026489,0.4427622277366339,0.5911117019016715,864,False,True,2023-12-26,0.5911117019016715,WIN,10.0,crypto
MANAUSD,LONG,2023-12-30,0.5167279839515686,0.4515702059472144,0.6144646509580999,878,False,True,2024-01-03,0.4515702059472144,LOSS,4.0,crypto
MANAUSD,LONG,2024-02-22,0.4874640107154846,0.43906570930656136,0.5600614628288695,932,True,False,2024-02-27,0.5600614628288695,WIN,5.0,crypto
MANAUSD,LONG,2024-03-26,0.6916409730911255,0.5838158482538972,0.853378660346968,965,False,False,2024-04-02,0.5838158482538972,LOSS,7.0,crypto
MANAUSD,SHORT,2024-05-19,0.4201050102710724,0.46592715564450565,0.3513717922109225,1019,False,True,2024-05-20,0.46592715564450565,LOSS,1.0,crypto
MANAUSD,SHORT,2024-06-02,0.4418469965457916,0.4871099118825968,0.3739526235405839,1033,True,False,2024-06-17,0.3739526235405839,WIN,15.0,crypto
MANAUSD,SHORT,2024-07-25,0.3208869993686676,0.3605682325702491,0.2613651495662953,1086,True,True,2024-08-04,0.2613651495662953,WIN,10.0,crypto
MANAUSD,SHORT,2024-09-11,0.26673299074172974,0.2963645292637604,0.22228568295868376,1134,False,True,2024-09-20,0.2963645292637604,LOSS,9.0,crypto
MANAUSD,SHORT,2024-10-07,0.2912200093269348,0.3226408044839395,0.24408881659142778,1160,False,False,2024-10-18,0.3226408044839395,LOSS,11.0,crypto
MANAUSD,LONG,2024-12-11,0.6551719903945923,0.5018691068221885,0.8851263157531979,1225,False,True,2024-12-19,0.5018691068221885,LOSS,8.0,crypto
MANAUSD,LONG,2025-01-17,0.5654029846191406,0.48315067780907206,0.6887814448342435,1262,False,False,2025-01-19,0.48315067780907206,LOSS,2.0,crypto
MANAUSD,SHORT,2025-05-20,0.3224889934062958,0.36990296024110386,0.2513680431540837,1385,False,True,2025-06-18,0.2513680431540837,WIN,29.0,crypto
MANAUSD,LONG,2025-07-06,0.2657560110092163,0.23510178575431515,0.31173734889156807,1432,False,False,2025-07-11,0.31173734889156807,WIN,5.0,crypto
MANAUSD,LONG,2025-07-25,0.31710299849510193,0.27389586605523886,0.38191369715489654,1451,False,True,2025-08-01,0.27389586605523886,LOSS,7.0,crypto
MANAUSD,LONG,2025-08-12,0.31001800298690796,0.27291591549775396,0.36567113422063896,1469,False,False,2025-08-19,0.27291591549775396,LOSS,7.0,crypto
MANAUSD,LONG,2025-09-03,0.31154200434684753,0.27682951176403714,0.3636107432210631,1491,False,False,2025-09-13,0.3636107432210631,WIN,10.0,crypto
MANAUSD,SHORT,2025-11-09,0.23381400108337402,0.2715581318858827,0.17719780487961104,1558,False,True,2025-11-20,0.17719780487961104,WIN,11.0,crypto
MANAUSD,SHORT,2026-02-26,0.09703899919986725,0.11181388248613462,0.07487667427046618,1667,False,True,2026-06-04,0.07487667427046618,WIN,98.0,crypto
MANAUSD,LONG,2026-07-08,0.07400400191545486,0.06504729785731997,0.08743905800265721,1799,True,True,,,OPEN,,crypto
AAVEUSD,SHORT,2022-06-25,70.0444564819336,89.65334368645227,40.63112567515557,325,False,False,2022-07-14,89.65334368645227,LOSS,19.0,crypto
AAVEUSD,LONG,2022-11-03,83.77227783203125,75.46676646031395,96.2305448896072,456,False,False,2022-11-04,96.2305448896072,WIN,1.0,crypto
AAVEUSD,LONG,2022-11-07,87.45258331298828,77.15752486538784,102.89517098438894,460,False,False,2022-11-08,77.15752486538784,LOSS,1.0,crypto
AAVEUSD,LONG,2022-12-02,65.65015411376953,57.36029482361454,78.08494304900202,485,True,True,2022-12-16,57.36029482361454,LOSS,14.0,crypto
AAVEUSD,SHORT,2023-01-05,55.38762664794922,60.24483394585927,48.10181570108414,519,False,False,2023-01-09,60.24483394585927,LOSS,4.0,crypto
AAVEUSD,LONG,2023-02-23,85.5428237915039,75.15644605183833,101.12239040100226,568,False,False,2023-03-03,75.15644605183833,LOSS,8.0,crypto
AAVEUSD,LONG,2023-03-17,80.65516662597656,70.44320423297599,95.97311021547742,590,False,False,2023-03-25,70.44320423297599,LOSS,8.0,crypto
AAVEUSD,LONG,2023-04-05,78.30919647216797,70.56420492409538,89.92668379427685,609,False,False,2023-04-21,70.56420492409538,LOSS,16.0,crypto
AAVEUSD,SHORT,2023-05-24,63.981502532958984,68.76050357353793,56.81300097209056,658,False,False,2023-05-28,68.76050357353793,LOSS,4.0,crypto
AAVEUSD,SHORT,2023-07-24,70.2786865234375,78.31547860564277,58.2234984001296,719,False,True,2023-08-17,58.2234984001296,WIN,24.0,crypto
AAVEUSD,SHORT,2023-10-15,63.9854621887207,68.98279957270776,56.489456112740115,802,False,False,2023-10-20,68.98279957270776,LOSS,5.0,crypto
AAVEUSD,LONG,2023-11-15,95.43028259277344,82.21530311866037,115.25275180394303,833,False,True,2023-12-15,115.25275180394303,WIN,30.0,crypto
AAVEUSD,LONG,2023-12-19,101.29205322265625,88.43521277754824,120.57731389031827,867,False,False,2023-12-28,120.57731389031827,WIN,9.0,crypto
AAVEUSD,LONG,2024-01-13,105.99298858642578,88.94217507518118,131.56920885329268,892,False,False,2024-01-23,88.94217507518118,LOSS,10.0,crypto
AAVEUSD,LONG,2024-02-14,91.09717559814453,82.96207018066767,103.29983372435983,924,False,False,2024-02-24,103.29983372435983,WIN,10.0,crypto
AAVEUSD,SHORT,2024-03-19,109.33000183105469,132.77047007787957,74.16929946081737,958,True,False,2024-04-09,132.77047007787957,LOSS,21.0,crypto
AAVEUSD,LONG,2024-04-10,128.23216247558594,111.45891522901434,153.39203334544334,980,False,False,2024-04-12,111.45891522901434,LOSS,2.0,crypto
AAVEUSD,SHORT,2024-05-06,87.94801330566406,100.36249674875558,69.3262881410268,1006,False,True,2024-05-24,100.36249674875558,LOSS,18.0,crypto
AAVEUSD,SHORT,2024-08-07,98.28394317626953,116.21399305290277,71.38886836131968,1099,False,False,2024-08-17,116.21399305290277,LOSS,10.0,crypto
AAVEUSD,LONG,2024-09-08,125.68956756591797,105.73957642045161,155.6145542841175,1131,False,False,2024-09-11,155.6145542841175,WIN,3.0,crypto
AAVEUSD,LONG,2024-09-18,141.42123413085938,122.07772310691855,170.4365006667706,1141,False,True,2024-09-23,170.4365006667706,WIN,5.0,crypto
AAVEUSD,LONG,2024-10-18,158.88973999023438,142.00628233479728,184.21492647339002,1171,False,False,2024-10-25,142.00628233479728,LOSS,7.0,crypto
AAVEUSD,LONG,2024-11-16,168.69981384277344,141.8651148291294,208.9518623632395,1200,False,False,2024-11-27,208.9518623632395,WIN,11.0,crypto
AAVEUSD,LONG,2024-12-22,317.4869689941406,247.53403923662592,422.41636363041266,1236,False,True,2025-02-03,247.53403923662592,LOSS,43.0,crypto
AAVEUSD,SHORT,2025-03-25,186.70455932617188,216.3259099665665,142.27253336557993,1329,False,False,2025-04-06,142.27253336557993,WIN,12.0,crypto
AAVEUSD,SHORT,2025-06-19,255.8009033203125,293.2290737668365,199.6586476505265,1415,False,False,2025-07-08,293.2290737668365,LOSS,19.0,crypto
AAVEUSD,LONG,2025-08-09,308.0063781738281,274.77144395804953,357.858779497496,1466,False,False,2025-08-23,357.858779497496,WIN,14.0,crypto
AAVEUSD,LONG,2025-08-29,319.5519104003906,276.7508598971469,383.75348615525627,1486,False,False,2025-09-22,276.7508598971469,LOSS,24.0,crypto
AAVEUSD,SHORT,2025-10-07,276.5096740722656,306.2531273726277,231.8944941217225,1525,False,False,2025-10-10,231.8944941217225,WIN,3.0,crypto
AAVEUSD,SHORT,2025-10-27,235.23468017578125,272.94126700707346,178.67479992884293,1545,False,True,2025-11-04,178.67479992884293,WIN,8.0,crypto
AAVEUSD,SHORT,2025-11-11,207.57310485839844,245.2781284381242,151.01556948880977,1560,False,True,2025-11-21,151.01556948880977,WIN,10.0,crypto
AAVEUSD,SHORT,2025-11-29,182.37551879882812,209.18486992787388,142.1614921052595,1578,False,True,2026-01-30,142.1614921052595,WIN,62.0,crypto
AAVEUSD,SHORT,2026-02-15,125.91698455810547,145.14278397388952,97.07828543442939,1656,False,True,2026-03-28,97.07828543442939,WIN,41.0,crypto
AAVEUSD,SHORT,2026-04-28,96.51234436035156,108.39303408829359,78.69130976843851,1728,False,False,2026-05-28,78.69130976843851,WIN,30.0,crypto
AAVEUSD,LONG,2026-06-18,74.73407745361328,65.66222855341488,88.34185080391089,1779,False,True,2026-06-26,88.34185080391089,WIN,8.0,crypto
AAVEUSD,LONG,2026-07-21,95.57212829589844,86.05011237207175,109.85515218163846,1812,False,False,,,OPEN,,crypto
UNIUSD,SHORT,2022-07-17,0.00010399999882793054,0.00011465343002536466,8.801985203177936e-05,347,False,False,2022-07-19,0.00011465343002536466,LOSS,2.0,crypto
UNIUSD,SHORT,2022-08-09,9.300000237999484e-05,0.00010181639631528482,7.977541147705986e-05,370,False,False,2022-08-18,0.00010181639631528482,LOSS,9.0,crypto
UNIUSD,SHORT,2022-09-06,9.40000027185306e-05,0.00010227766189772493,8.15835139497391e-05,398,False,False,2022-09-09,0.00010227766189772493,LOSS,3.0,crypto
UNIUSD,SHORT,2023-02-09,0.00024199999461416155,0.0003475364675921606,8.369528514716299e-05,554,False,True,2023-02-19,0.0003475364675921606,LOSS,10.0,crypto
UNIUSD,SHORT,2023-03-15,0.0005779999773949385,0.0006830416663941772,0.00042043744389608044,588,False,True,2023-03-30,0.0006830416663941772,LOSS,15.0,crypto
UNIUSD,SHORT,2023-05-29,0.00011100000119768083,0.0001192046146319284,9.869308104630949e-05,663,False,True,2023-06-21,0.0001192046146319284,LOSS,23.0,crypto
UNIUSD,LONG,2023-10-06,0.00016799999866634607,0.0001572614821432679,0.00018410777345096336,793,True,False,2023-10-23,0.00018410777345096336,WIN,17.0,crypto
UNIUSD,LONG,2024-02-08,0.00018600000475998968,0.0001724435001991433,0.00020633476160125924,918,False,False,2024-02-14,0.00020633476160125924,WIN,6.0,crypto
UNIUSD,SHORT,2024-03-12,0.00022899999748915434,0.0002749498716124326,0.00016007518630423696,951,False,True,2024-04-09,0.0002749498716124326,LOSS,28.0,crypto
UNIUSD,SHORT,2024-04-24,0.00019299999985378236,0.0003700933727687853,-7.264005951872205e-05,994,False,True,2024-05-24,0.0003700933727687853,LOSS,30.0,crypto
UNIUSD,SHORT,2024-08-02,0.0001230000052601099,0.00013406230310165947,0.00010640655849778555,1094,True,True,2024-08-05,0.00010640655849778555,WIN,3.0,crypto
UNIUSD,SHORT,2024-08-09,0.00012199999764561653,0.00013557661251683195,0.0001016350753387934,1101,True,True,2024-10-15,0.00013557661251683195,LOSS,67.0,crypto
UNIUSD,LONG,2024-10-26,0.00013499999477062374,0.0001277451012796484,0.00014588233500708675,1179,False,False,2024-10-29,0.00014588233500708675,WIN,3.0,crypto
UNIUSD,LONG,2024-11-05,0.00014000000373926014,0.00013157494010572826,0.00015263759918955795,1189,False,False,2024-11-06,0.00015263759918955795,WIN,1.0,crypto
UNIUSD,LONG,2025-01-29,0.00020900000527035445,0.00019255899980630422,0.0002336615134664298,1274,False,False,2025-02-03,0.00019255899980630422,LOSS,5.0,crypto
UNIUSD,SHORT,2025-03-29,0.00016599999798927456,0.00017897620699970355,0.00014653568447363109,1333,False,False,,,OPEN,,crypto
MKRUSD,SHORT,2022-06-29,911.2354736328125,1103.8583996747677,622.3010845698797,329,False,False,2022-07-28,1103.8583996747677,LOSS,29.0,crypto
MKRUSD,SHORT,2022-08-15,998.8894653320312,1134.6924458840476,795.1849945040067,376,False,False,2022-08-26,795.1849945040067,WIN,11.0,crypto
MKRUSD,LONG,2023-02-17,726.03759765625,632.7132440530867,866.024128060995,562,False,True,2023-03-01,866.024128060995,WIN,12.0,crypto
MKRUSD,LONG,2023-03-13,911.468505859375,739.2904610593275,1169.7355730594463,586,False,True,2023-03-15,739.2904610593275,LOSS,2.0,crypto
MKRUSD,LONG,2023-04-10,725.8758544921875,648.3329825655744,842.1901623821071,614,False,False,2023-05-10,648.3329825655744,LOSS,30.0,crypto
MKRUSD,LONG,2023-06-02,663.088134765625,625.0156857433535,720.1968082990322,667,True,False,2023-06-07,625.0156857433535,LOSS,5.0,crypto
MKRUSD,LONG,2023-09-05,1133.2359619140625,1011.1882018956136,1316.3076019417358,762,False,False,2023-09-20,1316.3076019417358,WIN,15.0,crypto
MKRUSD,LONG,2023-10-11,1399.3125,1276.7511147492428,1583.1545778761358,798,False,False,2023-10-24,1583.1545778761358,WIN,13.0,crypto
MKRUSD,LONG,2023-10-28,1441.7015380859375,1305.988636688406,1645.2708901822348,815,False,True,2023-11-01,1305.988636688406,LOSS,4.0,crypto
MKRUSD,LONG,2023-11-18,1366.193603515625,1224.2426099527881,1579.1200938598804,836,True,False,2023-12-28,1579.1200938598804,WIN,40.0,crypto
MKRUSD,LONG,2024-01-29,1974.5030517578125,1775.3981189207204,2273.1604510134507,908,False,True,2024-03-09,2273.1604510134507,WIN,40.0,crypto
MKRUSD,SHORT,2024-06-22,2357.272705078125,2646.9692955397577,1922.727819385676,1053,False,True,2024-06-27,2646.9692955397577,LOSS,5.0,crypto
MKRUSD,SHORT,2024-07-04,2226.014892578125,2525.488925386209,1776.8038433659992,1065,False,False,2024-07-12,2525.488925386209,LOSS,8.0,crypto
MKRUSD,SHORT,2024-07-28,2635.9921875,2953.8297353630237,2159.2358657054647,1089,False,False,2024-08-04,2159.2358657054647,WIN,7.0,crypto
MKRUSD,SHORT,2024-08-27,1968.2374267578125,2219.4767796509423,1591.3783974181179,1119,False,False,2024-09-06,1591.3783974181179,WIN,10.0,crypto
MKRUSD,SHORT,2024-09-22,1582.6591796875,1752.806980851822,1327.4374779410173,1145,False,True,2024-10-10,1327.4374779410173,WIN,18.0,crypto
MKRUSD,SHORT,2024-11-02,1210.0478515625,1343.0374006042293,1010.563527999906,1186,False,True,2024-11-06,1343.0374006042293,LOSS,4.0,crypto
MKRUSD,LONG,2025-02-19,1173.752197265625,1029.6207900476543,1389.949308092581,1295,False,True,2025-02-20,1389.949308092581,WIN,1.0,crypto
MKRUSD,SHORT,2025-03-21,1227.11376953125,1440.656970377855,906.7989682613425,1325,False,False,2025-03-27,1440.656970377855,LOSS,6.0,crypto
MKRUSD,SHORT,2025-04-06,1146.754150390625,1356.8132874238638,831.6654448407668,1341,False,False,2025-04-09,1356.8132874238638,LOSS,3.0,crypto
MKRUSD,SHORT,2025-04-10,1288.7891845703125,1534.3180293088656,920.4959174624829,1345,False,False,2025-04-27,1534.3180293088656,LOSS,17.0,crypto
MKRUSD,LONG,2025-05-07,1514.077880859375,1355.0944617662335,1752.5530094990872,1372,False,False,2025-05-09,1752.5530094990872,WIN,2.0,crypto
MKRUSD,LONG,2025-05-18,1749.923828125,1526.3667312685975,2085.2594734096037,1383,False,True,2025-05-31,1526.3667312685975,LOSS,13.0,crypto
MKRUSD,LONG,2025-06-07,1767.552978515625,1531.9171704348194,2121.0066906368334,1403,False,False,2025-06-10,2121.0066906368334,WIN,3.0,crypto
MKRUSD,LONG,2025-06-28,1921.29833984375,1628.4220194484417,2360.6128204367124,1424,False,False,2025-07-28,2360.6128204367124,WIN,30.0,crypto
MKRUSD,SHORT,2025-10-21,1720.7354736328125,2116.1017570394374,1127.6860485228751,1539,False,True,,,OPEN,,crypto
EOSUSD,SHORT,2022-07-05,0.9724019765853882,1.1021542372543827,0.7777735855818965,335,False,True,2022-07-22,1.1021542372543827,LOSS,17.0,crypto
EOSUSD,LONG,2022-08-29,1.4942189455032349,1.2234532083922225,1.9003675511697535,390,False,True,2022-09-19,1.2234532083922225,LOSS,21.0,crypto
EOSUSD,LONG,2022-10-31,1.1499789953231812,1.0457792962963017,1.3062785438635003,453,False,False,2022-11-08,1.0457792962963017,LOSS,8.0,crypto
EOSUSD,LONG,2022-12-06,0.9587969779968262,0.8774832921274693,1.0807675068008615,489,False,True,2022-12-16,0.8774832921274693,LOSS,10.0,crypto
EOSUSD,SHORT,2023-01-05,0.8914350271224976,0.9469159846122821,0.8082135908878207,519,False,True,2023-01-09,0.9469159846122821,LOSS,4.0,crypto
EOSUSD,LONG,2023-02-07,1.1127530336380005,1.014989248039006,1.2593987120364925,552,False,False,2023-02-13,1.014989248039006,LOSS,6.0,crypto
EOSUSD,LONG,2023-03-01,1.2091569900512695,1.0898584739657617,1.3881047641795312,574,False,False,2023-03-09,1.0898584739657617,LOSS,8.0,crypto
EOSUSD,LONG,2023-03-23,1.1616820096969604,1.003519658606722,1.3989255363323179,596,False,False,2023-04-26,1.003519658606722,LOSS,34.0,crypto
EOSUSD,SHORT,2023-05-29,0.8967180252075195,0.9575380205961159,0.8054880321246249,663,False,True,2023-06-10,0.8054880321246249,WIN,12.0,crypto
EOSUSD,SHORT,2023-06-25,0.7225599884986877,0.805092978682329,0.5987605032232259,690,False,True,2023-07-14,0.805092978682329,LOSS,19.0,crypto
EOSUSD,SHORT,2023-07-31,0.7461689710617065,0.8061722322264072,0.6561640793146555,726,False,False,2023-08-16,0.6561640793146555,WIN,16.0,crypto
EOSUSD,SHORT,2023-09-20,0.5784299969673157,0.6193997173358464,0.5169754164145195,777,False,True,2023-10-28,0.6193997173358464,LOSS,38.0,crypto
EOSUSD,LONG,2023-12-02,0.7013710141181946,0.6457319028766912,0.7848296809804496,850,False,False,2023-12-07,0.7848296809804496,WIN,5.0,crypto
EOSUSD,LONG,2023-12-20,0.7880169749259949,0.7078150619379878,0.9083198444080054,868,False,False,2023-12-28,0.9083198444080054,WIN,8.0,crypto
EOSUSD,LONG,2024-02-09,0.7419300079345703,0.6869894068641377,0.8243409095402192,919,False,False,2024-02-23,0.8243409095402192,WIN,14.0,crypto
EOSUSD,LONG,2024-03-25,1.0682330131530762,0.8939865802870544,1.329602662452109,964,False,False,2024-04-12,0.8939865802870544,LOSS,18.0,crypto
EOSUSD,SHORT,2024-05-19,0.7839099764823914,0.8672984857348225,0.6588272126037447,1019,False,False,2024-05-21,0.8672984857348225,LOSS,2.0,crypto
EOSUSD,SHORT,2024-06-01,0.808709979057312,0.8810635731982354,0.7001795878459269,1032,False,False,2024-06-07,0.7001795878459269,WIN,6.0,crypto
EOSUSD,SHORT,2024-07-28,0.5661749839782715,0.6242266709778844,0.4790974534788521,1089,False,False,2024-08-04,0.4790974534788521,WIN,7.0,crypto
EOSUSD,SHORT,2024-08-15,0.489778995513916,0.5557379649528452,0.3908405413555222,1107,False,True,2024-08-23,0.5557379649528452,LOSS,8.0,crypto
EOSUSD,SHORT,2024-10-17,0.478210985660553,0.5143834119764993,0.4239523461866335,1170,False,False,2024-11-03,0.4239523461866335,WIN,17.0,crypto
EOSUSD,LONG,2024-12-11,1.092345952987671,0.8417657405752348,1.468216271606325,1225,False,True,2024-12-19,0.8417657405752348,LOSS,8.0,crypto
EOSUSD,SHORT,2025-04-13,0.6103699803352356,0.764619672801898,0.37899544163524196,1348,False,True,2025-05-07,0.764619672801898,LOSS,24.0,crypto
EOSUSD,SHORT,2025-05-23,0.7312179803848267,0.8562008572504497,0.543743665086392,1388,False,True,2025-06-13,0.543743665086392,WIN,21.0,crypto
EOSUSD,LONG,2025-07-17,0.5710870027542114,0.48527540703830996,0.6998043963280636,1443,True,True,2025-08-02,0.48527540703830996,LOSS,16.0,crypto
EOSUSD,SHORT,2025-08-11,0.5252029895782471,0.5836468387635178,0.43753721580034105,1468,False,False,2025-08-13,0.5836468387635178,LOSS,2.0,crypto
EOSUSD,SHORT,2025-08-15,0.5050569772720337,0.5726657428643072,0.4036438288836235,1472,False,False,2025-09-25,0.4036438288836235,WIN,41.0,crypto
EOSUSD,SHORT,2025-11-12,0.2669549882411957,0.31194994430060335,0.19946255415208416,1561,False,True,2025-11-25,0.19946255415208416,WIN,13.0,crypto
EOSUSD,SHORT,2025-12-31,0.15849299728870392,0.19265829052653247,0.1072450574319611,1610,False,True,2026-01-20,0.1072450574319611,WIN,20.0,crypto
EOSUSD,SHORT,2026-03-26,0.07634399831295013,0.0946987577362318,0.048811859178027626,1695,False,True,2026-04-29,0.0946987577362318,LOSS,34.0,crypto
EOSUSD,LONG,2026-05-14,0.09181000292301178,0.08206478563843696,0.106427828849874,1744,False,True,2026-05-17,0.08206478563843696,LOSS,3.0,crypto
EOSUSD,LONG,2026-06-15,0.07355699688196182,0.060307054506657874,0.09343191044491775,1776,False,True,2026-06-24,0.060307054506657874,LOSS,9.0,crypto
XTZUSD,SHORT,2022-06-26,1.4459710121154785,1.7775158458443308,0.9486537615222002,326,False,False,2022-07-19,1.7775158458443308,LOSS,23.0,crypto
XTZUSD,LONG,2022-09-14,1.6055480241775513,1.4140316421541377,1.8928225972126715,406,False,False,2022-09-21,1.4140316421541377,LOSS,7.0,crypto
XTZUSD,LONG,2022-11-04,1.444385051727295,1.3284118852539448,1.61834480143732,457,True,False,2022-11-08,1.3284118852539448,LOSS,4.0,crypto
XTZUSD,LONG,2023-02-17,1.155972957611084,1.0265686115534618,1.3500794766975173,562,False,True,2023-02-22,1.3500794766975173,WIN,5.0,crypto
XTZUSD,LONG,2023-02-26,1.213610053062439,1.0524773509893632,1.4553091061720527,571,False,True,2023-03-08,1.0524773509893632,LOSS,10.0,crypto
XTZUSD,LONG,2023-03-21,1.189600944519043,1.035331685085416,1.4210048336694836,594,False,False,2023-04-20,1.035331685085416,LOSS,30.0,crypto
XTZUSD,SHORT,2023-06-22,0.7644180059432983,0.8322531092116338,0.6626653510407952,687,False,True,2023-06-25,0.8322531092116338,LOSS,3.0,crypto
XTZUSD,SHORT,2023-07-31,0.8254140019416809,0.8876685905265647,0.7320321190643553,726,False,False,2023-08-16,0.7320321190643553,WIN,16.0,crypto
XTZUSD,SHORT,2023-08-30,0.7148500084877014,0.7668845476952065,0.6367981996764438,756,False,True,2023-09-12,0.6367981996764438,WIN,13.0,crypto
XTZUSD,SHORT,2023-09-17,0.6591089963912964,0.7019943938306915,0.5947809002322038,774,False,True,2023-10-01,0.7019943938306915,LOSS,14.0,crypto
XTZUSD,SHORT,2023-10-09,0.6484429836273193,0.6862363547378443,0.5917529269615319,796,False,False,2023-10-10,0.6862363547378443,LOSS,1.0,crypto
XTZUSD,SHORT,2023-10-11,0.6554639935493469,0.7054697360410723,0.5804553798117589,798,False,False,2023-10-23,0.7054697360410723,LOSS,12.0,crypto
XTZUSD,LONG,2023-11-17,0.8506739735603333,0.7633291481076014,0.981691211739431,835,False,True,2023-12-09,0.981691211739431,WIN,22.0,crypto
XTZUSD,LONG,2023-12-12,0.9292910099029541,0.8422990427764242,1.059778960592749,860,False,False,2023-12-26,1.059778960592749,WIN,14.0,crypto
XTZUSD,LONG,2024-01-20,1.0337400436401367,0.8645253244692116,1.2875621223965243,899,False,False,2024-02-29,1.2875621223965243,WIN,40.0,crypto
XTZUSD,SHORT,2024-05-19,0.9103440046310425,1.0052790713712199,0.7679414045207764,1019,False,True,2024-05-21,1.0052790713712199,LOSS,2.0,crypto
XTZUSD,SHORT,2024-06-01,0.9376590251922607,1.0285268236484093,0.8013573275080379,1032,False,False,2024-06-11,0.8013573275080379,WIN,10.0,crypto
XTZUSD,SHORT,2024-07-01,0.7846770286560059,0.8534143059735871,0.681571112679634,1062,False,True,2024-07-05,0.681571112679634,WIN,4.0,crypto
XTZUSD,SHORT,2024-07-10,0.7455059885978699,0.8342820029405771,0.6123419670838091,1071,False,True,2024-07-17,0.8342820029405771,LOSS,7.0,crypto
XTZUSD,SHORT,2024-07-24,0.7439900040626526,0.8199555994164539,0.6300416110319507,1085,False,True,2024-08-05,0.6300416110319507,WIN,12.0,crypto
XTZUSD,SHORT,2024-09-15,0.6288939714431763,0.6860479112455987,0.5431630617395427,1138,False,True,2024-09-20,0.6860479112455987,LOSS,5.0,crypto
XTZUSD,SHORT,2024-10-07,0.6632949709892273,0.7205404091403745,0.5774268137625065,1160,False,False,2024-11-10,0.7205404091403745,LOSS,34.0,crypto
XTZUSD,LONG,2024-12-11,1.4814900159835815,1.11733363811116,2.0277245827922137,1225,False,True,2024-12-20,1.11733363811116,LOSS,9.0,crypto
XTZUSD,LONG,2024-12-28,1.4283050298690796,1.137797288074572,1.8640666425608412,1242,False,True,2025-01-23,1.137797288074572,LOSS,26.0,crypto
XTZUSD,SHORT,2025-03-26,0.7218030095100403,0.8062957894695448,0.5950638395707835,1330,False,True,2025-04-06,0.5950638395707835,WIN,11.0,crypto
XTZUSD,SHORT,2025-05-30,0.5641689896583557,0.6353336424394668,0.4574220104866891,1395,False,False,2025-06-11,0.6353336424394668,LOSS,12.0,crypto
XTZUSD,SHORT,2025-06-30,0.5380359888076782,0.5878960517561195,0.46324589438501634,1426,False,False,2025-07-10,0.5878960517561195,LOSS,10.0,crypto
XTZUSD,LONG,2025-08-08,0.8227239847183228,0.7006552295197543,1.0058271175161755,1465,False,True,2025-09-01,0.7006552295197543,LOSS,24.0,crypto
XTZUSD,LONG,2025-09-16,0.7692810297012329,0.6965014448767279,0.8784504069379904,1504,False,False,2025-09-22,0.6965014448767279,LOSS,6.0,crypto
XTZUSD,SHORT,2025-11-13,0.5702210068702698,0.6677642232479867,0.4239061823036944,1562,False,True,2025-12-18,0.4239061823036944,WIN,35.0,crypto
XTZUSD,SHORT,2026-01-28,0.5362210273742676,0.6051615431906239,0.43281025364973313,1638,True,False,2026-02-05,0.43281025364973313,WIN,8.0,crypto
XTZUSD,SHORT,2026-03-26,0.3702160120010376,0.4053401090226855,0.31752986646856574,1695,False,False,2026-05-27,0.31752986646856574,WIN,62.0,crypto
XTZUSD,SHORT,2026-05-31,0.327455997467041,0.3602040709210149,0.27833388728608016,1761,False,True,2026-06-04,0.27833388728608016,WIN,4.0,crypto
XTZUSD,SHORT,2026-07-12,0.22677400708198547,0.2535968634666465,0.18653972250499393,1803,False,True,,,OPEN,,crypto
THETAUSD,SHORT,2022-06-22,1.2222059965133667,1.5434132074338707,0.7403951801326107,322,False,False,2022-06-25,1.5434132074338707,LOSS,3.0,crypto
THETAUSD,SHORT,2022-07-05,1.1980479955673218,1.445295707855352,0.8271764271352763,335,False,False,2022-07-29,1.445295707855352,LOSS,24.0,crypto
THETAUSD,SHORT,2022-08-18,1.3211640119552612,1.5486640674466523,0.9799139287181746,379,False,False,2022-10-13,0.9799139287181746,WIN,56.0,crypto
THETAUSD,LONG,2022-10-25,1.0771470069885254,0.9891729958164887,1.2091080237465806,447,True,False,2022-10-29,1.2091080237465806,WIN,4.0,crypto
THETAUSD,SHORT,2023-01-05,0.7501459717750549,0.8096201760597144,0.6609346653480658,519,False,True,2023-01-09,0.8096201760597144,LOSS,4.0,crypto
THETAUSD,LONG,2023-02-11,1.0770570039749146,0.9302354267131148,1.2972893698676142,556,False,True,2023-02-21,1.2972893698676142,WIN,10.0,crypto
THETAUSD,LONG,2023-02-23,1.1943390369415283,1.0359807527272462,1.4318764632629515,568,False,True,2023-03-04,1.0359807527272462,LOSS,9.0,crypto
THETAUSD,LONG,2023-03-17,1.089985966682434,0.9394872754325538,1.3157340035572545,590,False,False,2023-05-08,0.9394872754325538,LOSS,52.0,crypto
THETAUSD,SHORT,2023-06-22,0.7122589945793152,0.7847701882841187,0.6034922040221099,687,False,True,2023-06-25,0.7847701882841187,LOSS,3.0,crypto
THETAUSD,SHORT,2023-07-08,0.7226899862289429,0.8030811919324675,0.6021031776736558,703,False,False,2023-07-13,0.8030811919324675,LOSS,5.0,crypto
THETAUSD,SHORT,2023-08-12,0.7340549826622009,0.7919973448973779,0.6471414393094355,738,True,False,2023-08-17,0.6471414393094355,WIN,5.0,crypto
THETAUSD,SHORT,2023-09-09,0.625665009021759,0.6722814869772404,0.5557402920885369,766,False,True,2023-09-23,0.6722814869772404,LOSS,14.0,crypto
THETAUSD,SHORT,2023-10-07,0.6188700199127197,0.6612663956009925,0.5552754563803105,794,False,False,2023-10-24,0.6612663956009925,LOSS,17.0,crypto
THETAUSD,LONG,2023-11-22,0.9514579772949219,0.8248836284956224,1.1413195004938712,840,False,True,2023-12-05,1.1413195004938712,WIN,13.0,crypto
THETAUSD,LONG,2023-12-12,1.0586620569229126,0.9160457958130526,1.2725864485877025,860,False,True,2023-12-24,1.2725864485877025,WIN,12.0,crypto
THETAUSD,LONG,2024-02-12,1.0790150165557861,0.9815620996480059,1.2251943919174564,922,False,False,2024-02-19,1.2251943919174564,WIN,7.0,crypto
THETAUSD,LONG,2024-03-20,3.039773941040039,2.2895639153153726,4.165088979627039,959,False,True,2024-04-13,2.2895639153153726,LOSS,24.0,crypto
THETAUSD,LONG,2024-05-25,2.36822509765625,2.0476283184426025,2.8491202664767212,1025,False,False,2024-06-07,2.0476283184426025,LOSS,13.0,crypto
THETAUSD,SHORT,2024-07-25,1.4030450582504272,1.6157391649787196,1.0840038981579887,1086,False,False,2024-08-05,1.0840038981579887,WIN,11.0,crypto
THETAUSD,SHORT,2024-08-30,1.2213380336761475,1.4028074638500707,0.9491338884152626,1122,False,False,2024-09-19,1.4028074638500707,LOSS,20.0,crypto
THETAUSD,SHORT,2024-10-07,1.300510048866272,1.4657909092595083,1.0525887582764175,1160,False,False,2024-11-03,1.0525887582764175,WIN,27.0,crypto
THETAUSD,LONG,2024-12-11,2.5851950645446777,1.9932057357515962,3.4731790577343,1225,False,True,2024-12-20,1.9932057357515962,LOSS,9.0,crypto
THETAUSD,SHORT,2025-03-27,0.980925977230072,1.1228755212566557,0.7680016611901965,1331,False,True,2025-04-02,0.7680016611901965,WIN,6.0,crypto
THETAUSD,SHORT,2025-05-29,0.8231189846992493,0.9638447727962685,0.6120303025537205,1394,False,False,2025-06-21,0.6120303025537205,WIN,23.0,crypto
THETAUSD,SHORT,2025-06-30,0.6918219923973083,0.7854360045193256,0.5514009742142825,1426,False,False,2025-07-10,0.7854360045193256,LOSS,10.0,crypto
THETAUSD,LONG,2025-07-25,0.8837530016899109,0.7580335984520061,1.0723321065467681,1451,False,True,2025-08-01,0.7580335984520061,LOSS,7.0,crypto
THETAUSD,LONG,2025-08-12,0.8856149911880493,0.7728229632069687,1.0548030331596703,1469,False,False,2025-08-19,0.7728229632069687,LOSS,7.0,crypto
THETAUSD,LONG,2025-09-16,0.8236910104751587,0.7413510886137423,0.9472008932672833,1504,True,False,2025-09-22,0.7413510886137423,LOSS,6.0,crypto
THETAUSD,SHORT,2025-11-08,0.5003139972686768,0.5975036550413904,0.35452951060960636,1557,False,True,2025-11-21,0.35452951060960636,WIN,13.0,crypto
THETAUSD,SHORT,2025-12-10,0.348114013671875,0.3986400113619569,0.2723250171367521,1589,False,True,2025-12-19,0.2723250171367521,WIN,9.0,crypto
THETAUSD,SHORT,2026-01-12,0.288237988948822,0.32301503009549715,0.23607242722880933,1622,False,True,2026-01-13,0.32301503009549715,LOSS,1.0,crypto
THETAUSD,SHORT,2026-01-23,0.3000499904155731,0.34735666707006746,0.2290899754338316,1633,False,False,2026-01-31,0.2290899754338316,WIN,8.0,crypto
THETAUSD,SHORT,2026-02-26,0.19337500631809235,0.22359633444044194,0.14804301413456794,1667,False,True,2026-03-29,0.14804301413456794,WIN,31.0,crypto
THETAUSD,SHORT,2026-04-05,0.15565000474452972,0.17582739321768728,0.12538392203479337,1705,False,True,2026-04-09,0.17582739321768728,LOSS,4.0,crypto
THETAUSD,LONG,2026-05-01,0.2009029984474182,0.1760117217710722,0.23823991346193724,1731,False,True,2026-05-09,0.23823991346193724,WIN,8.0,crypto
THETAUSD,LONG,2026-05-14,0.22728000581264496,0.1985907523676052,0.27031388598020456,1744,False,True,2026-05-17,0.1985907523676052,LOSS,3.0,crypto
THETAUSD,LONG,2026-07-14,0.1459749937057495,0.12856041760174616,0.17209685786175455,1805,False,False,2026-07-28,0.12856041760174616,LOSS,14.0,crypto
FTMUSD,SHORT,2022-06-26,0.27807000279426575,0.3527430889712142,0.16606037352884306,326,False,True,2022-07-20,0.3527430889712142,LOSS,24.0,crypto
FTMUSD,SHORT,2022-08-18,0.33169999718666077,0.38837602892145306,0.24668594958447232,379,False,True,2022-09-06,0.24668594958447232,WIN,19.0,crypto
FTMUSD,LONG,2022-10-28,0.2252970039844513,0.2052713509300913,0.2553354835659913,450,False,True,2022-11-03,0.2553354835659913,WIN,6.0,crypto
FTMUSD,LONG,2022-11-29,0.21678100526332855,0.1844605760910522,0.2652616490217431,482,False,False,2023-01-12,0.2652616490217431,WIN,44.0,crypto
FTMUSD,LONG,2023-02-21,0.5206980109214783,0.4212146578256535,0.6699230405652155,566,False,True,2023-03-03,0.4212146578256535,LOSS,10.0,crypto
FTMUSD,LONG,2023-03-17,0.5070940256118774,0.40631450816856185,0.6582633017768509,590,False,False,2023-03-28,0.40631450816856185,LOSS,11.0,crypto
FTMUSD,LONG,2023-04-03,0.4545480012893677,0.37242224105086535,0.5777366416471211,607,False,False,2023-05-08,0.37242224105086535,LOSS,35.0,crypto
FTMUSD,SHORT,2023-07-14,0.28278499841690063,0.3226307699304513,0.22301634114657462,709,False,False,2023-08-16,0.22301634114657462,WIN,33.0,crypto
FTMUSD,SHORT,2023-08-30,0.21160300076007843,0.23218213518562922,0.18073429912175226,756,False,True,2023-10-09,0.18073429912175226,WIN,40.0,crypto
FTMUSD,LONG,2023-11-22,0.29833000898361206,0.24595152132224604,0.3768977404756611,840,False,True,2023-12-09,0.3768977404756611,WIN,17.0,crypto
FTMUSD,LONG,2024-02-09,0.39655500650405884,0.35262986121169826,0.4624427244425997,919,False,False,2024-02-28,0.4624427244425997,WIN,19.0,crypto
FTMUSD,LONG,2024-03-31,1.004196047782898,0.7964253056878462,1.3158521609254756,970,False,True,2024-04-05,0.7964253056878462,LOSS,5.0,crypto
FTMUSD,LONG,2024-05-16,0.7997099757194519,0.6789707893905058,0.9808187552128711,1016,False,False,2024-06-07,0.6789707893905058,LOSS,22.0,crypto
FTMUSD,SHORT,2024-07-01,0.5808590054512024,0.6688406486894954,0.4488865405937628,1062,False,True,2024-07-04,0.4488865405937628,WIN,3.0,crypto
FTMUSD,SHORT,2024-07-17,0.509427011013031,0.5904691526339356,0.3878637985816741,1078,False,True,2024-08-01,0.3878637985816741,WIN,15.0,crypto
FTMUSD,SHORT,2024-08-16,0.369161993265152,0.44570946036710923,0.2543407926122161,1108,False,True,2024-08-21,0.44570946036710923,LOSS,5.0,crypto
FTMUSD,SHORT,2024-08-31,0.42431899905204773,0.5016860515566596,0.30826842029512996,1123,False,False,2024-09-10,0.5016860515566596,LOSS,10.0,crypto
FTMUSD,SHORT,2024-10-25,0.6189900040626526,0.7289744045971732,0.45401340326087164,1178,False,True,2024-11-07,0.7289744045971732,LOSS,13.0,crypto
FTMUSD,LONG,2024-11-15,0.7176330089569092,0.5868042312092793,0.913876175578354,1199,False,False,2024-11-23,0.913876175578354,WIN,8.0,crypto
FTMUSD,LONG,2024-12-10,1.1583609580993652,0.9176764177313258,1.5193877686514243,1224,False,True,2024-12-20,0.9176764177313258,LOSS,10.0,crypto
RUNEUSD,SHORT,2022-06-26,2.1538960933685303,2.754508049010679,1.2529781599053071,326,False,False,2022-07-19,2.754508049010679,LOSS,23.0,crypto
RUNEUSD,SHORT,2022-08-17,2.4838240146636963,2.953439754707796,1.7794004045975464,378,False,False,2022-09-06,1.7794004045975464,WIN,20.0,crypto
RUNEUSD,SHORT,2022-09-11,2.009289026260376,2.2786189858434036,1.6052940868858345,403,False,True,2022-09-19,1.6052940868858345,WIN,8.0,crypto
RUNEUSD,LONG,2022-10-28,1.5652610063552856,1.4139854021991933,1.7921744125894241,450,True,False,2022-11-08,1.4139854021991933,LOSS,11.0,crypto
RUNEUSD,LONG,2022-12-01,1.3250900506973267,1.1763589859819261,1.5481866477704274,484,False,False,2023-01-12,1.5481866477704274,WIN,42.0,crypto
RUNEUSD,LONG,2023-02-01,1.832237958908081,1.621464576464279,2.148398032573784,546,False,True,2023-02-13,1.621464576464279,LOSS,12.0,crypto
RUNEUSD,LONG,2023-02-20,1.819409966468811,1.6084535437398113,2.1358446005623106,565,False,False,2023-02-25,1.6084535437398113,LOSS,5.0,crypto
RUNEUSD,LONG,2023-04-03,1.4850929975509644,1.3309008869300094,1.7163811634823967,607,False,False,2023-04-25,1.3309008869300094,LOSS,22.0,crypto
RUNEUSD,SHORT,2023-06-03,1.1659150123596191,1.241124329491589,1.0531010366616642,668,False,True,2023-06-10,1.0531010366616642,WIN,7.0,crypto
RUNEUSD,SHORT,2023-06-22,0.9256979823112488,1.0155549843596188,0.7909124792386938,687,False,True,2023-06-25,1.0155549843596188,LOSS,3.0,crypto
RUNEUSD,SHORT,2023-07-11,0.9916920065879822,1.0758889534668696,0.865396586269651,706,False,False,2023-07-14,1.0758889534668696,LOSS,3.0,crypto
RUNEUSD,SHORT,2023-07-20,0.9948269724845886,1.0747770995135515,0.8749017819411443,715,False,False,2023-08-11,1.0747770995135515,LOSS,22.0,crypto
RUNEUSD,LONG,2023-08-27,1.46445894241333,1.2336865590963655,1.8106175173887769,753,False,True,2023-09-15,1.8106175173887769,WIN,19.0,crypto
RUNEUSD,LONG,2023-09-25,1.7078989744186401,1.5195756943622458,1.9903838945032315,782,False,True,2023-09-29,1.9903838945032315,WIN,4.0,crypto
RUNEUSD,LONG,2024-02-08,4.792162895202637,4.231923611260254,5.63252182111621,918,False,False,2024-02-14,5.63252182111621,WIN,6.0,crypto
RUNEUSD,SHORT,2024-04-02,7.607638835906982,9.31282692186365,5.0498567069719815,972,True,False,2024-04-13,5.0498567069719815,WIN,11.0,crypto
RUNEUSD,SHORT,2024-05-07,5.2916460037231445,6.230039694037858,3.8840554682510744,1007,False,True,2024-05-09,6.230039694037858,LOSS,2.0,crypto
RUNEUSD,SHORT,2024-06-01,6.011682987213135,6.826463680584889,4.789511947155503,1032,False,False,2024-06-13,4.789511947155503,WIN,12.0,crypto
RUNEUSD,SHORT,2024-08-14,3.6171789169311523,4.268111888906876,2.6407794589675664,1106,False,True,2024-08-23,4.268111888906876,LOSS,9.0,crypto
RUNEUSD,SHORT,2024-09-03,3.857595920562744,4.439310381216628,2.9850242295819185,1126,False,False,2024-09-19,4.439310381216628,LOSS,16.0,crypto
RUNEUSD,LONG,2024-10-20,5.178301811218262,4.512570492984465,6.176898788568957,1173,False,False,2024-10-29,6.176898788568957,WIN,9.0,crypto
RUNEUSD,LONG,2024-11-15,5.590600967407227,4.566741671078281,7.126389911900644,1199,False,False,2024-12-03,7.126389911900644,WIN,18.0,crypto
RUNEUSD,LONG,2024-12-11,6.354287147521973,5.063286627340697,8.290787927793886,1225,False,False,2024-12-19,5.063286627340697,LOSS,8.0,crypto
RUNEUSD,SHORT,2025-02-24,1.3591439723968506,1.760141759082828,0.7576472923678843,1300,False,True,2025-05-11,1.760141759082828,LOSS,76.0,crypto
RUNEUSD,LONG,2025-07-10,1.5172100067138672,1.351946378368438,1.7651054492320108,1436,True,False,2025-07-30,1.351946378368438,LOSS,20.0,crypto
RUNEUSD,LONG,2025-08-12,1.4637229442596436,1.3014745438888096,1.7070955448158944,1469,False,False,2025-08-19,1.3014745438888096,LOSS,7.0,crypto
RUNEUSD,LONG,2025-09-11,1.2953779697418213,1.1779900220490136,1.4714598912810328,1499,False,False,2025-09-22,1.1779900220490136,LOSS,11.0,crypto
RUNEUSD,SHORT,2025-10-05,1.1809240579605103,1.2896054406463227,1.0179019839317918,1523,False,False,2025-10-10,1.0179019839317918,WIN,5.0,crypto
RUNEUSD,SHORT,2025-10-27,0.8900390267372131,1.0093548224252746,0.7110653332051209,1545,False,True,2025-11-14,0.7110653332051209,WIN,18.0,crypto
RUNEUSD,SHORT,2025-12-04,0.6713619828224182,0.752233528077021,0.550054664940514,1583,False,True,2025-12-24,0.550054664940514,WIN,20.0,crypto
RUNEUSD,SHORT,2026-01-03,0.5783309936523438,0.626961613371418,0.5053850640737324,1613,False,True,2026-01-13,0.626961613371418,LOSS,10.0,crypto
RUNEUSD,SHORT,2026-01-22,0.5895360112190247,0.646891135145643,0.5035033253290971,1632,False,False,2026-01-31,0.5035033253290971,WIN,9.0,crypto
RUNEUSD,SHORT,2026-02-26,0.405241996049881,0.45015965217684734,0.3378655118594315,1667,False,True,2026-03-06,0.45015965217684734,LOSS,8.0,crypto
RUNEUSD,SHORT,2026-03-26,0.40705999732017517,0.442237048634898,0.35429442034809094,1695,False,False,2026-04-21,0.442237048634898,LOSS,26.0,crypto
RUNEUSD,LONG,2026-06-17,0.418179988861084,0.35922558011810407,0.5066116019755539,1778,False,True,,,OPEN,,crypto
CHZUSD,SHORT,2022-06-26,0.09820199757814407,0.1175926251570822,0.06911605620973688,326,False,False,2022-06-28,0.1175926251570822,LOSS,2.0,crypto
CHZUSD,SHORT,2022-06-29,0.09985200315713882,0.12000240652159948,0.06962639811044785,329,False,False,2022-07-20,0.12000240652159948,LOSS,21.0,crypto
CHZUSD,LONG,2022-08-31,0.21626999974250793,0.1747622523040742,0.27853162090015854,392,False,True,2022-09-23,0.27853162090015854,WIN,23.0,crypto
CHZUSD,LONG,2022-09-29,0.24096199870109558,0.2018399692089175,0.29964504293936267,421,False,True,2022-10-10,0.2018399692089175,LOSS,11.0,crypto
CHZUSD,LONG,2022-10-28,0.19820599257946014,0.17178901535659244,0.2378314584137617,450,False,False,2022-10-31,0.2378314584137617,WIN,3.0,crypto
CHZUSD,SHORT,2023-01-06,0.10980899631977081,0.12366325030291035,0.08902761534506151,520,False,True,2023-01-10,0.12366325030291035,LOSS,4.0,crypto
CHZUSD,SHORT,2023-02-13,0.12950800359249115,0.1504618558540863,0.09807722520009841,558,False,True,2023-05-31,0.09807722520009841,WIN,107.0,crypto
CHZUSD,SHORT,2023-06-26,0.07749299705028534,0.08604446619742652,0.06466579332957356,691,False,True,2023-08-17,0.06466579332957356,WIN,52.0,crypto
CHZUSD,SHORT,2023-09-21,0.058382000774145126,0.0622109413332295,0.052638589935518565,778,False,True,2023-09-30,0.0622109413332295,LOSS,9.0,crypto
CHZUSD,LONG,2023-10-08,0.06000199913978577,0.05608554857952399,0.06587667498017843,795,False,False,2023-10-09,0.05608554857952399,LOSS,1.0,crypto
CHZUSD,LONG,2023-11-17,0.07694999873638153,0.0678066248916771,0.09066505950343817,835,False,True,2023-12-08,0.09066505950343817,WIN,21.0,crypto
CHZUSD,LONG,2023-12-12,0.08298400044441223,0.0743188606632267,0.09598171011619053,860,False,True,2024-01-08,0.0743188606632267,LOSS,27.0,crypto
CHZUSD,LONG,2024-02-01,0.1041560024023056,0.08857393468089692,0.12752910398441863,911,False,False,2024-02-21,0.12752910398441863,WIN,20.0,crypto
CHZUSD,LONG,2024-03-28,0.1456259936094284,0.12228692895938342,0.18063459058449588,967,False,False,2024-04-12,0.12228692895938342,LOSS,15.0,crypto
CHZUSD,LONG,2024-05-05,0.12155400216579437,0.10323590219634857,0.1490311521199631,1005,False,False,2024-05-28,0.1490311521199631,WIN,23.0,crypto
CHZUSD,SHORT,2024-07-17,0.07229799777269363,0.08193625597839393,0.05784061046414318,1078,False,True,2024-08-03,0.05784061046414318,WIN,17.0,crypto
CHZUSD,SHORT,2024-08-28,0.05369500070810318,0.060511316512643236,0.0434705270012931,1120,False,True,2024-09-23,0.060511316512643236,LOSS,26.0,crypto
CHZUSD,LONG,2024-11-10,0.06691399961709976,0.05937612274909358,0.07822081491910904,1194,False,False,2024-11-18,0.07822081491910904,WIN,8.0,crypto
CHZUSD,LONG,2024-12-15,0.11263900250196457,0.08956468653979818,0.14725047644521416,1229,False,True,2024-12-19,0.08956468653979818,LOSS,4.0,crypto
CHZUSD,LONG,2025-01-06,0.09523499757051468,0.0810998979886197,0.11643764694335715,1251,True,False,2025-01-08,0.0810998979886197,LOSS,2.0,crypto
CHZUSD,SHORT,2025-03-23,0.04545599967241287,0.051453643563688006,0.03645953383550017,1327,False,True,2025-04-07,0.03645953383550017,WIN,15.0,crypto
CHZUSD,SHORT,2025-05-26,0.0433569997549057,0.048392397647705594,0.03580390291570586,1391,False,False,2025-06-13,0.03580390291570586,WIN,18.0,crypto
CHZUSD,SHORT,2025-06-30,0.03521399945020676,0.039022350379834154,0.02950147305576566,1426,False,False,2025-07-10,0.039022350379834154,LOSS,10.0,crypto
CHZUSD,LONG,2025-07-25,0.04231899976730347,0.03746613893427966,0.049598291016839186,1451,True,True,2025-08-01,0.03746613893427966,LOSS,7.0,crypto
CHZUSD,LONG,2025-08-12,0.043133001774549484,0.038572696564746364,0.049973459589254164,1469,False,False,2025-08-22,0.038572696564746364,LOSS,10.0,crypto
CHZUSD,LONG,2025-09-09,0.042236000299453735,0.03867606720379659,0.047575899942939454,1497,False,False,2025-09-22,0.03867606720379659,LOSS,13.0,crypto
CHZUSD,LONG,2025-10-08,0.04253000020980835,0.03854319399030853,0.048510209539058075,1526,False,False,2025-10-10,0.03854319399030853,LOSS,2.0,crypto
CHZUSD,SHORT,2025-12-01,0.028728000819683075,0.031997667850518496,0.023823500273429943,1580,False,True,2025-12-06,0.031997667850518496,LOSS,5.0,crypto
CHZUSD,LONG,2026-01-24,0.05203099921345711,0.04415500601839865,0.0638449890060448,1634,False,True,2026-01-31,0.04415500601839865,LOSS,7.0,crypto
CHZUSD,LONG,2026-03-13,0.038022998720407486,0.0330117210029375,0.04553991529661247,1682,False,False,2026-04-20,0.04553991529661247,WIN,38.0,crypto
ZECUSD,SHORT,2022-07-10,59.740150451660156,69.5933927051711,44.96028707139374,340,False,True,2022-07-31,69.5933927051711,LOSS,21.0,crypto
ZECUSD,SHORT,2022-09-05,63.44658279418945,70.67657460712519,52.60159507478585,397,False,False,2022-09-19,52.60159507478585,WIN,14.0,crypto
ZECUSD,SHORT,2022-09-27,57.20521926879883,64.41161379850759,46.39562747423569,419,False,False,2022-11-08,46.39562747423569,WIN,42.0,crypto
ZECUSD,LONG,2022-12-08,44.9486198425293,40.593453534834175,51.481369304071976,491,False,False,2022-12-16,40.593453534834175,LOSS,8.0,crypto
ZECUSD,SHORT,2023-01-05,39.74659729003906,43.049701658583174,34.791940737222895,519,False,False,2023-01-09,43.049701658583174,LOSS,4.0,crypto
ZECUSD,LONG,2023-01-29,47.219905853271484,42.57977359596083,54.180104239237465,543,False,False,2023-02-09,42.57977359596083,LOSS,11.0,crypto
ZECUSD,LONG,2023-02-15,46.25929260253906,41.08326918978234,54.02332772167414,560,False,False,2023-03-03,41.08326918978234,LOSS,16.0,crypto
ZECUSD,LONG,2023-03-31,38.753883361816406,34.08356481984226,45.759361174777624,604,False,False,2023-05-08,34.08356481984226,LOSS,38.0,crypto
ZECUSD,SHORT,2023-06-22,26.20953941345215,28.857234452250236,22.23799685525502,687,False,True,2023-06-23,28.857234452250236,LOSS,1.0,crypto
ZECUSD,SHORT,2023-07-29,30.40932846069336,32.9874046858569,26.542214122948046,724,False,False,2023-08-16,26.542214122948046,WIN,18.0,crypto
ZECUSD,LONG,2023-10-04,27.146259307861328,25.493168422176545,29.625895636388503,791,False,False,2023-10-09,25.493168422176545,LOSS,5.0,crypto
ZECUSD,LONG,2023-11-03,27.637582778930664,25.642200743524,30.63065583204066,821,False,True,2023-11-09,30.63065583204066,WIN,6.0,crypto
ZECUSD,LONG,2023-11-19,29.281476974487305,26.425707603019287,33.56513103168933,837,False,True,2023-12-08,33.56513103168933,WIN,19.0,crypto
ZECUSD,LONG,2023-12-12,30.994617462158203,28.051764272500435,35.408897246644855,860,False,False,2023-12-18,28.051764272500435,LOSS,6.0,crypto
ZECUSD,LONG,2023-12-25,31.26614761352539,28.49745765331283,35.41918255384424,873,False,False,2023-12-29,28.49745765331283,LOSS,4.0,crypto
ZECUSD,LONG,2024-03-31,30.454204559326172,26.424267147220732,36.49911067748433,970,False,False,2024-04-10,26.424267147220732,LOSS,10.0,crypto
ZECUSD,LONG,2024-08-06,31.807382583618164,26.467614206872803,39.81703514873621,1098,False,True,2024-08-09,39.81703514873621,WIN,3.0,crypto
ZECUSD,LONG,2024-11-03,37.22488784790039,32.34899660320084,44.53872471494972,1187,False,True,2024-11-07,44.53872471494972,WIN,4.0,crypto
ZECUSD,LONG,2024-11-21,45.50249099731445,38.2656550969339,56.357744847885286,1205,False,True,2024-11-24,56.357744847885286,WIN,3.0,crypto
ZECUSD,LONG,2024-12-11,63.67333984375,49.516776388790106,84.90818502618984,1225,False,True,2024-12-19,49.516776388790106,LOSS,8.0,crypto
ZECUSD,LONG,2024-12-28,62.43677520751953,48.140180258303005,83.88166763134433,1242,False,False,2025-01-08,48.140180258303005,LOSS,11.0,crypto
ZECUSD,SHORT,2025-02-18,33.83474349975586,40.46244473978115,23.893191639717926,1294,False,True,2025-03-02,40.46244473978115,LOSS,12.0,crypto
ZECUSD,SHORT,2025-03-07,32.91796112060547,39.31181985899756,23.327173013017333,1311,False,False,2025-03-27,39.31181985899756,LOSS,20.0,crypto
ZECUSD,SHORT,2025-04-11,35.35068893432617,41.78094472583703,25.705305247059883,1346,False,False,2025-05-08,41.78094472583703,LOSS,27.0,crypto
ZECUSD,LONG,2025-06-09,51.49122619628906,43.94371745470549,62.81248930866442,1405,False,True,2025-06-14,43.94371745470549,LOSS,5.0,crypto
ZECUSD,LONG,2025-07-10,42.04550552368164,36.291262859388496,50.67686952012136,1436,False,False,2025-08-01,36.291262859388496,LOSS,22.0,crypto
ZECUSD,LONG,2025-08-12,39.524600982666016,34.907626127150195,46.45006326593975,1469,False,False,2025-08-19,34.907626127150195,LOSS,7.0,crypto
ZECUSD,LONG,2025-11-23,572.0390625,380.183045466503,859.8230880502455,1572,False,True,2025-12-01,380.183045466503,LOSS,8.0,crypto
ZECUSD,LONG,2025-12-12,456.34600830078125,330.86991111107386,644.5601540853423,1591,False,False,2026-01-25,330.86991111107386,LOSS,44.0,crypto
ZECUSD,SHORT,2026-02-19,262.05718994140625,324.3810550672852,168.5713922525878,1660,False,True,2026-04-08,324.3810550672852,LOSS,48.0,crypto
ZECUSD,SHORT,2026-05-30,527.6093139648438,627.6733982454897,377.51318754387484,1760,True,True,2026-06-03,627.6733982454897,LOSS,4.0,crypto
ZECUSD,SHORT,2026-06-17,476.8406066894531,594.5936678471944,300.2110149528412,1778,False,False,,,OPEN,,crypto
DASHUSD,SHORT,2022-06-26,49.43910217285156,57.44911659306925,37.42408054252503,326,False,True,2022-08-09,57.44911659306925,LOSS,44.0,crypto
DASHUSD,SHORT,2022-08-25,49.24739456176758,55.01605609320431,40.59440226461248,386,True,False,2022-09-18,40.59440226461248,WIN,24.0,crypto
DASHUSD,LONG,2022-10-09,42.95469284057617,39.727821826624925,47.794999361503045,431,False,False,2022-10-13,39.727821826624925,LOSS,4.0,crypto
DASHUSD,LONG,2022-10-26,42.092044830322266,38.92302435228948,46.84557554737144,448,False,False,2022-11-07,46.84557554737144,WIN,12.0,crypto
DASHUSD,LONG,2022-12-26,44.893409729003906,41.07706807170182,50.61792221495704,509,False,False,2023-01-13,50.61792221495704,WIN,18.0,crypto
DASHUSD,LONG,2023-01-19,49.04390335083008,44.451500198493086,55.93250807933556,533,False,False,2023-01-29,55.93250807933556,WIN,10.0,crypto
DASHUSD,LONG,2023-02-10,57.851318359375,51.08107684653121,68.00668062864068,555,False,True,2023-02-14,68.00668062864068,WIN,4.0,crypto
DASHUSD,LONG,2023-03-23,63.601837158203125,53.988334639103314,78.02209093685283,596,False,False,2023-04-19,53.988334639103314,LOSS,27.0,crypto
DASHUSD,SHORT,2023-05-29,43.25724792480469,46.74803005998212,38.021074722038534,663,False,False,2023-06-08,38.021074722038534,WIN,10.0,crypto
DASHUSD,SHORT,2023-06-22,32.9533805847168,36.5003866830744,27.632871437180388,687,False,True,2023-06-25,36.5003866830744,LOSS,3.0,crypto
DASHUSD,SHORT,2023-07-14,34.24668502807617,37.767427637919205,28.965571113311622,709,False,False,2023-08-16,28.965571113311622,WIN,33.0,crypto
DASHUSD,SHORT,2023-09-17,25.92169761657715,27.710349578482685,23.238719673718844,774,False,True,2023-09-30,27.710349578482685,LOSS,13.0,crypto
DASHUSD,SHORT,2023-10-08,26.577800750732422,28.114977843720784,24.272035111249878,795,False,False,2023-10-24,28.114977843720784,LOSS,16.0,crypto
DASHUSD,LONG,2023-11-17,30.693796157836914,27.565608728950245,35.38607730116692,835,False,True,2023-12-09,35.38607730116692,WIN,22.0,crypto
DASHUSD,LONG,2023-12-12,32.969627380371094,30.109675298606213,37.25955550301842,860,False,False,2023-12-18,30.109675298606213,LOSS,6.0,crypto
DASHUSD,LONG,2024-02-14,28.105775833129883,25.86849956253543,31.461690239021564,924,True,False,2024-02-26,31.461690239021564,WIN,12.0,crypto
DASHUSD,LONG,2024-03-26,38.809906005859375,33.274129845560836,47.113570246307184,965,False,False,2024-04-12,33.274129845560836,LOSS,17.0,crypto
DASHUSD,LONG,2024-05-20,31.012922286987305,28.148604406574304,35.30939910760681,1020,False,False,2024-06-07,28.148604406574304,LOSS,18.0,crypto
DASHUSD,SHORT,2024-07-01,24.00001335144043,26.187726078122004,20.718444261418067,1062,False,True,2024-07-05,20.718444261418067,WIN,4.0,crypto
DASHUSD,SHORT,2024-07-10,23.872385025024414,26.736660368592563,19.575972009672192,1071,False,True,2024-07-14,26.736660368592563,LOSS,4.0,crypto
DASHUSD,SHORT,2024-08-11,24.298236846923828,27.232766418013902,19.896442490288717,1103,False,True,2024-08-24,27.232766418013902,LOSS,13.0,crypto
DASHUSD,SHORT,2024-09-04,24.06382942199707,26.382934251333246,20.585172177992806,1127,False,False,2024-09-27,26.382934251333246,LOSS,23.0,crypto
DASHUSD,LONG,2024-10-19,24.16625213623047,22.59837167875566,26.51807282244268,1172,False,False,2024-10-23,22.59837167875566,LOSS,4.0,crypto
DASHUSD,LONG,2024-12-11,49.109214782714844,37.41986198360729,66.64324398137617,1225,False,True,2024-12-19,37.41986198360729,LOSS,8.0,crypto
DASHUSD,LONG,2024-12-28,43.174163818359375,33.099921060347086,58.28552795537781,1242,False,False,2025-01-13,33.099921060347086,LOSS,16.0,crypto
DASHUSD,SHORT,2025-03-20,23.654874801635742,26.593641950924418,19.24672407770273,1324,False,True,2025-04-07,19.24672407770273,WIN,18.0,crypto
DASHUSD,SHORT,2025-04-21,20.970653533935547,22.888512754972822,18.093864702379634,1356,False,True,2025-04-28,22.888512754972822,LOSS,7.0,crypto
DASHUSD,SHORT,2025-05-30,21.850744247436523,24.247129992947226,18.256165629170468,1395,False,False,2025-06-22,18.256165629170468,WIN,23.0,crypto
DASHUSD,SHORT,2025-06-30,20.043222427368164,21.753727581945586,17.47746469550203,1426,False,True,2025-07-11,21.753727581945586,LOSS,11.0,crypto
DASHUSD,LONG,2025-07-27,23.16084861755371,20.871672839320055,26.594612284904194,1453,False,True,2025-07-30,20.871672839320055,LOSS,3.0,crypto
DASHUSD,LONG,2025-08-12,23.423635482788086,21.24839703399972,26.686493155970638,1469,False,False,2025-08-20,21.24839703399972,LOSS,8.0,crypto
DASHUSD,LONG,2025-08-23,23.244949340820312,21.00139805643034,26.610276267405272,1480,False,False,2025-09-22,21.00139805643034,LOSS,30.0,crypto
DASHUSD,LONG,2025-10-24,42.01545715332031,29.92915243391449,60.144914232429045,1542,False,True,2025-11-01,60.144914232429045,WIN,8.0,crypto
DASHUSD,LONG,2025-11-09,81.78712463378906,48.52293153013771,131.6834142892661,1558,False,True,2025-12-01,48.52293153013771,LOSS,22.0,crypto
DASHUSD,LONG,2026-01-04,43.36740493774414,36.287614480612916,53.98709062344098,1614,False,False,2026-01-13,53.98709062344098,WIN,9.0,crypto
DASHUSD,SHORT,2026-01-28,58.267330169677734,73.30796615019689,35.706376198899,1638,False,True,2026-02-05,35.706376198899,WIN,8.0,crypto
DASHUSD,SHORT,2026-03-05,34.306766510009766,40.74639102599421,24.647329736033104,1674,False,False,2026-04-10,40.74639102599421,LOSS,36.0,crypto
DASHUSD,SHORT,2026-04-19,33.550392150878906,39.27791327697404,24.959110461736206,1719,False,False,2026-05-03,39.27791327697404,LOSS,14.0,crypto
DASHUSD,SHORT,2026-05-17,40.78410720825195,47.577754128414846,30.593636828007615,1747,False,True,2026-05-20,47.577754128414846,LOSS,3.0,crypto
DASHUSD,SHORT,2026-05-28,39.99488067626953,47.391524858987296,28.899914402192884,1758,False,False,,,OPEN,,crypto
XMRUSD,SHORT,2022-07-08,125.61721801757812,143.85501250976895,98.26052627929188,338,False,True,2022-07-18,143.85501250976895,LOSS,10.0,crypto
XMRUSD,LONG,2022-10-08,147.314453125,134.77767453504993,166.1196210099251,430,False,False,2022-11-08,134.77767453504993,LOSS,31.0,crypto
XMRUSD,LONG,2022-11-26,138.8074493408203,126.71874190249021,156.94051049831546,479,True,True,2023-01-06,156.94051049831546,WIN,41.0,crypto
XMRUSD,LONG,2023-01-19,165.48629760742188,152.2616154041019,185.32332091240187,533,False,True,2023-01-28,185.32332091240187,WIN,9.0,crypto
XMRUSD,LONG,2023-01-31,177.59823608398438,161.9478942874024,201.07374877885735,545,False,True,2023-02-09,161.9478942874024,LOSS,9.0,crypto
XMRUSD,LONG,2023-03-17,153.91053771972656,139.23251039288513,175.92757870998872,590,False,False,2023-06-05,139.23251039288513,LOSS,80.0,crypto
XMRUSD,SHORT,2023-07-24,160.86376953125,170.7161017618326,146.08527118537611,719,True,False,2023-08-17,146.08527118537611,WIN,24.0,crypto
XMRUSD,LONG,2023-11-24,170.45811462402344,159.79160145625667,186.4578843756736,842,False,False,2024-01-03,159.79160145625667,LOSS,40.0,crypto
XMRUSD,LONG,2024-01-31,163.8624725341797,148.99681266721396,186.16096233462827,910,False,False,2024-02-06,148.99681266721396,LOSS,6.0,crypto
XMRUSD,SHORT,2024-03-19,133.99168395996094,150.6390964811414,109.02056517819025,958,False,False,2024-04-13,109.02056517819025,WIN,25.0,crypto
XMRUSD,SHORT,2024-04-21,118.64810943603516,136.22860596542753,92.27736464194659,991,False,True,2024-05-13,136.22860596542753,LOSS,22.0,crypto
XMRUSD,LONG,2024-06-22,166.76055908203125,151.08977522361798,190.26673486965115,1053,False,True,2024-07-05,151.08977522361798,LOSS,13.0,crypto
XMRUSD,LONG,2024-07-18,160.9556427001953,148.87148147724105,179.0818845346267,1079,False,True,2024-08-03,148.87148147724105,LOSS,16.0,crypto
XMRUSD,LONG,2024-08-20,159.4385528564453,147.1800454973322,177.826313895115,1112,False,True,2024-09-20,177.826313895115,WIN,31.0,crypto
XMRUSD,LONG,2024-10-17,157.62738037109375,144.84317607769097,176.8036868111979,1170,False,False,2024-11-14,144.84317607769097,LOSS,28.0,crypto
XMRUSD,LONG,2024-12-20,196.52244567871094,157.70133898142763,254.7541057246359,1234,False,True,2025-04-28,254.7541057246359,WIN,129.0,crypto
XMRUSD,LONG,2025-07-06,319.38385009765625,289.6425365943107,363.9958203526746,1432,False,False,2025-08-05,289.6425365943107,LOSS,30.0,crypto
XMRUSD,SHORT,2025-08-19,260.9593200683594,295.64197603744236,208.9353361147349,1476,False,True,2025-09-14,295.64197603744236,LOSS,26.0,crypto
XMRUSD,SHORT,2025-10-17,291.2266540527344,330.9878092890777,231.5849211982194,1535,True,True,2025-10-23,330.9878092890777,LOSS,6.0,crypto
XMRUSD,SHORT,2025-11-21,336.1737365722656,399.3122636588083,241.46594594245158,1570,True,True,2025-11-23,399.3122636588083,LOSS,2.0,crypto
XMRUSD,LONG,2025-11-26,398.25518798828125,338.0013683025941,488.635917516812,1575,False,True,2025-12-20,488.635917516812,WIN,24.0,crypto
XMRUSD,LONG,2025-12-25,443.4774169921875,391.7169623595853,521.1180989410908,1604,False,False,2026-01-11,521.1180989410908,WIN,17.0,crypto
XMRUSD,SHORT,2026-02-26,342.6136474609375,395.4289535858591,263.39068827355504,1667,False,True,2026-04-26,395.4289535858591,LOSS,59.0,crypto
XMRUSD,SHORT,2026-05-18,383.3985595703125,417.09673033371416,332.85130342521,1748,True,True,2026-05-30,417.09673033371416,LOSS,12.0,crypto
XMRUSD,SHORT,2026-05-31,367.1900329589844,412.8939953465247,298.63408937767383,1761,False,False,2026-06-06,298.63408937767383,WIN,6.0,crypto
XMRUSD,SHORT,2026-06-13,338.373046875,404.88804909735745,238.60054354146382,1774,False,False,,,OPEN,,crypto
GOLD,SHORT,2022-06-21,1834.5999755859375,1881.968793779392,1763.5467482957558,221,False,False,2022-07-05,1763.5467482957558,WIN,9.0,metals
GOLD,SHORT,2022-08-25,1757.699951171875,1789.4743555632276,1710.038344584846,267,False,False,2022-08-31,1710.038344584846,WIN,4.0,metals
GOLD,SHORT,2022-10-28,1639.5999755859375,1677.1825890999314,1583.2260553149467,312,False,False,2022-11-07,1677.1825890999314,LOSS,6.0,metals
GOLD,LONG,2023-04-20,2007.5999755859375,1954.2244254634206,2087.663300769713,430,False,False,2023-05-25,1954.2244254634206,LOSS,25.0,metals
GOLD,SHORT,2023-08-02,1937.4000244140625,1970.7522120516949,1887.371742957614,501,False,False,2023-08-17,1887.371742957614,WIN,11.0,metals
GOLD,SHORT,2023-08-25,1911.0999755859375,1936.6886234791468,1872.7170037461235,518,False,False,2023-08-30,1936.6886234791468,LOSS,3.0,metals
GOLD,SHORT,2023-09-12,1911.300048828125,1934.3684734401613,1876.6974119100705,529,False,False,2023-09-20,1934.3684734401613,LOSS,6.0,metals
GOLD,SHORT,2023-10-12,1869.300048828125,1900.413175843891,1822.630358304476,551,False,True,2023-10-13,1900.413175843891,LOSS,1.0,metals
GOLD,LONG,2024-01-04,2042.300048828125,1999.649113387738,2106.2764519887055,608,False,True,2024-02-13,1999.649113387738,LOSS,27.0,metals
GOLD,LONG,2024-02-23,2038.5999755859375,2003.9329322692106,2090.6005405610276,642,False,False,2024-03-04,2090.6005405610276,WIN,6.0,metals
GOLD,LONG,2024-04-24,2324.5,2256.652526063898,2426.2712109041527,684,False,True,2024-05-20,2426.2712109041527,WIN,18.0,metals
GOLD,LONG,2024-05-28,2355.199951171875,2297.1741350580155,2442.2386753426645,707,False,False,2024-06-07,2297.1741350580155,LOSS,8.0,metals
GOLD,LONG,2024-07-03,2359.800048828125,2307.44347064695,2438.3349160998873,732,True,False,2024-07-16,2438.3349160998873,WIN,8.0,metals
GOLD,LONG,2024-10-10,2620.60009765625,2571.5099359623296,2694.2353401971304,801,False,True,2024-10-18,2694.2353401971304,WIN,6.0,metals
GOLD,LONG,2024-12-10,2697.60009765625,2634.136457426575,2792.795558000763,843,False,False,2024-12-17,2634.136457426575,LOSS,5.0,metals
GOLD,SHORT,2025-01-06,2638.39990234375,2697.806196370505,2549.2904613036176,860,False,False,2025-01-10,2697.806196370505,LOSS,4.0,metals
GOLD,LONG,2025-03-11,2912.89990234375,2839.9583173504743,3022.3122798336635,904,False,False,2025-03-18,3022.3122798336635,WIN,5.0,metals
GOLD,LONG,2025-05-05,3311.300048828125,3169.153655828367,3524.519638327762,942,False,True,2025-05-15,3169.153655828367,LOSS,8.0,metals
GOLD,LONG,2025-05-29,3317.10009765625,3184.7527555910565,3515.6211107540403,959,False,False,2025-09-02,3515.6211107540403,WIN,66.0,metals
GOLD,LONG,2025-11-10,4111.7998046875,3955.1123573784193,4346.830975651121,1074,False,True,2025-12-12,4346.830975651121,WIN,23.0,metals
GOLD,LONG,2026-02-03,4903.7001953125,4522.479157576817,5475.531751916025,1131,False,True,2026-03-23,4522.479157576817,LOSS,33.0,metals
GOLD,SHORT,2026-06-01,4475.2001953125,4634.938928120289,4235.592096100816,1212,False,False,2026-06-10,4235.592096100816,WIN,7.0,metals
GOLD,SHORT,2026-07-06,4155.10009765625,4340.595465813196,3876.857045420831,1235,False,True,,,OPEN,,metals
SILVER,SHORT,2022-06-21,21.753999710083008,22.562321348329977,20.541517252712552,221,False,False,2022-06-30,20.541517252712552,WIN,7.0,metals
SILVER,LONG,2022-10-26,19.479999542236328,18.46829153702027,20.997561550060414,310,False,False,2022-11-07,20.997561550060414,WIN,8.0,metals
SILVER,LONG,2023-01-06,23.82200050354004,22.755101180367618,25.42234948829867,359,False,True,2023-02-03,22.755101180367618,LOSS,19.0,metals
SILVER,SHORT,2023-07-06,22.68600082397461,23.43146862682449,21.56779911969979,482,False,False,2023-07-12,23.43146862682449,LOSS,4.0,metals
SILVER,SHORT,2023-10-12,21.79199981689453,22.573010112670165,20.62048437323108,551,False,False,2023-10-13,22.573010112670165,LOSS,1.0,metals
SILVER,SHORT,2023-11-10,22.21500015258789,22.98754855429033,21.056177550034228,572,False,False,2023-11-14,22.98754855429033,LOSS,2.0,metals
SILVER,LONG,2024-02-01,23.1299991607666,22.429367936232065,24.180945997568408,627,False,False,2024-02-05,22.429367936232065,LOSS,2.0,metals
SILVER,LONG,2024-04-23,27.33099937438965,26.202425861180178,29.023859644203853,683,False,True,2024-05-02,26.202425861180178,LOSS,7.0,metals
SILVER,LONG,2024-06-03,30.641000747680664,29.055498889470055,33.01925353499658,711,False,True,2024-06-13,29.055498889470055,LOSS,8.0,metals
SILVER,SHORT,2025-02-27,31.801000595092773,33.02698573704061,29.962022882171016,896,False,False,2025-03-06,33.02698573704061,LOSS,5.0,metals
SILVER,LONG,2025-04-17,32.41999816894531,30.689195526228023,35.016202133021245,931,False,False,2025-06-05,35.016202133021245,WIN,33.0,metals
SILVER,LONG,2025-07-01,36.082000732421875,34.863222556067136,37.91016799695399,981,False,False,2025-07-11,37.91016799695399,WIN,8.0,metals
SILVER,LONG,2025-08-12,37.89899826049805,36.77470154097273,39.585443339786025,1011,False,False,2025-08-29,39.585443339786025,WIN,13.0,metals
SILVER,LONG,2025-10-23,48.481998443603516,45.1078086351041,53.54328315635264,1062,False,True,2025-11-13,53.54328315635264,WIN,15.0,metals
SILVER,LONG,2025-11-18,50.45000076293945,47.54779407736163,54.80331079130619,1080,False,False,2025-11-28,54.80331079130619,WIN,7.0,metals
SILVER,SHORT,2026-05-04,73.0719985961914,79.15999880510053,63.93999828282772,1193,False,False,2026-05-07,79.15999880510053,LOSS,3.0,metals
SILVER,SHORT,2026-07-31,57.590999603271484,61.04878996396759,52.40431406222732,1254,False,True,,,OPEN,,metals
PLATINUM,SHORT,2022-07-28,871.9000244140625,903.6020657286912,824.3469624421195,247,False,False,2022-08-04,903.6020657286912,LOSS,5.0,metals
PLATINUM,LONG,2022-10-13,906.7999877929688,869.9601907735346,962.05968332212,301,False,False,2022-10-26,962.05968332212,WIN,9.0,metals
PLATINUM,LONG,2022-12-29,1049.699951171875,1011.0312820083209,1107.7029549172062,354,False,False,2023-01-27,1011.0312820083209,LOSS,19.0,metals
PLATINUM,SHORT,2023-10-18,884.5999755859375,909.8409414481664,846.7385267925941,555,False,False,2023-10-30,909.8409414481664,LOSS,8.0,metals
PLATINUM,LONG,2024-04-18,945.2999877929688,915.5859548401911,989.8710372221352,680,False,False,2024-04-23,915.5859548401911,LOSS,3.0,metals
PLATINUM,LONG,2024-06-28,1001.9000244140625,968.494504743267,1052.0083039202557,729,False,False,2024-07-19,968.494504743267,LOSS,14.0,metals
PLATINUM,SHORT,2025-01-06,929.2999877929688,957.8253000892003,886.5120193486215,860,False,False,2025-01-07,957.8253000892003,LOSS,1.0,metals
PLATINUM,LONG,2025-05-01,964.7999877929688,938.2304376602441,1004.6543129920558,940,False,False,2025-05-20,1004.6543129920558,WIN,13.0,metals
PLATINUM,LONG,2025-10-20,1634.9000244140625,1536.5898984451505,1782.3652133674304,1059,False,True,2025-10-21,1536.5898984451505,LOSS,1.0,metals
PLATINUM,SHORT,2025-11-19,1546.9000244140625,1608.483676239873,1454.5245466753468,1081,False,False,2025-11-28,1608.483676239873,LOSS,6.0,metals
PLATINUM,SHORT,2026-07-16,1635.699951171875,1706.0146441969034,1530.2279116343325,1243,False,True,2026-08-04,1706.0146441969034,LOSS,13.0,metals
PALLADIUM,LONG,2022-09-19,2203.89990234375,2071.864091825648,2401.9536181209032,283,False,False,2022-09-23,2071.864091825648,LOSS,4.0,metals
PALLADIUM,SHORT,2022-11-30,1845.0,1944.1280536988083,1696.3079194517875,334,False,False,2022-12-09,1944.1280536988083,LOSS,7.0,metals
PALLADIUM,SHORT,2023-08-30,1216.9000244140625,1265.6149983047405,1143.8275635780456,521,False,False,2023-09-20,1265.6149983047405,LOSS,14.0,metals
PALLADIUM,LONG,2024-09-05,934.7000122070312,894.7988230458466,994.5517959488083,776,False,False,2024-09-11,994.5517959488083,WIN,4.0,metals
PALLADIUM,SHORT,2025-03-10,939.7999877929688,974.4871251237747,887.7692817967597,903,False,False,2025-03-14,974.4871251237747,LOSS,4.0,metals
PALLADIUM,LONG,2025-09-08,1139.4000244140625,1088.7825225435038,1215.3262772199005,1028,False,False,2025-09-11,1215.3262772199005,WIN,3.0,metals
PALLADIUM,LONG,2025-09-22,1193.699951171875,1139.7352375323424,1274.647021631174,1038,False,False,2025-09-26,1274.647021631174,WIN,4.0,metals
PALLADIUM,LONG,2025-12-30,1706.699951171875,1540.5974732601826,1955.8536680394136,1107,False,True,2026-01-23,1955.8536680394136,WIN,16.0,metals
PALLADIUM,LONG,2026-02-27,1792.199951171875,1648.6395388241579,2007.5405696934508,1147,False,False,2026-03-03,1648.6395388241579,LOSS,2.0,metals
PALLADIUM,SHORT,2026-05-04,1474.699951171875,1543.6501154542402,1371.2747047483272,1192,False,False,2026-05-06,1543.6501154542402,LOSS,2.0,metals
NAS100,SHORT,2022-06-28,11637.76953125,12380.265605312441,10524.025420156338,225,False,False,2022-07-20,12380.265605312441,LOSS,15.0,indices
NAS100,LONG,2022-10-25,11669.990234375,11030.129002696576,12629.782081892636,308,False,True,2022-11-02,11030.129002696576,LOSS,6.0,indices
NAS100,SHORT,2022-11-09,10797.5498046875,11401.85318276612,9891.094737569569,319,False,False,2022-11-10,11401.85318276612,LOSS,1.0,indices
NAS100,SHORT,2022-12-09,11563.330078125,12057.977582497519,10821.358821566222,340,False,False,2022-12-13,12057.977582497519,LOSS,2.0,indices
NAS100,LONG,2023-01-20,11619.0302734375,11136.590401417445,12342.690081467583,367,False,False,2023-02-01,12342.690081467583,WIN,8.0,indices
NAS100,LONG,2023-02-17,12358.1796875,11843.079519542776,13130.829939435836,387,False,True,2023-03-02,11843.079519542776,LOSS,8.0,indices
NAS100,LONG,2023-03-08,12215.330078125,11769.140130955357,12884.614998879464,399,False,False,2023-03-13,11769.140130955357,LOSS,3.0,indices
NAS100,LONG,2023-04-21,13000.76953125,12609.980055318623,13586.953745147064,430,False,False,2023-05-17,13586.953745147064,WIN,18.0,indices
NAS100,LONG,2023-08-30,15462.4296875,14990.412947887336,16170.454796918995,520,False,False,2023-09-20,14990.412947887336,LOSS,14.0,indices
NAS100,LONG,2024-01-17,16736.279296875,16344.677380892505,17323.682170848744,615,False,True,2024-01-22,17323.682170848744,WIN,3.0,indices
NAS100,LONG,2024-03-12,18219.109375,17732.31628188217,18949.299014676748,653,False,False,2024-04-15,17732.31628188217,LOSS,23.0,indices
NAS100,SHORT,2024-04-30,17440.689453125,17993.080180565365,16612.10336196445,687,True,False,2024-05-06,17993.080180565365,LOSS,4.0,indices
NAS100,LONG,2024-08-15,19490.150390625,18630.872644025872,20779.067010523693,761,False,True,2024-09-06,18630.872644025872,LOSS,15.0,indices
NAS100,SHORT,2024-11-04,19963.599609375,20499.795726511762,19159.305433669855,817,False,False,2024-11-06,20499.795726511762,LOSS,2.0,indices
NAS100,LONG,2024-12-23,21503.169921875,20862.24199131058,22464.56181772163,851,False,False,2025-01-02,20862.24199131058,LOSS,6.0,indices
NAS100,LONG,2025-01-28,21463.0390625,20716.75253535922,22582.46885321117,873,False,False,2025-02-27,20716.75253535922,LOSS,21.0,indices
NAS100,SHORT,2025-03-26,19916.990234375,20762.193690133983,18649.185050736523,913,False,True,2025-04-03,18649.185050736523,WIN,6.0,indices
NAS100,SHORT,2025-04-10,18343.5703125,19960.272057728656,15918.517694657015,924,False,True,2025-05-01,19960.272057728656,LOSS,14.0,indices
NAS100,LONG,2025-08-04,23188.609375,22671.300010883722,23964.573421174417,1002,False,True,2025-08-13,23964.573421174417,WIN,7.0,indices
NAS100,LONG,2025-08-22,23498.119140625,22959.721505699737,24305.715593012894,1016,False,False,2025-09-16,24305.715593012894,WIN,16.0,indices
NAS100,LONG,2025-10-13,24750.25,24126.09277241216,25686.485841381756,1051,False,False,2025-10-27,25686.485841381756,WIN,10.0,indices
NAS100,LONG,2025-11-10,25611.740234375,24824.024114416323,26793.314414313016,1071,False,False,2025-11-14,24824.024114416323,LOSS,4.0,indices
NAS100,LONG,2025-12-11,25686.689453125,24928.425401759778,26824.085530172833,1093,False,False,2025-12-16,24928.425401759778,LOSS,3.0,indices
NAS100,SHORT,2026-02-11,25201.259765625,26000.680588364077,24002.128531516384,1134,False,False,2026-03-20,24002.128531516384,WIN,26.0,indices
NAS100,LONG,2026-07-06,29697.869140625,28370.020093860305,31689.642710772045,1232,False,False,2026-07-17,28370.020093860305,LOSS,9.0,indices
US30,SHORT,2022-06-28,30946.990234375,32275.287682487495,28954.54406220626,225,False,False,2022-07-27,32275.287682487495,LOSS,20.0,indices
US30,SHORT,2022-08-26,32283.400390625,33196.878278896336,30913.183558217996,267,False,False,2022-09-14,30913.183558217996,WIN,12.0,indices
US30,LONG,2022-12-07,33597.921875,32601.419438362744,35092.675529955886,338,False,True,2022-12-19,32601.419438362744,LOSS,8.0,indices
US30,LONG,2023-01-26,33949.41015625,33014.36917553003,35351.97162732996,371,False,False,2023-02-22,33014.36917553003,LOSS,18.0,indices
US30,SHORT,2023-03-28,32394.25,33348.73655154841,30962.52017267738,413,False,False,2023-04-03,33348.73655154841,LOSS,4.0,indices
US30,SHORT,2023-05-09,33561.80859375,34274.05233364561,32493.442983906585,442,True,False,2023-06-13,34274.05233364561,LOSS,24.0,indices
US30,LONG,2023-06-27,33926.73828125,33317.29713654128,34840.89999831308,475,False,False,2023-07-18,34840.89999831308,WIN,14.0,indices
US30,LONG,2023-08-11,35281.3984375,34641.54036628903,36241.18554431645,507,False,True,2023-08-17,34641.54036628903,LOSS,4.0,indices
US30,SHORT,2023-09-13,34575.53125,35162.03279436084,33695.778933458736,529,False,False,2023-09-26,33695.778933458736,WIN,9.0,indices
US30,SHORT,2023-10-12,33631.140625,34329.42513700388,32583.713856994185,550,False,False,2023-10-27,32583.713856994185,WIN,11.0,indices
US30,LONG,2024-01-18,37468.609375,36862.164813332754,38378.27621750087,616,False,True,2024-01-30,38378.27621750087,WIN,8.0,indices
US30,LONG,2024-02-14,38424.26953125,37782.22109544013,39387.3421849648,635,False,True,2024-03-20,39387.3421849648,WIN,24.0,indices
US30,SHORT,2024-04-24,38460.921875,39234.059528787475,37301.21539431879,683,True,True,2024-05-09,39234.059528787475,LOSS,11.0,indices
US30,SHORT,2024-06-07,38798.98828125,39528.14649375297,37705.25096249555,714,False,False,2024-06-24,39528.14649375297,LOSS,10.0,indices
US30,LONG,2024-11-19,43268.94140625,42390.90470953026,44585.996451329615,828,False,False,2024-11-25,44585.996451329615,WIN,4.0,indices
US30,SHORT,2025-03-03,43191.23828125,44283.241321370544,41553.233721069184,896,False,False,2025-03-11,41553.233721069184,WIN,6.0,indices
US30,SHORT,2025-03-27,42299.69921875,43452.48166825536,40570.52554449196,914,False,True,2025-04-03,40570.52554449196,WIN,5.0,indices
US30,SHORT,2025-04-15,40368.9609375,42719.21553482316,36843.57904151526,927,False,True,2025-05-19,42719.21553482316,LOSS,23.0,indices
US30,SHORT,2025-06-20,42206.8203125,43192.53796020093,40728.243840948606,972,False,False,2025-06-26,43192.53796020093,LOSS,4.0,indices
US30,LONG,2025-07-16,44254.78125,43376.98426043999,45571.476734340016,989,False,True,2025-08-01,43376.98426043999,LOSS,12.0,indices
US30,LONG,2025-09-02,45295.80859375,44506.77005691027,46479.366399009596,1022,False,False,2025-09-23,46479.366399009596,WIN,15.0,indices
US30,LONG,2025-10-20,46706.578125,45671.198963410265,48259.6468673846,1056,False,False,2025-11-12,48259.6468673846,WIN,17.0,indices
US30,LONG,2026-01-02,48382.390625,47523.17002880096,49671.22151929856,1107,False,False,2026-02-06,49671.22151929856,WIN,24.0,indices
US30,LONG,2026-02-13,49500.9296875,48263.25864262833,51357.4362548075,1136,False,False,2026-03-03,48263.25864262833,LOSS,11.0,indices
US30,SHORT,2026-04-07,46584.4609375,47965.55296195819,44512.822900812724,1171,False,True,2026-04-08,47965.55296195819,LOSS,1.0,indices
US30,LONG,2026-07-14,52508.26953125,51357.04074817601,54235.112705860985,1238,False,True,2026-08-04,54235.112705860985,WIN,15.0,indices
SPX500,SHORT,2022-06-28,3821.550048828125,4012.7490292369885,3534.75157821483,225,False,False,2022-07-27,4012.7490292369885,LOSS,20.0,indices
SPX500,SHORT,2022-08-26,4057.659912109375,4189.6415985360245,3859.6873824694007,267,False,False,2022-09-16,3859.6873824694007,WIN,14.0,indices
SPX500,LONG,2022-10-24,3797.340087890625,3619.025239000267,4064.812361226162,307,True,True,2022-11-30,4064.812361226162,WIN,26.0,indices
SPX500,LONG,2022-12-08,3963.510009765625,3833.4973537489723,4158.528993790604,339,False,False,2022-12-16,3833.4973537489723,LOSS,6.0,indices
SPX500,LONG,2023-01-10,3919.25,3787.8773609780474,4116.308958532929,360,False,False,2023-02-01,4116.308958532929,WIN,15.0,indices
SPX500,LONG,2023-02-17,4079.090087890625,3960.8281687064473,4256.482966666892,387,False,False,2023-02-24,3960.8281687064473,LOSS,4.0,indices
SPX500,LONG,2023-03-29,4027.81005859375,3901.680531070955,4217.004349877942,414,False,False,2023-05-30,4217.004349877942,WIN,42.0,indices
SPX500,LONG,2023-08-07,4518.43994140625,4436.373831970021,4641.539105560594,503,False,True,2023-08-15,4436.373831970021,LOSS,6.0,indices
SPX500,LONG,2023-08-30,4514.8701171875,4419.313150606963,4658.205567058305,520,False,False,2023-09-19,4419.313150606963,LOSS,13.0,indices
SPX500,SHORT,2023-09-20,4402.2001953125,4485.213327381346,4277.68049720923,534,False,False,2023-09-26,4277.68049720923,WIN,4.0,indices
SPX500,SHORT,2023-10-19,4278.0,4388.424637446738,4112.363043829892,555,False,False,2023-10-27,4112.363043829892,WIN,6.0,indices
SPX500,LONG,2024-01-05,4697.240234375,4621.0195772765865,4811.571220022621,608,False,True,2024-01-19,4811.571220022621,WIN,9.0,indices
SPX500,LONG,2024-04-05,5204.33984375,5107.945046526203,5348.932039585695,670,False,False,2024-04-12,5107.945046526203,LOSS,5.0,indices
SPX500,LONG,2024-07-22,5564.41015625,5460.1593569437,5720.7863552094495,743,False,True,2024-07-24,5460.1593569437,LOSS,2.0,indices
SPX500,SHORT,2024-09-06,5408.419921875,5561.933011401878,5178.150287584684,776,True,False,2024-09-12,5561.933011401878,LOSS,4.0,indices
SPX500,SHORT,2025-03-26,5712.2001953125,5893.548785072713,5440.17731067218,913,False,True,2025-04-03,5440.17731067218,WIN,6.0,indices
SPX500,SHORT,2025-04-23,5375.85986328125,5719.544840978999,4860.332396734627,932,False,True,2025-05-08,5719.544840978999,LOSS,11.0,indices
SPX500,LONG,2025-08-04,6329.93994140625,6212.666248758437,6505.850480377969,1002,False,True,2025-08-28,6505.850480377969,WIN,18.0,indices
SPX500,LONG,2025-09-02,6415.5400390625,6305.654848916278,6580.367824281833,1022,False,False,2025-09-11,6580.367824281833,WIN,7.0,indices
SPX500,LONG,2025-10-13,6654.72021484375,6526.9249862442675,6846.413057742973,1051,False,True,2025-10-27,6846.413057742973,WIN,10.0,indices
SPX500,LONG,2025-11-05,6796.2900390625,6656.748225698808,7005.602759108038,1068,False,False,2025-11-07,6656.748225698808,LOSS,2.0,indices
SPX500,LONG,2025-11-10,6832.43017578125,6680.558214479648,7060.238117733653,1071,False,False,2025-11-14,6680.558214479648,LOSS,4.0,indices
SPX500,LONG,2026-01-05,6902.0498046875,6780.90817502768,7083.76224917723,1108,False,False,2026-02-05,6780.90817502768,LOSS,22.0,indices
SPX500,SHORT,2026-02-23,6837.75,6999.842160825827,6594.61175876126,1141,False,False,2026-03-19,6594.61175876126,WIN,18.0,indices
SPX500,LONG,2026-06-18,7500.580078125,7303.010156759603,7796.9349601730955,1222,False,False,2026-06-26,7303.010156759603,LOSS,5.0,indices
SPX500,LONG,2026-07-06,7537.43017578125,7350.194243070273,7818.284074847716,1232,False,False,2026-07-29,7350.194243070273,LOSS,17.0,indices
DAX40,LONG,2022-12-12,14306.6298828125,13975.42424359855,14803.438341633424,349,False,True,2022-12-16,13975.42424359855,LOSS,4.0,indices
DAX40,LONG,2023-02-22,15399.8896484375,15059.640252815558,15910.263741870414,400,False,True,2023-03-13,15059.640252815558,LOSS,13.0,indices
DAX40,LONG,2023-03-30,15522.400390625,15006.790401701237,16295.815374010645,426,False,False,2023-05-19,16295.815374010645,WIN,33.0,indices
DAX40,SHORT,2023-05-30,15908.91015625,16250.36749550224,15396.72414737164,466,False,False,2023-06-14,16250.36749550224,LOSS,11.0,indices
DAX40,SHORT,2023-06-29,15946.7197265625,16258.39636133647,15479.204774401544,488,False,False,2023-07-07,15479.204774401544,WIN,6.0,indices
DAX40,SHORT,2023-08-11,15832.169921875,16196.403978648912,15285.818836714132,519,False,False,2023-09-26,15285.818836714132,WIN,32.0,indices
DAX40,SHORT,2023-10-13,15186.66015625,15556.085056038002,14632.522806567997,564,False,False,2023-10-23,14632.522806567997,WIN,6.0,indices
DAX40,LONG,2024-01-04,16617.2890625,16330.548436648714,17047.40000127693,620,False,True,2024-02-06,17047.40000127693,WIN,23.0,indices
DAX40,LONG,2024-02-14,16945.48046875,16664.828340209573,17366.45866156064,649,False,True,2024-02-22,17366.45866156064,WIN,6.0,indices
DAX40,LONG,2024-04-26,18161.009765625,17753.60144906227,18772.122240469096,699,False,True,2024-05-10,18772.122240469096,WIN,9.0,indices
DAX40,LONG,2024-06-03,18608.16015625,18280.28201456607,19099.977368775893,724,False,False,2024-06-13,18280.28201456607,LOSS,8.0,indices
DAX40,SHORT,2024-07-02,18164.060546875,18575.76526270113,17546.503473135803,745,False,False,2024-07-05,18575.76526270113,LOSS,3.0,indices
DAX40,SHORT,2024-07-24,18387.4609375,18798.99149563464,17770.16510029804,761,False,False,2024-08-02,17770.16510029804,WIN,7.0,indices
DAX40,SHORT,2024-09-10,18265.919921875,18662.976755313757,17670.334671716864,795,False,False,2024-09-13,18662.976755313757,LOSS,3.0,indices
DAX40,LONG,2024-11-27,19261.75,18784.878064665256,19977.057903002118,851,False,False,2024-12-03,19977.057903002118,WIN,4.0,indices
DAX40,LONG,2025-01-06,20216.189453125,19842.686997245353,20776.443136944472,874,False,False,2025-01-17,20776.443136944472,WIN,9.0,indices
DAX40,LONG,2025-03-12,22676.41015625,21823.15065646927,23956.29940592109,921,False,True,2025-04-03,21823.15065646927,LOSS,16.0,indices
DAX40,SHORT,2025-06-25,23498.330078125,24142.49752034565,22532.078914794027,993,True,False,2025-07-08,24142.49752034565,LOSS,9.0,indices
DAX40,SHORT,2025-08-28,24039.919921875,24513.747314461318,23329.178832995523,1039,False,False,2025-09-16,23329.178832995523,WIN,13.0,indices
DAX40,SHORT,2025-09-19,23639.41015625,24138.98635692099,22890.045855243516,1055,False,False,2025-10-01,24138.98635692099,LOSS,8.0,indices
DAX40,SHORT,2025-10-31,23958.30078125,24433.715619477316,23245.178523909024,1085,False,False,2025-11-12,24433.715619477316,LOSS,8.0,indices
DAX40,SHORT,2025-11-13,24041.619140625,24628.83789136323,23160.791014517657,1094,False,False,2025-11-18,23160.791014517657,WIN,3.0,indices
DAX40,SHORT,2025-12-01,23589.439453125,24197.60641091637,22677.189016437944,1106,False,False,2025-12-11,24197.60641091637,LOSS,8.0,indices
DAX40,LONG,2026-02-10,24987.849609375,24422.531883210642,25835.826198621537,1152,False,False,2026-03-03,24422.531883210642,LOSS,15.0,indices
DAX40,SHORT,2026-04-07,22921.58984375,23942.62059943259,21390.043710226113,1190,False,True,2026-04-08,23942.62059943259,LOSS,1.0,indices
DAX40,SHORT,2026-06-09,24433.060546875,25154.96356449591,23350.206020443635,1234,False,False,2026-06-19,25154.96356449591,LOSS,8.0,indices
DAX40,LONG,2026-06-23,24893.580078125,24217.688750258516,25907.417069924726,1244,False,False,2026-08-03,25907.417069924726,WIN,29.0,indices
FTSE100,SHORT,2022-06-30,7169.2998046875,7409.488490345336,6809.016776200746,227,False,True,2022-07-29,7409.488490345336,LOSS,21.0,indices
FTSE100,SHORT,2022-08-30,7361.60009765625,7517.423553729033,7127.864913547075,269,False,False,2022-09-23,7127.864913547075,WIN,17.0,indices
FTSE100,SHORT,2022-10-19,6925.0,7149.900254294402,6587.649618558397,304,False,True,2022-11-01,7149.900254294402,LOSS,9.0,indices
FTSE100,LONG,2022-12-29,7512.7001953125,7362.318095052602,7738.273345702347,353,False,False,2023-01-11,7738.273345702347,WIN,8.0,indices
FTSE100,LONG,2023-02-27,7935.10009765625,7804.146354611942,8131.530712222711,394,False,False,2023-03-10,7804.146354611942,LOSS,9.0,indices
FTSE100,SHORT,2023-05-04,7702.60009765625,7846.558526710188,7486.662454075344,439,False,False,2023-05-31,7486.662454075344,WIN,17.0,indices
FTSE100,SHORT,2023-06-19,7588.5,7719.028519074485,7392.707221388272,469,False,False,2023-07-06,7392.707221388272,WIN,13.0,indices
FTSE100,SHORT,2023-07-14,7434.60009765625,7575.627268125455,7223.059341952443,488,False,False,2023-07-19,7575.627268125455,LOSS,3.0,indices
FTSE100,SHORT,2023-08-11,7524.2001953125,7672.121082058112,7302.318865194082,508,False,False,2023-08-18,7302.318865194082,WIN,5.0,indices
FTSE100,SHORT,2023-10-03,7470.2001953125,7632.791491317064,7226.3132513056535,544,False,False,2023-10-10,7632.791491317064,LOSS,5.0,indices
FTSE100,SHORT,2023-11-03,7417.7001953125,7583.4976113403745,7169.004071270689,567,False,False,2023-12-12,7583.4976113403745,LOSS,27.0,indices
FTSE100,LONG,2024-01-08,7694.2001953125,7560.725812631832,7894.411769333502,610,False,True,2024-01-16,7560.725812631832,LOSS,6.0,indices
FTSE100,LONG,2024-03-01,7682.5,7562.995644744667,7861.756532883001,649,False,False,2024-03-21,7861.756532883001,WIN,14.0,indices
FTSE100,LONG,2024-06-24,8281.599609375,8136.139661296386,8499.789531492921,726,False,False,2024-07-02,8136.139661296386,LOSS,6.0,indices
FTSE100,LONG,2024-07-26,8285.7001953125,8132.392229141513,8515.662144568982,750,False,False,2024-08-05,8132.392229141513,LOSS,6.0,indices
FTSE100,SHORT,2024-10-08,8190.60009765625,8338.022155576271,7969.467010776219,801,False,False,2024-10-16,8338.022155576271,LOSS,6.0,indices
FTSE100,SHORT,2024-10-25,8248.7998046875,8385.692930773224,8043.4601155589135,814,False,False,2024-11-12,8043.4601155589135,WIN,12.0,indices
FTSE100,SHORT,2024-11-19,8099.0,8254.137529061683,7866.293706407475,831,False,False,2024-11-22,8254.137529061683,LOSS,3.0,indices
FTSE100,LONG,2025-02-25,8668.7001953125,8532.660337075682,8872.759982667727,898,False,True,2025-03-03,8872.759982667727,WIN,4.0,indices
FTSE100,LONG,2025-03-25,8663.7998046875,8504.97286702348,8902.04021118353,918,False,False,2025-04-03,8504.97286702348,LOSS,7.0,indices
FTSE100,LONG,2025-04-23,8403.2001953125,8082.984979785093,8883.52301860361,937,False,True,2025-06-10,8883.52301860361,WIN,32.0,indices
FTSE100,SHORT,2025-06-25,8718.7998046875,8853.624066107424,8516.563412557614,980,False,False,2025-07-08,8853.624066107424,LOSS,9.0,indices
FTSE100,LONG,2025-09-01,9196.2998046875,9071.52284318368,9383.46524694323,1027,False,True,2025-10-01,9383.46524694323,WIN,22.0,indices
FTSE100,LONG,2025-10-16,9436.099609375,9303.388752768968,9635.165894284048,1060,False,True,2025-10-17,9303.388752768968,LOSS,1.0,indices
FTSE100,LONG,2025-10-20,9403.599609375,9259.209173704492,9620.185262880761,1062,False,False,2025-10-24,9620.185262880761,WIN,4.0,indices
FTSE100,LONG,2025-12-11,9703.2001953125,9556.950537020552,9922.574682750423,1100,False,False,2025-12-30,9922.574682750423,WIN,11.0,indices
FTSE100,SHORT,2026-04-27,10321.099609375,10576.866542253423,9937.449210057366,1192,False,False,2026-06-30,10576.866542253423,LOSS,44.0,indices
NIKKEI225,SHORT,2022-06-30,26393.0390625,27264.935592073572,25085.19426813964,221,False,False,2022-07-20,27264.935592073572,LOSS,13.0,indices
NIKKEI225,LONG,2022-10-20,27006.9609375,26162.55602312104,28273.56830906844,296,False,False,2022-11-11,28273.56830906844,WIN,15.0,indices
NIKKEI225,SHORT,2023-01-19,26405.23046875,27110.600046307452,25347.17610241382,356,False,False,2023-01-24,27110.600046307452,LOSS,3.0,indices
NIKKEI225,LONG,2023-03-29,27883.779296875,27221.244959200743,28877.580803386387,403,False,False,2023-04-28,28877.580803386387,WIN,22.0,indices
NIKKEI225,LONG,2023-06-26,32698.810546875,31693.16119739311,34207.284571097836,463,False,True,2023-08-17,31693.16119739311,LOSS,36.0,indices
NIKKEI225,SHORT,2023-09-26,32315.05078125,33085.058605999184,31160.039044126224,526,False,False,2023-10-03,31160.039044126224,WIN,5.0,indices
NIKKEI225,SHORT,2023-10-19,31430.619140625,32388.37454567433,29993.986033051006,542,False,False,2023-11-06,32388.37454567433,LOSS,11.0,indices
NIKKEI225,SHORT,2023-12-08,32307.859375,33228.28379462646,30927.222745560306,576,False,False,2023-12-20,33228.28379462646,LOSS,8.0,indices
NIKKEI225,LONG,2024-03-12,38797.51171875,37704.400376921,40437.17873149349,637,False,True,2024-03-21,40437.17873149349,WIN,6.0,indices
NIKKEI225,SHORT,2024-05-30,38054.12890625,39145.63026495508,36416.87686819238,690,False,False,2024-06-11,39145.63026495508,LOSS,8.0,indices
NIKKEI225,SHORT,2024-06-19,38570.76171875,39540.60395898747,37115.998358393794,704,False,False,2024-06-26,39540.60395898747,LOSS,5.0,indices
NIKKEI225,SHORT,2024-11-18,38220.8515625,39513.28429309234,36282.20246661149,806,False,False,2024-12-05,39513.28429309234,LOSS,13.0,indices
NIKKEI225,SHORT,2024-12-24,39036.8515625,40003.0189807318,37587.6004351523,832,False,False,2024-12-27,40003.0189807318,LOSS,3.0,indices
NIKKEI225,LONG,2025-01-07,40083.30078125,38994.87953330558,41715.93265316663,838,False,False,2025-01-14,38994.87953330558,LOSS,4.0,indices
NIKKEI225,LONG,2025-01-29,39414.78125,38305.590117613785,41078.56794857932,853,False,False,2025-02-25,38305.590117613785,LOSS,17.0,indices
NIKKEI225,SHORT,2025-03-24,37608.48828125,38656.046732624265,36037.1506041886,888,False,True,2025-03-31,36037.1506041886,WIN,5.0,indices
NIKKEI225,LONG,2025-08-05,40549.5390625,39503.494787170566,42118.60547549415,980,False,True,2025-08-12,42118.60547549415,WIN,4.0,indices
NIKKEI225,LONG,2025-09-02,42310.48828125,41203.90617460415,43970.361441218774,999,False,False,2025-09-09,43970.361441218774,WIN,5.0,indices
NIKKEI225,LONG,2025-10-02,44936.73046875,43810.97686411796,46625.360875698054,1019,False,True,2025-10-06,46625.360875698054,WIN,2.0,indices
NIKKEI225,LONG,2025-11-17,50323.91015625,48539.05580849837,53001.19167787745,1049,False,True,2025-11-19,48539.05580849837,LOSS,2.0,indices
NIKKEI225,LONG,2025-12-03,49864.6796875,48030.949735828675,52615.27461500699,1060,False,False,2026-01-13,52615.27461500699,WIN,25.0,indices
NIKKEI225,SHORT,2026-03-19,53372.53125,56256.81548938564,49046.10489092154,1130,True,True,2026-04-08,56256.81548938564,LOSS,13.0,indices
NIKKEI225,LONG,2026-06-09,65416.62890625,62291.22485016201,70104.73499038198,1183,False,True,2026-06-17,70104.73499038198,WIN,6.0,indices
NIKKEI225,LONG,2026-07-03,69744.0703125,65835.24949098617,75607.30154477074,1201,False,False,2026-07-17,65835.24949098617,LOSS,10.0,indices
WTI_OIL,SHORT,2022-06-29,109.77999877929688,119.92525443670219,94.5621152931889,227,False,False,2022-07-13,94.5621152931889,WIN,9.0,commodities
WTI_OIL,SHORT,2022-07-20,102.26000213623047,113.31771408537138,85.67343421251911,241,False,True,2022-09-07,85.67343421251911,WIN,34.0,commodities
WTI_OIL,SHORT,2022-09-13,87.30999755859375,95.99053870901639,74.28918583295979,279,False,False,2022-11-28,74.28918583295979,WIN,53.0,commodities
WTI_OIL,SHORT,2022-12-02,79.9800033569336,87.36847997344991,68.89728843215912,336,False,False,2023-03-15,68.89728843215912,WIN,69.0,commodities
WTI_OIL,LONG,2023-03-31,75.66999816894531,69.94911801196845,84.2513184044106,417,False,True,2023-05-03,69.94911801196845,LOSS,22.0,commodities
WTI_OIL,SHORT,2023-07-03,69.79000091552734,74.63563270720816,62.52155322800612,480,False,False,2023-07-11,74.63563270720816,LOSS,5.0,commodities
WTI_OIL,LONG,2023-08-17,80.38999938964844,76.12373936683034,86.78938942387559,512,False,False,2023-09-05,86.78938942387559,WIN,12.0,commodities
WTI_OIL,LONG,2023-10-03,89.2300033569336,84.40321107695613,96.4701917768998,544,False,True,2023-10-04,84.40321107695613,LOSS,1.0,commodities
WTI_OIL,LONG,2023-10-19,89.37000274658203,83.61122899185627,98.00816337867067,556,False,False,2023-10-24,83.61122899185627,LOSS,3.0,commodities
WTI_OIL,SHORT,2023-11-30,75.95999908447266,81.61041703011007,67.48437216601653,585,False,True,2024-03-14,81.61041703011007,LOSS,71.0,commodities
WTI_OIL,SHORT,2024-07-22,79.77999877929688,83.30218188362467,74.49672412280518,744,True,False,2024-08-02,74.49672412280518,WIN,9.0,commodities
WTI_OIL,SHORT,2024-08-19,74.37000274658203,79.00877444310645,67.41184520179542,764,False,False,2024-09-06,67.41184520179542,WIN,13.0,commodities
WTI_OIL,SHORT,2024-09-18,70.91000366210938,75.71948339948594,63.69578405604453,785,False,False,2024-10-07,75.71948339948594,LOSS,13.0,commodities
WTI_OIL,SHORT,2024-10-23,70.7699966430664,76.07245350638999,62.81631134808103,810,False,False,2025-01-10,76.07245350638999,LOSS,54.0,commodities
WTI_OIL,SHORT,2025-04-21,63.08000183105469,68.4938984868294,54.95915684739263,932,False,True,2025-06-12,68.4938984868294,LOSS,37.0,commodities
WTI_OIL,LONG,2025-07-07,67.93000030517578,62.34933168912254,76.30100322925564,985,False,False,2025-08-13,62.34933168912254,LOSS,27.0,commodities
WTI_OIL,LONG,2025-09-25,64.9800033569336,61.914923506730396,69.57762313223839,1042,False,False,2025-10-01,61.914923506730396,LOSS,4.0,commodities
WTI_OIL,SHORT,2025-10-09,61.5099983215332,64.58239925881661,56.901396915608096,1052,False,False,2025-10-17,56.901396915608096,WIN,6.0,commodities
WTI_OIL,SHORT,2025-11-06,59.43000030517578,62.592289075129536,54.68656715024515,1072,False,False,2026-01-27,62.592289075129536,LOSS,54.0,commodities
WTI_OIL,LONG,2026-02-03,63.209999084472656,58.88718589410834,69.69421887001913,1131,False,True,2026-03-02,69.69421887001913,WIN,18.0,commodities
WTI_OIL,LONG,2026-03-24,92.3499984741211,76.04298184517307,116.81052341754312,1165,False,True,2026-04-07,116.81052341754312,WIN,9.0,commodities
WTI_OIL,LONG,2026-04-09,97.87000274658203,79.62437076540759,125.2384507183437,1176,False,True,2026-06-16,79.62437076540759,LOSS,47.0,commodities
BRENT_OIL,SHORT,2022-06-30,114.80999755859375,124.06504263857663,100.92742993861944,228,True,False,2022-07-06,100.92742993861944,WIN,3.0,commodities
BRENT_OIL,SHORT,2022-07-26,104.4000015258789,114.24732115612476,89.62902208051014,245,False,True,2022-09-07,89.62902208051014,WIN,30.0,commodities
BRENT_OIL,SHORT,2022-09-13,93.16999816894531,102.00084515718282,79.92372768658905,279,False,False,2022-12-06,79.92372768658905,WIN,59.0,commodities
BRENT_OIL,SHORT,2022-12-22,80.9800033569336,87.56292222674028,71.10562505222356,350,False,False,2023-01-18,87.56292222674028,LOSS,16.0,commodities
BRENT_OIL,SHORT,2023-02-02,82.16999816894531,87.72426100319602,73.83860391756926,377,False,False,2023-03-15,73.83860391756926,WIN,28.0,commodities
BRENT_OIL,LONG,2023-03-31,79.7699966430664,74.34830376853945,87.90253595485683,417,False,True,2023-05-03,74.34830376853945,LOSS,22.0,commodities
BRENT_OIL,LONG,2023-06-21,77.12000274658203,72.07075782528628,84.69387012852566,472,False,False,2023-06-28,72.07075782528628,LOSS,5.0,commodities
BRENT_OIL,SHORT,2023-07-03,74.6500015258789,79.286682553672,67.69497998418927,480,False,False,2023-07-11,79.286682553672,LOSS,5.0,commodities
BRENT_OIL,LONG,2023-08-17,84.12000274658203,80.1513619708764,90.07296391014049,512,False,False,2023-09-05,90.07296391014049,WIN,12.0,commodities
BRENT_OIL,LONG,2023-10-18,91.5,86.3055559702879,99.29166604456816,555,False,False,2023-11-01,86.3055559702879,LOSS,10.0,commodities
BRENT_OIL,SHORT,2024-01-02,75.88999938964844,80.68917268771304,68.69123944255153,607,False,False,2024-01-12,80.68917268771304,LOSS,8.0,commodities
BRENT_OIL,LONG,2024-04-26,89.5,85.69001396176252,95.21497905735623,687,False,False,2024-05-01,85.69001396176252,LOSS,3.0,commodities
BRENT_OIL,LONG,2024-06-14,82.62000274658203,79.24620904836098,87.6806932939136,721,False,False,2024-07-05,87.6806932939136,WIN,13.0,commodities
BRENT_OIL,SHORT,2024-07-16,83.7300033569336,86.69172532644507,79.28742040266638,741,False,False,2024-07-30,79.28742040266638,WIN,10.0,commodities
BRENT_OIL,SHORT,2024-08-14,79.76000213623047,83.83197661460555,73.65204041866784,762,False,False,2024-09-03,73.65204041866784,WIN,13.0,commodities
BRENT_OIL,SHORT,2024-09-20,74.48999786376953,78.80424262913156,68.01863071572649,788,False,True,2024-10-04,78.80424262913156,LOSS,10.0,commodities
BRENT_OIL,SHORT,2024-10-23,74.95999908447266,80.06855267035264,67.29716870565267,811,False,False,2025-01-10,80.06855267035264,LOSS,54.0,commodities
BRENT_OIL,LONG,2025-01-24,78.5,74.9906187081994,83.76407193770089,874,False,True,2025-02-04,74.9906187081994,LOSS,7.0,commodities
BRENT_OIL,SHORT,2025-04-21,66.26000213623047,71.39426279919087,58.55861114178987,933,False,True,2025-05-05,58.55861114178987,WIN,10.0,commodities
BRENT_OIL,SHORT,2025-05-27,64.08999633789062,68.22024515683762,57.89462310947013,958,False,False,2025-06-11,68.22024515683762,LOSS,11.0,commodities
BRENT_OIL,LONG,2025-07-08,70.1500015258789,64.98771296494981,77.89343436727256,987,False,False,2025-10-02,64.98771296494981,LOSS,61.0,commodities
BRENT_OIL,SHORT,2025-11-06,63.380001068115234,66.4931643886201,58.71025608735793,1073,False,False,2026-01-14,66.4931643886201,LOSS,46.0,commodities
BRENT_OIL,LONG,2026-02-03,67.33000183105469,62.83417127370517,74.07374766707898,1132,False,True,2026-03-02,74.07374766707898,WIN,18.0,commodities
BRENT_OIL,LONG,2026-04-02,109.02999877929688,90.752444770451,136.44632979256568,1173,False,True,2026-04-08,90.752444770451,LOSS,3.0,commodities
BRENT_OIL,LONG,2026-05-14,105.72000122070312,92.07779275210274,126.1833139236037,1202,False,False,2026-05-29,92.07779275210274,LOSS,10.0,commodities
BRENT_OIL,SHORT,2026-07-09,76.30000305175781,84.33765700752335,64.24352211810951,1239,False,True,2026-07-14,84.33765700752335,LOSS,3.0,commodities
BRENT_OIL,SHORT,2026-08-04,78.69000244140625,89.38614287828962,62.6457917860812,1257,False,True,,,OPEN,,commodities
NATGAS,SHORT,2022-07-11,6.426000118255615,7.661659434919098,4.572511143260391,234,False,True,2022-07-20,7.661659434919098,LOSS,7.0,commodities
NATGAS,SHORT,2022-09-06,8.145000457763672,9.385225432843173,6.28466299514442,274,True,True,2022-10-17,6.28466299514442,WIN,29.0,commodities
NATGAS,SHORT,2022-11-01,5.714000225067139,6.78101215982876,4.113482322924707,314,False,True,2022-11-07,6.78101215982876,LOSS,4.0,commodities
NATGAS,SHORT,2022-11-14,5.933000087738037,7.099343891827544,4.183484381603776,323,False,False,2022-11-23,7.099343891827544,LOSS,7.0,commodities
NATGAS,SHORT,2023-03-09,2.5429999828338623,3.0521811535905936,1.7792282266987653,401,False,True,2023-10-04,3.0521811535905936,LOSS,144.0,commodities
NATGAS,SHORT,2024-01-02,2.568000078201294,2.871468131232683,2.1127979986542105,607,False,True,2024-01-05,2.871468131232683,LOSS,3.0,commodities
NATGAS,SHORT,2024-01-25,2.571000099182129,3.045529176174167,1.8592064836940718,623,False,False,2024-02-09,1.8592064836940718,WIN,11.0,commodities
NATGAS,SHORT,2024-02-29,1.8600000143051147,2.1997940698806726,1.350308930941778,647,False,False,2024-05-06,2.1997940698806726,LOSS,46.0,commodities
NATGAS,LONG,2024-06-24,2.811000108718872,2.469056748196213,3.3239151495028603,726,False,True,2024-07-02,2.469056748196213,LOSS,6.0,commodities
NATGAS,LONG,2024-08-14,2.2190001010894775,1.9632889200461185,2.602566872654516,762,False,False,2024-08-26,1.9632889200461185,LOSS,8.0,commodities
NATGAS,LONG,2024-11-04,2.7809998989105225,2.416658833095779,3.3275114976326376,819,False,False,2024-11-21,3.3275114976326376,WIN,13.0,commodities
NATGAS,LONG,2024-12-05,3.0789999961853027,2.6659941160488256,3.698508816390018,841,False,False,2024-12-20,3.698508816390018,WIN,11.0,commodities
NATGAS,LONG,2025-01-06,3.671999931335449,3.060663304110995,4.589004872172131,861,False,True,2025-01-30,3.060663304110995,LOSS,17.0,commodities
NATGAS,LONG,2025-03-03,4.122000217437744,3.5550666268010636,4.9724006033927655,899,False,False,2025-04-08,3.5550666268010636,LOSS,26.0,commodities
NATGAS,SHORT,2025-04-30,3.3259999752044678,3.7756994589078254,2.651450749649431,940,False,True,2025-05-09,3.7756994589078254,LOSS,7.0,commodities
NATGAS,SHORT,2025-05-21,3.368000030517578,3.8000972188650266,2.7198542479964054,955,False,False,2025-06-06,3.8000972188650266,LOSS,11.0,commodities
NATGAS,SHORT,2025-06-30,3.4560000896453857,3.9200789031486627,2.7598818693904703,981,False,False,2025-08-19,2.7598818693904703,WIN,36.0,commodities
NATGAS,SHORT,2025-09-26,2.8350000381469727,3.1042455618196727,2.4311317526379224,1044,False,False,2025-09-29,3.1042455618196727,LOSS,1.0,commodities
NATGAS,LONG,2025-12-29,4.686999797821045,4.105486225249286,5.559270156678684,1108,False,True,2025-12-30,4.105486225249286,LOSS,1.0,commodities
NATGAS,SHORT,2026-03-09,3.119999885559082,3.803610051267373,2.094584636996646,1155,False,False,,,OPEN,,commodities
