pair,direction,entry_date,entry_price,stop_loss,take_profit,entry_bar,rsi_divergence,adx_strong,exit_date,exit_price,outcome,bars_held,asset_class
EURUSD,SHORT,2025-11-11,1.1557220220565796,1.1688578833623753,1.142586160750784,1111,False,False,2025-12-11,1.1688578833623753,LOSS,22.0,forex
EURUSD,SHORT,2026-01-20,1.1639139652252197,1.1755278421064177,1.1523000883440218,1159,True,False,2026-01-23,1.1755278421064177,LOSS,3.0,forex
EURUSD,SHORT,2026-02-26,1.181516408920288,1.1953977756408611,1.167635042199715,1186,False,False,2026-03-02,1.167635042199715,WIN,2.0,forex
EURUSD,SHORT,2026-03-23,1.1560158729553223,1.1755482306304723,1.1364835152801722,1203,False,True,2026-04-14,1.1755482306304723,LOSS,16.0,forex
EURUSD,SHORT,2026-05-29,1.1652837991714478,1.1776139356522943,1.1529536626906012,1252,False,False,2026-06-08,1.1529536626906012,WIN,6.0,forex
EURUSD,SHORT,2026-06-15,1.1603081226348877,1.172293797710735,1.1483224475590403,1263,False,False,2026-06-18,1.1483224475590403,WIN,3.0,forex
EURUSD,SHORT,2026-07-10,1.1433405876159668,1.1554923983869836,1.13118877684495,1282,False,True,2026-08-03,1.1554923983869836,LOSS,16.0,forex
GBPUSD,SHORT,2022-07-22,1.1996161937713623,1.2278116798705743,1.1714207076721503,252,False,True,2022-08-01,1.2278116798705743,LOSS,6.0,forex
GBPUSD,SHORT,2022-08-18,1.2045146226882935,1.2312369871690987,1.1777922582074882,271,False,False,2022-08-22,1.1777922582074882,WIN,2.0,forex
GBPUSD,LONG,2023-02-02,1.2390038967132568,1.2147956426678108,1.2632121507587029,391,False,False,2023-02-03,1.2147956426678108,LOSS,1.0,forex
GBPUSD,LONG,2023-03-15,1.215214490890503,1.184811599531608,1.2456173822493979,420,False,False,2023-04-04,1.2456173822493979,WIN,14.0,forex
GBPUSD,LONG,2023-04-18,1.2375471591949463,1.214434651244038,1.2606596671458545,444,False,False,2023-05-05,1.2606596671458545,WIN,13.0,forex
GBPUSD,LONG,2023-07-21,1.2872332334518433,1.2632921942640907,1.3111742726395959,512,False,True,2023-08-03,1.2632921942640907,LOSS,9.0,forex
GBPUSD,SHORT,2023-08-30,1.2636793851852417,1.2839302426385457,1.2434285277319377,540,False,False,2023-09-14,1.2434285277319377,WIN,11.0,forex
GBPUSD,SHORT,2023-10-10,1.2250398397445679,1.2449007598271185,1.2051789196620173,569,False,True,2023-11-14,1.2449007598271185,LOSS,25.0,forex
GBPUSD,LONG,2024-01-02,1.2728800773620605,1.2527507189730431,1.293009435751078,629,False,True,2024-02-05,1.2527507189730431,LOSS,24.0,forex
GBPUSD,LONG,2024-02-28,1.268166422843933,1.2535322781505258,1.2828005675373404,670,False,False,2024-03-08,1.2828005675373404,WIN,7.0,forex
GBPUSD,SHORT,2024-04-25,1.2459505796432495,1.2646206835642568,1.2272804757222422,711,False,False,2024-05-15,1.2646206835642568,LOSS,14.0,forex
GBPUSD,LONG,2024-07-29,1.2868356704711914,1.2726803793724484,1.3009909615699344,778,False,False,2024-08-02,1.2726803793724484,LOSS,4.0,forex
GBPUSD,LONG,2024-09-10,1.307138204574585,1.2899457414240147,1.3243306677251552,809,False,True,2024-09-18,1.3243306677251552,WIN,6.0,forex
GBPUSD,LONG,2024-10-03,1.326611876487732,1.30542276367138,1.3478009893040839,826,False,True,2024-10-10,1.30542276367138,LOSS,5.0,forex
GBPUSD,SHORT,2024-12-02,1.270163893699646,1.2917752615754754,1.2485525258238166,868,False,True,2024-12-20,1.2485525258238166,WIN,14.0,forex
GBPUSD,SHORT,2025-01-24,1.2353914976119995,1.2611331806994104,1.2096498145245886,906,False,False,2025-02-14,1.2611331806994104,LOSS,15.0,forex
GBPUSD,LONG,2025-04-01,1.292089819908142,1.2749937940609262,1.309185845755358,953,False,True,2025-04-03,1.309185845755358,WIN,2.0,forex
GBPUSD,LONG,2025-05-12,1.3289036750793457,1.304053405123414,1.3537539450352774,980,False,True,2025-05-26,1.3537539450352774,WIN,10.0,forex
GBPUSD,LONG,2025-07-07,1.3651504516601562,1.3439140342250977,1.3863868690952148,1020,False,False,2025-07-14,1.3439140342250977,LOSS,5.0,forex
GBPUSD,LONG,2025-08-20,1.348679542541504,1.329648707416031,1.3677103776669768,1052,False,False,2025-10-09,1.329648707416031,LOSS,36.0,forex
GBPUSD,SHORT,2025-11-26,1.315870761871338,1.3333330294363417,1.298408494306334,1122,False,True,2025-12-03,1.3333330294363417,LOSS,5.0,forex
GBPUSD,SHORT,2026-01-16,1.3381328582763672,1.3543304728003402,1.3219352437523941,1157,False,False,2026-01-23,1.3543304728003402,LOSS,5.0,forex
GBPUSD,LONG,2026-02-09,1.3608959913253784,1.3381254714390205,1.3836665112117363,1173,False,True,2026-03-02,1.3381254714390205,LOSS,15.0,forex
GBPUSD,SHORT,2026-05-27,1.345532774925232,1.3637805075782783,1.3272850422721856,1250,True,False,2026-06-18,1.3272850422721856,WIN,16.0,forex
USDJPY,LONG,2025-12-01,155.92799377441406,153.5527662607915,158.30322128803664,1125,False,True,2026-01-13,158.30322128803664,WIN,29.0,forex
USDCHF,SHORT,2024-09-30,0.840499997138977,0.8549977934923128,0.8260022007856413,823,False,True,2024-10-04,0.8549977934923128,LOSS,4.0,forex
USDCHF,LONG,2024-12-02,0.8820269703865051,0.86914572331408,0.8949082174589302,868,False,True,2024-12-17,0.8949082174589302,WIN,11.0,forex
USDCHF,LONG,2025-11-11,0.8051599860191345,0.7938965526660922,0.8164234193721769,1111,False,False,2025-11-13,0.7938965526660922,LOSS,2.0,forex
USDCHF,LONG,2025-11-27,0.8034899830818176,0.7915405763005466,0.8154393898630886,1123,False,False,2025-12-23,0.7915405763005466,LOSS,18.0,forex
USDCHF,LONG,2026-01-13,0.7973600029945374,0.7874982300618092,0.8072217759272655,1154,False,False,2026-01-23,0.7874982300618092,LOSS,8.0,forex
USDCHF,LONG,2026-04-30,0.7905600070953369,0.7779283371390434,0.8031916770516304,1231,False,False,2026-05-01,0.7779283371390434,LOSS,1.0,forex
USDCHF,LONG,2026-05-27,0.7851099967956543,0.7748011561632323,0.7954188374280763,1250,True,False,2026-06-05,0.7954188374280763,WIN,7.0,forex
USDCHF,LONG,2026-06-17,0.7931100130081177,0.7831630793958514,0.803056946620384,1265,False,False,2026-06-18,0.803056946620384,WIN,1.0,forex
USDCHF,LONG,2026-07-03,0.8044099807739258,0.7933547132472931,0.8154652483005584,1277,False,True,2026-07-23,0.8154652483005584,WIN,14.0,forex
USDCHF,LONG,2026-07-30,0.8133900165557861,0.8018841661092696,0.8248958670023027,1296,False,True,,,OPEN,,forex
AUDUSD,LONG,2024-02-26,0.6565384864807129,0.6456175834180463,0.6674593895433795,668,True,False,2024-04-15,0.6456175834180463,LOSS,35.0,forex
AUDUSD,SHORT,2025-01-16,0.6235401034355164,0.6369498557640099,0.6101303511070229,900,False,True,2025-02-03,0.6101303511070229,WIN,12.0,forex
AUDUSD,SHORT,2025-02-04,0.6217397451400757,0.6351688147410552,0.6083106755390961,913,False,False,2025-02-14,0.6351688147410552,LOSS,8.0,forex
AUDUSD,LONG,2025-05-12,0.642091691493988,0.6251661441051432,0.6590172388828329,980,False,False,2025-07-01,0.6590172388828329,WIN,36.0,forex
AUDUSD,LONG,2025-07-07,0.6551792025566101,0.6432983361554057,0.6670600689578146,1020,False,False,2025-07-31,0.6432983361554057,LOSS,18.0,forex
AUDUSD,LONG,2025-08-14,0.6551706194877625,0.6436651750708269,0.666676063904698,1048,False,False,2025-08-20,0.6436651750708269,LOSS,4.0,forex
AUDUSD,LONG,2025-09-19,0.6617901921272278,0.6509250899920644,0.6726552942623911,1074,False,False,2025-10-10,0.6509250899920644,LOSS,15.0,forex
AUDUSD,SHORT,2025-11-18,0.6492701172828674,0.6593022731423317,0.6392379614234032,1116,False,False,2025-12-03,0.6593022731423317,LOSS,11.0,forex
AUDUSD,LONG,2026-01-14,0.6683598756790161,0.6592055661715797,0.6775141851864526,1155,False,False,2026-01-21,0.6775141851864526,WIN,5.0,forex
AUDUSD,LONG,2026-03-03,0.710580050945282,0.6950684646020893,0.7260916372884747,1189,False,True,2026-03-23,0.6950684646020893,LOSS,14.0,forex
AUDUSD,SHORT,2026-07-13,0.6942197680473328,0.703271921505541,0.6851676145891246,1283,False,True,2026-07-31,0.703271921505541,LOSS,14.0,forex
USDCAD,LONG,2025-11-10,1.404379963874817,1.390848104439791,1.417911823309843,1110,False,True,2025-12-05,1.390848104439791,LOSS,19.0,forex
USDCAD,SHORT,2026-02-23,1.3648500442504883,1.3800128776168301,1.3496872108841464,1183,False,False,2026-03-25,1.3800128776168301,LOSS,22.0,forex
USDCAD,LONG,2026-07-14,1.4149399995803833,1.4028874045916484,1.4269925945691182,1284,False,True,2026-07-16,1.4028874045916484,LOSS,2.0,forex
NZDUSD,SHORT,2025-02-04,0.5626797080039978,0.5745423082592672,0.5508171077487284,913,False,False,2025-02-17,0.5745423082592672,LOSS,9.0,forex
NZDUSD,LONG,2025-05-12,0.5920698046684265,0.575957497055595,0.6081821122812581,980,False,False,2025-06-16,0.6081821122812581,WIN,25.0,forex
NZDUSD,LONG,2025-07-04,0.608009934425354,0.5962350642330735,0.6197848046176345,1019,False,False,2025-07-15,0.5962350642330735,LOSS,7.0,forex
NZDUSD,SHORT,2025-10-27,0.5760199427604675,0.5841630319379215,0.5678768535830135,1100,False,True,2025-11-04,0.5678768535830135,WIN,6.0,forex
NZDUSD,SHORT,2026-01-08,0.5773905515670776,0.5861018687913915,0.5686792343427638,1151,True,False,2026-01-21,0.5861018687913915,LOSS,9.0,forex
NZDUSD,LONG,2026-02-23,0.6003986597061157,0.5889579388337718,0.6118393805784597,1183,False,False,2026-03-03,0.5889579388337718,LOSS,6.0,forex
NZDUSD,LONG,2026-04-13,0.5804302096366882,0.5678431975505958,0.5930172217227807,1218,False,True,2026-05-06,0.5930172217227807,WIN,17.0,forex
NZDUSD,SHORT,2026-05-27,0.5842486619949341,0.5952293821190908,0.5732679418707773,1250,False,False,2026-05-29,0.5952293821190908,LOSS,2.0,forex
NZDUSD,SHORT,2026-07-09,0.5715788006782532,0.5814466330835238,0.5617109682729825,1281,False,True,2026-07-14,0.5814466330835238,LOSS,3.0,forex
EURJPY,SHORT,2023-12-20,157.9969940185547,161.81422069509776,154.17976734201162,620,False,True,2023-12-25,154.17976734201162,WIN,3.0,forex
EURJPY,LONG,2024-04-22,164.80999755859375,162.47468867639878,167.14530644078872,708,False,False,2024-04-26,167.14530644078872,WIN,4.0,forex
EURJPY,LONG,2025-11-10,177.56300354003906,175.02976551415628,180.09624156592184,1110,False,False,2025-11-18,180.09624156592184,WIN,6.0,forex
EURJPY,LONG,2026-01-06,183.47999572753906,181.27898240685172,185.6810090482264,1149,False,False,2026-01-22,185.6810090482264,WIN,12.0,forex
EURJPY,SHORT,2026-03-17,182.9499969482422,185.46747273039733,180.43252116608704,1199,False,False,2026-04-09,185.46747273039733,LOSS,17.0,forex
EURJPY,SHORT,2026-05-13,185.0279998779297,187.66417145569312,182.39182830016625,1240,False,True,2026-07-30,182.39182830016625,WIN,56.0,forex
EURGBP,SHORT,2023-03-27,0.8794999718666077,0.8928642384064852,0.8661357053267301,428,False,False,2023-05-11,0.8661357053267301,WIN,33.0,forex
EURGBP,SHORT,2024-12-25,0.8289999961853027,0.8453996194703378,0.8126003729002677,885,False,False,2025-01-15,0.8453996194703378,LOSS,14.0,forex
EURGBP,SHORT,2025-12-22,0.8751299977302551,0.8826045272122324,0.8676554682482779,1140,False,False,2026-01-05,0.8676554682482779,WIN,8.0,forex
EURGBP,SHORT,2026-01-26,0.8678799867630005,0.8752010413366859,0.8605589321893151,1163,False,False,2026-02-27,0.8752010413366859,LOSS,24.0,forex
EURGBP,SHORT,2026-03-25,0.8657000064849854,0.8729440728028507,0.85845594016712,1205,False,False,2026-03-31,0.8729440728028507,LOSS,4.0,forex
EURGBP,SHORT,2026-05-12,0.8657400012016296,0.8711711161858328,0.8603088862174265,1239,False,False,2026-05-15,0.8711711161858328,LOSS,3.0,forex
EURGBP,SHORT,2026-05-27,0.8647500276565552,0.8712270839210036,0.8582729713921068,1250,False,False,2026-07-01,0.8582729713921068,WIN,25.0,forex
EURGBP,SHORT,2026-07-23,0.8531699776649475,0.859954014429118,0.846385940900777,1291,False,False,,,OPEN,,forex
EURAUD,SHORT,2024-02-26,1.6479400396347046,1.667389468181039,1.6284906110883701,668,False,False,2024-02-28,1.667389468181039,LOSS,2.0,forex
EURAUD,SHORT,2024-12-02,1.6215300559997559,1.6456065209002242,1.5974535910992875,868,False,False,2024-12-06,1.6456065209002242,LOSS,4.0,forex
EURAUD,SHORT,2025-11-11,1.7684099674224854,1.7949799685897967,1.741839966255174,1111,False,False,2025-11-25,1.7949799685897967,LOSS,10.0,forex
EURAUD,SHORT,2025-12-12,1.7618199586868286,1.7848539221015824,1.7387859952720748,1134,False,False,2026-01-06,1.7387859952720748,WIN,15.0,forex
EURAUD,SHORT,2026-04-10,1.6522400379180908,1.676110305280772,1.6283697705554097,1217,False,True,2026-05-01,1.6283697705554097,WIN,15.0,forex
EURAUD,SHORT,2026-05-22,1.6252199411392212,1.644992625228558,1.6054472570498843,1247,False,False,2026-06-10,1.644992625228558,LOSS,13.0,forex
EURAUD,LONG,2026-06-24,1.645359992980957,1.6274494640336807,1.6632705219282333,1270,False,False,2026-07-21,1.6274494640336807,LOSS,19.0,forex
EURAUD,LONG,2026-08-03,1.638350009918213,1.6190188076741887,1.657681212162237,1298,True,False,,,OPEN,,forex
EURCAD,LONG,2023-04-06,1.46697998046875,1.4433629333855986,1.4905970275519014,436,False,False,2023-04-24,1.4905970275519014,WIN,12.0,forex
EURCAD,LONG,2024-01-15,1.467650055885315,1.450905753114701,1.484394358655929,638,False,False,2024-01-30,1.450905753114701,LOSS,11.0,forex
EURCAD,SHORT,2025-11-10,1.6210700273513794,1.6388120432040418,1.603328011498717,1110,False,False,2026-03-02,1.603328011498717,WIN,78.0,forex
EURCAD,SHORT,2026-03-23,1.5848300457000732,1.6061729338375128,1.5634871575626337,1203,False,True,2026-03-31,1.6061729338375128,LOSS,6.0,forex
EURCAD,LONG,2026-06-24,1.6167900562286377,1.6022905004853503,1.6312896119719251,1270,False,False,2026-07-17,1.6022905004853503,LOSS,17.0,forex
EURCAD,LONG,2026-08-03,1.6174900531768799,1.6042597841282227,1.630720322225537,1298,False,False,,,OPEN,,forex
EURCHF,LONG,2022-12-13,0.9864000082015991,0.9732606392749282,0.99953937712827,354,False,False,2023-01-11,0.99953937712827,WIN,21.0,forex
EURCHF,SHORT,2025-12-31,0.9300600290298462,0.9362593338639327,0.9238607241957597,1146,False,False,2026-01-26,0.9238607241957597,WIN,17.0,forex
EURCHF,SHORT,2026-04-23,0.9186499714851379,0.9265623623431092,0.9107375806271667,1226,False,True,2026-05-25,0.9107375806271667,WIN,22.0,forex
EURCHF,LONG,2026-06-18,0.9198600053787231,0.9136660404846826,0.9260539702727637,1266,False,False,2026-06-19,0.9260539702727637,WIN,1.0,forex
EURCHF,LONG,2026-06-29,0.9222400188446045,0.9155866838085455,0.9288933538806635,1273,False,False,2026-07-23,0.9288933538806635,WIN,18.0,forex
EURNZD,SHORT,2023-01-23,1.676200032234192,1.7129823562184534,1.6394177082499304,383,False,False,2023-02-17,1.7129823562184534,LOSS,19.0,forex
EURNZD,LONG,2023-07-03,1.780400037765503,1.7475133064438373,1.8132867690871686,498,False,False,2023-08-08,1.8132867690871686,WIN,26.0,forex
EURNZD,SHORT,2024-02-13,1.7575600147247314,1.7825228150661727,1.7325972143832902,659,False,False,2024-02-29,1.7825228150661727,LOSS,12.0,forex
EURNZD,LONG,2025-12-19,2.029910087585449,2.00434071543225,2.0554794597386485,1139,False,False,2026-01-20,2.00434071543225,LOSS,20.0,forex
EURNZD,SHORT,2026-02-19,1.9752600193023682,2.0041665141867706,1.9463535244179657,1181,False,True,2026-03-30,2.0041665141867706,LOSS,27.0,forex
EURNZD,SHORT,2026-04-21,1.9944000244140625,2.0180042155350817,1.9707958332930433,1224,False,False,2026-05-06,1.9707958332930433,WIN,11.0,forex
EURNZD,SHORT,2026-05-22,1.9758599996566772,2.000478502378135,1.9512414969352196,1247,False,False,2026-05-29,1.9512414969352196,WIN,5.0,forex
EURNZD,SHORT,2026-06-03,1.962249994277954,1.9928977465585094,1.9316022419973988,1255,False,False,2026-06-11,1.9928977465585094,LOSS,6.0,forex
GBPJPY,SHORT,2023-12-20,183.16400146484375,187.59757501322306,178.73042791646444,620,True,False,2024-01-17,187.59757501322306,LOSS,20.0,forex
GBPJPY,LONG,2026-03-03,210.8730010986328,206.89248472808362,214.853517469182,1189,False,False,2026-04-13,214.853517469182,WIN,29.0,forex
GBPJPY,SHORT,2026-05-07,212.69200134277344,216.2356348121779,209.14836787336898,1236,True,True,2026-07-06,216.2356348121779,LOSS,42.0,forex
GBPAUD,SHORT,2025-11-10,2.0207700729370117,2.053085241550913,1.9884549043231106,1110,False,False,2026-01-21,1.9884549043231106,WIN,50.0,forex
GBPAUD,SHORT,2026-03-20,1.8958100080490112,1.9284404126557886,1.8631796034422339,1202,False,True,2026-03-26,1.9284404126557886,LOSS,4.0,forex
GBPAUD,SHORT,2026-04-14,1.9036400318145752,1.9306052933418358,1.8766747702873146,1219,False,False,2026-05-06,1.8766747702873146,WIN,16.0,forex
GBPAUD,SHORT,2026-05-19,1.873039960861206,1.8972171517768535,1.8488627699455586,1244,False,True,2026-06-09,1.8972171517768535,LOSS,15.0,forex
GBPAUD,LONG,2026-06-18,1.895050048828125,1.8737046924107177,1.9163954052455323,1266,False,False,2026-06-26,1.9163954052455323,WIN,6.0,forex
GBPAUD,LONG,2026-07-15,1.9201799631118774,1.8994004026983695,1.9409595235253854,1285,False,True,,,OPEN,,forex
GBPCAD,LONG,2024-06-19,1.7429800033569336,1.7276050486921677,1.7583549580216995,750,False,False,2024-07-11,1.7583549580216995,WIN,16.0,forex
GBPCAD,SHORT,2025-12-11,1.84607994556427,1.8705491496743014,1.8216107414542386,1133,False,False,2026-01-12,1.8705491496743014,LOSS,20.0,forex
GBPCAD,SHORT,2026-02-17,1.858139991760254,1.8788288820738044,1.8374511014467034,1179,False,False,2026-02-27,1.8374511014467034,WIN,8.0,forex
GBPCAD,SHORT,2026-03-18,1.8284900188446045,1.851344056687004,1.805635981002205,1200,False,True,2026-03-25,1.851344056687004,LOSS,5.0,forex
GBPCAD,SHORT,2026-04-30,1.843500018119812,1.8621121871365192,1.8248878491031049,1231,False,False,2026-05-08,1.8621121871365192,LOSS,6.0,forex
GBPCAD,SHORT,2026-05-20,1.8410600423812866,1.8638105487733363,1.818309535989237,1245,False,False,2026-05-25,1.8638105487733363,LOSS,3.0,forex
GBPCAD,LONG,2026-07-21,1.8899199962615967,1.8681369390884472,1.9117030534347461,1289,False,False,,,OPEN,,forex
GBPCHF,LONG,2023-03-27,1.125,1.1064001544178623,1.1435998455821377,428,True,False,2023-04-21,1.1064001544178623,LOSS,19.0,forex
GBPCHF,SHORT,2024-08-27,1.1173900365829468,1.1383105359675652,1.0964695371983284,799,False,True,2024-12-17,1.1383105359675652,LOSS,80.0,forex
GBPCHF,SHORT,2025-11-11,1.0604300498962402,1.0722320025464676,1.048628097246013,1111,False,False,2025-11-12,1.048628097246013,WIN,1.0,forex
GBPCHF,SHORT,2025-12-19,1.062399983406067,1.0742380927922268,1.050561874019907,1139,False,False,2026-01-06,1.0742380927922268,LOSS,10.0,forex
GBPCHF,LONG,2026-03-17,1.0491600036621094,1.0366291677337862,1.0616908395904325,1199,False,True,2026-03-27,1.0616908395904325,WIN,8.0,forex
GBPCHF,LONG,2026-04-17,1.0592000484466553,1.0493111545610958,1.0690889423322147,1222,False,False,2026-05-15,1.0493111545610958,LOSS,20.0,forex
GBPCHF,LONG,2026-06-18,1.063230037689209,1.05400185327984,1.0724582220985779,1266,False,False,2026-06-22,1.0724582220985779,WIN,2.0,forex
GBPNZD,SHORT,2022-06-20,1.9328500032424927,1.9692502534496072,1.896449753035378,228,False,False,2022-08-11,1.896449753035378,WIN,38.0,forex
GBPNZD,SHORT,2022-09-28,1.90447998046875,1.9570603515059828,1.8518996094315172,300,False,False,2022-09-30,1.9570603515059828,LOSS,2.0,forex
GBPNZD,LONG,2022-10-25,1.9818400144577026,1.9199556332201622,2.043724395695243,319,False,False,2022-11-04,1.9199556332201622,LOSS,8.0,forex
GBPNZD,SHORT,2023-01-17,1.9101899862289429,1.940607360190037,1.8797726122678486,379,False,False,2023-02-21,1.940607360190037,LOSS,25.0,forex
GBPNZD,LONG,2023-04-06,1.972040057182312,1.9376659148396111,2.006414199525013,436,False,False,2023-04-12,2.006414199525013,WIN,4.0,forex
GBPNZD,LONG,2023-06-14,2.0466299057006836,2.0093189176965414,2.083940893704826,485,False,False,2023-06-28,2.083940893704826,WIN,10.0,forex
GBPNZD,LONG,2023-07-18,2.067770004272461,2.027989724927819,2.107550283617103,509,False,False,2023-08-11,2.107550283617103,WIN,18.0,forex
GBPNZD,LONG,2023-08-31,2.135200023651123,2.10192928450049,2.168470762801756,541,False,True,2023-09-14,2.10192928450049,LOSS,10.0,forex
GBPNZD,SHORT,2023-10-13,2.0572099685668945,2.0909153021976894,2.0235046349360997,572,False,True,2023-10-23,2.0909153021976894,LOSS,6.0,forex
GBPNZD,SHORT,2023-11-24,2.071199893951416,2.1022275923432105,2.0401721955596215,602,False,False,2023-12-04,2.0401721955596215,WIN,6.0,forex
GBPNZD,SHORT,2023-12-15,2.055039882659912,2.087641113284154,2.02243865203567,617,False,False,2023-12-20,2.02243865203567,WIN,3.0,forex
GBPNZD,SHORT,2024-02-13,2.059969902038574,2.0889215279966407,2.031018276080508,659,False,False,2024-03-06,2.0889215279966407,LOSS,16.0,forex
GBPNZD,LONG,2024-04-08,2.1024699211120605,2.0808860062127663,2.124053836011355,698,False,False,2024-05-01,2.124053836011355,WIN,17.0,forex
GBPNZD,LONG,2024-05-03,2.1025400161743164,2.0733842992568867,2.131695733091746,717,False,False,2024-05-16,2.0733842992568867,LOSS,9.0,forex
GBPNZD,SHORT,2024-06-25,2.072010040283203,2.0931421835427964,2.05087789702361,754,False,False,2024-07-03,2.0931421835427964,LOSS,6.0,forex
GBPNZD,LONG,2024-08-02,2.144160032272339,2.111045559073855,2.1772745054708227,782,False,True,2024-08-07,2.111045559073855,LOSS,3.0,forex
GBPNZD,LONG,2024-09-12,2.1261401176452637,2.09665292648053,2.1556273088099975,811,False,False,2024-10-09,2.1556273088099975,WIN,19.0,forex
GBPNZD,SHORT,2024-11-21,2.1517601013183594,2.180761770499538,2.122758432137181,861,False,False,2024-12-06,2.180761770499538,LOSS,11.0,forex
GBPNZD,LONG,2025-01-03,2.213249921798706,2.1681868890609852,2.258312954536427,891,False,False,2025-01-24,2.1681868890609852,LOSS,15.0,forex
GBPNZD,LONG,2025-02-05,2.2088100910186768,2.1788253416754255,2.238794840361928,914,False,False,2025-02-28,2.238794840361928,WIN,17.0,forex
GBPNZD,LONG,2025-03-17,2.247620105743408,2.209241339497333,2.2859988719894835,942,False,True,2025-04-04,2.2859988719894835,WIN,14.0,forex
GBPNZD,LONG,2025-04-10,2.2748498916625977,2.2103111283899217,2.3393886549352736,960,False,True,2025-10-14,2.3393886549352736,WIN,131.0,forex
GBPNZD,LONG,2025-10-22,2.3272299766540527,2.298130017085893,2.3563299362222123,1097,False,True,2025-10-28,2.298130017085893,LOSS,4.0,forex
GBPNZD,LONG,2025-11-13,2.3183999061584473,2.285074762951605,2.3517250493652897,1113,False,False,2025-11-25,2.3517250493652897,WIN,8.0,forex
GBPNZD,LONG,2025-11-26,2.339440107345581,2.306325146415328,2.372555068275834,1122,False,False,2025-11-28,2.306325146415328,LOSS,2.0,forex
GBPNZD,LONG,2025-12-19,2.317189931869507,2.2879028330613447,2.346477030677669,1139,True,False,2026-01-21,2.2879028330613447,LOSS,21.0,forex
GBPNZD,SHORT,2026-03-03,2.2542600631713867,2.284377476003906,2.2241426503388673,1189,False,True,2026-03-13,2.284377476003906,LOSS,8.0,forex
GBPNZD,SHORT,2026-04-23,2.285830020904541,2.3095965620852423,2.2620634797238397,1226,False,False,2026-04-29,2.3095965620852423,LOSS,4.0,forex
GBPNZD,LONG,2026-05-25,2.2952699661254883,2.266425511322423,2.3241144209285536,1248,False,False,2026-05-28,2.266425511322423,LOSS,3.0,forex
GBPNZD,LONG,2026-07-10,2.327660083770752,2.2968892907038367,2.358430876837667,1282,False,False,2026-07-20,2.2968892907038367,LOSS,6.0,forex
AUDJPY,SHORT,2022-11-28,93.50800323486328,95.61489801971004,91.40110845001652,343,False,False,2022-12-02,91.40110845001652,WIN,4.0,forex
AUDJPY,SHORT,2023-04-06,87.91000366210938,90.58342863037126,85.23657869384749,436,False,True,2023-04-20,90.58342863037126,LOSS,10.0,forex
AUDJPY,LONG,2024-01-08,97.20099639892578,95.25932014175218,99.14267265609938,633,False,False,2024-03-21,99.14267265609938,WIN,53.0,forex
AUDJPY,LONG,2025-11-10,100.01100158691406,97.7180995549176,102.30390361891052,1110,False,False,2025-11-20,102.30390361891052,WIN,8.0,forex
AUDJPY,LONG,2025-11-24,101.25499725341797,99.14367074550472,103.36632376133122,1120,False,False,2025-12-09,103.36632376133122,WIN,11.0,forex
AUDJPY,LONG,2025-12-17,102.64800262451172,100.78050944580541,104.51549580321803,1137,False,False,2025-12-22,104.51549580321803,WIN,3.0,forex
AUDJPY,LONG,2026-02-12,109.20099639892578,106.20745444725863,112.19453835059294,1176,False,False,2026-03-10,112.19453835059294,WIN,18.0,forex
AUDJPY,LONG,2026-03-20,111.81500244140625,109.09555951653789,114.53444536627461,1202,False,True,2026-03-30,109.09555951653789,LOSS,6.0,forex
AUDJPY,LONG,2026-05-06,113.58200073242188,111.25008788931082,115.91391357553293,1235,False,False,2026-06-26,111.25008788931082,LOSS,37.0,forex
CADJPY,SHORT,2023-01-23,96.73100280761719,99.9973952567925,93.46461035844187,383,False,True,2023-02-15,99.9973952567925,LOSS,17.0,forex
CADJPY,LONG,2025-11-10,109.51200103759766,107.45881188195867,111.56519019323665,1110,False,False,2025-11-19,111.56519019323665,WIN,7.0,forex
CADJPY,LONG,2025-12-05,111.12699890136719,109.29197746495491,112.96202033777946,1129,False,False,2025-12-09,112.96202033777946,WIN,2.0,forex
CADJPY,LONG,2026-01-07,113.4020004272461,111.80269307676015,115.00130777773204,1150,False,False,2026-01-23,115.00130777773204,WIN,12.0,forex
CADJPY,SHORT,2026-03-30,115.25800323486328,117.00652922022665,113.50947724949991,1208,False,False,2026-04-27,117.00652922022665,LOSS,20.0,forex
CADJPY,SHORT,2026-05-07,114.75900268554688,116.87231677098565,112.6456886001081,1236,False,True,2026-08-03,112.6456886001081,WIN,62.0,forex
CHFJPY,LONG,2025-12-01,194.0799102783203,191.271735927426,196.88808462921463,1125,False,True,2025-12-19,196.88808462921463,WIN,14.0,forex
CHFJPY,LONG,2026-01-07,196.8908233642578,194.3619892594624,199.41965746905322,1150,False,False,2026-01-20,199.41965746905322,WIN,9.0,forex
CHFJPY,LONG,2026-01-26,199.4347686767578,196.0284250825521,202.84111227096352,1163,False,False,2026-02-09,202.84111227096352,WIN,10.0,forex
CHFJPY,SHORT,2026-03-24,201.4199981689453,204.6759959769292,198.16400036096144,1204,False,False,2026-03-31,198.16400036096144,WIN,5.0,forex
CHFJPY,SHORT,2026-05-01,200.86500549316406,203.97414703708174,197.7558639492464,1232,False,False,2026-05-29,203.97414703708174,LOSS,20.0,forex
CHFJPY,SHORT,2026-06-15,201.45936584472656,203.6612704662547,199.25746122319842,1263,False,False,2026-06-23,199.25746122319842,WIN,6.0,forex
CHFJPY,SHORT,2026-07-15,200.45272827148438,202.7434146193956,198.16204192357316,1285,False,False,2026-07-30,198.16204192357316,WIN,11.0,forex
NZDJPY,SHORT,2024-12-25,88.66899871826172,90.78131525353353,86.5566821829899,885,False,True,2025-02-03,86.5566821829899,WIN,27.0,forex
NZDJPY,SHORT,2025-11-11,86.9729995727539,88.79490301932266,85.15109612618515,1111,True,False,2025-11-20,88.79490301932266,LOSS,7.0,forex
NZDJPY,LONG,2025-12-18,89.71399688720703,88.15753217813395,91.27046159628011,1138,False,False,2025-12-26,91.27046159628011,WIN,5.0,forex
NZDJPY,LONG,2025-12-31,90.56099700927734,89.07866594265207,92.04332807590262,1146,False,True,2026-01-20,92.04332807590262,WIN,13.0,forex
NZDJPY,LONG,2026-03-03,93.5250015258789,91.51811377893215,95.53188927282567,1189,False,False,2026-03-30,91.51811377893215,LOSS,19.0,forex
NZDJPY,SHORT,2026-05-08,93.11000061035156,94.911401430085,91.30859979061813,1237,True,False,2026-05-29,94.911401430085,LOSS,15.0,forex
NZDJPY,SHORT,2026-06-16,93.33000183105469,94.91089638689067,91.7491072752187,1264,False,False,2026-06-23,91.7491072752187,WIN,5.0,forex
AUDCAD,LONG,2024-02-27,0.8829699754714966,0.8726322737143037,0.8933076772286894,669,True,False,2024-03-08,0.8933076772286894,WIN,8.0,forex
AUDCAD,LONG,2024-06-19,0.913707971572876,0.9020435542705457,0.9253723888752062,750,False,True,2024-07-15,0.9253723888752062,WIN,18.0,forex
AUDCAD,LONG,2025-11-14,0.9161999821662903,0.9056149379507663,0.9267850263818143,1114,False,False,2026-01-06,0.9267850263818143,WIN,35.0,forex
AUDCAD,LONG,2026-03-04,0.9626200199127197,0.9461300303732848,0.9791100094521547,1190,False,True,2026-03-09,0.9461300303732848,LOSS,3.0,forex
AUDCAD,LONG,2026-03-13,0.964460015296936,0.9442035743412037,0.9847164562526683,1197,False,False,2026-04-16,0.9847164562526683,WIN,24.0,forex
AUDCAD,LONG,2026-05-01,0.9778000116348267,0.9643080738908713,0.9912919493787821,1232,False,False,2026-05-08,0.9912919493787821,WIN,5.0,forex
AUDCAD,LONG,2026-05-19,0.9849900007247925,0.9696157636400217,1.0003642378095634,1244,False,False,,,OPEN,,forex
AUDCHF,SHORT,2022-11-28,0.6357449889183044,0.6502437798768896,0.6212461979597192,343,False,False,2022-12-16,0.6212461979597192,WIN,14.0,forex
AUDCHF,SHORT,2024-08-27,0.5735139846801758,0.5877283777030882,0.5592995916572634,799,False,True,2024-12-19,0.5592995916572634,WIN,82.0,forex
AUDCHF,LONG,2025-11-10,0.5247200131416321,0.5146023043253494,0.5348377219579148,1110,False,False,2025-11-14,0.5146023043253494,LOSS,4.0,forex
AUDCHF,LONG,2025-11-26,0.5227400064468384,0.5121739201522041,0.5333060927414727,1122,False,False,2025-12-05,0.5333060927414727,WIN,7.0,forex
AUDCHF,LONG,2025-12-12,0.5294899940490723,0.5189754568998692,0.5400045311982753,1134,False,False,2026-01-22,0.5400045311982753,WIN,27.0,forex
AUDCHF,LONG,2026-01-27,0.5373899936676025,0.5268269322035778,0.5479530551316273,1164,False,False,2026-02-11,0.5479530551316273,WIN,11.0,forex
AUDCHF,LONG,2026-03-06,0.5473930239677429,0.5349918491422281,0.5597941987932578,1192,False,False,2026-03-19,0.5597941987932578,WIN,9.0,forex
AUDCHF,LONG,2026-04-15,0.5566200017929077,0.5471364561638443,0.5661035474219711,1220,False,False,2026-04-28,0.5661035474219711,WIN,9.0,forex
AUDCHF,LONG,2026-06-02,0.563289999961853,0.5561540174193851,0.570425982504321,1254,False,False,2026-06-29,0.5561540174193851,LOSS,19.0,forex
AUDNZD,LONG,2023-04-27,1.0798100233078003,1.0642088549781743,1.0954111916374263,451,False,False,2023-05-04,1.0642088549781743,LOSS,5.0,forex
AUDNZD,LONG,2024-04-22,1.0890439748764038,1.0798694362916792,1.0982185134611284,708,False,False,2024-04-24,1.0982185134611284,WIN,2.0,forex
AUDNZD,SHORT,2025-02-06,1.1046110391616821,1.1136061335693348,1.0956159447540295,915,False,False,2025-02-12,1.1136061335693348,LOSS,4.0,forex
AUDNZD,LONG,2025-11-19,1.1500500440597534,1.137221030274221,1.162879057845286,1117,False,True,2026-01-06,1.162879057845286,WIN,32.0,forex
AUDNZD,LONG,2026-01-19,1.1603070497512817,1.1488299666712782,1.1717841328312852,1158,False,True,2026-02-09,1.1717841328312852,WIN,15.0,forex
AUDNZD,LONG,2026-03-25,1.1984599828720093,1.1829111651661426,1.214008800577876,1205,False,True,2026-04-07,1.214008800577876,WIN,9.0,forex
AUDNZD,LONG,2026-04-14,1.209030032157898,1.1950896475985997,1.2229704167171962,1219,False,True,2026-04-29,1.2229704167171962,WIN,11.0,forex
AUDNZD,LONG,2026-05-07,1.215190052986145,1.2023091303289442,1.2280709756433459,1236,False,True,2026-05-29,1.2023091303289442,LOSS,16.0,forex
AUDNZD,SHORT,2026-06-15,1.208359956741333,1.2228876105210418,1.1938323029616242,1263,False,False,2026-06-19,1.2228876105210418,LOSS,4.0,forex
AUDNZD,SHORT,2026-07-23,1.202180027961731,1.2162636819930412,1.1880963739304207,1291,False,False,,,OPEN,,forex
NZDCAD,SHORT,2022-06-24,0.8161799907684326,0.8321448297503418,0.8002151517865235,232,False,False,2022-06-29,0.8002151517865235,WIN,3.0,forex
NZDCAD,SHORT,2022-07-19,0.7986090183258057,0.814337629209549,0.7828804074420623,249,False,True,2022-08-10,0.814337629209549,LOSS,16.0,forex
NZDCAD,LONG,2022-10-24,0.7863500118255615,0.7678818939094293,0.8048181297416938,318,True,False,2022-11-11,0.8048181297416938,WIN,14.0,forex
NZDCAD,LONG,2022-12-22,0.8560580015182495,0.835425986895491,0.876690016141008,361,False,True,2023-02-27,0.835425986895491,LOSS,47.0,forex
NZDCAD,LONG,2023-03-16,0.8484370112419128,0.8329036287525935,0.8639703937312322,421,False,False,2023-04-12,0.8329036287525935,LOSS,19.0,forex
NZDCAD,SHORT,2023-04-25,0.835099995136261,0.850574506559924,0.819625483712598,449,False,False,2023-05-03,0.850574506559924,LOSS,6.0,forex
NZDCAD,SHORT,2023-05-19,0.841526985168457,0.8573930558894344,0.8256609144474797,467,True,False,2023-05-25,0.8256609144474797,WIN,4.0,forex
NZDCAD,SHORT,2023-06-14,0.8199099898338318,0.8361199747303272,0.8037000049373364,485,False,True,2023-06-29,0.8037000049373364,WIN,11.0,forex
NZDCAD,SHORT,2023-07-27,0.820222020149231,0.8379421431821392,0.8025018971163227,516,False,False,2023-08-14,0.8025018971163227,WIN,12.0,forex
NZDCAD,SHORT,2023-08-24,0.8078200221061707,0.8210610960348881,0.7945789481774532,536,False,False,2023-09-19,0.7945789481774532,WIN,18.0,forex
NZDCAD,SHORT,2023-09-28,0.7985900044441223,0.809637505842085,0.7875425030461596,561,False,False,2023-09-29,0.809637505842085,LOSS,1.0,forex
NZDCAD,SHORT,2023-10-27,0.8051699995994568,0.8180654009472221,0.7922745982516914,582,False,False,2023-11-03,0.8180654009472221,LOSS,5.0,forex
NZDCAD,LONG,2023-11-14,0.8118199706077576,0.7989740961520826,0.8246658450634325,594,False,False,2023-11-15,0.8246658450634325,WIN,1.0,forex
NZDCAD,LONG,2023-12-13,0.8336499929428101,0.8198875048251737,0.8474124810604464,615,False,True,2023-12-25,0.8198875048251737,LOSS,8.0,forex
NZDCAD,LONG,2023-12-26,0.8353000283241272,0.8161303546250072,0.8544697020232472,624,False,True,2024-02-02,0.8161303546250072,LOSS,28.0,forex
NZDCAD,LONG,2024-03-14,0.8300700187683105,0.820017861969664,0.8401221755669571,681,False,False,2024-03-19,0.820017861969664,LOSS,3.0,forex
NZDCAD,SHORT,2024-04-08,0.8167440295219421,0.8263199313446813,0.807168127699203,698,False,True,2024-05-15,0.8263199313446813,LOSS,27.0,forex
NZDCAD,LONG,2024-06-17,0.8428549766540527,0.8313941743556477,0.8543157789524578,748,False,True,2024-06-28,0.8313941743556477,LOSS,9.0,forex
NZDCAD,SHORT,2024-12-18,0.8238300085067749,0.8360648983957114,0.8115951186178384,880,False,False,2024-12-19,0.8115951186178384,WIN,1.0,forex
NZDCAD,SHORT,2025-01-20,0.8085899949073792,0.8211546065952177,0.7960253832195406,902,False,True,2025-03-05,0.8211546065952177,LOSS,32.0,forex
NZDCAD,SHORT,2025-03-27,0.8173199892044067,0.8306362066603642,0.8040037717484493,950,False,False,2025-04-04,0.8040037717484493,WIN,6.0,forex
NZDCAD,LONG,2025-05-05,0.8225499987602234,0.805074995499934,0.8400250020205128,975,False,False,2025-09-25,0.805074995499934,LOSS,103.0,forex
NZDCAD,SHORT,2025-10-01,0.8068000078201294,0.8186688370972591,0.7949311785429997,1082,False,False,2025-11-05,0.7949311785429997,WIN,25.0,forex
NZDCAD,SHORT,2025-11-26,0.7929800152778625,0.8035468178841044,0.7824132126716207,1122,False,True,2025-11-27,0.8035468178841044,LOSS,1.0,forex
NZDCAD,SHORT,2025-12-29,0.7962549924850464,0.8058460124888107,0.7866639724812821,1144,False,False,2026-01-20,0.8058460124888107,LOSS,15.0,forex
NZDCAD,LONG,2026-02-23,0.819267988204956,0.8080311611274685,0.8305048152824436,1183,False,True,2026-03-03,0.8080311611274685,LOSS,6.0,forex
NZDCAD,LONG,2026-04-23,0.8069499731063843,0.795596146016352,0.8183038001964166,1226,False,False,2026-05-28,0.8183038001964166,WIN,25.0,forex
NZDCAD,LONG,2026-06-16,0.8152300119400024,0.8025436469503126,0.8279163769296923,1264,False,False,2026-06-24,0.8025436469503126,LOSS,6.0,forex
NZDCAD,LONG,2026-07-29,0.8153799772262573,0.8041262031331096,0.8266337513194051,1295,False,False,2026-08-03,0.8266337513194051,WIN,3.0,forex
NZDCHF,SHORT,2022-07-22,0.6026999950408936,0.6149866796134028,0.5904133104683843,252,False,True,2022-08-29,0.5904133104683843,WIN,26.0,forex
NZDCHF,SHORT,2022-08-31,0.5970900058746338,0.6105182302652322,0.5836617814840354,280,False,False,2022-09-13,0.5836617814840354,WIN,9.0,forex
NZDCHF,LONG,2022-12-19,0.595329999923706,0.5814182204264172,0.6092417794209949,358,False,True,2022-12-21,0.5814182204264172,LOSS,2.0,forex
NZDCHF,LONG,2023-01-12,0.5926600098609924,0.5790217666236606,0.6062982530983243,376,False,False,2023-02-15,0.5790217666236606,LOSS,24.0,forex
NZDCHF,SHORT,2023-05-02,0.5521900057792664,0.5638806020036005,0.5404994095549323,454,False,True,2023-05-08,0.5638806020036005,LOSS,4.0,forex
NZDCHF,SHORT,2023-06-28,0.5497999787330627,0.5602646933592917,0.5393352641068337,495,False,False,2023-07-18,0.5393352641068337,WIN,14.0,forex
NZDCHF,SHORT,2023-09-04,0.5259900093078613,0.5348569334208104,0.5171230851949122,543,False,True,2023-09-20,0.5348569334208104,LOSS,12.0,forex
NZDCHF,LONG,2023-11-21,0.5340399742126465,0.52352033371561,0.544559614709683,599,False,False,2023-12-25,0.544559614709683,WIN,24.0,forex
NZDCHF,LONG,2023-12-26,0.5395200252532959,0.5291511983897652,0.5498888521168266,624,False,False,2023-12-28,0.5291511983897652,LOSS,2.0,forex
NZDCHF,LONG,2024-03-05,0.5395699739456177,0.5308878232435512,0.5482521246476841,674,False,False,2024-04-10,0.5482521246476841,WIN,26.0,forex
NZDCHF,LONG,2024-04-15,0.5432000160217285,0.5338921879200964,0.5525078441233606,703,False,False,2024-04-19,0.5338921879200964,LOSS,4.0,forex
NZDCHF,LONG,2024-04-30,0.543749988079071,0.5352804299126532,0.5522195462454889,714,False,False,2024-05-16,0.5522195462454889,WIN,12.0,forex
NZDCHF,LONG,2024-06-03,0.5540900230407715,0.5455923123417609,0.5625877337397821,738,False,False,2024-06-14,0.5455923123417609,LOSS,9.0,forex
NZDCHF,LONG,2024-07-09,0.5503399968147278,0.5430230589992621,0.5576569346301935,764,False,False,2024-07-16,0.5430230589992621,LOSS,5.0,forex
NZDCHF,SHORT,2024-08-13,0.5205000042915344,0.5350838552450236,0.5059161533380453,789,False,True,2024-09-24,0.5350838552450236,LOSS,30.0,forex
NZDCHF,SHORT,2024-10-18,0.5247899889945984,0.5341527829277458,0.515427195061451,837,False,False,2024-10-31,0.515427195061451,WIN,9.0,forex
NZDCHF,SHORT,2024-11-07,0.5199400186538696,0.5293426217283674,0.5105374155793718,851,False,True,2024-12-09,0.5105374155793718,WIN,22.0,forex
NZDCHF,SHORT,2025-01-03,0.5098000168800354,0.5196229346633325,0.49997709909673826,891,False,True,2025-03-04,0.49997709909673826,WIN,42.0,forex
NZDCHF,SHORT,2025-04-22,0.48532000184059143,0.5034402142294913,0.4671997894516916,966,False,False,2025-09-18,0.4671997894516916,WIN,107.0,forex
NZDCHF,LONG,2026-01-15,0.45925000309944153,0.45113786956411517,0.4673621366347679,1156,False,False,2026-01-23,0.4673621366347679,WIN,6.0,forex
NZDCHF,LONG,2026-01-27,0.463919997215271,0.4553532089928406,0.4724867854377014,1164,False,False,2026-03-02,0.4553532089928406,LOSS,24.0,forex
NZDCHF,LONG,2026-04-13,0.45982998609542847,0.4523817660117052,0.4672782061791517,1218,False,False,2026-05-29,0.4672782061791517,WIN,34.0,forex
NZDCHF,LONG,2026-06-12,0.4636000096797943,0.4567457932242784,0.47045422613531024,1262,False,False,2026-06-25,0.4567457932242784,LOSS,9.0,forex
CADCHF,LONG,2024-05-29,0.6684600114822388,0.6611235682271689,0.6757964547373086,735,False,False,2024-05-30,0.6611235682271689,LOSS,1.0,forex
CADCHF,LONG,2025-12-03,0.5746300220489502,0.5661781394823724,0.583081904615528,1127,False,False,2025-12-08,0.583081904615528,WIN,3.0,forex
CADCHF,LONG,2025-12-12,0.5768499970436096,0.5672371005153841,0.5864628935718351,1134,False,False,2026-01-26,0.5672371005153841,LOSS,29.0,forex
CADCHF,LONG,2026-03-23,0.5745900273323059,0.5662150642715312,0.5829649903930806,1203,False,True,2026-04-14,0.5662150642715312,LOSS,16.0,forex
CADCHF,LONG,2026-05-01,0.5755199790000916,0.5682945446297947,0.5827454133703884,1232,False,False,2026-05-08,0.5682945446297947,LOSS,5.0,forex
CADCHF,LONG,2026-06-11,0.5734999775886536,0.5669240790782343,0.5800758760990729,1261,False,False,2026-06-15,0.5669240790782343,LOSS,2.0,forex
CADCHF,LONG,2026-06-25,0.5707499980926514,0.5644585827661636,0.5770414134191392,1271,False,False,2026-07-14,0.5770414134191392,WIN,13.0,forex
USDSEK,SHORT,2023-03-27,10.40060043334961,10.717187776603007,10.084013090096212,428,False,False,2023-05-24,10.717187776603007,LOSS,42.0,forex
USDSEK,LONG,2024-12-02,10.927069664001465,10.663622580697716,11.190516747305214,868,False,True,2024-12-25,10.663622580697716,LOSS,17.0,forex
USDSEK,LONG,2025-11-20,9.537260055541992,9.379801029870075,9.69471908121391,1118,False,False,2025-11-28,9.379801029870075,LOSS,6.0,forex
USDSEK,SHORT,2026-02-09,8.9993896484375,9.209173580120087,8.789605716754913,1173,False,True,2026-03-03,9.209173580120087,LOSS,16.0,forex
USDSEK,LONG,2026-04-30,9.304550170898438,9.094575176031835,9.51452516576504,1231,False,False,2026-06-11,9.51452516576504,WIN,30.0,forex
USDSEK,LONG,2026-06-15,9.384420394897461,9.197814666807842,9.57102612298708,1263,False,False,2026-06-18,9.57102612298708,WIN,3.0,forex
USDSEK,LONG,2026-07-15,9.655759811401367,9.474909080352003,9.836610542450732,1285,False,True,,,OPEN,,forex
USDNOK,SHORT,2022-07-25,9.90999984741211,10.267916332246724,9.552083362577495,253,False,False,2022-08-10,9.552083362577495,WIN,12.0,forex
USDNOK,SHORT,2023-01-23,9.845450401306152,10.180807328303354,9.51009347430895,383,False,False,2023-02-03,10.180807328303354,LOSS,9.0,forex
USDNOK,LONG,2025-11-28,10.16018009185791,9.978347529792973,10.342012653922847,1124,False,False,2025-12-24,9.978347529792973,LOSS,18.0,forex
USDNOK,LONG,2026-01-14,10.085229873657227,9.943836770089083,10.22662297722537,1155,False,False,2026-01-21,9.943836770089083,LOSS,5.0,forex
USDNOK,SHORT,2026-02-26,9.541720390319824,9.761482526227715,9.321958254411934,1186,False,False,2026-03-03,9.761482526227715,LOSS,3.0,forex
USDNOK,SHORT,2026-03-23,9.566550254821777,9.81089859200374,9.322201917639815,1203,False,False,2026-03-31,9.81089859200374,LOSS,6.0,forex
USDNOK,SHORT,2026-05-15,9.273550033569336,9.462632807693385,9.084467259445287,1242,False,True,2026-06-08,9.462632807693385,LOSS,16.0,forex
USDNOK,LONG,2026-07-09,9.759349822998047,9.573715415016798,9.944984230979296,1281,False,True,2026-07-23,9.573715415016798,LOSS,10.0,forex
EURSEK,LONG,2023-01-23,11.173800468444824,10.94810413484651,11.399496802043139,383,False,True,2023-01-31,11.399496802043139,WIN,6.0,forex
EURSEK,SHORT,2024-02-29,11.18082046508789,11.333400873610188,11.028240056565593,671,False,True,2024-03-18,11.333400873610188,LOSS,12.0,forex
EURSEK,LONG,2024-07-08,11.39050006866455,11.214385091726367,11.566615045602735,763,True,True,2024-07-16,11.566615045602735,WIN,6.0,forex
EURSEK,SHORT,2025-11-14,10.937239646911621,11.063382681530015,10.811096612293227,1114,False,False,2025-12-11,10.811096612293227,WIN,19.0,forex
EURSEK,SHORT,2025-12-16,10.908370018005371,11.030209547249996,10.786530488760746,1136,False,False,2025-12-24,10.786530488760746,WIN,6.0,forex
EURSEK,SHORT,2026-02-11,10.562800407409668,10.713907591946054,10.411693222873282,1175,False,True,2026-03-02,10.713907591946054,LOSS,13.0,forex
EURSEK,LONG,2026-05-06,10.826709747314453,10.67772239410545,10.975697100523456,1235,False,False,2026-05-15,10.975697100523456,WIN,7.0,forex
EURSEK,LONG,2026-06-09,10.88290023803711,10.748537560994157,11.017262915080062,1259,False,False,2026-06-23,11.017262915080062,WIN,10.0,forex
EURSEK,LONG,2026-07-14,11.059240341186523,10.937005169640532,11.181475512732515,1284,False,False,,,OPEN,,forex
EURNOK,LONG,2022-12-13,10.519700050354004,10.274114334277284,10.765285766430724,354,False,False,2023-01-05,10.765285766430724,WIN,17.0,forex
EURNOK,SHORT,2025-04-04,11.4068603515625,11.647984003501229,11.165736699623771,956,False,True,2025-04-07,11.647984003501229,LOSS,1.0,forex
EURNOK,SHORT,2025-11-14,11.655630111694336,11.82071474757066,11.490545475818012,1114,False,False,2025-11-21,11.82071474757066,LOSS,5.0,forex
EURNOK,SHORT,2026-05-27,10.775500297546387,10.936087673942858,10.614912921149916,1250,False,True,2026-06-09,10.936087673942858,LOSS,9.0,forex
EURNOK,LONG,2026-07-13,11.153380393981934,10.987790571549278,11.31897021641459,1283,False,True,2026-07-21,10.987790571549278,LOSS,6.0,forex
USDMXN,SHORT,2026-02-06,17.503599166870117,17.868264576432082,17.138933757308152,1172,False,True,2026-02-11,17.138933757308152,WIN,3.0,forex
USDMXN,SHORT,2026-02-24,17.259559631347656,17.58418187756971,16.934937385125604,1184,False,False,2026-03-03,17.58418187756971,LOSS,5.0,forex
USDMXN,LONG,2026-04-06,17.880399703979492,17.444944015258415,18.31585539270057,1213,False,True,2026-04-08,17.444944015258415,LOSS,2.0,forex
USDMXN,LONG,2026-06-02,17.352949142456055,17.09880930717801,17.6070889777341,1254,False,False,2026-06-24,17.6070889777341,WIN,16.0,forex
USDMXN,LONG,2026-07-14,17.518800735473633,17.260940667480163,17.776660803467102,1284,False,False,2026-08-04,17.260940667480163,LOSS,15.0,forex
USDZAR,SHORT,2023-08-29,18.55430030822754,19.22187442154079,17.88672619491429,539,False,False,2023-09-05,19.22187442154079,LOSS,5.0,forex
USDZAR,SHORT,2025-11-18,17.171049118041992,17.52115568483226,16.820942551251726,1116,False,False,2025-12-12,16.820942551251726,WIN,18.0,forex
USDZAR,SHORT,2026-02-02,16.137269973754883,16.558243976306258,15.716295971203508,1168,False,True,2026-03-03,16.558243976306258,LOSS,21.0,forex
USDZAR,LONG,2026-04-06,16.969289779663086,16.367719369440973,17.5708601898852,1213,False,True,2026-04-08,16.367719369440973,LOSS,2.0,forex
USDZAR,LONG,2026-05-19,16.572799682617188,16.073624143189825,17.07197522204455,1244,False,False,,,OPEN,,forex
USDPLN,SHORT,2024-01-02,3.9368999004364014,4.02396555885178,3.8498342420210223,629,False,True,2024-01-16,4.02396555885178,LOSS,10.0,forex
USDPLN,LONG,2025-11-10,3.6708199977874756,3.611849204968069,3.729790790606882,1110,False,False,2025-12-11,3.611849204968069,LOSS,23.0,forex
USDPLN,LONG,2026-01-09,3.6120500564575195,3.5705963849071534,3.6535037280078857,1152,False,False,2026-01-22,3.5705963849071534,LOSS,9.0,forex
USDPLN,LONG,2026-03-25,3.6739299297332764,3.5839241443754997,3.763935715091053,1205,False,True,2026-04-15,3.5839241443754997,LOSS,15.0,forex
USDPLN,LONG,2026-05-27,3.638050079345703,3.5837791789183155,3.6923209797730907,1250,False,False,2026-06-08,3.6923209797730907,WIN,8.0,forex
USDPLN,LONG,2026-06-15,3.654550075531006,3.6007661391834285,3.7083340118785832,1263,False,False,2026-06-18,3.7083340118785832,WIN,3.0,forex
USDHUF,LONG,2025-12-22,329.8139953613281,324.21472436455605,335.4132663581002,1140,True,False,2026-01-26,324.21472436455605,LOSS,23.0,forex
USDHUF,LONG,2026-03-24,333.5539855957031,319.5230098810349,347.58496131037134,1204,False,True,2026-04-08,319.5230098810349,LOSS,11.0,forex
USDHUF,SHORT,2026-05-19,308.7909851074219,318.39008527358317,299.1918849412606,1244,False,True,2026-07-17,318.39008527358317,LOSS,43.0,forex
USDHUF,LONG,2026-08-03,314.8389892578125,307.16328444631813,322.51469406930687,1298,False,True,,,OPEN,,forex
USDILS,SHORT,2025-08-25,3.367419958114624,3.434207495570375,3.300632420658873,1055,False,False,2025-09-30,3.300632420658873,WIN,26.0,forex
USDILS,LONG,2025-11-25,3.262939929962158,3.193231757692823,3.3326481022314933,1121,False,False,2025-12-12,3.193231757692823,LOSS,13.0,forex
USDILS,SHORT,2026-01-21,3.16198992729187,3.2133610689458134,3.110618785637927,1160,False,True,2026-01-27,3.110618785637927,WIN,4.0,forex
USDILS,SHORT,2026-02-06,3.1189799308776855,3.1736627121785457,3.0642971495768254,1172,False,True,2026-02-12,3.0642971495768254,WIN,4.0,forex
USDILS,SHORT,2026-02-17,3.093640089035034,3.149119144230773,3.0381610338392955,1179,False,True,2026-02-27,3.149119144230773,LOSS,8.0,forex
USDILS,SHORT,2026-03-06,3.0785300731658936,3.153201138225851,3.003859008105936,1192,False,False,2026-03-27,3.153201138225851,LOSS,15.0,forex
USDILS,LONG,2026-04-08,3.1417999267578125,3.067901987773379,3.215697865742246,1215,False,False,2026-04-09,3.067901987773379,LOSS,1.0,forex
SGDJPY,SHORT,2023-01-23,97.82599639892578,100.89735524815652,94.75463754969505,383,False,True,2023-02-21,100.89735524815652,LOSS,21.0,forex
SGDJPY,LONG,2025-11-10,118.07099914550781,116.39218344152842,119.74981484948721,1110,False,False,2025-11-19,119.74981484948721,WIN,7.0,forex
SGDJPY,LONG,2025-12-04,119.88099670410156,118.3038981603594,121.45809524784373,1128,False,False,2025-12-19,121.45809524784373,WIN,11.0,forex
SGDJPY,SHORT,2026-04-02,123.66799926757812,124.98772765113124,122.34827088402501,1211,False,False,2026-04-10,124.98772765113124,LOSS,6.0,forex
SGDJPY,SHORT,2026-05-15,124.01899719238281,125.47829220736907,122.55970217739656,1242,False,True,2026-06-30,125.47829220736907,LOSS,32.0,forex
HKDJPY,SHORT,2022-08-08,17.202999114990234,17.70236455194383,16.70363367803664,263,False,False,2022-08-29,17.70236455194383,LOSS,15.0,forex
HKDJPY,LONG,2022-10-26,18.85099983215332,18.418229463649208,19.283770200657433,320,False,True,2022-11-10,18.418229463649208,LOSS,11.0,forex
HKDJPY,SHORT,2022-12-16,17.71095085144043,18.278967676773156,17.142934026107703,357,False,True,2022-12-20,17.142934026107703,WIN,2.0,forex
HKDJPY,SHORT,2023-04-04,16.857999801635742,17.287978823382744,16.42802077988874,434,False,False,2023-04-28,17.287978823382744,LOSS,18.0,forex
HKDJPY,LONG,2023-05-08,17.22825050354004,16.808470202187905,17.648030804892173,458,False,False,2023-05-18,17.648030804892173,WIN,8.0,forex
HKDJPY,LONG,2023-10-11,19.006000518798828,18.75998862544782,19.252012412149835,570,False,False,2023-10-26,19.252012412149835,WIN,11.0,forex
HKDJPY,LONG,2023-10-30,19.141590118408203,18.942528181479208,19.3406520553372,583,False,False,2023-10-31,19.3406520553372,WIN,1.0,forex
HKDJPY,LONG,2023-11-07,19.17650032043457,18.9040726357635,19.44892800510564,589,False,False,2023-11-13,19.44892800510564,WIN,4.0,forex
HKDJPY,LONG,2023-11-17,19.314210891723633,19.03176386170809,19.596657921739176,597,False,False,2023-11-20,19.03176386170809,LOSS,1.0,forex
HKDJPY,SHORT,2024-03-15,18.95709991455078,19.265539477382102,18.64866035171946,682,False,False,2024-03-19,19.265539477382102,LOSS,2.0,forex
HKDJPY,LONG,2024-05-07,19.72715950012207,19.323314990769145,20.131004009474996,719,False,True,2024-05-29,20.131004009474996,WIN,16.0,forex
HKDJPY,LONG,2024-06-13,20.080429077148438,19.759896632538542,20.400961521758333,746,False,False,2024-06-21,20.400961521758333,WIN,6.0,forex
HKDJPY,SHORT,2024-09-03,18.817930221557617,19.3417315802733,18.294128862841934,804,False,True,2024-09-06,18.294128862841934,WIN,3.0,forex
HKDJPY,SHORT,2025-03-18,19.225339889526367,19.629080930110167,18.821598848942568,943,False,False,2025-04-03,18.821598848942568,WIN,12.0,forex
HKDJPY,SHORT,2025-05-06,18.53424072265625,19.048008047607745,18.020473397704755,976,False,False,2025-05-12,19.048008047607745,LOSS,4.0,forex
HKDJPY,SHORT,2025-05-30,18.335079193115234,18.845208332787507,17.82495005344296,994,False,False,2025-06-23,18.845208332787507,LOSS,16.0,forex
HKDJPY,LONG,2025-08-13,18.825950622558594,18.4472504639867,19.20465078113049,1047,False,False,2025-09-25,19.20465078113049,WIN,31.0,forex
HKDJPY,LONG,2025-10-06,19.225719451904297,18.861401985765756,19.590036918042838,1085,False,False,2025-10-08,19.590036918042838,WIN,2.0,forex
HKDJPY,LONG,2025-12-01,20.028329849243164,19.72150644466787,20.335153253818458,1125,False,True,2026-01-13,20.335153253818458,WIN,29.0,forex
HKDJPY,LONG,2026-01-23,20.327280044555664,20.054098336547657,20.60046175256367,1162,False,False,2026-01-26,20.054098336547657,LOSS,1.0,forex
HKDJPY,LONG,2026-02-09,20.125829696655273,19.7588370747995,20.492822318511045,1173,False,False,2026-02-10,19.7588370747995,LOSS,1.0,forex
HKDJPY,SHORT,2026-02-23,19.75181007385254,20.14490270451468,19.358717443190397,1183,False,False,2026-03-02,20.14490270451468,LOSS,5.0,forex
ZARJPY,SHORT,2022-07-05,8.291399955749512,8.657115580740502,7.925684330758521,239,False,False,2022-08-02,7.925684330758521,WIN,20.0,forex
ZARJPY,SHORT,2022-08-08,8.028499603271484,8.29342665125329,7.763572555289679,263,False,True,2022-09-07,8.29342665125329,LOSS,22.0,forex
ZARJPY,SHORT,2022-09-21,8.093199729919434,8.31743816573662,7.868961294102247,295,False,False,2022-12-01,7.868961294102247,WIN,51.0,forex
ZARJPY,SHORT,2022-12-08,7.926199913024902,8.247754362560405,7.604645463489399,351,False,False,2022-12-20,7.604645463489399,WIN,8.0,forex
ZARJPY,SHORT,2023-01-02,7.6620001792907715,7.992953667911509,7.331046690670034,368,False,False,2023-02-10,7.331046690670034,WIN,29.0,forex
ZARJPY,SHORT,2023-02-28,7.388400077819824,7.572701428582556,7.204098727057093,409,False,False,2023-03-15,7.204098727057093,WIN,11.0,forex
ZARJPY,SHORT,2023-04-11,7.207099914550781,7.464344488830947,6.949855340270616,439,False,False,2023-05-01,7.464344488830947,LOSS,14.0,forex
ZARJPY,SHORT,2023-05-10,7.247600078582764,7.497664842385033,6.997535314780494,460,False,False,2023-05-11,6.997535314780494,WIN,1.0,forex
ZARJPY,LONG,2023-09-18,7.788899898529053,7.577604524390149,8.000195272667955,553,False,False,2023-10-31,8.000195272667955,WIN,31.0,forex
ZARJPY,SHORT,2024-01-02,7.6697998046875,7.929045065301087,7.410554544073913,629,False,True,2024-02-13,7.929045065301087,LOSS,30.0,forex
ZARJPY,SHORT,2024-02-29,7.8109002113342285,7.9984098127515475,7.6233906099169095,671,False,False,2024-03-20,7.9984098127515475,LOSS,14.0,forex
ZARJPY,LONG,2024-07-03,8.6766996383667,8.380995598117238,8.97240367861616,760,False,True,2024-07-24,8.380995598117238,LOSS,15.0,forex
ZARJPY,SHORT,2024-09-04,8.08430004119873,8.3723018475297,7.796298234867761,805,False,False,2024-09-24,8.3723018475297,LOSS,14.0,forex
ZARJPY,SHORT,2024-11-22,8.505800247192383,8.749208732222833,8.262391762161933,862,False,False,2024-12-02,8.262391762161933,WIN,6.0,forex
ZARJPY,LONG,2024-12-18,8.482399940490723,8.223052149498649,8.741747731482796,880,False,False,2025-01-13,8.223052149498649,LOSS,17.0,forex
ZARJPY,SHORT,2025-02-12,8.246700286865234,8.469184360328855,8.024216213401614,919,False,False,2025-03-03,8.024216213401614,WIN,13.0,forex
ZARJPY,SHORT,2025-03-14,8.086000442504883,8.306914878820802,7.865086006188964,941,False,False,2025-03-18,8.306914878820802,LOSS,2.0,forex
ZARJPY,SHORT,2025-05-01,7.678400039672852,7.951236157423322,7.405563921922381,973,False,False,2025-05-08,7.951236157423322,LOSS,5.0,forex
ZARJPY,LONG,2025-06-23,8.086400032043457,7.867566461492384,8.30523360259453,1010,False,False,2025-07-15,8.30523360259453,WIN,16.0,forex
ZARJPY,LONG,2025-07-30,8.297599792480469,8.132604204821918,8.46259538013902,1037,False,False,2025-09-12,8.46259538013902,WIN,32.0,forex
ZARJPY,LONG,2026-01-27,9.624600410461426,9.386954752431986,9.862246068490865,1164,False,True,2026-02-25,9.862246068490865,WIN,21.0,forex
ZARJPY,SHORT,2026-04-02,9.422300338745117,9.710299058079775,9.13430161941046,1211,False,True,2026-04-09,9.710299058079775,LOSS,5.0,forex
ZARJPY,SHORT,2026-04-30,9.524499893188477,9.759548993548126,9.289450792828827,1231,False,False,2026-05-27,9.759548993548126,LOSS,19.0,forex
ZARJPY,SHORT,2026-07-24,9.741250991821289,9.965275651475249,9.51722633216733,1292,False,False,2026-08-03,9.51722633216733,WIN,6.0,forex
MXNJPY,SHORT,2022-07-08,6.630003929138184,6.867588602116696,6.3924192561596715,242,False,False,2022-08-02,6.3924192561596715,WIN,17.0,forex
MXNJPY,SHORT,2023-01-23,6.842574119567871,7.09204782494872,6.593100414187022,383,False,False,2023-02-13,7.09204782494872,LOSS,15.0,forex
MXNJPY,SHORT,2023-03-28,7.152480125427246,7.4805313990375275,6.824428851816965,429,False,True,2023-04-28,7.4805313990375275,LOSS,23.0,forex
MXNJPY,LONG,2023-05-05,7.49429988861084,7.23200283352898,7.7565969436927,457,False,False,2023-05-15,7.7565969436927,WIN,6.0,forex
MXNJPY,LONG,2023-07-07,8.351099967956543,8.139918903365023,8.562281032548062,502,False,True,2023-08-21,8.562281032548062,WIN,31.0,forex
MXNJPY,SHORT,2023-12-21,8.373499870300293,8.651380037026424,8.095619703574162,621,False,False,2024-01-19,8.651380037026424,LOSS,21.0,forex
MXNJPY,LONG,2024-05-02,9.188199996948242,8.915707470110872,9.460692523785612,716,False,True,2024-06-03,8.915707470110872,LOSS,22.0,forex
MXNJPY,SHORT,2024-09-20,7.390869140625,7.719211834762855,7.062526446487145,817,False,True,2024-10-04,7.719211834762855,LOSS,10.0,forex
MXNJPY,LONG,2025-01-10,7.703420162200928,7.471550619756476,7.935289704645379,896,False,False,2025-01-16,7.471550619756476,LOSS,4.0,forex
MXNJPY,LONG,2025-03-20,7.40880012512207,7.178647156227123,7.638953094017018,945,False,False,2025-04-04,7.178647156227123,LOSS,11.0,forex
MXNJPY,LONG,2025-05-08,7.336413860321045,7.074641860412765,7.598185860229325,978,False,False,2025-05-13,7.598185860229325,WIN,3.0,forex
MXNJPY,LONG,2025-05-22,7.4197998046875,7.185553665702184,7.654045943672816,988,False,False,2025-06-11,7.654045943672816,WIN,14.0,forex
MXNJPY,LONG,2025-08-06,7.873866081237793,7.685338205949193,8.062393956526392,1042,False,True,2025-09-18,8.062393956526392,WIN,31.0,forex
MXNJPY,LONG,2025-10-17,8.143199920654297,7.958576905428005,8.327822935880588,1094,False,False,2025-10-27,8.327822935880588,WIN,6.0,forex
MXNJPY,LONG,2025-11-06,8.285200119018555,8.10031934748248,8.470080890554629,1108,False,False,2025-11-12,8.470080890554629,WIN,4.0,forex
MXNJPY,LONG,2025-12-04,8.479299545288086,8.323146149685734,8.635452940890438,1128,False,False,2025-12-12,8.635452940890438,WIN,6.0,forex
MXNJPY,LONG,2026-01-28,8.881620407104492,8.690511488314861,9.072729325894123,1165,False,True,2026-02-04,9.072729325894123,WIN,5.0,forex
MXNJPY,LONG,2026-02-23,9.023799896240234,8.803894369328683,9.243705423151786,1183,False,False,2026-03-09,8.803894369328683,LOSS,10.0,forex
MXNJPY,SHORT,2026-03-16,8.917200088500977,9.151690293349128,8.682709883652825,1198,False,False,2026-04-09,9.151690293349128,LOSS,18.0,forex
MXNJPY,SHORT,2026-05-07,9.068120002746582,9.257066694946976,8.879173310546188,1236,False,False,2026-06-02,9.257066694946976,LOSS,18.0,forex
TRYJPY,SHORT,2022-07-14,7.859000205993652,8.119870886870382,7.5981295251169225,246,False,False,2022-07-28,7.5981295251169225,WIN,10.0,forex
TRYJPY,LONG,2022-09-27,7.816999912261963,7.592176635936367,8.041823188587559,299,False,False,2022-10-19,8.041823188587559,WIN,16.0,forex
TRYJPY,LONG,2022-10-24,7.932000160217285,7.725406943395358,8.138593377039212,318,False,False,2022-11-10,7.725406943395358,LOSS,13.0,forex
TRYJPY,LONG,2023-05-03,7.001999855041504,6.791849634121403,7.212150075961604,455,False,False,2023-05-12,6.791849634121403,LOSS,7.0,forex
TRYJPY,LONG,2023-05-22,6.945000171661377,6.689343720079518,7.200656623243236,468,False,True,2023-05-25,6.689343720079518,LOSS,3.0,forex
TRYJPY,LONG,2023-05-29,7.0269999504089355,6.668863332375498,7.385136568442373,473,False,True,2023-05-31,6.668863332375498,LOSS,2.0,forex
TRYJPY,LONG,2024-04-10,4.704999923706055,4.577010750207468,4.832989097204641,700,False,True,2024-04-12,4.577010750207468,LOSS,2.0,forex
TRYJPY,LONG,2024-04-15,4.729000091552734,4.584188780293789,4.87381140281168,703,False,True,2024-04-19,4.584188780293789,LOSS,4.0,forex
TRYJPY,LONG,2024-04-22,4.736999988555908,4.5865284736517795,4.887471503460037,708,False,True,2024-04-29,4.887471503460037,WIN,5.0,forex
TRYJPY,LONG,2024-05-20,4.813000202178955,4.6711802023317714,4.954820202026139,728,False,True,2024-07-02,4.954820202026139,WIN,31.0,forex
TRYJPY,SHORT,2024-09-30,4.173999786376953,4.315148724997076,4.03285084775683,823,False,True,2024-10-04,4.315148724997076,LOSS,4.0,forex
TRYJPY,LONG,2025-01-02,4.454999923706055,4.349788654170887,4.560211193241223,890,False,False,2025-01-21,4.349788654170887,LOSS,13.0,forex
TRYJPY,SHORT,2025-05-08,3.7179999351501465,3.8371554502981717,3.5988444200021212,978,False,True,2025-06-13,3.5988444200021212,WIN,26.0,forex
TRYJPY,SHORT,2025-06-18,3.674999952316284,3.771547630292288,3.5784522743402802,1007,False,False,2025-08-22,3.5784522743402802,WIN,47.0,forex
TRYJPY,LONG,2025-10-29,3.615999937057495,3.551854831898742,3.6801450422162483,1102,False,False,2025-11-19,3.6801450422162483,WIN,15.0,forex
TRYJPY,LONG,2025-12-01,3.6659998893737793,3.6093975576058597,3.722602221141699,1125,False,False,2026-01-26,3.6093975576058597,LOSS,38.0,forex
TRYJPY,SHORT,2026-04-14,3.556999921798706,3.6031705079932745,3.5108293356041376,1219,False,False,2026-04-30,3.5108293356041376,WIN,12.0,forex
TRYJPY,SHORT,2026-06-03,3.477536916732788,3.5167367154281495,3.4383371180374267,1255,False,True,2026-07-02,3.4383371180374267,WIN,21.0,forex
TRYJPY,SHORT,2026-07-07,3.4575889110565186,3.499084171600906,3.4160936505121313,1279,False,True,2026-07-30,3.4160936505121313,WIN,17.0,forex
PLNJPY,SHORT,2022-07-19,29.211999893188477,30.430352729103383,27.99364705727357,249,False,True,2022-09-07,30.430352729103383,LOSS,36.0,forex
PLNJPY,SHORT,2022-10-04,29.422000885009766,30.41325652936088,28.430745240658652,304,False,False,2022-10-17,30.41325652936088,LOSS,9.0,forex
PLNJPY,LONG,2022-11-11,30.802000045776367,29.872127155637383,31.73187293591535,332,False,True,2022-12-20,29.872127155637383,LOSS,27.0,forex
PLNJPY,SHORT,2023-01-23,29.839000701904297,30.853563826607868,28.824437577200726,383,False,False,2023-02-28,30.853563826607868,LOSS,26.0,forex
PLNJPY,SHORT,2023-03-28,30.239999771118164,31.215528624639365,29.264470917596963,429,False,False,2023-04-11,31.215528624639365,LOSS,10.0,forex
PLNJPY,LONG,2023-06-01,32.85599899291992,32.10936939975165,33.602628586088194,476,False,False,2023-06-09,33.602628586088194,WIN,6.0,forex
PLNJPY,LONG,2023-07-10,35.01100158691406,34.21119664112415,35.81080653270398,503,False,True,2023-08-11,35.81080653270398,WIN,24.0,forex
PLNJPY,LONG,2023-08-18,35.4370002746582,34.57824176832285,36.29575878099356,532,False,False,2023-09-06,34.57824176832285,LOSS,13.0,forex
PLNJPY,SHORT,2023-09-25,34.323001861572266,35.18793420700077,33.45806951614376,558,False,False,2023-10-16,35.18793420700077,LOSS,15.0,forex
PLNJPY,SHORT,2023-12-21,36.124000549316406,37.103827347990354,35.14417375064246,621,True,True,2024-01-02,35.14417375064246,WIN,8.0,forex
PLNJPY,LONG,2024-06-04,39.82500076293945,38.92441664357526,40.72558488230364,739,False,False,2024-06-10,38.92441664357526,LOSS,4.0,forex
PLNJPY,LONG,2024-07-17,40.301998138427734,39.36193089635963,41.24206538049584,770,False,False,2024-07-24,39.36193089635963,LOSS,5.0,forex
PLNJPY,SHORT,2024-08-15,37.77299880981445,39.05267787852414,36.49331974110476,791,False,True,2024-09-11,36.49331974110476,WIN,19.0,forex
PLNJPY,SHORT,2024-11-13,37.689998626708984,38.48016243756393,36.899834815854035,855,False,False,2024-11-22,36.899834815854035,WIN,7.0,forex
PLNJPY,LONG,2025-01-09,38.15399932861328,37.12079679000869,39.18720186721787,895,False,False,2025-02-07,37.12079679000869,LOSS,21.0,forex
PLNJPY,LONG,2025-02-19,38.244998931884766,37.207621989447254,39.28237587432228,924,False,False,2025-02-28,37.207621989447254,LOSS,7.0,forex
PLNJPY,LONG,2025-03-10,38.369998931884766,37.21728509569979,39.52271276806974,937,False,False,2025-04-07,37.21728509569979,LOSS,20.0,forex
PLNJPY,LONG,2025-05-21,38.41699981689453,37.49410798050733,39.33989165328173,987,False,False,2025-06-20,39.33989165328173,WIN,22.0,forex
PLNJPY,LONG,2025-07-29,40.35900115966797,39.59241640975897,41.12558590957697,1036,False,True,2025-10-06,41.12558590957697,WIN,49.0,forex
PLNJPY,LONG,2025-11-06,41.61000061035156,40.932439356858325,42.2875618638448,1108,False,False,2025-11-12,42.2875618638448,WIN,4.0,forex
PLNJPY,LONG,2026-01-16,43.69599914550781,43.04989199548988,44.342106295525745,1157,False,False,2026-01-23,44.342106295525745,WIN,5.0,forex
PLNJPY,LONG,2026-02-06,43.685001373291016,42.906955955194945,44.463046791387086,1172,False,False,2026-02-12,42.906955955194945,LOSS,4.0,forex
PLNJPY,SHORT,2026-03-13,42.91299819946289,43.87050843155411,41.955487967371674,1197,False,False,2026-04-10,43.87050843155411,LOSS,20.0,forex
PLNJPY,SHORT,2026-05-11,43.53300094604492,44.287824360492735,42.77817753159711,1238,False,True,2026-06-24,42.77817753159711,WIN,32.0,forex
PLNJPY,SHORT,2026-07-07,43.2239990234375,43.80651334179161,42.64148470508339,1279,False,True,2026-07-10,42.64148470508339,WIN,3.0,forex
PLNJPY,SHORT,2026-07-23,42.97800064086914,43.54078671566834,42.41521456606994,1291,False,True,2026-07-30,42.41521456606994,WIN,5.0,forex
BTCUSD,SHORT,2022-07-10,20860.44921875,23123.7223324076,18597.1761050924,340,False,True,2022-07-19,23123.7223324076,LOSS,9.0,crypto
BTCUSD,LONG,2022-10-25,20095.857421875,19022.94073699681,21168.77410675319,447,True,False,2022-11-04,21168.77410675319,WIN,10.0,crypto
BTCUSD,LONG,2022-12-04,17130.486328125,16150.727868157452,18110.244788092547,487,False,True,2022-12-14,18110.244788092547,WIN,10.0,crypto
BTCUSD,LONG,2023-01-06,16951.96875,16443.3234170825,17460.6140829175,520,False,False,2023-01-10,17460.6140829175,WIN,4.0,crypto
BTCUSD,LONG,2023-02-26,23561.212890625,21994.483066938064,25127.942714311936,571,False,True,2023-03-08,21994.483066938064,LOSS,10.0,crypto
BTCUSD,LONG,2023-05-03,29006.30859375,26927.723184431215,31084.894003068785,637,False,False,2023-05-10,26927.723184431215,LOSS,7.0,crypto
BTCUSD,SHORT,2023-07-20,29792.015625,31278.81599718678,28305.21525281322,715,True,True,2023-08-17,28305.21525281322,WIN,28.0,crypto
BTCUSD,LONG,2023-12-12,41450.22265625,38755.049526343,44145.395786157,860,False,True,2023-12-20,44145.395786157,WIN,8.0,crypto
BTCUSD,LONG,2023-12-27,43442.85546875,40682.89030218881,46202.82063531119,875,False,False,2024-01-08,46202.82063531119,WIN,12.0,crypto
BTCUSD,LONG,2024-02-01,43075.7734375,40064.24965672072,46087.29721827928,911,False,False,2024-02-09,46087.29721827928,WIN,8.0,crypto
BTCUSD,LONG,2024-03-20,67913.671875,59954.00003494955,75873.34371505045,959,False,True,2024-04-17,59954.00003494955,LOSS,28.0,crypto
BTCUSD,LONG,2024-06-01,67706.9375,63160.737946768335,72253.13705323167,1032,False,False,2024-06-24,63160.737946768335,LOSS,23.0,crypto
BTCUSD,SHORT,2024-07-02,62029.015625,65664.5976784189,58393.4335715811,1063,False,True,2024-07-04,58393.4335715811,WIN,2.0,crypto
BTCUSD,SHORT,2024-08-02,61415.06640625,66485.80314806942,56344.32966443058,1094,True,False,2024-08-05,56344.32966443058,WIN,3.0,crypto
BTCUSD,SHORT,2024-08-09,60880.11328125,67555.43534885248,54204.79121364752,1101,True,True,2024-09-06,54204.79121364752,WIN,28.0,crypto
BTCUSD,SHORT,2024-09-11,57343.171875,62246.657686918414,52439.686063081586,1134,False,False,2024-09-19,62246.657686918414,LOSS,8.0,crypto
BTCUSD,SHORT,2024-10-09,60582.1015625,64463.14747506604,56701.05564993396,1162,False,False,2024-10-14,64463.14747506604,LOSS,5.0,crypto
BTCUSD,LONG,2025-01-29,103703.2109375,95412.29613014591,111994.12574485409,1274,True,False,2025-02-03,95412.29613014591,LOSS,5.0,crypto
BTCUSD,SHORT,2025-03-20,84167.1953125,92628.77488795546,75705.61573704454,1324,False,True,2025-04-07,75705.61573704454,WIN,18.0,crypto
BTCUSD,SHORT,2025-04-10,79626.140625,87920.58412130414,71331.69712869586,1345,False,False,2025-04-21,87920.58412130414,LOSS,11.0,crypto
BTCUSD,SHORT,2025-06-05,101575.953125,107222.68892765621,95929.21732234379,1401,False,False,2025-06-09,107222.68892765621,LOSS,4.0,crypto
BTCUSD,SHORT,2025-06-17,104601.1171875,110420.43361224707,98781.80076275293,1413,False,False,2025-06-22,98781.80076275293,WIN,5.0,crypto
BTCUSD,LONG,2025-07-02,108859.3203125,103488.88730394375,114229.75332105625,1428,False,False,2025-07-10,114229.75332105625,WIN,8.0,crypto
BTCUSD,LONG,2025-08-16,117491.3515625,111723.29007591782,123259.41304908218,1473,False,False,2025-08-22,111723.29007591782,LOSS,6.0,crypto
BTCUSD,LONG,2025-09-11,115507.5390625,110182.22936271885,120832.84876228115,1499,False,False,2025-09-25,110182.22936271885,LOSS,14.0,crypto
BTCUSD,SHORT,2025-10-21,108476.890625,116674.26539799663,100279.51585200337,1539,False,True,2025-11-04,100279.51585200337,WIN,14.0,crypto
BTCUSD,SHORT,2025-11-11,102997.46875,110692.99698465141,95301.94051534859,1560,False,True,2025-11-14,95301.94051534859,WIN,3.0,crypto
BTCUSD,SHORT,2025-12-04,92141.625,99670.19779056369,84613.05220943631,1583,False,True,2025-12-18,84613.05220943631,WIN,14.0,crypto
BTCUSD,SHORT,2025-12-22,88490.015625,95029.46608190058,81950.56516809942,1601,False,False,2026-01-13,95029.46608190058,LOSS,22.0,crypto
BTCUSD,SHORT,2026-02-26,67453.7734375,73829.21255966293,61078.334315337066,1667,False,True,2026-03-04,73829.21255966293,LOSS,6.0,crypto
BTCUSD,SHORT,2026-03-22,67845.2109375,73517.46570819328,62172.95616680672,1691,False,False,2026-04-11,73517.46570819328,LOSS,20.0,crypto
BTCUSD,LONG,2026-05-14,81051.25,76860.71987686491,85241.78012313509,1744,False,True,2026-05-17,76860.71987686491,LOSS,3.0,crypto
BTCUSD,LONG,2026-07-06,63995.015625,59590.28607029313,68399.74517970686,1797,False,True,,,OPEN,,crypto
ETHUSD,SHORT,2022-08-20,1577.0037841796875,1793.5021420554388,1360.5054263039362,381,False,True,2022-09-18,1360.5054263039362,WIN,29.0,crypto
ETHUSD,LONG,2022-12-04,1280.256591796875,1165.7828908853592,1394.7302927083908,487,False,True,2022-12-16,1165.7828908853592,LOSS,12.0,crypto
ETHUSD,LONG,2023-02-23,1651.0738525390625,1531.429477996498,1770.718227081627,568,False,False,2023-03-09,1531.429477996498,LOSS,14.0,crypto
ETHUSD,LONG,2023-03-28,1772.78564453125,1610.146816372302,1935.424472690198,601,False,True,2023-04-05,1935.424472690198,WIN,8.0,crypto
ETHUSD,LONG,2023-04-20,1943.09765625,1795.0808441898923,2091.1144683101074,624,False,True,2023-04-26,1795.0808441898923,LOSS,6.0,crypto
ETHUSD,LONG,2023-05-28,1910.9141845703125,1802.342117714391,2019.486251426234,662,True,False,2023-06-05,1802.342117714391,LOSS,8.0,crypto
ETHUSD,LONG,2023-06-06,1884.494873046875,1772.805322575418,1996.184423518332,671,False,False,2023-06-10,1772.805322575418,LOSS,4.0,crypto
ETHUSD,SHORT,2023-07-09,1863.009765625,1971.9222396650343,1754.0972915849657,704,False,False,2023-07-13,1971.9222396650343,LOSS,4.0,crypto
ETHUSD,SHORT,2023-07-22,1864.912353515625,1966.0186919643925,1763.8060150668575,717,False,False,2023-08-17,1763.8060150668575,WIN,26.0,crypto
ETHUSD,SHORT,2023-08-30,1705.1121826171875,1794.5566640844713,1615.6677011499037,756,False,True,2023-09-01,1615.6677011499037,WIN,2.0,crypto
ETHUSD,SHORT,2023-09-16,1635.2216796875,1715.659712714101,1554.783646660899,773,False,True,2023-10-01,1715.659712714101,LOSS,15.0,crypto
ETHUSD,SHORT,2023-10-07,1634.51123046875,1715.63855172254,1553.38390921496,794,False,False,2023-10-09,1553.38390921496,WIN,2.0,crypto
ETHUSD,SHORT,2023-10-17,1565.4395751953125,1646.150743781078,1484.728406609547,804,False,False,2023-10-22,1646.150743781078,LOSS,5.0,crypto
ETHUSD,LONG,2023-12-13,2260.648681640625,2085.8799403282337,2435.4174229530163,861,False,True,2023-12-28,2435.4174229530163,WIN,15.0,crypto
ETHUSD,LONG,2024-01-01,2352.327880859375,2174.634862657719,2530.020899061031,880,False,False,2024-01-03,2174.634862657719,LOSS,2.0,crypto
ETHUSD,LONG,2024-01-09,2344.8271484375,2144.4272862664216,2545.2270106085784,888,False,False,2024-01-10,2545.2270106085784,WIN,1.0,crypto
ETHUSD,LONG,2024-01-19,2489.49853515625,2263.313852462682,2715.683217849818,898,False,False,2024-01-23,2263.313852462682,LOSS,4.0,crypto
ETHUSD,LONG,2024-02-07,2423.7451171875,2261.153050598002,2586.337183776998,917,False,False,2024-02-12,2586.337183776998,WIN,5.0,crypto
ETHUSD,LONG,2024-03-17,3642.4130859375,3210.2382291703398,4074.5879427046602,956,False,True,2024-03-19,3210.2382291703398,LOSS,2.0,crypto
ETHUSD,LONG,2024-03-28,3561.2939453125,3124.7297468796232,3997.8581437453768,967,False,True,2024-04-12,3124.7297468796232,LOSS,15.0,crypto
ETHUSD,SHORT,2024-06-11,3498.33056640625,3767.292641300796,3229.368491511704,1042,False,True,2024-07-04,3229.368491511704,WIN,23.0,crypto
ETHUSD,SHORT,2024-07-30,3278.667724609375,3555.6319938182555,3001.7034554004945,1091,False,False,2024-08-02,3001.7034554004945,WIN,3.0,crypto
ETHUSD,SHORT,2024-08-26,2681.340576171875,2946.5794691776523,2416.1016831660977,1118,False,True,2024-08-27,2416.1016831660977,WIN,1.0,crypto
ETHUSD,SHORT,2024-09-14,2418.595703125,2654.528702220586,2182.662704029414,1137,False,True,2024-09-23,2654.528702220586,LOSS,9.0,crypto
ETHUSD,SHORT,2024-10-07,2421.796630859375,2630.7687014786916,2212.8245602400584,1160,False,False,2024-10-14,2630.7687014786916,LOSS,7.0,crypto
ETHUSD,SHORT,2024-10-25,2435.93408203125,2639.948025337,2231.9201387255,1178,False,False,2024-10-29,2639.948025337,LOSS,4.0,crypto
ETHUSD,SHORT,2025-03-26,2009.1893310546875,2252.4859432021517,1765.8927189072233,1330,False,True,2025-04-03,1765.8927189072233,WIN,8.0,crypto
ETHUSD,LONG,2025-07-02,2571.33544921875,2308.848238203822,2833.822660233678,1428,False,False,2025-07-10,2833.822660233678,WIN,8.0,crypto
ETHUSD,LONG,2025-08-20,4334.50048828125,3884.775400492789,4784.225576069712,1477,False,True,2025-08-22,4784.225576069712,WIN,2.0,crypto
ETHUSD,LONG,2025-08-26,4600.4267578125,4074.2323687417393,5126.621146883261,1483,False,True,2025-09-25,4074.2323687417393,LOSS,30.0,crypto
ETHUSD,SHORT,2025-12-05,3024.432861328125,3400.1344809765533,2648.7312416796967,1584,False,True,2025-12-10,3400.1344809765533,LOSS,5.0,crypto
ETHUSD,SHORT,2025-12-15,2964.18310546875,3321.084029612294,2607.282181325206,1594,False,True,2026-01-13,3321.084029612294,LOSS,29.0,crypto
ETHUSD,SHORT,2026-02-26,2026.7926025390625,2286.610793662258,1766.974411415867,1667,False,True,2026-03-16,2286.610793662258,LOSS,18.0,crypto
ETHUSD,SHORT,2026-03-27,1991.27197265625,2218.653071270931,1763.890874041569,1696,False,False,2026-04-07,2218.653071270931,LOSS,11.0,crypto
ETHUSD,SHORT,2026-05-15,2223.328857421875,2378.8378125383724,2067.8199023053776,1745,True,False,2026-05-22,2067.8199023053776,WIN,7.0,crypto
ETHUSD,LONG,2026-07-09,1744.484619140625,1594.8255164700172,1894.1437218112328,1800,False,False,2026-07-15,1894.1437218112328,WIN,6.0,crypto
ETHUSD,LONG,2026-07-28,1919.948486328125,1785.738588867738,2054.158383788512,1819,False,False,,,OPEN,,crypto
SOLUSD,SHORT,2022-06-22,34.12163543701172,43.45666599309169,24.786604880931748,322,False,True,2022-07-18,43.45666599309169,LOSS,26.0,crypto
SOLUSD,SHORT,2022-07-26,36.190853118896484,42.87150732117234,29.51019891662063,356,False,False,2022-07-28,42.87150732117234,LOSS,2.0,crypto
SOLUSD,LONG,2022-09-26,33.88055419921875,29.517931000886655,38.243177397550845,418,True,False,2022-10-13,29.517931000886655,LOSS,17.0,crypto
SOLUSD,LONG,2022-10-28,32.111263275146484,28.882467375888638,35.34005917440433,450,False,False,2022-11-05,35.34005917440433,WIN,8.0,crypto
SOLUSD,SHORT,2022-12-15,14.02151107788086,15.909658838972168,12.13336331678955,498,False,True,2022-12-17,12.13336331678955,WIN,2.0,crypto
SOLUSD,LONG,2023-02-07,23.861356735229492,20.639711480582594,27.08300198987639,552,False,True,2023-02-09,20.639711480582594,LOSS,2.0,crypto
SOLUSD,LONG,2023-02-17,23.166757583618164,19.887346861707652,26.446168305528676,562,False,False,2023-02-20,26.446168305528676,WIN,3.0,crypto
SOLUSD,LONG,2023-02-26,23.256088256835938,20.057140288065764,26.45503622560611,571,False,False,2023-03-07,20.057140288065764,LOSS,9.0,crypto
SOLUSD,LONG,2023-03-23,22.216777801513672,18.84473614540913,25.588819457618214,596,False,False,2023-04-17,25.588819457618214,WIN,25.0,crypto
SOLUSD,LONG,2023-05-30,21.25408363342285,19.581326283099365,22.926840983746338,664,False,False,2023-06-05,19.581326283099365,LOSS,6.0,crypto
SOLUSD,SHORT,2023-06-22,16.642620086669922,18.73571665151663,14.549523521823215,687,False,True,2023-06-30,18.73571665151663,LOSS,8.0,crypto
SOLUSD,LONG,2023-09-29,20.300655364990234,18.820721429668172,21.780589300312297,786,False,False,2023-10-01,21.780589300312297,WIN,2.0,crypto
SOLUSD,LONG,2023-10-13,21.834917068481445,19.845446791091828,23.824387345871063,800,False,False,2023-10-16,23.824387345871063,WIN,3.0,crypto
SOLUSD,LONG,2024-01-04,105.0775375366211,86.36342186016236,123.79165321307983,883,False,True,2024-01-08,86.36342186016236,LOSS,4.0,crypto
SOLUSD,LONG,2024-01-17,102.0635986328125,85.13694775682784,118.99024950879716,896,False,False,2024-01-22,85.13694775682784,LOSS,5.0,crypto
SOLUSD,LONG,2024-02-01,97.84669494628906,84.46526817377581,111.22812171880231,911,False,False,2024-02-12,111.22812171880231,WIN,11.0,crypto
SOLUSD,LONG,2024-04-03,185.2486114501953,157.92695207148586,212.57027082890477,973,False,False,2024-04-12,157.92695207148586,LOSS,9.0,crypto
SOLUSD,SHORT,2024-05-12,143.52081298828125,163.91211052361578,123.12951545294672,1012,False,False,2024-05-16,163.91211052361578,LOSS,4.0,crypto
SOLUSD,SHORT,2024-06-28,139.70339965820312,157.1077663008432,122.29903301556305,1059,False,True,2024-07-15,157.1077663008432,LOSS,17.0,crypto
SOLUSD,SHORT,2024-08-09,156.45721435546875,183.15778894559654,129.75663976534096,1101,True,True,2024-09-01,129.75663976534096,WIN,23.0,crypto
SOLUSD,SHORT,2024-09-11,132.4973907470703,149.00413639487346,115.99064509926717,1134,False,True,2024-09-20,149.00413639487346,LOSS,9.0,crypto
SOLUSD,SHORT,2024-10-07,143.99179077148438,159.21519136822545,128.7683901747433,1160,False,False,2024-10-19,159.21519136822545,LOSS,12.0,crypto
SOLUSD,SHORT,2024-11-04,157.74710083007812,174.0484905624961,141.44571109766014,1188,True,False,2024-11-06,174.0484905624961,LOSS,2.0,crypto
SOLUSD,LONG,2024-12-03,234.2003173828125,205.882158164541,262.518476601084,1217,False,True,2024-12-10,205.882158164541,LOSS,7.0,crypto
SOLUSD,LONG,2025-01-30,239.0231475830078,200.26657499975192,277.7797201662637,1275,False,True,2025-02-02,200.26657499975192,LOSS,3.0,crypto
SOLUSD,SHORT,2025-03-29,124.587646484375,144.27555619753588,104.89973677121412,1333,False,False,2025-04-06,104.89973677121412,WIN,8.0,crypto
SOLUSD,SHORT,2025-06-12,152.7896728515625,169.7013794936738,135.8779662094512,1408,False,False,2025-06-21,135.8779662094512,WIN,9.0,crypto
SOLUSD,LONG,2025-07-02,152.22763061523438,135.2141435764315,169.24111765403725,1428,False,False,2025-07-16,169.24111765403725,WIN,14.0,crypto
SOLUSD,LONG,2025-08-20,187.5863037109375,166.56591160723022,208.60669581464478,1477,False,True,2025-08-24,208.60669581464478,WIN,4.0,crypto
SOLUSD,LONG,2025-08-26,195.90509033203125,170.9654246969476,220.8447559671149,1483,False,True,2025-09-10,220.8447559671149,WIN,15.0,crypto
SOLUSD,LONG,2025-10-02,234.85687255859375,212.00210974376068,257.7116353734268,1520,False,False,2025-10-10,212.00210974376068,LOSS,8.0,crypto
SOLUSD,SHORT,2025-12-04,139.0145263671875,157.62748602644334,120.40156670793166,1583,False,True,2025-12-18,120.40156670793166,WIN,14.0,crypto
SOLUSD,SHORT,2025-12-29,123.12522888183594,135.3953762949183,110.85508146875358,1608,False,True,2026-01-05,135.3953762949183,LOSS,7.0,crypto
SOLUSD,SHORT,2026-02-26,85.90911865234375,97.66008237607157,74.15815492861593,1667,False,True,2026-05-11,97.66008237607157,LOSS,74.0,crypto
SOLUSD,SHORT,2026-05-17,85.1729507446289,91.91481447749297,78.43108701176484,1747,False,False,2026-06-02,78.43108701176484,WIN,16.0,crypto
SOLUSD,LONG,2026-07-09,78.04546356201172,70.79216127100908,85.29876585301436,1800,False,False,2026-08-01,70.79216127100908,LOSS,23.0,crypto
XRPUSD,SHORT,2022-06-29,0.3289780020713806,0.3754915455778997,0.2824644585648615,329,False,True,2022-07-19,0.3754915455778997,LOSS,20.0,crypto
XRPUSD,LONG,2022-10-14,0.4889659881591797,0.42729637854378205,0.5506355977745774,436,False,True,2022-11-08,0.42729637854378205,LOSS,25.0,crypto
XRPUSD,LONG,2022-11-29,0.39854899048805237,0.34884255639585837,0.44825542458024636,482,False,True,2022-12-16,0.34884255639585837,LOSS,17.0,crypto
XRPUSD,LONG,2023-02-07,0.403903990983963,0.37377401536476806,0.43403396660315796,552,False,False,2023-02-13,0.37377401536476806,LOSS,6.0,crypto
XRPUSD,LONG,2023-02-20,0.3985249996185303,0.36798226693825525,0.4290677322988053,565,False,False,2023-03-03,0.36798226693825525,LOSS,11.0,crypto
XRPUSD,LONG,2023-05-19,0.4679819941520691,0.4332973113610123,0.5026666769431258,653,False,False,2023-05-30,0.5026666769431258,WIN,11.0,crypto
XRPUSD,LONG,2023-06-11,0.5212209820747375,0.47513965053832435,0.5673023136111508,676,False,True,2023-06-14,0.47513965053832435,LOSS,3.0,crypto
XRPUSD,LONG,2023-08-01,0.7072110176086426,0.6301605128706025,0.7842615223466827,727,False,True,2023-08-05,0.6301605128706025,LOSS,4.0,crypto
XRPUSD,LONG,2023-09-22,0.5125100016593933,0.4818103032231944,0.5432097000955922,779,False,False,2023-09-29,0.5432097000955922,WIN,7.0,crypto
XRPUSD,SHORT,2023-10-10,0.497435986995697,0.5267584282217707,0.4681135457696234,797,False,False,2023-10-20,0.5267584282217707,LOSS,10.0,crypto
XRPUSD,SHORT,2023-11-20,0.6128420233726501,0.678891936815371,0.5467921099299293,838,False,True,2023-12-09,0.678891936815371,LOSS,19.0,crypto
XRPUSD,SHORT,2023-12-15,0.6154919862747192,0.6687407352974388,0.5622432372519997,863,False,False,2024-01-03,0.5622432372519997,WIN,19.0,crypto
XRPUSD,SHORT,2024-02-10,0.5241119861602783,0.5588777055514067,0.48934626676914994,920,False,True,2024-02-15,0.5588777055514067,LOSS,5.0,crypto
XRPUSD,SHORT,2024-03-19,0.5844410061836243,0.6821265272544774,0.4867554851127711,958,True,False,2024-04-13,0.4867554851127711,WIN,25.0,crypto
XRPUSD,SHORT,2024-04-23,0.5451589822769165,0.6151671017481712,0.47515086280566177,993,False,False,2024-06-07,0.47515086280566177,WIN,45.0,crypto
XRPUSD,SHORT,2024-06-16,0.4888319969177246,0.5233367463918686,0.45432724744358066,1047,False,True,2024-07-04,0.45432724744358066,WIN,18.0,crypto
XRPUSD,SHORT,2024-08-04,0.5233960151672363,0.5924876050665258,0.4543044252679469,1096,True,True,2024-08-05,0.4543044252679469,WIN,1.0,crypto
XRPUSD,SHORT,2024-08-15,0.5609549880027771,0.6392373805432194,0.48267259546233476,1107,False,False,2024-09-29,0.6392373805432194,LOSS,45.0,crypto
XRPUSD,LONG,2024-12-20,2.276885986328125,1.7771651815041765,2.7766067911520738,1234,False,True,2025-01-15,2.7766067911520738,WIN,26.0,crypto
XRPUSD,LONG,2025-02-19,2.7408010959625244,2.338168183422067,3.143434008502982,1295,False,True,2025-02-24,2.338168183422067,LOSS,5.0,crypto
XRPUSD,LONG,2025-03-05,2.500509023666382,2.007696710223126,2.993321337109638,1309,False,True,2025-03-10,2.007696710223126,LOSS,5.0,crypto
XRPUSD,LONG,2025-03-19,2.5458409786224365,2.1513002196525894,2.9403817375922836,1323,True,False,2025-03-29,2.1513002196525894,LOSS,10.0,crypto
XRPUSD,SHORT,2025-04-15,2.0885488986968994,2.4032600272901403,1.7738377701036585,1350,False,False,2025-05-09,2.4032600272901403,LOSS,24.0,crypto
XRPUSD,SHORT,2025-05-26,2.3106610774993896,2.529066944069473,2.092255210929306,1391,False,False,2025-05-31,2.092255210929306,WIN,5.0,crypto
XRPUSD,SHORT,2025-06-04,2.202310085296631,2.3947478700035267,2.009872300589735,1400,False,False,2025-06-22,2.009872300589735,WIN,18.0,crypto
XRPUSD,SHORT,2025-06-26,2.1058549880981445,2.306990793388374,1.904719182807915,1422,False,False,2025-06-30,2.306990793388374,LOSS,4.0,crypto
XRPUSD,SHORT,2025-08-02,2.766371965408325,3.126437610267857,2.4063063205487936,1459,False,True,2025-08-07,3.126437610267857,LOSS,5.0,crypto
XRPUSD,SHORT,2025-08-18,3.0614829063415527,3.3908879218287136,2.732077890854392,1475,False,True,2025-09-01,2.732077890854392,WIN,14.0,crypto
XRPUSD,SHORT,2025-09-22,2.8530099391937256,3.068084763138372,2.6379351152490793,1510,False,False,2025-10-02,3.068084763138372,LOSS,10.0,crypto
XRPUSD,SHORT,2025-11-11,2.391724109649658,2.718389484433249,2.0650587348660676,1560,False,True,2025-11-19,2.0650587348660676,WIN,8.0,crypto
XRPUSD,SHORT,2025-11-25,2.1985440254211426,2.506221517714815,1.89086653312747,1574,False,True,2025-12-15,1.89086653312747,WIN,20.0,crypto
XRPUSD,SHORT,2026-01-19,1.9863810539245605,2.1623524013533437,1.8104097064957774,1629,False,False,2026-01-29,1.8104097064957774,WIN,10.0,crypto
XRPUSD,SHORT,2026-02-15,1.474856972694397,1.70845951183901,1.241254433549784,1656,False,True,2026-06-02,1.241254433549784,WIN,107.0,crypto
XRPUSD,LONG,2026-07-21,1.1424729824066162,1.0702086789120833,1.2147372859011492,1812,False,False,2026-07-27,1.0702086789120833,LOSS,6.0,crypto
BNBUSD,SHORT,2022-06-26,233.85874938964844,269.9697199213157,197.7477788579812,326,False,True,2022-07-19,269.9697199213157,LOSS,23.0,crypto
BNBUSD,SHORT,2022-08-22,300.5591125488281,329.27382020045553,271.8444048972007,383,False,False,2022-09-01,271.8444048972007,WIN,10.0,crypto
BNBUSD,LONG,2022-09-29,283.7890319824219,261.9646414513703,305.61342251347344,421,False,False,2022-10-13,261.9646414513703,LOSS,14.0,crypto
BNBUSD,LONG,2022-10-25,284.4325256347656,269.148902530861,299.71614873867026,447,False,False,2022-10-28,299.71614873867026,WIN,3.0,crypto
BNBUSD,LONG,2022-11-29,295.4981689453125,262.4004099531205,328.5959279375045,482,False,False,2022-12-13,262.4004099531205,LOSS,14.0,crypto
BNBUSD,LONG,2023-02-20,315.37744140625,289.6725851117427,341.0822977007573,565,False,True,2023-03-03,289.6725851117427,LOSS,11.0,crypto
BNBUSD,LONG,2023-04-11,322.7582702636719,305.934023610525,339.58251691681875,615,False,False,2023-04-16,339.58251691681875,WIN,5.0,crypto
BNBUSD,LONG,2023-04-22,331.9950866699219,310.47564868356045,353.5145246562833,626,False,False,2023-05-10,310.47564868356045,LOSS,18.0,crypto
BNBUSD,SHORT,2023-07-02,246.25791931152344,264.56438349013445,227.95145513291243,697,False,True,2023-08-17,227.95145513291243,WIN,46.0,crypto
BNBUSD,SHORT,2023-08-30,223.7994384765625,235.33188859216926,212.26698836095574,756,False,True,2023-09-01,212.26698836095574,WIN,2.0,crypto
BNBUSD,SHORT,2023-09-21,210.7939453125,219.93191918283995,201.65597144216005,778,False,False,2023-10-02,219.93191918283995,LOSS,11.0,crypto
BNBUSD,SHORT,2023-10-07,212.36447143554688,220.0963624642601,204.63258040683365,794,False,False,2023-10-09,204.63258040683365,WIN,2.0,crypto
BNBUSD,LONG,2023-11-14,242.263671875,226.92695650093518,257.60038724906485,832,False,True,2023-11-20,257.60038724906485,WIN,6.0,crypto
BNBUSD,LONG,2023-12-08,238.91598510742188,224.04918436496507,253.78278584987868,856,False,False,2023-12-12,253.78278584987868,WIN,4.0,crypto
BNBUSD,LONG,2023-12-18,241.3484344482422,225.80299400061278,256.8938748958716,866,False,False,2023-12-20,256.8938748958716,WIN,2.0,crypto
BNBUSD,LONG,2024-01-08,304.5003967285156,276.64213259245327,332.358660864578,887,False,True,2024-02-14,332.358660864578,WIN,37.0,crypto
BNBUSD,LONG,2024-03-20,556.7005004882812,473.95976124884885,639.4412397277137,959,False,True,2024-06-04,639.4412397277137,WIN,76.0,crypto
BNBUSD,SHORT,2024-08-02,542.9151611328125,585.8379159468955,499.99240631872954,1094,False,False,2024-08-04,499.99240631872954,WIN,2.0,crypto
BNBUSD,SHORT,2024-08-11,503.8045349121094,560.5486149094367,447.0604549147821,1103,False,True,2024-08-19,560.5486149094367,LOSS,8.0,crypto
BNBUSD,SHORT,2024-09-10,517.4838256835938,559.9946068054599,474.97304456172765,1133,False,True,2024-09-15,559.9946068054599,LOSS,5.0,crypto
BNBUSD,SHORT,2024-10-02,542.7123413085938,587.6343893461193,497.7902932710682,1155,False,False,2024-10-14,587.6343893461193,LOSS,12.0,crypto
BNBUSD,SHORT,2024-12-21,663.2794799804688,740.9916669850427,585.5672929758948,1235,False,False,2025-01-06,740.9916669850427,LOSS,16.0,crypto
BNBUSD,LONG,2025-02-19,653.5147094726562,585.6981578949541,721.3312610503584,1295,False,True,2025-02-28,585.6981578949541,LOSS,9.0,crypto
BNBUSD,SHORT,2025-03-30,601.8302001953125,650.1785365522865,553.4818638383385,1334,True,False,2025-04-06,553.4818638383385,WIN,7.0,crypto
BNBUSD,SHORT,2025-04-13,584.04248046875,631.4714153273328,536.6135456101672,1348,False,False,2025-05-09,631.4714153273328,LOSS,26.0,crypto
BNBUSD,SHORT,2025-06-05,634.0535888671875,672.3973089197547,595.7098688146203,1401,False,True,2025-06-10,672.3973089197547,LOSS,5.0,crypto
BNBUSD,SHORT,2025-06-17,648.5108032226562,681.6705926163529,615.3510138289596,1413,False,False,2025-06-22,615.3510138289596,WIN,5.0,crypto
BNBUSD,LONG,2025-06-29,655.0361938476562,627.1530578519388,682.9193298433737,1425,False,False,2025-07-10,682.9193298433737,WIN,11.0,crypto
BNBUSD,LONG,2025-08-04,769.05908203125,710.7050846443906,827.4130794181094,1461,False,True,2025-08-12,827.4130794181094,WIN,8.0,crypto
BNBUSD,LONG,2025-08-26,863.6304931640625,796.1280081115083,931.1329782166167,1483,False,True,2025-09-13,931.1329782166167,WIN,18.0,crypto
BNBUSD,LONG,2025-09-26,960.9239501953125,887.5544601065407,1034.2934402840842,1514,False,True,2025-09-29,1034.2934402840842,WIN,3.0,crypto
BNBUSD,LONG,2025-10-11,1137.1993408203125,986.3180699276076,1288.0806117130173,1529,False,True,2025-10-12,1288.0806117130173,WIN,1.0,crypto
BNBUSD,LONG,2025-10-27,1139.7459716796875,1004.0062873320428,1275.4856560273322,1545,False,False,2025-11-03,1004.0062873320428,LOSS,7.0,crypto
BNBUSD,SHORT,2025-12-14,877.806884765625,949.2183537586402,806.3954157726098,1593,False,False,2026-01-14,949.2183537586402,LOSS,31.0,crypto
BNBUSD,SHORT,2026-01-29,867.09814453125,915.7443395089963,818.4519495535037,1639,False,False,2026-01-31,818.4519495535037,WIN,2.0,crypto
BNBUSD,SHORT,2026-03-03,633.8309326171875,690.8793235781416,576.7825416562334,1672,False,True,2026-04-02,576.7825416562334,WIN,30.0,crypto
BNBUSD,SHORT,2026-04-08,601.1722412109375,638.9264712173748,563.4180112045002,1708,False,False,2026-04-17,638.9264712173748,LOSS,9.0,crypto
BNBUSD,SHORT,2026-04-30,615.0667114257812,644.5654960651735,585.567926786389,1730,False,False,2026-05-06,644.5654960651735,LOSS,6.0,crypto
BNBUSD,LONG,2026-08-02,587.5682983398438,561.3352013274974,613.8013953521901,1824,False,False,,,OPEN,,crypto
ADAUSD,SHORT,2022-06-26,0.48965299129486084,0.5853540994439625,0.39395188314575913,326,False,False,2022-08-14,0.5853540994439625,LOSS,49.0,crypto
ADAUSD,LONG,2022-09-07,0.4792819917201996,0.42484617387622825,0.5337178095641709,399,True,False,2022-10-02,0.42484617387622825,LOSS,25.0,crypto
ADAUSD,LONG,2022-10-28,0.40450701117515564,0.3659304339102731,0.4430835884400382,450,False,True,2022-11-08,0.3659304339102731,LOSS,11.0,crypto
ADAUSD,SHORT,2022-12-14,0.308133989572525,0.3303840137190329,0.28588396542601713,497,False,True,2022-12-16,0.28588396542601713,WIN,2.0,crypto
ADAUSD,LONG,2023-03-21,0.37123599648475647,0.329057116054464,0.4134148769150489,594,False,False,2023-04-13,0.4134148769150489,WIN,23.0,crypto
ADAUSD,LONG,2023-06-02,0.37830400466918945,0.3547900375234893,0.4018179718148896,667,True,False,2023-06-05,0.3547900375234893,LOSS,3.0,crypto
ADAUSD,SHORT,2023-07-06,0.27970001101493835,0.3081600973472705,0.2512399246826062,701,False,False,2023-07-13,0.3081600973472705,LOSS,7.0,crypto
ADAUSD,SHORT,2023-08-03,0.29257598519325256,0.3172931751098508,0.26785879527665435,729,False,True,2023-08-16,0.26785879527665435,WIN,13.0,crypto
ADAUSD,SHORT,2023-08-30,0.2656539976596832,0.2860520141826772,0.24525598113668928,756,False,True,2023-09-11,0.24525598113668928,WIN,12.0,crypto
ADAUSD,SHORT,2023-09-20,0.2516300082206726,0.26642317666133003,0.23683683978001518,777,False,False,2023-10-01,0.26642317666133003,LOSS,11.0,crypto
ADAUSD,SHORT,2023-10-17,0.24711500108242035,0.2591242466149984,0.2351057555498423,804,False,False,2023-10-21,0.2591242466149984,LOSS,4.0,crypto
ADAUSD,LONG,2024-02-02,0.5139579772949219,0.45870671826857806,0.5692092363212657,912,False,False,2024-02-14,0.5692092363212657,WIN,12.0,crypto
ADAUSD,LONG,2024-02-24,0.5966960191726685,0.5391584898902029,0.654233548455134,934,False,False,2024-02-28,0.654233548455134,WIN,4.0,crypto
ADAUSD,SHORT,2024-05-28,0.45699000358581543,0.49701990114212796,0.4169601060295029,1028,False,False,2024-06-11,0.4169601060295029,WIN,14.0,crypto
ADAUSD,SHORT,2024-07-28,0.40738698840141296,0.450441404775013,0.36433257202781294,1089,True,False,2024-08-02,0.36433257202781294,WIN,5.0,crypto
ADAUSD,SHORT,2024-08-30,0.34715399146080017,0.38575910965350124,0.3085488732680991,1122,False,True,2024-09-04,0.3085488732680991,WIN,5.0,crypto
ADAUSD,SHORT,2024-10-07,0.3514670133590698,0.3851122279018381,0.31782179881630157,1160,False,False,2024-11-07,0.3851122279018381,LOSS,31.0,crypto
ADAUSD,LONG,2024-12-11,1.0888899564743042,0.8797536960045547,1.2980262169440537,1225,False,True,2024-12-19,0.8797536960045547,LOSS,8.0,crypto
ADAUSD,LONG,2025-01-15,1.0791540145874023,0.9145159767710962,1.2437920524037085,1260,False,False,2025-01-27,0.9145159767710962,LOSS,12.0,crypto
ADAUSD,LONG,2025-03-04,0.941277027130127,0.722811355258956,1.1597426990012978,1308,False,True,2025-03-09,0.722811355258956,LOSS,5.0,crypto
ADAUSD,SHORT,2025-03-20,0.7175170183181763,0.8600558889549296,0.574978147681423,1324,False,False,2025-04-06,0.574978147681423,WIN,17.0,crypto
ADAUSD,SHORT,2025-04-13,0.6380749940872192,0.7438926632619444,0.5322573249124941,1348,False,False,2025-05-08,0.7438926632619444,LOSS,25.0,crypto
ADAUSD,SHORT,2025-05-29,0.7223420143127441,0.8077359542617512,0.6369480743637371,1394,False,False,2025-06-05,0.6369480743637371,WIN,7.0,crypto
ADAUSD,SHORT,2025-06-11,0.6981580257415771,0.7762603606894407,0.6200556907937136,1407,False,False,2025-06-14,0.6200556907937136,WIN,3.0,crypto
ADAUSD,SHORT,2025-07-04,0.5728909969329834,0.6407379738854515,0.5050440199805153,1430,False,True,2025-07-10,0.6407379738854515,LOSS,6.0,crypto
ADAUSD,SHORT,2025-08-01,0.7156670093536377,0.8129070632097658,0.6184269554975096,1458,False,True,2025-08-09,0.8129070632097658,LOSS,8.0,crypto
ADAUSD,SHORT,2025-08-29,0.8271369934082031,0.9439342951851684,0.7103396916312379,1486,False,True,2025-09-13,0.9439342951851684,LOSS,15.0,crypto
ADAUSD,LONG,2025-09-16,0.8806899785995483,0.7990746596093544,0.9623052975897423,1504,False,False,2025-09-24,0.7990746596093544,LOSS,8.0,crypto
ADAUSD,LONG,2025-10-06,0.8718159794807434,0.7916470458388021,0.9519849131226847,1524,False,False,2025-10-10,0.7916470458388021,LOSS,4.0,crypto
ADAUSD,SHORT,2025-12-04,0.43945398926734924,0.4998970731345714,0.3790109054001271,1583,False,True,2025-12-17,0.3790109054001271,WIN,13.0,crypto
ADAUSD,SHORT,2026-01-19,0.3701249957084656,0.41130832005877455,0.3289416713581566,1629,False,False,2026-01-29,0.3289416713581566,WIN,10.0,crypto
ADAUSD,SHORT,2026-02-15,0.2817800045013428,0.32293157257134236,0.24062843643134318,1656,False,True,2026-03-29,0.24062843643134318,WIN,42.0,crypto
ADAUSD,SHORT,2026-04-06,0.24608999490737915,0.2712472675671206,0.22093272224763771,1706,False,False,2026-05-06,0.2712472675671206,LOSS,30.0,crypto
ADAUSD,LONG,2026-07-21,0.17334799468517303,0.15623475313353272,0.19046123623681335,1812,False,False,2026-07-27,0.15623475313353272,LOSS,6.0,crypto
LINKUSD,SHORT,2022-06-21,6.838943004608154,8.58539123496478,5.092494774251529,321,False,False,2022-08-08,8.58539123496478,LOSS,48.0,crypto
LINKUSD,LONG,2022-09-08,7.407059192657471,6.516032428856355,8.298085956458586,400,False,False,2022-09-27,8.298085956458586,WIN,19.0,crypto
LINKUSD,LONG,2022-10-09,7.62626314163208,6.828085541023374,8.424440742240787,431,False,False,2022-10-13,6.828085541023374,LOSS,4.0,crypto
LINKUSD,LONG,2022-10-29,7.613306999206543,6.916015208412626,8.31059879000046,451,False,False,2022-11-04,8.31059879000046,WIN,6.0,crypto
LINKUSD,LONG,2022-11-28,7.207573890686035,6.169009321418869,8.246138459953201,481,False,False,2022-12-16,6.169009321418869,LOSS,18.0,crypto
LINKUSD,LONG,2023-02-07,7.198653221130371,6.522210648838704,7.875095793422038,552,False,False,2023-02-13,6.522210648838704,LOSS,6.0,crypto
LINKUSD,LONG,2023-02-22,7.708319187164307,6.879294850232086,8.537343524096528,567,False,True,2023-03-03,6.879294850232086,LOSS,9.0,crypto
LINKUSD,LONG,2023-03-21,7.407576084136963,6.571389175761094,8.243762992512831,594,False,False,2023-04-17,8.243762992512831,WIN,27.0,crypto
LINKUSD,SHORT,2023-05-31,6.480094909667969,6.870204302652784,6.089985516683154,665,False,False,2023-06-05,6.089985516683154,WIN,5.0,crypto
LINKUSD,LONG,2023-08-14,7.414638042449951,6.860294567961516,7.968981516938387,740,False,False,2023-08-16,6.860294567961516,LOSS,2.0,crypto
LINKUSD,LONG,2023-09-18,6.5657548904418945,6.079405833116766,7.052103947767023,775,True,False,2023-09-23,7.052103947767023,WIN,5.0,crypto
LINKUSD,LONG,2023-10-11,7.393107891082764,6.746051189709476,8.040164592456051,798,False,True,2023-10-21,8.040164592456051,WIN,10.0,crypto
LINKUSD,LONG,2023-11-18,13.74829387664795,11.57107504724223,15.925512706053668,836,False,True,2023-12-02,15.925512706053668,WIN,14.0,crypto
LINKUSD,LONG,2023-12-14,15.393107414245605,13.427438045139379,17.358776783351832,862,False,False,2023-12-28,17.358776783351832,WIN,14.0,crypto
LINKUSD,LONG,2024-01-01,15.535808563232422,13.71087355813165,17.36074356833319,880,False,False,2024-01-03,13.71087355813165,LOSS,2.0,crypto
LINKUSD,LONG,2024-01-14,14.79709243774414,12.722481658137493,16.871703217350788,893,False,False,2024-02-01,16.871703217350788,WIN,18.0,crypto
LINKUSD,LONG,2024-02-28,19.431785583496094,17.476562525241672,21.387008641750516,938,False,True,2024-03-02,21.387008641750516,WIN,3.0,crypto
LINKUSD,LONG,2024-03-06,20.075965881347656,17.49017646394153,22.661755298753782,945,False,True,2024-03-11,22.661755298753782,WIN,5.0,crypto
LINKUSD,LONG,2024-03-13,20.7681884765625,18.18091614208607,23.35546081103893,952,False,False,2024-03-16,18.18091614208607,LOSS,3.0,crypto
LINKUSD,SHORT,2024-04-01,18.38026237487793,20.633600402803275,16.126924346952585,971,False,False,2024-04-12,16.126924346952585,WIN,11.0,crypto
LINKUSD,SHORT,2024-04-23,15.196627616882324,17.43072009134826,12.962535142416389,993,False,True,2024-04-30,12.962535142416389,WIN,7.0,crypto
LINKUSD,SHORT,2024-05-07,14.01184368133545,15.743399460092304,12.280287902578594,1007,False,False,2024-05-16,15.743399460092304,LOSS,9.0,crypto
LINKUSD,SHORT,2024-06-08,15.944519996643066,17.72964451063322,14.159395482652911,1039,False,True,2024-06-17,14.159395482652911,WIN,9.0,crypto
LINKUSD,SHORT,2024-07-03,13.620819091796875,15.107917017711106,12.133721165882644,1064,False,True,2024-07-05,12.133721165882644,WIN,2.0,crypto
LINKUSD,SHORT,2024-07-28,13.293225288391113,14.75454027967861,11.831910297103617,1089,False,False,2024-08-02,11.831910297103617,WIN,5.0,crypto
LINKUSD,SHORT,2024-09-11,10.406829833984375,11.577516201819632,9.236143466149118,1134,False,True,2024-09-20,11.577516201819632,LOSS,9.0,crypto
LINKUSD,SHORT,2024-10-07,11.160425186157227,12.319851020415397,10.000999351899056,1160,False,False,2024-10-30,12.319851020415397,LOSS,23.0,crypto
LINKUSD,LONG,2025-01-19,24.2492733001709,20.200521017873402,28.298025582468394,1264,False,False,2025-02-02,20.200521017873402,LOSS,14.0,crypto
LINKUSD,SHORT,2025-03-20,14.215102195739746,16.842375869383186,11.587828522096306,1324,False,True,2025-04-06,11.587828522096306,WIN,17.0,crypto
LINKUSD,SHORT,2025-04-13,12.6239013671875,14.78325132128752,10.46455141308748,1348,False,False,2025-04-23,14.78325132128752,LOSS,10.0,crypto
LINKUSD,SHORT,2025-05-07,13.819287300109863,15.272307277826613,12.366267322393114,1372,False,False,2025-05-08,15.272307277826613,LOSS,1.0,crypto
LINKUSD,SHORT,2025-05-29,15.040348052978516,16.956125953450147,13.124570152506884,1394,False,False,2025-06-05,13.124570152506884,WIN,7.0,crypto
LINKUSD,SHORT,2025-06-12,14.025967597961426,15.743394184788482,12.30854101113437,1408,False,False,2025-06-21,12.30854101113437,WIN,9.0,crypto
LINKUSD,SHORT,2025-06-25,13.136893272399902,14.844373760806624,11.42941278399318,1421,False,False,2025-07-10,14.844373760806624,LOSS,15.0,crypto
LINKUSD,LONG,2025-08-26,24.399843215942383,20.49496680258559,28.304719629299175,1483,False,True,2025-09-25,20.49496680258559,LOSS,30.0,crypto
LINKUSD,LONG,2025-10-06,23.37454605102539,21.0447497074096,25.70434239464118,1524,False,False,2025-10-10,21.0447497074096,LOSS,4.0,crypto
LINKUSD,SHORT,2025-11-11,15.298300743103027,17.82725513296899,12.769346353237065,1560,False,True,2025-11-21,12.769346353237065,WIN,10.0,crypto
LINKUSD,SHORT,2025-12-05,13.607115745544434,15.505592502241225,11.708638988847643,1584,False,True,2026-01-25,11.708638988847643,WIN,51.0,crypto
LINKUSD,SHORT,2026-02-27,8.708776473999023,9.808530026632587,7.60902292136546,1668,False,True,2026-03-16,9.808530026632587,LOSS,17.0,crypto
LINKUSD,SHORT,2026-03-22,8.685224533081055,9.578351261149347,7.792097805012762,1691,False,False,2026-04-16,9.578351261149347,LOSS,25.0,crypto
LINKUSD,SHORT,2026-05-01,9.092687606811523,9.722973706319577,8.46240150730347,1731,False,False,2026-05-05,9.722973706319577,LOSS,4.0,crypto
LINKUSD,LONG,2026-07-10,7.962952136993408,7.307486139960953,8.618418134025863,1801,True,False,2026-07-20,8.618418134025863,WIN,10.0,crypto
LINKUSD,LONG,2026-07-28,8.425875663757324,7.843834714472687,9.00791661304196,1819,False,False,,,OPEN,,crypto
AVAXUSD,SHORT,2022-06-26,19.692432403564453,24.846364776513695,14.53850003061521,326,False,True,2022-07-19,24.846364776513695,LOSS,23.0,crypto
AVAXUSD,SHORT,2022-09-13,19.06827163696289,21.976598784686924,16.159944489238857,405,False,False,2022-10-11,16.159944489238857,WIN,28.0,crypto
AVAXUSD,LONG,2022-10-26,17.015155792236328,15.54832557223288,18.481986012239776,448,True,False,2022-10-29,18.481986012239776,WIN,3.0,crypto
AVAXUSD,LONG,2023-02-17,19.477388381958008,16.97507078746622,21.979705976449797,562,False,True,2023-03-03,16.97507078746622,LOSS,14.0,crypto
AVAXUSD,LONG,2023-03-21,17.4854679107666,15.00296171333385,19.967974108199353,594,False,False,2023-04-16,19.967974108199353,WIN,26.0,crypto
AVAXUSD,SHORT,2023-06-07,14.032129287719727,15.159187158380865,12.905071417058588,672,False,True,2023-06-10,12.905071417058588,WIN,3.0,crypto
AVAXUSD,SHORT,2023-07-24,13.103471755981445,14.372205902774638,11.834737609188252,719,False,False,2023-08-15,11.834737609188252,WIN,22.0,crypto
AVAXUSD,SHORT,2023-09-29,9.175294876098633,9.746146687058792,8.604443065138474,786,False,True,2023-10-01,9.746146687058792,LOSS,2.0,crypto
AVAXUSD,SHORT,2023-10-17,9.112850189208984,9.927401266195682,8.298299112222287,804,False,True,2023-10-22,9.927401266195682,LOSS,5.0,crypto
AVAXUSD,LONG,2023-12-29,40.21108627319336,32.87206527859241,47.55010726779431,877,False,True,2024-01-08,32.87206527859241,LOSS,10.0,crypto
AVAXUSD,LONG,2024-02-02,36.707916259765625,31.59734781303499,41.818484706496264,912,False,False,2024-02-14,41.818484706496264,WIN,12.0,crypto
AVAXUSD,LONG,2024-02-28,40.2947883605957,35.92346778849044,44.666108932700965,938,False,False,2024-03-03,44.666108932700965,WIN,4.0,crypto
AVAXUSD,LONG,2024-03-06,41.51433563232422,35.42934808984357,47.599323174804866,945,False,False,2024-03-11,47.599323174804866,WIN,5.0,crypto
AVAXUSD,SHORT,2024-05-07,35.341732025146484,41.01610989884427,29.6673541514487,1007,False,True,2024-05-21,41.01610989884427,LOSS,14.0,crypto
AVAXUSD,SHORT,2024-05-30,35.98757553100586,40.32963147275754,31.645519589254178,1030,False,False,2024-06-07,31.645519589254178,WIN,8.0,crypto
AVAXUSD,SHORT,2024-06-29,27.725507736206055,31.320984409635148,24.13003106277696,1060,False,True,2024-07-05,24.13003106277696,WIN,6.0,crypto
AVAXUSD,SHORT,2024-07-10,25.76766586303711,29.657914260290884,21.877417465783335,1071,False,True,2024-07-21,29.657914260290884,LOSS,11.0,crypto
AVAXUSD,SHORT,2024-07-28,27.40057373046875,31.137773338843065,23.663374122094435,1089,False,False,2024-08-02,23.663374122094435,WIN,5.0,crypto
AVAXUSD,SHORT,2024-10-03,24.65347671508789,27.964441447136533,21.34251198303925,1156,False,False,2024-10-12,27.964441447136533,LOSS,9.0,crypto
AVAXUSD,SHORT,2024-10-30,26.1982421875,28.786739387673087,23.609744987326913,1183,False,False,2024-11-03,23.609744987326913,WIN,4.0,crypto
AVAXUSD,LONG,2024-12-11,48.37092590332031,39.72141342677103,57.020438379869596,1225,False,True,2024-12-19,39.72141342677103,LOSS,8.0,crypto
AVAXUSD,SHORT,2025-04-10,18.330242156982422,21.531429380079043,15.1290549338858,1345,False,False,2025-04-22,21.531429380079043,LOSS,12.0,crypto
AVAXUSD,SHORT,2025-05-30,20.55556297302246,23.720543622551823,17.3905823234931,1395,False,False,2025-06-20,17.3905823234931,WIN,21.0,crypto
AVAXUSD,LONG,2025-07-09,19.5084285736084,17.408045979257587,21.60881116795921,1435,True,False,2025-07-13,21.60881116795921,WIN,4.0,crypto
AVAXUSD,LONG,2025-08-08,23.797428131103516,21.003419069360884,26.591437192846147,1465,False,False,2025-08-23,26.591437192846147,WIN,15.0,crypto
AVAXUSD,LONG,2025-08-26,24.180391311645508,20.831363989765556,27.52941863352546,1483,False,False,2025-09-10,27.52941863352546,WIN,15.0,crypto
AVAXUSD,LONG,2025-10-02,31.023582458496094,27.123792185662708,34.92337273132948,1520,False,False,2025-10-10,27.123792185662708,LOSS,8.0,crypto
AVAXUSD,SHORT,2025-12-04,14.399070739746094,16.30432005252029,12.493821426971898,1583,False,True,2025-12-15,12.493821426971898,WIN,11.0,crypto
AVAXUSD,SHORT,2025-12-28,12.636359214782715,13.90706829635489,11.36565013321054,1607,False,True,2026-01-02,13.90706829635489,LOSS,5.0,crypto
AVAXUSD,SHORT,2026-01-19,12.721200942993164,14.031900339033715,11.410501546952613,1629,True,False,2026-01-25,11.410501546952613,WIN,6.0,crypto
AVAXUSD,SHORT,2026-02-27,8.959959983825684,10.092557622313244,7.827362345338123,1668,False,True,2026-03-13,10.092557622313244,LOSS,14.0,crypto
AVAXUSD,SHORT,2026-03-22,9.018503189086914,9.953664399491577,8.08334197868225,1691,False,False,2026-04-17,9.953664399491577,LOSS,26.0,crypto
AVAXUSD,LONG,2026-04-26,9.465227127075195,8.689030557930849,10.241423696219542,1726,False,False,2026-05-10,10.241423696219542,WIN,14.0,crypto
AVAXUSD,LONG,2026-07-03,6.946293830871582,6.202593895423986,7.689993766319178,1794,False,True,2026-07-24,6.202593895423986,LOSS,21.0,crypto
AVAXUSD,SHORT,2026-07-27,6.396115779876709,6.960389085968367,5.831842473785051,1818,False,True,,,OPEN,,crypto
DOGEUSD,SHORT,2022-06-22,0.06171099841594696,0.07492140084489882,0.048500595986995104,322,False,True,2022-06-26,0.07492140084489882,LOSS,4.0,crypto
DOGEUSD,SHORT,2022-07-01,0.06617499887943268,0.07866575098087532,0.05368424677799004,331,False,False,2022-08-14,0.07866575098087532,LOSS,44.0,crypto
DOGEUSD,SHORT,2022-08-26,0.063571996986866,0.07282428435342868,0.054319709620303316,387,False,False,2022-10-26,0.07282428435342868,LOSS,61.0,crypto
DOGEUSD,LONG,2022-12-08,0.09854000061750412,0.08310195358407113,0.11397804765093711,491,False,True,2022-12-16,0.08310195358407113,LOSS,8.0,crypto
DOGEUSD,LONG,2023-01-11,0.07815299928188324,0.07114278568640046,0.08516321287736602,525,True,False,2023-01-14,0.08516321287736602,WIN,3.0,crypto
DOGEUSD,LONG,2023-01-25,0.08659400045871735,0.0771483118247068,0.09603968909272789,539,False,True,2023-01-31,0.09603968909272789,WIN,6.0,crypto
DOGEUSD,LONG,2023-02-18,0.0889270007610321,0.07959399848384624,0.09826000303821797,563,False,True,2023-02-25,0.07959399848384624,LOSS,7.0,crypto
DOGEUSD,LONG,2023-03-23,0.07741200178861618,0.06796128666413191,0.08686271691310045,596,False,False,2023-04-03,0.08686271691310045,WIN,11.0,crypto
DOGEUSD,SHORT,2023-04-26,0.07862299680709839,0.08855396290712399,0.06869203070707279,630,False,False,2023-06-05,0.06869203070707279,WIN,40.0,crypto
DOGEUSD,SHORT,2023-06-28,0.06260199844837189,0.06785787399376578,0.057346122902978,693,False,False,2023-07-01,0.06785787399376578,LOSS,3.0,crypto
DOGEUSD,SHORT,2023-07-09,0.0654349997639656,0.07030345104315672,0.060566548484774496,704,False,False,2023-07-13,0.07030345104315672,LOSS,4.0,crypto
DOGEUSD,SHORT,2023-08-07,0.07342199981212616,0.07994925383164567,0.06689474579260665,733,False,True,2023-08-16,0.06689474579260665,WIN,9.0,crypto
DOGEUSD,SHORT,2023-08-30,0.06583800166845322,0.07088258357464687,0.06079341976225956,756,False,True,2023-09-11,0.06079341976225956,WIN,12.0,crypto
DOGEUSD,SHORT,2023-09-20,0.06262999773025513,0.0658866254389108,0.05937337002159945,777,False,False,2023-10-09,0.05937337002159945,WIN,19.0,crypto
DOGEUSD,SHORT,2023-10-17,0.059119999408721924,0.0616584499389702,0.05658154887847365,804,False,False,2023-10-22,0.0616584499389702,LOSS,5.0,crypto
DOGEUSD,LONG,2023-11-22,0.07578399777412415,0.06686186187792251,0.08470613367032578,840,False,True,2023-12-01,0.08470613367032578,WIN,9.0,crypto
DOGEUSD,LONG,2023-12-21,0.09500399976968765,0.08427608189055047,0.10573191764882484,869,False,True,2024-01-03,0.08427608189055047,LOSS,13.0,crypto
DOGEUSD,LONG,2024-02-12,0.08234500139951706,0.07688787216099258,0.08780213063804154,922,False,False,2024-02-15,0.08780213063804154,WIN,3.0,crypto
DOGEUSD,LONG,2024-02-23,0.08443400263786316,0.07753493283128096,0.09133307244444536,933,False,False,2024-02-27,0.09133307244444536,WIN,4.0,crypto
DOGEUSD,LONG,2024-03-17,0.15433000028133392,0.1160360138820238,0.19262398668064407,956,False,True,2024-03-28,0.19262398668064407,WIN,11.0,crypto
DOGEUSD,LONG,2024-04-04,0.17992599308490753,0.1409769802361604,0.21887500593365466,974,False,True,2024-04-13,0.1409769802361604,LOSS,9.0,crypto
DOGEUSD,LONG,2024-05-17,0.15556299686431885,0.13245643016102612,0.17866956356761157,1017,False,False,2024-06-14,0.13245643016102612,LOSS,28.0,crypto
DOGEUSD,SHORT,2024-08-01,0.11923599988222122,0.13469755564949404,0.1037744441149484,1093,False,False,2024-08-04,0.1037744441149484,WIN,3.0,crypto
DOGEUSD,SHORT,2024-08-22,0.10530800372362137,0.11800237797174368,0.09261362947549906,1114,False,False,2024-09-06,0.09261362947549906,WIN,15.0,crypto
DOGEUSD,SHORT,2024-10-07,0.10865499824285507,0.12124759646161086,0.09606240002409928,1160,False,False,2024-10-16,0.12124759646161086,LOSS,9.0,crypto
DOGEUSD,LONG,2024-12-11,0.41449201107025146,0.33236326939164484,0.4966207527488581,1225,False,True,2024-12-19,0.33236326939164484,LOSS,8.0,crypto
DOGEUSD,LONG,2025-01-15,0.3857100009918213,0.3317020875395871,0.4397179144440555,1260,False,False,2025-01-27,0.3317020875395871,LOSS,12.0,crypto
DOGEUSD,SHORT,2025-04-02,0.1641950011253357,0.19022559738543682,0.13816440486523457,1337,False,False,2025-04-07,0.13816440486523457,WIN,5.0,crypto
DOGEUSD,SHORT,2025-04-13,0.16279199719429016,0.1895771437862133,0.13600685060236703,1348,False,False,2025-04-26,0.1895771437862133,LOSS,13.0,crypto
DOGEUSD,SHORT,2025-05-07,0.1720069944858551,0.1895773313122269,0.1544366576594833,1372,False,False,2025-05-08,0.1895773313122269,LOSS,1.0,crypto
DOGEUSD,SHORT,2025-05-30,0.19343599677085876,0.22389550142791165,0.16297649211380588,1395,False,True,2025-06-20,0.16297649211380588,WIN,21.0,crypto
DOGEUSD,SHORT,2025-07-04,0.16287100315093994,0.1823005175468304,0.14344148875504947,1430,False,True,2025-07-09,0.1823005175468304,LOSS,5.0,crypto
DOGEUSD,SHORT,2025-08-01,0.20121599733829498,0.23452431444248203,0.16790768023410793,1458,False,True,2025-08-09,0.23452431444248203,LOSS,8.0,crypto
DOGEUSD,LONG,2025-09-08,0.24188099801540375,0.2161021178895793,0.26765987814122816,1496,False,False,2025-09-12,0.26765987814122816,WIN,4.0,crypto
DOGEUSD,LONG,2025-10-08,0.25556299090385437,0.2257931689369176,0.28533281287079115,1526,False,False,2025-10-10,0.2257931689369176,LOSS,2.0,crypto
DOGEUSD,SHORT,2025-12-10,0.14351500570774078,0.16153863248763486,0.1254913789278467,1589,False,True,2025-12-17,0.1254913789278467,WIN,7.0,crypto
DOGEUSD,SHORT,2026-01-18,0.13165900111198425,0.14545812945624437,0.11785987276772414,1628,False,False,2026-01-25,0.11785987276772414,WIN,7.0,crypto
DOGEUSD,SHORT,2026-02-15,0.10265699774026871,0.11903502233677207,0.08627897314376534,1656,False,True,2026-06-05,0.08627897314376534,WIN,110.0,crypto
LTCUSD,SHORT,2022-06-22,52.10539245605469,61.79015883195667,42.42062608015271,322,False,True,2022-07-28,61.79015883195667,LOSS,36.0,crypto
LTCUSD,LONG,2022-09-08,58.003257751464844,51.24476913801522,64.76174636491447,400,False,False,2022-09-13,64.76174636491447,WIN,5.0,crypto
LTCUSD,LONG,2022-09-14,60.14519119262695,53.03931111550595,67.25107126974795,406,False,False,2022-09-18,53.03931111550595,LOSS,4.0,crypto
LTCUSD,LONG,2022-11-10,60.361053466796875,51.11467472910563,69.60743220448812,463,False,True,2022-11-22,69.60743220448812,WIN,12.0,crypto
LTCUSD,LONG,2022-12-13,77.344482421875,69.94893075908035,84.74003408466965,496,False,True,2022-12-16,69.94893075908035,LOSS,3.0,crypto
LTCUSD,LONG,2023-02-10,93.52928161621094,85.07179730418059,101.98676592824128,555,False,True,2023-02-15,101.98676592824128,WIN,5.0,crypto
LTCUSD,LONG,2023-03-23,93.70100402832031,81.95123793411835,105.45077012252227,596,False,False,2023-05-08,81.95123793411835,LOSS,46.0,crypto
LTCUSD,SHORT,2023-06-08,88.46656036376953,95.70454972084882,81.22857100669025,673,True,False,2023-06-10,81.22857100669025,WIN,2.0,crypto
LTCUSD,SHORT,2023-07-22,92.051513671875,100.75850368809057,83.34452365565943,717,False,False,2023-08-03,83.34452365565943,WIN,12.0,crypto
LTCUSD,SHORT,2023-09-17,63.57822799682617,68.23810005757753,58.91835593607482,774,False,True,2023-09-19,68.23810005757753,LOSS,2.0,crypto
LTCUSD,SHORT,2023-09-24,63.58713912963867,68.07740289404653,59.096875365230815,781,False,False,2023-10-01,68.07740289404653,LOSS,7.0,crypto
LTCUSD,SHORT,2023-10-09,63.11105728149414,66.96137701545308,59.2607375475352,796,False,False,2023-10-23,66.96137701545308,LOSS,14.0,crypto
LTCUSD,SHORT,2023-11-20,69.51773834228516,75.35855861478964,63.67691806978067,838,True,False,2023-12-08,75.35855861478964,LOSS,18.0,crypto
LTCUSD,SHORT,2023-12-15,70.95587921142578,76.41108350088956,65.500674921962,863,False,False,2023-12-27,76.41108350088956,LOSS,12.0,crypto
LTCUSD,LONG,2024-01-01,74.73192596435547,69.49352066375747,79.97033126495347,880,False,False,2024-01-03,69.49352066375747,LOSS,2.0,crypto
LTCUSD,LONG,2024-02-08,70.5627670288086,66.1813143413598,74.9442197162574,918,False,False,2024-02-27,74.9442197162574,WIN,19.0,crypto
LTCUSD,LONG,2024-03-18,87.1122055053711,73.52879793417085,100.69561307657133,957,False,False,2024-03-29,100.69561307657133,WIN,11.0,crypto
LTCUSD,LONG,2024-04-06,101.50172424316406,86.05906684820735,116.94438163812077,976,False,True,2024-04-12,86.05906684820735,LOSS,6.0,crypto
LTCUSD,LONG,2024-05-27,85.2121810913086,78.94572893151806,91.47863325109913,1027,False,False,2024-06-07,78.94572893151806,LOSS,11.0,crypto
LTCUSD,SHORT,2024-07-01,74.34024810791016,79.42047063326534,69.26002558255497,1062,False,True,2024-07-04,69.26002558255497,WIN,3.0,crypto
LTCUSD,SHORT,2024-07-28,71.1284408569336,76.66615489560154,65.59072681826565,1089,False,True,2024-08-02,65.59072681826565,WIN,5.0,crypto
LTCUSD,SHORT,2024-08-26,63.17496109008789,68.75101303987636,57.598909140299426,1118,False,False,2024-09-23,68.75101303987636,LOSS,28.0,crypto
LTCUSD,SHORT,2024-10-07,64.7729721069336,69.53366421684741,60.012279997019775,1160,False,False,2024-10-15,69.53366421684741,LOSS,8.0,crypto
LTCUSD,LONG,2024-10-27,71.07989501953125,65.76591079696402,76.39387924209848,1180,False,False,2024-11-03,65.76591079696402,LOSS,7.0,crypto
LTCUSD,LONG,2024-12-11,117.5313949584961,95.3655207890329,139.6972691279593,1225,False,True,2024-12-19,95.3655207890329,LOSS,8.0,crypto
LTCUSD,LONG,2025-01-23,116.507568359375,97.79193390369002,135.22320281505998,1268,False,False,2025-02-03,97.79193390369002,LOSS,11.0,crypto
LTCUSD,LONG,2025-02-12,122.0439224243164,100.83101653766826,143.25682831096455,1288,False,False,2025-03-04,100.83101653766826,LOSS,20.0,crypto
LTCUSD,SHORT,2025-03-26,92.33674621582031,104.38054229432865,80.29295013731198,1330,False,True,2025-04-06,80.29295013731198,WIN,11.0,crypto
LTCUSD,SHORT,2025-05-28,95.30498504638672,104.95970189869819,85.65026819407525,1393,False,False,2025-05-30,85.65026819407525,WIN,2.0,crypto
LTCUSD,SHORT,2025-06-12,86.45230865478516,94.96277188348246,77.94184542608785,1408,False,False,2025-06-22,77.94184542608785,WIN,10.0,crypto
LTCUSD,SHORT,2025-06-26,84.28509521484375,91.47774596472892,77.09244446495858,1422,False,True,2025-07-03,91.47774596472892,LOSS,7.0,crypto
LTCUSD,LONG,2025-08-03,110.4697265625,98.86631433349854,122.07313879150146,1460,False,False,2025-08-05,122.07313879150146,WIN,2.0,crypto
LTCUSD,LONG,2025-08-16,120.94686889648438,107.07884788366731,134.81488990930143,1473,False,True,2025-09-01,107.07884788366731,LOSS,16.0,crypto
LTCUSD,LONG,2025-09-10,117.56956481933594,108.36743895777941,126.77169068089246,1498,False,False,2025-09-22,108.36743895777941,LOSS,12.0,crypto
LTCUSD,SHORT,2025-11-16,95.89550018310547,112.06019190037512,79.73080846583582,1565,False,False,2025-12-01,79.73080846583582,WIN,15.0,crypto
LTCUSD,SHORT,2025-12-10,84.5068588256836,93.99294419309112,75.02077345827607,1589,False,False,2025-12-18,75.02077345827607,WIN,8.0,crypto
LTCUSD,SHORT,2025-12-28,78.63316345214844,85.60426294836039,71.66206395593649,1607,False,True,2026-01-15,71.66206395593649,WIN,18.0,crypto
LTCUSD,SHORT,2026-02-27,54.52947235107422,60.44909740263437,48.609847299514065,1668,False,True,2026-05-10,60.44909740263437,LOSS,72.0,crypto
LTCUSD,LONG,2026-07-10,44.75157928466797,41.55599037885134,47.9471681904846,1801,False,False,2026-07-21,47.9471681904846,WIN,11.0,crypto
LTCUSD,LONG,2026-07-28,46.134525299072266,43.30079733766764,48.96825326047689,1819,False,False,,,OPEN,,crypto
DOTUSD,SHORT,2022-06-25,8.1337308883667,9.64687653624545,6.620585240487948,325,False,True,2022-07-01,6.620585240487948,WIN,6.0,crypto
DOTUSD,SHORT,2022-07-08,7.071249961853027,8.20162302412196,5.9408768995840955,338,False,False,2022-07-29,8.20162302412196,LOSS,21.0,crypto
DOTUSD,SHORT,2022-09-03,7.285171031951904,8.15140188790776,6.418940175996049,395,False,False,2022-09-19,6.418940175996049,WIN,16.0,crypto
DOTUSD,LONG,2022-11-03,6.425295829772949,5.925694719333718,6.9248969402121805,456,False,False,2022-11-04,6.9248969402121805,WIN,1.0,crypto
DOTUSD,LONG,2023-03-17,6.635837078094482,5.8490156914636255,7.422658464725339,590,False,False,2023-03-27,5.8490156914636255,LOSS,10.0,crypto
DOTUSD,LONG,2023-04-01,6.40951681137085,5.757428985845998,7.0616046368957015,605,True,False,2023-04-26,5.757428985845998,LOSS,25.0,crypto
DOTUSD,SHORT,2023-06-04,5.319441795349121,5.606137734136747,5.032745856561495,669,False,False,2023-06-05,5.032745856561495,WIN,1.0,crypto
DOTUSD,SHORT,2023-07-27,5.233479022979736,5.644725826439812,4.822232219519661,722,False,False,2023-08-15,4.822232219519661,WIN,19.0,crypto
DOTUSD,SHORT,2023-08-30,4.536325931549072,4.829776345455433,4.2428755176427115,756,False,True,2023-09-01,4.2428755176427115,WIN,2.0,crypto
DOTUSD,SHORT,2023-10-07,4.0564470291137695,4.254897972589998,3.8579960856375415,794,False,False,2023-10-09,3.8579960856375415,WIN,2.0,crypto
DOTUSD,LONG,2023-11-28,5.2706780433654785,4.707471362247632,5.833884724483325,846,False,True,2023-12-05,5.833884724483325,WIN,7.0,crypto
DOTUSD,LONG,2023-12-18,6.875728130340576,5.958468029402153,7.792988231279,866,False,True,2023-12-21,7.792988231279,WIN,3.0,crypto
DOTUSD,LONG,2024-02-09,7.19149112701416,6.521910796201553,7.8610714578267675,919,False,False,2024-02-15,7.8610714578267675,WIN,6.0,crypto
DOTUSD,LONG,2024-02-22,7.482891082763672,6.752314506730013,8.213467658797331,932,False,False,2024-02-27,8.213467658797331,WIN,5.0,crypto
DOTUSD,LONG,2024-03-17,10.115609169006348,8.354679255463028,11.876539082549668,956,False,True,2024-04-03,8.354679255463028,LOSS,17.0,crypto
DOTUSD,SHORT,2024-05-07,6.996738910675049,7.917560709194574,6.0759171121555235,1007,False,True,2024-06-14,6.0759171121555235,WIN,38.0,crypto
DOTUSD,SHORT,2024-06-29,6.07234001159668,6.698912922211482,5.445767100981877,1060,False,False,2024-07-05,5.445767100981877,WIN,6.0,crypto
DOTUSD,SHORT,2024-07-07,5.9062628746032715,6.699868816651084,5.112656932555459,1068,False,False,2024-08-01,5.112656932555459,WIN,25.0,crypto
DOTUSD,SHORT,2024-09-10,4.256246089935303,4.676664890218969,3.835827289651636,1133,False,True,2024-09-24,4.676664890218969,LOSS,14.0,crypto
DOTUSD,SHORT,2024-10-13,4.157303810119629,4.497413884474508,3.81719373576475,1166,False,False,2024-10-15,4.497413884474508,LOSS,2.0,crypto
DOTUSD,LONG,2024-12-11,9.006820678710938,6.985892173941156,11.027749183480719,1225,False,True,2024-12-19,6.985892173941156,LOSS,8.0,crypto
DOTUSD,LONG,2025-01-06,7.76667594909668,6.581099994073228,8.952251904120132,1251,True,False,2025-01-08,6.581099994073228,LOSS,2.0,crypto
DOTUSD,SHORT,2025-02-23,4.959229946136475,5.663859734406513,4.254600157866436,1299,False,True,2025-02-25,4.254600157866436,WIN,2.0,crypto
DOTUSD,SHORT,2025-02-28,4.712969779968262,5.491585898750443,3.9343536611860808,1304,False,True,2025-03-10,3.9343536611860808,WIN,10.0,crypto
DOTUSD,SHORT,2025-03-16,4.305270195007324,4.995154242107482,3.6153861479071665,1320,False,True,2025-04-07,3.6153861479071665,WIN,22.0,crypto
DOTUSD,SHORT,2025-04-21,3.785083055496216,4.226147565993706,3.3440185449987254,1356,False,True,2025-04-24,4.226147565993706,LOSS,3.0,crypto
DOTUSD,SHORT,2025-05-26,4.46865177154541,5.009356398790835,3.927947144299985,1391,False,False,2025-05-31,3.927947144299985,WIN,5.0,crypto
DOTUSD,SHORT,2025-06-11,4.192241191864014,4.636180682571262,3.748301701156765,1407,False,False,2025-06-13,3.748301701156765,WIN,2.0,crypto
DOTUSD,LONG,2025-07-25,4.088868141174316,3.5741962187894103,4.6035400635592225,1451,False,True,2025-08-01,3.5741962187894103,LOSS,7.0,crypto
DOTUSD,LONG,2025-08-09,4.139029026031494,3.7097094355427997,4.568348616520188,1466,False,False,2025-08-20,3.7097094355427997,LOSS,11.0,crypto
DOTUSD,LONG,2025-08-23,4.226393222808838,3.735989476012025,4.716796969605651,1480,False,False,2025-08-25,3.735989476012025,LOSS,2.0,crypto
DOTUSD,LONG,2025-09-08,4.045086860656738,3.6638863632292793,4.426287358084197,1496,False,False,2025-09-13,4.426287358084197,WIN,5.0,crypto
DOTUSD,LONG,2025-10-06,4.387514114379883,3.9637174504264037,4.811310778333362,1524,False,False,2025-10-10,3.9637174504264037,LOSS,4.0,crypto
DOTUSD,SHORT,2025-12-10,2.1941299438476562,2.527487338256585,1.8607725494387277,1589,False,True,2025-12-15,1.8607725494387277,WIN,5.0,crypto
DOTUSD,SHORT,2025-12-28,1.848762035369873,2.088353194942184,1.6091708757975622,1607,False,True,2026-01-02,2.088353194942184,LOSS,5.0,crypto
DOTUSD,SHORT,2026-03-14,1.414059042930603,1.5977054829426938,1.2304126029185123,1683,False,False,2026-03-16,1.5977054829426938,LOSS,2.0,crypto
DOTUSD,SHORT,2026-03-22,1.4115079641342163,1.5880527153000024,1.2349632129684303,1691,False,False,2026-03-29,1.2349632129684303,WIN,7.0,crypto
DOTUSD,SHORT,2026-04-08,1.2689659595489502,1.4041443206038158,1.1337875984940846,1708,False,False,2026-05-10,1.4041443206038158,LOSS,32.0,crypto
MATICUSD,SHORT,2022-06-30,0.4773710072040558,0.6018855180325353,0.35285649637557626,330,False,True,2022-07-08,0.6018855180325353,LOSS,8.0,crypto
MATICUSD,LONG,2022-09-09,0.8915079832077026,0.7884324267580548,0.9945835396573505,401,False,False,2022-09-18,0.7884324267580548,LOSS,9.0,crypto
MATICUSD,LONG,2022-10-04,0.8361300230026245,0.7524927754455326,0.9197672705597164,426,False,False,2022-10-13,0.7524927754455326,LOSS,9.0,crypto
MATICUSD,LONG,2022-10-17,0.847258985042572,0.7759043891275417,0.9186135809576024,439,False,False,2022-10-25,0.9186135809576024,WIN,8.0,crypto
MATICUSD,LONG,2022-11-10,1.124959945678711,0.88655795668019,1.3633619346772319,463,False,False,2022-11-13,0.88655795668019,LOSS,3.0,crypto
MATICUSD,LONG,2022-12-08,0.9277809858322144,0.8202083098835676,1.035353661780861,491,False,False,2022-12-16,0.8202083098835676,LOSS,8.0,crypto
MATICUSD,LONG,2023-01-08,0.8403710126876831,0.7837613794230178,0.8969806459523484,522,False,False,2023-01-11,0.8969806459523484,WIN,3.0,crypto
MATICUSD,LONG,2023-03-17,1.2244999408721924,1.0535815116114755,1.3954183701329093,590,False,False,2023-03-27,1.0535815116114755,LOSS,10.0,crypto
MATICUSD,LONG,2023-04-14,1.1620399951934814,1.0691100949022563,1.2549698954847066,618,False,False,2023-04-20,1.0691100949022563,LOSS,6.0,crypto
MATICUSD,SHORT,2023-06-03,0.8995140194892883,0.96124425168509,0.8377837872934867,668,False,False,2023-06-05,0.8377837872934867,WIN,2.0,crypto
MATICUSD,SHORT,2023-07-27,0.716543972492218,0.7903028260383459,0.6427851189460901,722,False,False,2023-08-15,0.6427851189460901,WIN,19.0,crypto
MATICUSD,SHORT,2023-08-30,0.575082004070282,0.6247261247723962,0.5254378833681678,756,False,True,2023-09-10,0.5254378833681678,WIN,11.0,crypto
MATICUSD,SHORT,2023-09-21,0.5201519727706909,0.5573061876961188,0.482997757845263,778,False,True,2023-10-01,0.5573061876961188,LOSS,10.0,crypto
MATICUSD,SHORT,2023-10-17,0.5194709897041321,0.5549868734230979,0.4839551059851662,804,False,False,2023-10-21,0.5549868734230979,LOSS,4.0,crypto
MATICUSD,LONG,2023-12-02,0.816215991973877,0.7281594457015911,0.9042725382461628,850,False,True,2023-12-08,0.9042725382461628,WIN,6.0,crypto
MATICUSD,LONG,2023-12-12,0.8860960006713867,0.7841961680691089,0.9879958332736646,860,False,True,2023-12-18,0.7841961680691089,LOSS,6.0,crypto
MATICUSD,LONG,2024-02-08,0.8343909978866577,0.7554458590687585,0.9133361367045569,918,False,False,2024-02-16,0.9133361367045569,WIN,8.0,crypto
MATICUSD,SHORT,2024-05-04,0.7292919754981995,0.828116955722923,0.6304669952734759,1004,False,True,2024-06-07,0.6304669952734759,WIN,34.0,crypto
MATICUSD,SHORT,2024-07-14,0.5307989716529846,0.5872721433299413,0.474325799976028,1075,False,True,2024-08-01,0.474325799976028,WIN,18.0,crypto
MATICUSD,SHORT,2024-10-21,0.37188199162483215,0.3955447494893543,0.34821923376031,1174,False,False,2024-10-23,0.34821923376031,WIN,2.0,crypto
MATICUSD,LONG,2024-12-11,0.6295310258865356,0.5102877665734362,0.7487742851996351,1225,False,True,2024-12-18,0.5102877665734362,LOSS,7.0,crypto
MATICUSD,LONG,2025-01-06,0.5234400033950806,0.4522824742321112,0.5945975325580499,1251,True,False,2025-01-08,0.4522824742321112,LOSS,2.0,crypto
TRXUSD,SHORT,2022-06-28,0.06603799760341644,0.07534528313660396,0.05673071207022892,328,False,True,2022-11-09,0.05673071207022892,WIN,134.0,crypto
TRXUSD,SHORT,2022-11-28,0.05303100124001503,0.05760215631654777,0.04845984616348229,481,False,True,2023-01-13,0.05760215631654777,LOSS,46.0,crypto
TRXUSD,LONG,2023-02-10,0.0633229985833168,0.058918226398300175,0.06772777076833343,555,False,True,2023-02-15,0.06772777076833343,WIN,5.0,crypto
TRXUSD,LONG,2023-02-26,0.0695130005478859,0.06497281091913953,0.07405319017663226,571,False,True,2023-03-08,0.06497281091913953,LOSS,10.0,crypto
TRXUSD,LONG,2023-03-17,0.06779500097036362,0.062158058288820345,0.07343194365190689,590,False,False,2023-03-22,0.062158058288820345,LOSS,5.0,crypto
TRXUSD,LONG,2023-04-01,0.06684199720621109,0.06171540996436277,0.07196858444805941,605,False,False,2023-05-20,0.07196858444805941,WIN,49.0,crypto
TRXUSD,LONG,2023-06-08,0.07749500125646591,0.07277408114820476,0.08221592136472707,673,False,True,2023-06-09,0.07277408114820476,LOSS,1.0,crypto
TRXUSD,LONG,2023-06-25,0.07320400327444077,0.06868462423891249,0.07772338230996904,690,False,False,2023-07-03,0.07772338230996904,WIN,8.0,crypto
TRXUSD,LONG,2023-08-25,0.07720199972391129,0.07399445231992044,0.08040954712790213,751,False,False,2023-09-12,0.08040954712790213,WIN,18.0,crypto
TRXUSD,SHORT,2023-10-12,0.08486700057983398,0.08815005616921041,0.08158394499045755,799,False,True,2023-10-16,0.08815005616921041,LOSS,4.0,crypto
TRXUSD,LONG,2023-11-22,0.10123699903488159,0.09479586816135666,0.10767812990840653,840,False,True,2023-11-25,0.10767812990840653,WIN,3.0,crypto
TRXUSD,LONG,2023-11-28,0.10304299741983414,0.09638631511648353,0.10969967972318474,846,False,True,2024-01-02,0.10969967972318474,WIN,35.0,crypto
TRXUSD,LONG,2024-01-04,0.10708499699831009,0.1016845864889751,0.11248540750764507,883,False,False,2024-01-08,0.1016845864889751,LOSS,4.0,crypto
TRXUSD,LONG,2024-01-12,0.10692299902439117,0.10157411402937733,0.11227188401940502,891,False,False,2024-01-13,0.11227188401940502,WIN,1.0,crypto
TRXUSD,LONG,2024-01-19,0.11035799980163574,0.10359455545031326,0.11712144415295822,898,False,False,2024-02-02,0.11712144415295822,WIN,14.0,crypto
TRXUSD,LONG,2024-03-06,0.13776299357414246,0.1326670146602978,0.14285897248798712,945,False,True,2024-03-11,0.1326670146602978,LOSS,5.0,crypto
TRXUSD,SHORT,2024-05-22,0.12009599804878235,0.12506125502161286,0.11513074107595184,1022,False,False,2024-05-23,0.11513074107595184,WIN,1.0,crypto
TRXUSD,SHORT,2024-08-11,0.12774500250816345,0.1336566853194059,0.12183331969692102,1103,False,False,2024-08-16,0.1336566853194059,LOSS,5.0,crypto
TRXUSD,LONG,2024-09-26,0.15320099890232086,0.14811971561046244,0.15828228219417928,1149,False,False,2024-10-08,0.15828228219417928,WIN,12.0,crypto
TRXUSD,LONG,2024-10-21,0.15829500555992126,0.15361070782877542,0.1629793032910671,1174,False,False,2024-10-24,0.1629793032910671,WIN,3.0,crypto
TRXUSD,LONG,2024-12-10,0.2699579894542694,0.20785112200244038,0.33206485690609844,1224,False,True,2025-02-03,0.20785112200244038,LOSS,55.0,crypto
TRXUSD,LONG,2025-02-12,0.24332399666309357,0.2202943463297323,0.2663536469964548,1288,False,False,2025-02-28,0.2202943463297323,LOSS,16.0,crypto
TRXUSD,SHORT,2025-03-03,0.23092800378799438,0.25254171027438177,0.209314297301607,1307,False,False,2025-04-13,0.25254171027438177,LOSS,41.0,crypto
TRXUSD,SHORT,2025-06-17,0.27166101336479187,0.28837926715048307,0.2549427595791007,1413,False,True,2025-07-07,0.28837926715048307,LOSS,20.0,crypto
TRXUSD,LONG,2025-08-26,0.3519720137119293,0.33274132892942965,0.371202698494429,1483,False,True,2025-09-05,0.33274132892942965,LOSS,10.0,crypto
TRXUSD,LONG,2025-09-12,0.35262998938560486,0.33383347782373607,0.37142650094747365,1500,False,True,2025-09-25,0.33383347782373607,LOSS,13.0,crypto
TRXUSD,LONG,2025-10-05,0.3414260149002075,0.32915334827256426,0.3536986815278508,1523,False,False,2025-10-10,0.32915334827256426,LOSS,5.0,crypto
TRXUSD,SHORT,2025-11-12,0.2945530116558075,0.30899443995649234,0.28011158335512265,1561,False,True,2025-11-20,0.28011158335512265,WIN,8.0,crypto
TRXUSD,SHORT,2025-12-03,0.2805800139904022,0.2910669371432622,0.27009309083754224,1582,False,True,2026-01-03,0.2910669371432622,LOSS,31.0,crypto
TRXUSD,SHORT,2026-01-24,0.2950499951839447,0.3093765529473076,0.2807234374205818,1634,False,False,2026-02-05,0.2807234374205818,WIN,12.0,crypto
TRXUSD,SHORT,2026-02-17,0.28199800848960876,0.2923700884302495,0.27162592854896805,1658,False,False,2026-03-13,0.2923700884302495,LOSS,24.0,crypto
TRXUSD,LONG,2026-04-25,0.3240079879760742,0.31394088728773795,0.3340750886644105,1725,False,True,2026-05-03,0.3340750886644105,WIN,8.0,crypto
TRXUSD,LONG,2026-07-21,0.329459011554718,0.32157987055228876,0.3373381525571473,1812,False,False,,,OPEN,,crypto
ATOMUSD,LONG,2022-08-29,11.440898895263672,9.586976736633247,13.294821053894097,390,False,False,2022-09-05,13.294821053894097,WIN,7.0,crypto
ATOMUSD,LONG,2022-09-07,12.962963104248047,11.091306580969098,14.834619627526996,399,False,False,2022-09-09,14.834619627526996,WIN,2.0,crypto
ATOMUSD,LONG,2022-09-22,14.649860382080078,11.862484987375934,17.43723577678422,414,False,False,2022-10-12,11.862484987375934,LOSS,20.0,crypto
ATOMUSD,SHORT,2022-12-28,9.121023178100586,9.838403598705792,8.40364275749538,511,False,True,2023-01-02,9.838403598705792,LOSS,5.0,crypto
ATOMUSD,LONG,2023-02-11,13.758606910705566,12.183550592641218,15.333663228769915,556,False,True,2023-02-28,12.183550592641218,LOSS,17.0,crypto
ATOMUSD,LONG,2023-03-16,12.851852416992188,11.250705819494064,14.452999014490311,589,False,True,2023-03-22,11.250705819494064,LOSS,6.0,crypto
ATOMUSD,SHORT,2023-05-13,10.895848274230957,11.875742055732623,9.915954492729291,647,False,False,2023-06-06,9.915954492729291,WIN,24.0,crypto
ATOMUSD,SHORT,2023-06-22,9.016958236694336,9.828285537250467,8.205630936138204,687,False,True,2023-07-03,9.828285537250467,LOSS,11.0,crypto
ATOMUSD,SHORT,2023-07-10,9.250606536865234,10.004131253318043,8.497081820412426,705,False,False,2023-07-14,10.004131253318043,LOSS,4.0,crypto
ATOMUSD,SHORT,2023-07-19,9.18753719329834,9.98867131579141,8.386403070805269,714,False,False,2023-08-05,8.386403070805269,WIN,17.0,crypto
ATOMUSD,SHORT,2023-09-17,6.9462199211120605,7.431930539435689,6.460509302788432,774,False,True,2023-09-18,7.431930539435689,LOSS,1.0,crypto
ATOMUSD,SHORT,2023-09-26,6.955625057220459,7.4391197569700225,6.4721303574708955,783,False,False,2023-10-01,7.4391197569700225,LOSS,5.0,crypto
ATOMUSD,LONG,2023-11-22,8.814624786376953,7.63376731921619,9.995482253537716,840,False,True,2023-11-26,9.995482253537716,WIN,4.0,crypto
ATOMUSD,LONG,2023-12-20,10.662837982177734,9.132397047389524,12.193278916965944,868,False,True,2023-12-26,12.193278916965944,WIN,6.0,crypto
ATOMUSD,LONG,2024-02-12,9.935027122497559,9.11192802492632,10.758126220068798,922,False,False,2024-02-19,10.758126220068798,WIN,7.0,crypto
ATOMUSD,LONG,2024-02-24,10.413625717163086,9.526701083476016,11.300550350850155,934,False,False,2024-02-27,11.300550350850155,WIN,3.0,crypto
ATOMUSD,LONG,2024-03-29,12.532543182373047,10.978591051940896,14.086495312805198,968,False,False,2024-04-02,10.978591051940896,LOSS,4.0,crypto
ATOMUSD,SHORT,2024-05-11,8.500800132751465,9.476149636746104,7.5254506287568255,1011,False,False,2024-06-11,7.5254506287568255,WIN,31.0,crypto
ATOMUSD,SHORT,2024-07-23,6.173941135406494,6.769493958259216,5.5783883125537725,1084,False,True,2024-08-01,5.5783883125537725,WIN,9.0,crypto
ATOMUSD,SHORT,2024-10-07,4.423182964324951,4.918510496780782,3.92785543186912,1160,False,False,2024-10-21,4.918510496780782,LOSS,14.0,crypto
ATOMUSD,SHORT,2024-10-30,4.455388069152832,4.906341358320932,4.004434779984732,1183,False,False,2024-11-03,4.004434779984732,WIN,4.0,crypto
ATOMUSD,LONG,2024-12-11,8.830166816711426,7.046217388411062,10.61411624501179,1225,False,True,2024-12-19,7.046217388411062,LOSS,8.0,crypto
ATOMUSD,SHORT,2025-02-23,4.875960826873779,5.5723300723944424,4.179591581353116,1299,False,True,2025-02-25,4.179591581353116,WIN,2.0,crypto
ATOMUSD,SHORT,2025-04-02,4.222219944000244,4.79907559736433,3.6453642906361585,1337,False,False,2025-04-04,4.79907559736433,LOSS,2.0,crypto
ATOMUSD,SHORT,2025-04-08,4.163844108581543,4.819099041009501,3.508589176153585,1343,True,False,2025-05-09,4.819099041009501,LOSS,31.0,crypto
ATOMUSD,SHORT,2025-05-27,4.757533073425293,5.303153730840971,4.211912416009615,1392,False,False,2025-05-31,4.211912416009615,WIN,4.0,crypto
ATOMUSD,LONG,2025-07-03,4.183225154876709,3.790121121278071,4.576329188475347,1429,False,False,2025-07-10,4.576329188475347,WIN,7.0,crypto
ATOMUSD,LONG,2025-07-25,4.7090301513671875,4.19086876591302,5.227191536821355,1451,False,True,2025-08-01,4.19086876591302,LOSS,7.0,crypto
ATOMUSD,LONG,2025-08-09,4.731931209564209,4.287517415061896,5.176345004066522,1466,False,False,2025-08-19,4.287517415061896,LOSS,10.0,crypto
ATOMUSD,LONG,2025-08-23,4.885766983032227,4.382914308807807,5.388619657256646,1480,False,False,2025-09-01,4.382914308807807,LOSS,9.0,crypto
ATOMUSD,LONG,2025-09-10,4.678361892700195,4.289843168921142,5.066880616479248,1498,False,False,2025-09-22,4.289843168921142,LOSS,12.0,crypto
ATOMUSD,SHORT,2025-11-08,2.9529869556427,3.430291109739627,2.4756828015457732,1557,False,True,2025-11-21,2.4756828015457732,WIN,13.0,crypto
ATOMUSD,SHORT,2025-12-28,2.073132038116455,2.2760837222437007,1.8701803539892095,1607,False,True,2026-01-04,2.2760837222437007,LOSS,7.0,crypto
ATOMUSD,SHORT,2026-01-22,2.3303210735321045,2.600268976543682,2.060373170520527,1632,True,False,2026-01-30,2.060373170520527,WIN,8.0,crypto
ATOMUSD,LONG,2026-04-13,1.7798800468444824,1.6471683041129803,1.9125917895759845,1713,False,False,2026-04-22,1.9125917895759845,WIN,9.0,crypto
ATOMUSD,LONG,2026-05-01,1.896314024925232,1.7704669778538815,2.0221610719965826,1731,False,False,2026-05-10,2.0221610719965826,WIN,9.0,crypto
ATOMUSD,LONG,2026-05-16,2.0427639484405518,1.8506605442581348,2.2348673526229685,1746,False,True,2026-05-26,2.2348673526229685,WIN,10.0,crypto
XLMUSD,SHORT,2022-06-26,0.12021899968385696,0.13877657819301967,0.10166142117469426,326,False,False,2022-07-11,0.10166142117469426,WIN,15.0,crypto
XLMUSD,SHORT,2022-07-17,0.10650999844074249,0.11835412183174111,0.09466587504974387,347,False,False,2022-07-19,0.11835412183174111,LOSS,2.0,crypto
XLMUSD,SHORT,2022-07-25,0.10619500279426575,0.11830996975668331,0.09408003583184818,355,False,False,2022-07-29,0.11830996975668331,LOSS,4.0,crypto
XLMUSD,LONG,2022-09-19,0.11185300350189209,0.10114112168047373,0.12256488532331045,411,False,False,2022-09-22,0.12256488532331045,WIN,3.0,crypto
XLMUSD,LONG,2022-09-29,0.11532899737358093,0.10117999009297304,0.12947800465418882,421,False,False,2022-11-08,0.10117999009297304,LOSS,40.0,crypto
XLMUSD,SHORT,2023-02-09,0.0855259969830513,0.0922605818233622,0.0787914121427404,554,False,True,2023-02-18,0.0922605818233622,LOSS,9.0,crypto
XLMUSD,LONG,2023-03-16,0.084757000207901,0.07764950384543014,0.09186449657037186,589,False,False,2023-03-21,0.09186449657037186,WIN,5.0,crypto
XLMUSD,LONG,2023-09-08,0.12687699496746063,0.11453851275338116,0.1392154771815401,765,False,False,2023-09-21,0.11453851275338116,LOSS,13.0,crypto
XLMUSD,SHORT,2023-11-17,0.11816100031137466,0.12981341874092553,0.1065085818818238,835,False,True,2023-12-08,0.12981341874092553,LOSS,21.0,crypto
XLMUSD,SHORT,2023-12-18,0.12116199731826782,0.13094212035558306,0.11138187428095259,866,False,False,2023-12-25,0.13094212035558306,LOSS,7.0,crypto
XLMUSD,SHORT,2024-01-12,0.11910700052976608,0.13138234606890148,0.10683165499063069,891,False,False,2024-03-02,0.13138234606890148,LOSS,50.0,crypto
XLMUSD,SHORT,2024-03-19,0.12077199667692184,0.14281244143931401,0.09873155191452967,958,True,True,2024-03-29,0.14281244143931401,LOSS,10.0,crypto
XLMUSD,SHORT,2024-04-03,0.12640100717544556,0.1428309028834436,0.10997111146744751,973,False,False,2024-04-12,0.10997111146744751,WIN,9.0,crypto
XLMUSD,SHORT,2024-04-24,0.11446800082921982,0.1289521687498774,0.09998383290856225,994,False,False,2024-06-07,0.09998383290856225,WIN,44.0,crypto
XLMUSD,SHORT,2024-08-01,0.09934200346469879,0.10837444344133731,0.09030956348806027,1093,False,False,2024-08-04,0.09030956348806027,WIN,3.0,crypto
XLMUSD,SHORT,2024-08-15,0.09562599658966064,0.10513814022214095,0.08611385295718034,1107,False,False,2024-09-06,0.08611385295718034,WIN,22.0,crypto
XLMUSD,SHORT,2024-09-11,0.09277299791574478,0.09896837509270903,0.08657762073878053,1134,False,True,2024-09-21,0.09896837509270903,LOSS,10.0,crypto
XLMUSD,LONG,2024-09-23,0.09633299708366394,0.0910026177805352,0.10166337638679268,1146,False,False,2024-09-28,0.10166337638679268,WIN,5.0,crypto
XLMUSD,LONG,2024-10-24,0.09665200114250183,0.09168069964695064,0.10162330263805303,1177,True,False,2024-11-01,0.09168069964695064,LOSS,8.0,crypto
XLMUSD,LONG,2024-12-10,0.4365859925746918,0.31545419133381014,0.5577177938155734,1224,False,True,2024-12-20,0.31545419133381014,LOSS,10.0,crypto
XLMUSD,LONG,2025-01-08,0.42576900124549866,0.3443186998916941,0.5072193025993033,1253,False,False,2025-01-16,0.5072193025993033,WIN,8.0,crypto
XLMUSD,LONG,2025-01-20,0.44650501012802124,0.360814145475327,0.5321958747807155,1265,False,False,2025-02-02,0.360814145475327,LOSS,13.0,crypto
XLMUSD,SHORT,2025-03-20,0.2811430096626282,0.3250761217920653,0.23720989753319105,1324,False,False,2025-04-06,0.23720989753319105,WIN,17.0,crypto
XLMUSD,SHORT,2025-04-20,0.2435770034790039,0.27222566437694085,0.21492834258106697,1355,False,True,2025-04-23,0.27222566437694085,LOSS,3.0,crypto
XLMUSD,SHORT,2025-05-28,0.2851560115814209,0.3125672199965991,0.2577448031662427,1393,False,False,2025-06-05,0.2577448031662427,WIN,8.0,crypto
XLMUSD,SHORT,2025-06-12,0.267769992351532,0.2895163167167069,0.24602366798635705,1408,False,False,2025-06-20,0.24602366798635705,WIN,8.0,crypto
XLMUSD,SHORT,2025-07-04,0.2377610057592392,0.2587595355452573,0.21676247597322107,1430,False,True,2025-07-08,0.2587595355452573,LOSS,4.0,crypto
XLMUSD,SHORT,2025-08-01,0.3827829957008362,0.44567007418646676,0.3198959172152056,1458,False,True,2025-08-08,0.44567007418646676,LOSS,7.0,crypto
XLMUSD,SHORT,2025-08-19,0.39023301005363464,0.4419319387172813,0.338534081389988,1476,True,False,2025-10-10,0.338534081389988,WIN,52.0,crypto
XLMUSD,SHORT,2025-10-27,0.3229619860649109,0.36307089710515744,0.28285307502466434,1545,False,True,2025-11-03,0.28285307502466434,WIN,7.0,crypto
XLMUSD,SHORT,2025-11-11,0.2816070020198822,0.3216664317733473,0.2415475722664171,1560,False,True,2025-11-19,0.2415475722664171,WIN,8.0,crypto
XLMUSD,SHORT,2025-11-28,0.2534860074520111,0.2868831582130287,0.22008885669099354,1577,False,True,2025-12-15,0.22008885669099354,WIN,17.0,crypto
XLMUSD,SHORT,2025-12-28,0.22006799280643463,0.24133178696125346,0.1988041986516158,1607,False,True,2025-12-31,0.1988041986516158,WIN,3.0,crypto
XLMUSD,SHORT,2026-01-12,0.21922700107097626,0.24108702033381693,0.19736698180813558,1622,False,False,2026-01-14,0.24108702033381693,LOSS,2.0,crypto
XLMUSD,SHORT,2026-01-19,0.21551799774169922,0.23879740344645467,0.19223859203694377,1629,False,False,2026-01-30,0.19223859203694377,WIN,11.0,crypto
XLMUSD,SHORT,2026-02-15,0.17032000422477722,0.19425221210318117,0.14638779634637328,1656,False,True,2026-05-18,0.14638779634637328,WIN,92.0,crypto
XLMUSD,LONG,2026-06-05,0.20307700335979462,0.15961627799470857,0.24653772872488067,1766,False,True,2026-06-18,0.24653772872488067,WIN,13.0,crypto
NEARUSD,SHORT,2022-06-26,3.783262014389038,4.796731775651457,2.769792253126619,326,False,True,2022-08-05,4.796731775651457,LOSS,40.0,crypto
NEARUSD,SHORT,2022-09-01,4.343934059143066,5.023133642707732,3.664734475578401,393,False,False,2022-09-12,5.023133642707732,LOSS,11.0,crypto
NEARUSD,LONG,2022-11-05,3.324399948120117,2.9771172765968363,3.671682619643398,458,False,False,2022-11-08,2.9771172765968363,LOSS,3.0,crypto
NEARUSD,SHORT,2022-12-14,1.6613759994506836,1.8759590130232109,1.4467929858781563,497,False,True,2022-12-16,1.4467929858781563,WIN,2.0,crypto
NEARUSD,LONG,2023-02-07,2.490000009536743,2.12008748980716,2.8599125292663263,552,False,True,2023-02-13,2.12008748980716,LOSS,6.0,crypto
NEARUSD,LONG,2023-02-17,2.4589920043945312,2.0649790180604697,2.853004990728593,562,False,True,2023-03-03,2.0649790180604697,LOSS,14.0,crypto
NEARUSD,LONG,2023-03-21,2.07511305809021,1.7514181593486486,2.3988079568317713,594,False,False,2023-04-15,2.3988079568317713,WIN,25.0,crypto
NEARUSD,SHORT,2023-06-22,1.3257770538330078,1.465490998399649,1.1860631092663667,687,False,True,2023-06-26,1.465490998399649,LOSS,4.0,crypto
NEARUSD,SHORT,2023-07-09,1.3266539573669434,1.4878848789412604,1.1654230357926263,704,False,False,2023-07-14,1.4878848789412604,LOSS,5.0,crypto
NEARUSD,SHORT,2023-07-25,1.347694993019104,1.495264423373514,1.200125562664694,720,True,False,2023-08-16,1.200125562664694,WIN,22.0,crypto
NEARUSD,SHORT,2023-08-30,1.2033740282058716,1.3128887382374106,1.0938593181743326,756,False,True,2023-09-11,1.0938593181743326,WIN,12.0,crypto
NEARUSD,LONG,2023-12-18,2.284450054168701,1.9228320941203818,2.6460680142170205,866,False,True,2023-12-20,2.6460680142170205,WIN,2.0,crypto
NEARUSD,LONG,2024-02-22,3.2456159591674805,2.800637869890124,3.690594048444837,932,False,False,2024-02-24,3.690594048444837,WIN,2.0,crypto
NEARUSD,LONG,2024-03-20,6.900822162628174,4.995612700480087,8.80603162477626,959,False,True,2024-04-13,4.995612700480087,LOSS,24.0,crypto
NEARUSD,LONG,2024-05-09,7.486283779144287,6.23412844985614,8.738439108432434,1009,False,False,2024-06-11,6.23412844985614,LOSS,33.0,crypto
NEARUSD,SHORT,2024-07-28,5.449138164520264,6.259674767480126,4.638601561560401,1089,False,False,2024-08-02,4.638601561560401,WIN,5.0,crypto
NEARUSD,SHORT,2024-08-30,4.116755962371826,4.824112167605084,3.4093997571385684,1122,False,False,2024-09-23,4.824112167605084,LOSS,24.0,crypto
NEARUSD,SHORT,2024-10-05,4.778327941894531,5.493729403348313,4.062926480440749,1158,False,False,2024-10-25,4.062926480440749,WIN,20.0,crypto
NEARUSD,SHORT,2024-11-07,4.230734825134277,4.802561861571551,3.658907788697004,1191,False,False,2024-11-10,4.802561861571551,LOSS,3.0,crypto
NEARUSD,LONG,2024-12-11,6.8547282218933105,5.51865145345986,8.190804990326761,1225,False,True,2024-12-19,5.51865145345986,LOSS,8.0,crypto
NEARUSD,LONG,2025-01-05,5.903985977172852,5.014542276306811,6.793429678038892,1250,False,False,2025-01-08,5.014542276306811,LOSS,3.0,crypto
NEARUSD,SHORT,2025-02-23,3.4276840686798096,4.043041582863997,2.8123265544956224,1299,False,True,2025-02-25,2.8123265544956224,WIN,2.0,crypto
NEARUSD,SHORT,2025-03-07,2.9380838871002197,3.5606303776129113,2.315537396587528,1311,False,False,2025-03-10,2.315537396587528,WIN,3.0,crypto
NEARUSD,SHORT,2025-03-20,2.7366089820861816,3.2240770462584045,2.2491409179139588,1324,False,True,2025-04-06,2.2491409179139588,WIN,17.0,crypto
NEARUSD,SHORT,2025-04-21,2.21710205078125,2.5575313647076623,1.8766727368548377,1356,False,True,2025-04-24,2.5575313647076623,LOSS,3.0,crypto
NEARUSD,SHORT,2025-06-12,2.3780739307403564,2.7379749830704787,2.018172878410234,1408,False,False,2025-06-21,2.018172878410234,WIN,9.0,crypto
NEARUSD,LONG,2025-07-09,2.3391079902648926,2.0487853817883805,2.6294305987414046,1435,True,False,2025-07-11,2.6294305987414046,WIN,2.0,crypto
NEARUSD,LONG,2025-08-12,2.7843739986419678,2.4283447153445237,3.140403281939412,1469,False,False,2025-08-19,2.4283447153445237,LOSS,7.0,crypto
NEARUSD,LONG,2025-09-09,2.6325631141662598,2.3506800431182113,2.914446185214308,1497,False,False,2025-09-18,2.914446185214308,WIN,9.0,crypto
NEARUSD,SHORT,2025-12-10,1.762349009513855,2.0699674555151972,1.4547305635125127,1589,False,False,2025-12-18,1.4547305635125127,WIN,8.0,crypto
NEARUSD,SHORT,2025-12-28,1.5809600353240967,1.7968503395578792,1.3650697310903142,1607,False,True,2026-01-06,1.7968503395578792,LOSS,9.0,crypto
NEARUSD,SHORT,2026-01-19,1.5952179431915283,1.7951420624033443,1.3952938239797124,1629,False,False,2026-01-29,1.3952938239797124,WIN,10.0,crypto
NEARUSD,SHORT,2026-03-24,1.2913269996643066,1.4435028653318855,1.1391511339967277,1693,False,True,2026-05-06,1.4435028653318855,LOSS,43.0,crypto
NEARUSD,LONG,2026-06-15,2.388273000717163,1.8993381965908087,2.8772078048435175,1776,False,True,2026-06-24,1.8993381965908087,LOSS,9.0,crypto
NEARUSD,LONG,2026-07-06,2.050405979156494,1.7330944115239932,2.3677175467889953,1797,True,False,2026-07-27,1.7330944115239932,LOSS,21.0,crypto
APTUSD,SHORT,2022-10-03,0.003759999992325902,0.004139802648925952,0.003380197335725852,317,False,True,2022-10-15,0.004139802648925952,LOSS,12.0,crypto
APTUSD,LONG,2023-03-26,0.0010489999549463391,0.0009040371020312143,0.001193962807861464,491,False,True,2023-04-19,0.001193962807861464,WIN,24.0,crypto
APTUSD,SHORT,2023-08-27,0.000155999994603917,0.00016390387973949888,0.00014809610946833513,645,False,False,2023-08-29,0.00016390387973949888,LOSS,2.0,crypto
APTUSD,SHORT,2023-08-31,0.00015700000221841037,0.00016509623355368203,0.00014890377088313872,649,False,False,2023-09-09,0.00014890377088313872,WIN,9.0,crypto
APTUSD,LONG,2023-11-24,0.00032900000223889947,0.00025987654629087406,0.0003981234581869249,734,False,True,2023-12-04,0.0003981234581869249,WIN,10.0,crypto
APTUSD,LONG,2023-12-28,0.0021150000393390656,-0.0006573732911297437,0.004887373369807875,768,False,True,,,OPEN,,crypto
ARBUSD,SHORT,2022-07-17,0.00020799999765586108,0.0002320428333219386,0.00018395716198978357,347,False,True,2022-07-19,0.0002320428333219386,LOSS,2.0,crypto
ARBUSD,LONG,2022-12-04,0.0003429999924264848,0.00032345582770613134,0.0003625441571468383,487,False,True,2022-12-14,0.0003625441571468383,WIN,10.0,crypto
ARBUSD,LONG,2023-01-06,0.0003389999910723418,0.0003286686746933226,0.000349331307451361,520,False,False,2023-01-10,0.000349331307451361,WIN,4.0,crypto
ARBUSD,SHORT,2023-07-15,0.00037200000951997936,0.0005728709477640963,0.0001711290712758624,710,False,False,2023-07-19,0.0005728709477640963,LOSS,4.0,crypto
ARBUSD,LONG,2023-10-06,0.8908119797706604,0.8209622606365482,0.9606616989047726,793,False,False,2023-10-10,0.8209622606365482,LOSS,4.0,crypto
ARBUSD,SHORT,2023-11-20,1.0368670225143433,1.151915037555972,0.9218190074727146,838,False,True,2023-12-07,0.9218190074727146,WIN,17.0,crypto
ARBUSD,LONG,2024-05-20,0.0014280000468716025,0.0012722077782458456,0.0015837923154973595,1020,False,False,2024-06-21,0.0012722077782458456,LOSS,32.0,crypto
ARBUSD,LONG,2024-07-25,0.0013150000013411045,0.0012234003395944731,0.0014065996630877359,1086,False,False,2024-08-03,0.0012234003395944731,LOSS,9.0,crypto
ARBUSD,SHORT,2024-08-09,0.0012179999612271786,0.0013462649477870158,0.0010897349746673414,1101,True,True,2024-08-11,0.0010897349746673414,WIN,2.0,crypto
ARBUSD,SHORT,2024-09-14,0.0006000000284984708,0.0006553969717853192,0.0005446030852116223,1137,False,True,2024-09-26,0.0006553969717853192,LOSS,12.0,crypto
ARBUSD,SHORT,2024-10-07,0.0006230000290088356,0.0006627494599499291,0.000583250598067742,1160,False,False,2024-10-14,0.0006627494599499291,LOSS,7.0,crypto
ARBUSD,SHORT,2024-11-23,0.000977999996393919,0.0012825017493025847,0.0006734982434852532,1207,False,True,2025-05-07,0.0012825017493025847,LOSS,165.0,crypto
OPUSD,SHORT,2023-02-13,2.220633029937744,2.7754652988771027,1.6658007609983856,336,False,True,2023-02-15,2.7754652988771027,LOSS,2.0,crypto
OPUSD,SHORT,2023-03-04,2.3624460697174072,2.925217890485145,1.7996742489496693,355,False,False,2023-03-11,1.7996742489496693,WIN,7.0,crypto
OPUSD,SHORT,2023-03-15,2.4080750942230225,3.0529395260457095,1.7632106624003354,366,False,False,2023-05-08,1.7632106624003354,WIN,54.0,crypto
OPUSD,SHORT,2023-05-18,1.7397810220718384,2.001757023787134,1.4778050203565427,430,False,True,2023-05-30,1.4778050203565427,WIN,12.0,crypto
OPUSD,SHORT,2023-06-28,1.2180479764938354,1.42396491651191,1.012131036475761,471,False,False,2023-07-14,1.42396491651191,LOSS,16.0,crypto
OPUSD,SHORT,2023-08-12,1.5507969856262207,1.7219427458589354,1.379651225393506,516,False,True,2023-08-17,1.379651225393506,WIN,5.0,crypto
OPUSD,SHORT,2023-08-30,1.482226014137268,1.6362509092838866,1.3282011189906495,534,False,False,2023-09-01,1.3282011189906495,WIN,2.0,crypto
OPUSD,LONG,2023-12-04,1.7951359748840332,1.6014286018819992,1.9888433478860672,630,False,False,2023-12-07,1.9888433478860672,WIN,3.0,crypto
OPUSD,LONG,2024-01-08,3.417396068572998,2.6411673172496175,4.193624819896378,665,False,True,2024-01-12,4.193624819896378,WIN,4.0,crypto
OPUSD,LONG,2024-01-16,3.5987589359283447,2.843664691215361,4.3538531806413285,673,False,True,2024-01-23,2.843664691215361,LOSS,7.0,crypto
OPUSD,LONG,2024-02-07,3.3598580360412598,2.8980320080082227,3.821684064074297,695,False,False,2024-02-12,3.821684064074297,WIN,5.0,crypto
OPUSD,LONG,2024-02-24,3.669167995452881,3.1519023208457924,4.186433670059969,712,False,False,2024-03-03,4.186433670059969,WIN,8.0,crypto
OPUSD,LONG,2024-03-13,4.417394161224365,3.7515197450595714,5.083268577389159,730,False,True,2024-03-15,3.7515197450595714,LOSS,2.0,crypto
OPUSD,SHORT,2024-04-29,2.497314929962158,2.982822455223826,2.0118074047004906,777,False,True,2024-05-03,2.982822455223826,LOSS,4.0,crypto
OPUSD,SHORT,2024-05-10,2.5187149047851562,2.9463903936352156,2.091039415935097,788,False,False,2024-05-21,2.9463903936352156,LOSS,11.0,crypto
OPUSD,SHORT,2024-05-26,2.5330450534820557,2.9301765375641375,2.135913569399974,804,False,False,2024-06-07,2.135913569399974,WIN,12.0,crypto
OPUSD,SHORT,2024-07-11,1.6605470180511475,1.9134386085545347,1.4076554275477602,850,False,True,2024-07-19,1.9134386085545347,LOSS,8.0,crypto
OPUSD,SHORT,2024-07-28,1.7026859521865845,1.9239688134817998,1.4814030908913691,867,False,False,2024-08-01,1.4814030908913691,WIN,4.0,crypto
OPUSD,SHORT,2024-08-20,1.354537010192871,1.5671493772915488,1.1419246430941934,890,False,True,2024-08-23,1.5671493772915488,LOSS,3.0,crypto
OPUSD,SHORT,2024-08-29,1.425889015197754,1.6287171678474226,1.2230608625480852,899,False,True,2024-09-19,1.6287171678474226,LOSS,21.0,crypto
OPUSD,SHORT,2024-10-08,1.6345239877700806,1.8602790963231883,1.4087688792169728,939,False,False,2024-11-03,1.4087688792169728,WIN,26.0,crypto
OPUSD,LONG,2024-11-16,1.7757450342178345,1.4735238394372132,2.0779662289984557,978,False,False,2024-11-21,2.0779662289984557,WIN,5.0,crypto
OPUSD,LONG,2024-12-11,2.3367810249328613,1.870845358480564,2.8027166913851587,1003,False,True,2024-12-19,1.870845358480564,LOSS,8.0,crypto
OPUSD,SHORT,2025-02-27,1.1039179563522339,1.3317432286511626,0.8760926840533052,1081,False,True,2025-03-09,0.8760926840533052,WIN,10.0,crypto
OPUSD,SHORT,2025-03-26,0.8857309818267822,1.023936736129834,0.7475252275237305,1108,False,True,2025-03-30,0.7475252275237305,WIN,4.0,crypto
OPUSD,SHORT,2025-05-03,0.6792439818382263,0.7722877869042959,0.5862001767721567,1146,False,False,2025-05-07,0.5862001767721567,WIN,4.0,crypto
OPUSD,SHORT,2025-05-19,0.7134770154953003,0.8563922149265447,0.5705618160640559,1162,False,False,2025-06-13,0.5705618160640559,WIN,25.0,crypto
OPUSD,SHORT,2025-06-30,0.5663390159606934,0.6558212084859515,0.47685682343543523,1204,False,False,2025-07-10,0.6558212084859515,LOSS,10.0,crypto
OPUSD,LONG,2025-07-24,0.6923140287399292,0.5741931018718425,0.8104349556080159,1228,True,True,2025-07-28,0.8104349556080159,WIN,4.0,crypto
OPUSD,LONG,2025-08-08,0.7576450109481812,0.6486478444783191,0.8666421774180432,1243,False,False,2025-08-13,0.8666421774180432,WIN,5.0,crypto
OPUSD,LONG,2025-08-16,0.7407979965209961,0.6175128197703503,0.8640831732716419,1251,False,True,2025-10-10,0.6175128197703503,LOSS,55.0,crypto
OPUSD,SHORT,2025-11-11,0.4061410129070282,0.4853355379097478,0.3269464879043086,1338,False,True,2025-11-21,0.3269464879043086,WIN,10.0,crypto
OPUSD,SHORT,2025-12-10,0.32386499643325806,0.3767210832465605,0.2710089096199556,1367,False,True,2025-12-17,0.2710089096199556,WIN,7.0,crypto
OPUSD,SHORT,2026-01-22,0.30688101053237915,0.34946841015495944,0.26429361090979886,1410,False,False,2026-01-29,0.26429361090979886,WIN,7.0,crypto
OPUSD,SHORT,2026-03-18,0.12624500691890717,0.1440704329540827,0.10841958088373163,1465,False,True,2026-03-26,0.10841958088373163,WIN,8.0,crypto
OPUSD,SHORT,2026-04-06,0.10980600118637085,0.12234537742463879,0.09726662494810291,1484,False,True,2026-04-16,0.12234537742463879,LOSS,10.0,crypto
OPUSD,SHORT,2026-05-22,0.12670999765396118,0.14321606886198457,0.1102039264459378,1530,False,False,2026-06-04,0.1102039264459378,WIN,13.0,crypto
FILUSD,SHORT,2022-06-25,6.08303689956665,7.242439340094133,4.923634459039167,325,False,True,2022-07-30,7.242439340094133,LOSS,35.0,crypto
FILUSD,LONG,2022-09-12,6.541749954223633,5.55041862185459,7.533081286592676,404,True,False,2022-09-18,5.55041862185459,LOSS,6.0,crypto
FILUSD,LONG,2022-10-28,5.367282867431641,4.891285189691511,5.84328054517177,450,False,False,2022-10-29,5.84328054517177,WIN,1.0,crypto
FILUSD,LONG,2022-12-04,4.579728126525879,4.087189660847871,5.072266592203887,487,False,False,2022-12-16,4.087189660847871,LOSS,12.0,crypto
FILUSD,LONG,2023-02-07,5.547709941864014,4.754953893845132,6.340465989882896,552,False,True,2023-02-09,4.754953893845132,LOSS,2.0,crypto
FILUSD,LONG,2023-02-15,5.479165077209473,4.705435645371411,6.252894509047534,560,False,True,2023-02-17,6.252894509047534,WIN,2.0,crypto
FILUSD,LONG,2023-02-26,6.90660285949707,5.47150841874306,8.34169730025108,571,False,True,2023-03-09,5.47150841874306,LOSS,11.0,crypto
FILUSD,LONG,2023-03-17,6.396756172180176,4.904744558301694,7.888767786058658,590,False,False,2023-05-08,4.904744558301694,LOSS,52.0,crypto
FILUSD,SHORT,2023-06-22,3.9239308834075928,4.371699875985246,3.47616189082994,687,False,True,2023-07-03,4.371699875985246,LOSS,11.0,crypto
FILUSD,SHORT,2023-07-31,4.257393836975098,4.625468594182591,3.8893190797676045,726,False,False,2023-08-15,3.8893190797676045,WIN,15.0,crypto
FILUSD,SHORT,2023-10-17,3.210638999938965,3.3950663775247913,3.0262116223531383,804,False,False,2023-10-22,3.3950663775247913,LOSS,5.0,crypto
FILUSD,LONG,2023-11-25,4.779504776000977,4.164855949949791,5.394153602052162,843,False,True,2023-12-09,5.394153602052162,WIN,14.0,crypto
FILUSD,LONG,2023-12-14,4.874691963195801,4.295780487331311,5.4536034390602905,862,False,False,2023-12-16,5.4536034390602905,WIN,2.0,crypto
FILUSD,LONG,2023-12-18,5.297379970550537,4.524382541389898,6.070377399711176,866,False,True,2023-12-27,6.070377399711176,WIN,9.0,crypto
FILUSD,LONG,2024-01-13,6.029654026031494,4.8146423832616625,7.244665668801326,892,False,False,2024-01-23,4.8146423832616625,LOSS,10.0,crypto
FILUSD,LONG,2024-02-12,5.459167003631592,4.917232490574801,6.001101516688383,922,False,False,2024-02-17,6.001101516688383,WIN,5.0,crypto
FILUSD,LONG,2024-03-28,9.301408767700195,7.629575502000888,10.973242033399503,967,False,False,2024-04-12,7.629575502000888,LOSS,15.0,crypto
FILUSD,SHORT,2024-05-19,5.553036212921143,6.283477718186134,4.822594707656151,1019,False,False,2024-05-21,6.283477718186134,LOSS,2.0,crypto
FILUSD,SHORT,2024-05-26,5.8523759841918945,6.574148146476855,5.130603821906934,1026,False,False,2024-06-07,6.574148146476855,LOSS,12.0,crypto
FILUSD,SHORT,2024-07-31,4.209012031555176,4.7537454100953465,3.664278653015005,1092,False,False,2024-08-03,3.664278653015005,WIN,3.0,crypto
FILUSD,SHORT,2024-09-16,3.4135899543762207,3.785564989326043,3.0416149194263986,1139,False,True,2024-09-20,3.785564989326043,LOSS,4.0,crypto
FILUSD,SHORT,2024-10-08,3.6270101070404053,4.00030877801588,3.253711436064931,1161,False,False,2024-10-20,4.00030877801588,LOSS,12.0,crypto
FILUSD,SHORT,2024-10-25,3.435983896255493,3.8274197121029,3.044548080408086,1178,False,False,2024-11-08,3.8274197121029,LOSS,14.0,crypto
FILUSD,LONG,2024-11-21,4.536004066467285,3.8534358311292136,5.218572301805357,1205,False,True,2024-11-23,5.218572301805357,WIN,2.0,crypto
FILUSD,LONG,2024-12-11,6.689188003540039,5.31568134176051,8.062694665319569,1225,False,True,2024-12-19,5.31568134176051,LOSS,8.0,crypto
FILUSD,SHORT,2025-03-18,2.9235150814056396,3.40444693049378,2.4425832323174994,1322,False,True,2025-04-06,2.4425832323174994,WIN,19.0,crypto
FILUSD,SHORT,2025-05-19,2.8627710342407227,3.2351081658709093,2.490433902610536,1384,False,False,2025-05-31,2.490433902610536,WIN,12.0,crypto
FILUSD,SHORT,2025-06-12,2.5104970932006836,2.819391384198339,2.2016028022030283,1408,False,False,2025-06-20,2.2016028022030283,WIN,8.0,crypto
FILUSD,SHORT,2025-06-30,2.301992893218994,2.575971703467642,2.0280140829703464,1426,False,False,2025-07-10,2.575971703467642,LOSS,10.0,crypto
FILUSD,LONG,2025-07-25,2.6487700939178467,2.3161648243050514,2.981375363530642,1451,False,False,2025-08-01,2.3161648243050514,LOSS,7.0,crypto
FILUSD,LONG,2025-08-12,2.629210948944092,2.334108397196141,2.9243135006920427,1469,False,False,2025-08-22,2.334108397196141,LOSS,10.0,crypto
FILUSD,LONG,2025-09-16,2.5572659969329834,2.3013849185597026,2.813147075306264,1504,True,False,2025-09-22,2.3013849185597026,LOSS,6.0,crypto
FILUSD,LONG,2025-10-05,2.333631992340088,2.115430924398343,2.5518330602818327,1523,False,False,2025-10-10,2.115430924398343,LOSS,5.0,crypto
FILUSD,SHORT,2025-12-29,1.3168879747390747,1.5057845932708909,1.1279913562072585,1608,False,False,2026-01-01,1.5057845932708909,LOSS,3.0,crypto
FILUSD,SHORT,2026-03-18,0.9239029884338379,1.046121430773607,0.8016845460940687,1687,False,False,2026-03-28,0.8016845460940687,WIN,10.0,crypto
FILUSD,SHORT,2026-05-01,0.9185109734535217,1.0023941884751508,0.8346277584318926,1731,False,False,2026-05-06,1.0023941884751508,LOSS,5.0,crypto
FILUSD,LONG,2026-05-14,1.053354024887085,0.9195210585364506,1.1871869912377193,1744,False,True,2026-05-23,0.9195210585364506,LOSS,9.0,crypto
FILUSD,LONG,2026-07-09,0.7808949947357178,0.6934718185254813,0.8683181709459542,1800,False,False,2026-07-27,0.6934718185254813,LOSS,18.0,crypto
ICPUSD,SHORT,2022-06-26,5.767800807952881,7.169850511737272,4.365751104168489,326,False,False,2022-07-08,7.169850511737272,LOSS,12.0,crypto
ICPUSD,SHORT,2022-07-25,6.2291669845581055,7.3710903778049115,5.087243591311299,355,False,False,2022-07-28,7.3710903778049115,LOSS,3.0,crypto
ICPUSD,LONG,2022-09-10,7.127786159515381,6.153133283333156,8.102439035697607,402,True,False,2022-09-15,6.153133283333156,LOSS,5.0,crypto
ICPUSD,LONG,2022-11-03,5.380952835083008,4.791244053558837,5.970661616607178,456,False,False,2022-11-08,4.791244053558837,LOSS,5.0,crypto
ICPUSD,LONG,2022-12-02,4.282639026641846,3.7466851716553258,4.818592881628366,485,False,True,2022-12-16,3.7466851716553258,LOSS,14.0,crypto
ICPUSD,SHORT,2022-12-27,3.8342549800872803,4.241785279747879,3.4267246804266813,510,False,True,2023-01-09,4.241785279747879,LOSS,13.0,crypto
ICPUSD,LONG,2023-02-07,5.834402084350586,5.123852012402273,6.544952156298899,552,False,True,2023-02-09,5.123852012402273,LOSS,2.0,crypto
ICPUSD,LONG,2023-04-11,5.3362531661987305,4.788058742935287,5.884447589462174,615,False,False,2023-04-15,5.884447589462174,WIN,4.0,crypto
ICPUSD,LONG,2023-04-22,5.615320205688477,4.803544393463167,6.427096017913786,626,False,True,2023-04-29,6.427096017913786,WIN,7.0,crypto
ICPUSD,LONG,2023-05-03,5.92753791809082,5.0445455281449885,6.810530308036652,637,False,True,2023-05-11,5.0445455281449885,LOSS,8.0,crypto
ICPUSD,SHORT,2023-06-22,4.140552997589111,4.594816445213053,3.6862895499651698,687,False,True,2023-08-15,3.6862895499651698,WIN,54.0,crypto
ICPUSD,LONG,2023-11-22,4.44440221786499,3.7853901748670067,5.103414260862974,840,False,True,2023-12-04,5.103414260862974,WIN,12.0,crypto
ICPUSD,LONG,2024-01-13,12.91667366027832,9.728611224519154,16.104736096037485,892,False,True,2024-01-23,9.728611224519154,LOSS,10.0,crypto
ICPUSD,LONG,2024-02-02,12.711692810058594,10.56783992409666,14.855545696020528,912,False,False,2024-03-05,14.855545696020528,WIN,32.0,crypto
ICPUSD,SHORT,2024-05-06,12.793852806091309,15.010478900652316,10.577226711530301,1006,False,False,2024-06-11,10.577226711530301,WIN,36.0,crypto
ICPUSD,SHORT,2024-08-01,8.897101402282715,10.212605971342917,7.5815968332225125,1093,False,False,2024-08-04,7.5815968332225125,WIN,3.0,crypto
ICPUSD,SHORT,2024-08-30,7.625193119049072,8.67412464974106,6.5762615883570845,1122,False,False,2024-09-10,8.67412464974106,LOSS,11.0,crypto
ICPUSD,SHORT,2024-10-07,8.052411079406738,9.152994436451884,6.9518277223615925,1160,False,False,2024-11-03,6.9518277223615925,WIN,27.0,crypto
ICPUSD,LONG,2024-12-11,13.168057441711426,10.567464302436619,15.768650580986233,1225,False,True,2024-12-19,10.567464302436619,LOSS,8.0,crypto
ICPUSD,SHORT,2025-03-18,5.81321907043457,6.733222442005693,4.893215698863448,1322,False,True,2025-04-06,4.893215698863448,WIN,19.0,crypto
ICPUSD,SHORT,2025-04-13,5.003706932067871,5.711222017335311,4.296191846800431,1348,False,True,2025-05-10,5.711222017335311,LOSS,27.0,crypto
ICPUSD,SHORT,2025-05-19,5.218254089355469,5.873520066901796,4.562988111809141,1384,False,False,2025-06-09,5.873520066901796,LOSS,21.0,crypto
ICPUSD,SHORT,2025-06-17,5.127814769744873,5.843287304167014,4.412342235322732,1413,False,False,2025-06-22,4.412342235322732,WIN,5.0,crypto
ICPUSD,LONG,2025-07-10,5.412156105041504,4.8541937974032,5.970118412679808,1436,False,False,2025-07-18,5.970118412679808,WIN,8.0,crypto
ICPUSD,LONG,2025-07-25,5.619146823883057,4.91210454733058,6.326189100435533,1451,False,False,2025-08-02,4.91210454733058,LOSS,8.0,crypto
ICPUSD,LONG,2025-08-12,5.667479991912842,5.032745579247982,6.302214404577701,1469,False,False,2025-08-19,5.032745579247982,LOSS,7.0,crypto
ICPUSD,LONG,2025-10-05,4.526138782501221,4.121151002329813,4.931126562672628,1523,False,False,2025-10-10,4.121151002329813,LOSS,5.0,crypto
ICPUSD,SHORT,2025-12-21,3.0494959354400635,3.7408804808519696,2.3581113900281574,1600,False,False,2026-01-14,3.7408804808519696,LOSS,24.0,crypto
ICPUSD,SHORT,2026-01-24,3.465488910675049,4.13183544038001,2.7991423809700873,1634,False,True,2026-01-31,2.7991423809700873,WIN,7.0,crypto
ICPUSD,SHORT,2026-03-21,2.432157039642334,2.7435978545015276,2.1207162247831404,1690,True,True,2026-05-05,2.7435978545015276,LOSS,45.0,crypto
ICPUSD,LONG,2026-05-31,2.72066593170166,2.3084662890970464,3.132865574306274,1761,False,False,2026-06-02,3.132865574306274,WIN,2.0,crypto
ETCUSD,SHORT,2022-06-27,16.528331756591797,19.54642116389375,13.510242349289843,327,False,False,2022-07-13,13.510242349289843,WIN,16.0,crypto
ETCUSD,LONG,2022-09-07,37.259883880615234,30.688288201007538,43.83147956022293,399,False,False,2022-09-18,30.688288201007538,LOSS,11.0,crypto
ETCUSD,LONG,2022-10-28,25.506454467773438,22.64853899802802,28.364369937518855,450,True,False,2022-11-02,22.64853899802802,LOSS,5.0,crypto
ETCUSD,LONG,2022-11-05,26.47303009033203,23.58114343440746,29.364916746256604,458,False,False,2022-11-08,23.58114343440746,LOSS,3.0,crypto
ETCUSD,SHORT,2022-11-26,19.874025344848633,22.62530690040525,17.122743789292016,479,False,True,2022-12-16,17.122743789292016,WIN,20.0,crypto
ETCUSD,SHORT,2023-02-16,21.37545394897461,23.797523631861186,18.953384266088033,561,False,True,2023-02-21,23.797523631861186,LOSS,5.0,crypto
ETCUSD,LONG,2023-03-18,20.753070831298828,18.042932165923844,23.463209496673812,591,False,False,2023-05-08,18.042932165923844,LOSS,51.0,crypto
ETCUSD,SHORT,2023-05-29,18.368478775024414,19.478848856852775,17.258108693196053,663,False,True,2023-06-05,17.258108693196053,WIN,7.0,crypto
ETCUSD,SHORT,2023-07-20,18.6861572265625,20.434927933819427,16.937386519305573,715,False,False,2023-08-15,16.937386519305573,WIN,26.0,crypto
ETCUSD,SHORT,2023-09-17,15.404818534851074,16.328465357465227,14.481171712236922,774,False,True,2023-09-30,16.328465357465227,LOSS,13.0,crypto
ETCUSD,SHORT,2023-10-07,15.652795791625977,16.58011901338621,14.725472569865744,794,False,False,2023-10-11,14.725472569865744,WIN,4.0,crypto
ETCUSD,SHORT,2023-10-17,14.962552070617676,15.780935013710522,14.14416912752483,804,False,False,2023-10-21,15.780935013710522,LOSS,4.0,crypto
ETCUSD,LONG,2023-11-22,19.00896453857422,16.999785459482965,21.018143617665473,840,False,True,2023-12-07,21.018143617665473,WIN,15.0,crypto
ETCUSD,LONG,2023-12-12,20.315988540649414,18.34951082337926,22.28246625791957,860,False,True,2023-12-27,22.28246625791957,WIN,15.0,crypto
ETCUSD,LONG,2024-01-19,25.341201782226562,21.313350558055976,29.36905300639715,898,False,True,2024-02-28,29.36905300639715,WIN,40.0,crypto
ETCUSD,LONG,2024-03-28,32.5375862121582,27.79930514173715,37.275867282579256,967,False,True,2024-04-12,27.79930514173715,LOSS,15.0,crypto
ETCUSD,LONG,2024-05-18,28.62223243713379,25.565976741951097,31.67848813231648,1018,True,False,2024-05-20,31.67848813231648,WIN,2.0,crypto
ETCUSD,SHORT,2024-06-02,28.934589385986328,32.10604115998633,25.763137611986323,1033,False,False,2024-06-07,25.763137611986323,WIN,5.0,crypto
ETCUSD,SHORT,2024-07-27,22.84707260131836,25.128617997196333,20.565527205440386,1088,False,True,2024-08-01,20.565527205440386,WIN,5.0,crypto
ETCUSD,SHORT,2024-09-15,17.816959381103516,19.255657769959093,16.378260992247938,1138,False,True,2024-09-21,19.255657769959093,LOSS,6.0,crypto
ETCUSD,SHORT,2024-10-07,18.575082778930664,20.0480414646819,17.102124093179427,1160,False,False,2024-10-20,20.0480414646819,LOSS,13.0,crypto
ETCUSD,SHORT,2024-10-25,18.17586326599121,19.71233609395556,16.63939043802686,1178,False,False,2024-10-30,19.71233609395556,LOSS,5.0,crypto
ETCUSD,SHORT,2024-11-02,18.0999755859375,19.572284947270425,16.627666224604575,1186,False,False,2024-11-06,19.572284947270425,LOSS,4.0,crypto
ETCUSD,LONG,2024-12-11,33.55359649658203,27.030914112273276,40.07627888089078,1225,False,True,2024-12-19,27.030914112273276,LOSS,8.0,crypto
ETCUSD,LONG,2025-01-06,28.656627655029297,24.96637439274844,32.34688091731016,1251,False,False,2025-01-08,24.96637439274844,LOSS,2.0,crypto
ETCUSD,LONG,2025-01-21,27.116962432861328,23.17058685197823,31.063338013744428,1266,False,False,2025-02-02,23.17058685197823,LOSS,12.0,crypto
ETCUSD,SHORT,2025-03-03,18.702590942382812,21.674143020787835,15.73103886397779,1307,False,True,2025-04-03,15.73103886397779,WIN,31.0,crypto
ETCUSD,SHORT,2025-04-21,15.610109329223633,17.20438197308519,14.015836685362075,1356,False,True,2025-04-25,17.20438197308519,LOSS,4.0,crypto
ETCUSD,SHORT,2025-05-07,16.191516876220703,17.639834284147756,14.74319946829365,1372,False,False,2025-05-08,17.639834284147756,LOSS,1.0,crypto
ETCUSD,SHORT,2025-05-28,18.428213119506836,20.400937311707462,16.45548892730621,1393,False,False,2025-06-05,16.45548892730621,WIN,8.0,crypto
ETCUSD,SHORT,2025-06-17,16.5083065032959,18.21983055474122,14.796782451850579,1413,False,False,2025-06-22,14.796782451850579,WIN,5.0,crypto
ETCUSD,LONG,2025-07-03,16.982694625854492,15.485328726437212,18.480060525271774,1429,False,False,2025-07-10,18.480060525271774,WIN,7.0,crypto
ETCUSD,LONG,2025-08-08,22.3994083404541,19.91140877829713,24.887407902611073,1465,False,False,2025-08-22,24.887407902611073,WIN,14.0,crypto
ETCUSD,LONG,2025-09-12,21.99758529663086,20.225382269371025,23.769788323890694,1500,False,False,2025-09-15,20.225382269371025,LOSS,3.0,crypto
ETCUSD,LONG,2025-10-06,20.00044822692871,18.405605058967957,21.595291394889465,1524,False,False,2025-10-10,18.405605058967957,LOSS,4.0,crypto
ETCUSD,SHORT,2025-10-27,16.513568878173828,18.530312677958726,14.49682507838893,1545,False,True,2025-11-04,14.49682507838893,WIN,8.0,crypto
ETCUSD,SHORT,2025-11-12,15.288270950317383,17.68988056775285,12.886661332881914,1561,False,True,2025-11-21,12.886661332881914,WIN,9.0,crypto
ETCUSD,SHORT,2025-12-04,13.743213653564453,15.32245230007318,12.163975007055726,1583,False,False,2025-12-15,12.163975007055726,WIN,11.0,crypto
ETCUSD,SHORT,2025-12-29,11.916053771972656,13.068582486404487,10.763525057540825,1608,False,True,2026-01-05,13.068582486404487,LOSS,7.0,crypto
ETCUSD,SHORT,2026-01-12,12.248922348022461,13.292049039757078,11.205795656287844,1622,False,False,2026-01-13,13.292049039757078,LOSS,1.0,crypto
ETCUSD,SHORT,2026-01-19,12.02548885345459,13.179332909771501,10.871644797137678,1629,False,False,2026-01-29,10.871644797137678,WIN,10.0,crypto
ETCUSD,SHORT,2026-02-22,8.518675804138184,9.615061105963537,7.42229050231283,1663,False,True,2026-05-08,9.615061105963537,LOSS,75.0,crypto
HBARUSD,SHORT,2022-07-10,0.06503500044345856,0.07489164186024214,0.05517835902667498,340,False,True,2022-07-20,0.07489164186024214,LOSS,10.0,crypto
HBARUSD,SHORT,2022-08-18,0.0706930011510849,0.07944339556894153,0.06194260673322827,379,False,False,2022-09-01,0.06194260673322827,WIN,14.0,crypto
HBARUSD,LONG,2022-10-11,0.060903001576662064,0.055848625509684315,0.06595737764363982,433,True,False,2022-10-12,0.06595737764363982,WIN,1.0,crypto
HBARUSD,LONG,2022-10-16,0.06138499826192856,0.05514625574824981,0.06762374077560732,438,False,False,2022-11-08,0.05514625574824981,LOSS,23.0,crypto
HBARUSD,LONG,2023-04-14,0.06747999787330627,0.060286179214640835,0.07467381653197172,618,True,False,2023-04-21,0.060286179214640835,LOSS,7.0,crypto
HBARUSD,SHORT,2023-05-29,0.05278899893164635,0.0563386560115107,0.04923934185178199,663,False,True,2023-06-05,0.04923934185178199,WIN,7.0,crypto
HBARUSD,SHORT,2023-07-06,0.04619299992918968,0.050993674357729425,0.04139232550064994,701,False,False,2023-07-13,0.050993674357729425,LOSS,7.0,crypto
HBARUSD,LONG,2023-12-01,0.060878001153469086,0.055105399512944915,0.06665060279399326,849,False,True,2023-12-06,0.06665060279399326,WIN,5.0,crypto
HBARUSD,LONG,2024-03-28,0.11619599908590317,0.09698193587986755,0.1354100622919388,967,False,False,2024-04-12,0.09698193587986755,LOSS,15.0,crypto
HBARUSD,LONG,2024-05-09,0.1106489971280098,0.08838252862746901,0.13291546562855058,1009,False,True,2024-06-07,0.08838252862746901,LOSS,29.0,crypto
HBARUSD,SHORT,2024-07-22,0.07084999978542328,0.07977013425921131,0.061929865311635246,1083,False,True,2024-08-01,0.061929865311635246,WIN,10.0,crypto
HBARUSD,SHORT,2024-09-15,0.05013899877667427,0.05505430160702517,0.04522369594632337,1138,False,True,2024-09-21,0.05505430160702517,LOSS,6.0,crypto
HBARUSD,SHORT,2024-10-05,0.0531340017914772,0.05951425118248425,0.04675375240047016,1158,False,False,2024-10-25,0.04675375240047016,WIN,20.0,crypto
HBARUSD,LONG,2024-12-20,0.27060800790786743,0.19709623844946703,0.34411977736626786,1234,False,True,2025-01-16,0.34411977736626786,WIN,27.0,crypto
HBARUSD,LONG,2025-01-23,0.32718899846076965,0.26317979552047827,0.39119820140106104,1268,False,True,2025-02-02,0.26317979552047827,LOSS,10.0,crypto
HBARUSD,LONG,2025-03-04,0.24156099557876587,0.18742018191959062,0.2957018092379411,1308,True,True,2025-03-11,0.18742018191959062,LOSS,7.0,crypto
HBARUSD,SHORT,2025-03-26,0.19158099591732025,0.22250804686387327,0.16065394497076724,1330,False,True,2025-03-31,0.16065394497076724,WIN,5.0,crypto
HBARUSD,SHORT,2025-04-10,0.16754299402236938,0.20144530741467376,0.133640680630065,1345,False,True,2025-04-25,0.20144530741467376,LOSS,15.0,crypto
HBARUSD,SHORT,2025-06-11,0.17299500107765198,0.1917692833391858,0.15422071881611815,1407,False,False,2025-06-13,0.15422071881611815,WIN,2.0,crypto
HBARUSD,SHORT,2025-06-30,0.15002000331878662,0.1669227730078627,0.13311723362971054,1426,False,True,2025-07-09,0.1669227730078627,LOSS,9.0,crypto
HBARUSD,SHORT,2025-08-05,0.23916499316692352,0.28033397546463157,0.19799601086921548,1462,True,True,2025-10-10,0.19799601086921548,WIN,66.0,crypto
HBARUSD,SHORT,2025-11-11,0.17773699760437012,0.2082276878996548,0.14724630730908544,1560,False,False,2025-11-16,0.14724630730908544,WIN,5.0,crypto
HBARUSD,SHORT,2025-12-04,0.13948799669742584,0.1609614772502305,0.11801451614462119,1583,False,False,2025-12-14,0.11801451614462119,WIN,10.0,crypto
HBARUSD,SHORT,2026-01-11,0.11720400303602219,0.12985713751339265,0.10455086855865173,1621,False,False,2026-01-25,0.10455086855865173,WIN,14.0,crypto
HBARUSD,SHORT,2026-02-23,0.09485500305891037,0.10615221310452606,0.08355779301329468,1664,False,False,2026-05-28,0.08355779301329468,WIN,94.0,crypto
HBARUSD,LONG,2026-07-25,0.07086800038814545,0.06568023979421354,0.07605576098207735,1816,True,False,,,OPEN,,crypto
VETUSD,SHORT,2022-06-26,0.024298999458551407,0.029039415356074922,0.01955858356102789,326,False,False,2022-08-02,0.029039415356074922,LOSS,37.0,crypto
VETUSD,LONG,2022-10-28,0.023517999798059464,0.021765131233390262,0.025270868362728665,450,False,False,2022-11-04,0.025270868362728665,WIN,7.0,crypto
VETUSD,SHORT,2023-01-05,0.01623399928212166,0.01730842514755385,0.015159573416689467,519,False,True,2023-01-09,0.01730842514755385,LOSS,4.0,crypto
VETUSD,LONG,2023-02-10,0.02361699938774109,0.02079200424248901,0.026441994532993167,555,False,True,2023-02-17,0.026441994532993167,WIN,7.0,crypto
VETUSD,LONG,2023-02-26,0.028220999985933304,0.02428519585309104,0.03215680411877557,571,False,True,2023-03-04,0.02428519585309104,LOSS,6.0,crypto
VETUSD,LONG,2023-04-04,0.0241519995033741,0.02143055370865179,0.026873445298096408,608,False,False,2023-04-26,0.02143055370865179,LOSS,22.0,crypto
VETUSD,SHORT,2023-06-04,0.01974800042808056,0.020933813997314338,0.01856218685884678,669,False,False,2023-06-05,0.01856218685884678,WIN,1.0,crypto
VETUSD,SHORT,2023-07-30,0.018717000260949135,0.020061909520793994,0.017372091001104276,725,False,False,2023-08-07,0.017372091001104276,WIN,8.0,crypto
VETUSD,SHORT,2023-08-15,0.017642000690102577,0.01876007891867163,0.016523922461533523,741,False,False,2023-08-17,0.016523922461533523,WIN,2.0,crypto
VETUSD,SHORT,2023-08-30,0.016249999403953552,0.017467963661921673,0.015032035145985431,756,False,True,2023-09-11,0.015032035145985431,WIN,12.0,crypto
VETUSD,SHORT,2023-09-26,0.016536999493837357,0.01769114525430145,0.015382853733373263,783,False,False,2023-10-02,0.01769114525430145,LOSS,6.0,crypto
VETUSD,SHORT,2023-10-09,0.01654200069606304,0.017603873317419624,0.015480128074706459,796,False,False,2023-10-23,0.017603873317419624,LOSS,14.0,crypto
VETUSD,LONG,2023-11-17,0.02102999947965145,0.01884159162680935,0.023218407332493553,835,False,True,2023-11-26,0.023218407332493553,WIN,9.0,crypto
VETUSD,LONG,2023-11-28,0.02161400020122528,0.019361686840072157,0.023866313562378404,846,False,False,2023-12-04,0.023866313562378404,WIN,6.0,crypto
VETUSD,LONG,2024-03-06,0.046959999948740005,0.03888780674397976,0.055032193153500254,945,False,True,2024-03-17,0.03888780674397976,LOSS,11.0,crypto
VETUSD,LONG,2024-03-28,0.04669399932026863,0.039488204974734285,0.05389979366580298,967,False,False,2024-04-05,0.039488204974734285,LOSS,8.0,crypto
VETUSD,LONG,2024-04-10,0.046500999480485916,0.03963403048161136,0.05336796847936047,980,False,False,2024-04-13,0.03963403048161136,LOSS,3.0,crypto
VETUSD,SHORT,2024-05-16,0.03525099903345108,0.03959182282092785,0.03091017524597431,1016,False,False,2024-06-07,0.03091017524597431,WIN,22.0,crypto
VETUSD,SHORT,2024-07-25,0.027347000315785408,0.030774954717712508,0.02391904591385831,1086,False,False,2024-08-03,0.02391904591385831,WIN,9.0,crypto
VETUSD,SHORT,2024-09-11,0.021681999787688255,0.024027386737066284,0.019336612838310226,1134,False,True,2024-09-20,0.024027386737066284,LOSS,9.0,crypto
VETUSD,SHORT,2024-10-07,0.02295299991965294,0.025296266158179256,0.020609733681126622,1160,False,False,2024-11-01,0.020609733681126622,WIN,25.0,crypto
VETUSD,LONG,2024-12-11,0.059376999735832214,0.04545652541923753,0.0732974740524269,1225,False,True,2024-12-19,0.04545652541923753,LOSS,8.0,crypto
VETUSD,LONG,2025-01-21,0.04918399825692177,0.03856075253695265,0.059807243976890884,1266,False,False,2025-02-02,0.03856075253695265,LOSS,12.0,crypto
VETUSD,SHORT,2025-03-20,0.02605300024151802,0.030558664365091744,0.021547336117944297,1324,False,True,2025-04-02,0.021547336117944297,WIN,13.0,crypto
VETUSD,SHORT,2025-04-13,0.022718999534845352,0.02634759818365005,0.019090400886040654,1348,False,True,2025-04-23,0.02634759818365005,LOSS,10.0,crypto
VETUSD,SHORT,2025-05-07,0.02487500011920929,0.02769527121567496,0.022054729022743618,1372,True,False,2025-05-08,0.02769527121567496,LOSS,1.0,crypto
VETUSD,SHORT,2025-05-28,0.027154000476002693,0.030813229612095334,0.023494771339910053,1393,False,False,2025-05-31,0.023494771339910053,WIN,3.0,crypto
VETUSD,SHORT,2025-06-11,0.02501000091433525,0.028042651186368013,0.02197735064230249,1407,False,False,2025-06-13,0.02197735064230249,WIN,2.0,crypto
VETUSD,SHORT,2025-06-30,0.02123199962079525,0.023734991721973124,0.018729007519617376,1426,False,True,2025-07-10,0.023734991721973124,LOSS,10.0,crypto
VETUSD,SHORT,2025-07-31,0.023103000596165657,0.02637607311888376,0.019829928073447554,1457,False,False,2025-08-13,0.02637607311888376,LOSS,13.0,crypto
VETUSD,LONG,2025-08-17,0.02476399950683117,0.021959174157853048,0.02756882485580929,1474,False,False,2025-09-25,0.021959174157853048,LOSS,39.0,crypto
VETUSD,SHORT,2025-10-07,0.02254300005733967,0.02462292356490329,0.020463076549776048,1525,False,False,2025-10-10,0.020463076549776048,WIN,3.0,crypto
VETUSD,SHORT,2025-11-14,0.015456999652087688,0.0180540912350211,0.012859908069154276,1563,False,True,2025-11-21,0.012859908069154276,WIN,7.0,crypto
VETUSD,SHORT,2025-12-28,0.011113000102341175,0.01243554440308016,0.00979045580160219,1607,False,True,2026-01-05,0.01243554440308016,LOSS,8.0,crypto
VETUSD,SHORT,2026-01-12,0.011288999579846859,0.012540936588308729,0.010037062571384989,1622,False,False,2026-01-21,0.010037062571384989,WIN,9.0,crypto
VETUSD,SHORT,2026-02-15,0.008360999636352062,0.009635313792373562,0.007086685480330562,1656,False,True,2026-02-28,0.007086685480330562,WIN,13.0,crypto
VETUSD,SHORT,2026-03-14,0.007139999885112047,0.0079185756848865,0.006361424085337594,1683,False,False,2026-05-07,0.0079185756848865,LOSS,54.0,crypto
VETUSD,LONG,2026-07-06,0.0049680001102387905,0.004464710704566759,0.005471289515910822,1797,False,True,2026-07-29,0.004464710704566759,LOSS,23.0,crypto
ALGOUSD,SHORT,2022-06-26,0.33229801058769226,0.3945455362341426,0.2700504849412419,326,False,False,2022-09-23,0.3945455362341426,LOSS,89.0,crypto
ALGOUSD,LONG,2022-09-29,0.35493800044059753,0.3057243073532707,0.40415169352792435,421,False,False,2022-10-13,0.3057243073532707,LOSS,14.0,crypto
ALGOUSD,LONG,2022-10-28,0.3337869942188263,0.3034623561762899,0.36411163226136267,450,False,False,2022-10-31,0.36411163226136267,WIN,3.0,crypto
ALGOUSD,SHORT,2023-01-05,0.18354399502277374,0.20110178066826379,0.1659862093772837,519,False,True,2023-01-09,0.20110178066826379,LOSS,4.0,crypto
ALGOUSD,SHORT,2023-02-13,0.2446579933166504,0.27598973379943,0.2133262528338708,558,False,False,2023-02-16,0.27598973379943,LOSS,3.0,crypto
ALGOUSD,LONG,2023-04-04,0.21812200546264648,0.19062647274391117,0.2456175381813818,608,False,False,2023-04-20,0.19062647274391117,LOSS,16.0,crypto
ALGOUSD,SHORT,2023-06-22,0.12512899935245514,0.13792310505679117,0.1123348936481191,687,False,True,2023-06-23,0.13792310505679117,LOSS,1.0,crypto
ALGOUSD,SHORT,2023-07-02,0.12373200058937073,0.13770217051150047,0.10976183066724099,697,False,True,2023-07-10,0.10976183066724099,WIN,8.0,crypto
ALGOUSD,SHORT,2023-07-14,0.11331800371408463,0.1278189546956126,0.09881705273255664,709,False,False,2023-08-17,0.09881705273255664,WIN,34.0,crypto
ALGOUSD,SHORT,2023-08-30,0.09683900326490402,0.1049803017788242,0.08869770475098385,756,False,True,2023-09-11,0.08869770475098385,WIN,12.0,crypto
ALGOUSD,SHORT,2023-09-17,0.09492599964141846,0.10172727032601908,0.08812472895681783,774,False,False,2023-09-21,0.10172727032601908,LOSS,4.0,crypto
ALGOUSD,LONG,2023-10-05,0.10023099929094315,0.0926937654464679,0.10776823313541839,792,False,False,2023-10-17,0.0926937654464679,LOSS,12.0,crypto
ALGOUSD,LONG,2023-11-22,0.13239899277687073,0.11206382409226008,0.1527341614614814,840,False,True,2023-12-03,0.1527341614614814,WIN,11.0,crypto
ALGOUSD,LONG,2024-02-10,0.17536300420761108,0.15908068638561856,0.1916453220296036,920,True,True,2024-02-15,0.1916453220296036,WIN,5.0,crypto
ALGOUSD,LONG,2024-02-24,0.1970980018377304,0.1776711062626872,0.21652489741277361,934,True,False,2024-02-28,0.21652489741277361,WIN,4.0,crypto
ALGOUSD,LONG,2024-03-17,0.2754270136356354,0.222488437531482,0.32836558973978874,956,False,True,2024-03-19,0.222488437531482,LOSS,2.0,crypto
ALGOUSD,LONG,2024-03-26,0.28012099862098694,0.23284638379685718,0.3273956134451167,965,False,False,2024-04-02,0.23284638379685718,LOSS,7.0,crypto
ALGOUSD,SHORT,2024-05-18,0.182901993393898,0.2062209642161691,0.15958302257162693,1018,False,False,2024-06-11,0.15958302257162693,WIN,24.0,crypto
ALGOUSD,SHORT,2024-07-03,0.14254799485206604,0.15733197090024423,0.12776401880388785,1064,False,True,2024-07-05,0.12776401880388785,WIN,2.0,crypto
ALGOUSD,SHORT,2024-07-10,0.13935400545597076,0.15698980310613087,0.12171820780581066,1071,False,True,2024-07-15,0.15698980310613087,LOSS,5.0,crypto
ALGOUSD,SHORT,2024-10-15,0.12568700313568115,0.13704326442770995,0.11433074184365236,1168,False,False,2024-10-25,0.11433074184365236,WIN,10.0,crypto
ALGOUSD,SHORT,2024-10-30,0.12074899673461914,0.1316770510749228,0.10982094239431547,1183,False,False,2024-11-03,0.10982094239431547,WIN,4.0,crypto
ALGOUSD,LONG,2024-12-10,0.4251990020275116,0.3091827832800845,0.5412152207749387,1224,False,True,2024-12-20,0.3091827832800845,LOSS,10.0,crypto
ALGOUSD,LONG,2025-01-20,0.42889299988746643,0.3366507842476474,0.5211352155272855,1265,False,False,2025-02-02,0.3366507842476474,LOSS,13.0,crypto
ALGOUSD,SHORT,2025-03-26,0.20685000717639923,0.23887108032724486,0.1748289340255536,1330,False,True,2025-03-31,0.1748289340255536,WIN,5.0,crypto
ALGOUSD,SHORT,2025-04-13,0.18273000419139862,0.2160108461111741,0.14944916227162314,1348,False,False,2025-04-23,0.2160108461111741,LOSS,10.0,crypto
ALGOUSD,SHORT,2025-05-05,0.1994200050830841,0.22568282081373872,0.1731571893524295,1370,False,False,2025-05-08,0.22568282081373872,LOSS,3.0,crypto
ALGOUSD,SHORT,2025-05-28,0.217289999127388,0.24588631394697147,0.18869368430780453,1393,False,False,2025-05-31,0.18869368430780453,WIN,3.0,crypto
ALGOUSD,SHORT,2025-06-11,0.1971919983625412,0.22111808738486485,0.17326590934021754,1407,False,False,2025-06-13,0.17326590934021754,WIN,2.0,crypto
ALGOUSD,SHORT,2025-06-25,0.17565099895000458,0.1981560082749513,0.15314598962505785,1421,False,True,2025-07-10,0.1981560082749513,LOSS,15.0,crypto
ALGOUSD,SHORT,2025-08-01,0.23660700023174286,0.2779794307455039,0.1952345697179818,1458,False,True,2025-08-11,0.2779794307455039,LOSS,10.0,crypto
ALGOUSD,LONG,2025-08-12,0.271261990070343,0.2326033661093826,0.30992061403130344,1469,False,False,2025-08-30,0.2326033661093826,LOSS,18.0,crypto
ALGOUSD,LONG,2025-09-12,0.24838800728321075,0.22445385521925793,0.2723221593471636,1500,True,False,2025-09-22,0.22445385521925793,LOSS,10.0,crypto
ALGOUSD,SHORT,2025-10-14,0.20544099807739258,0.24231062122796115,0.168571374926824,1532,False,True,2025-10-30,0.168571374926824,WIN,16.0,crypto
ALGOUSD,SHORT,2025-11-08,0.1777919977903366,0.20503854486851664,0.15054545071215658,1557,False,True,2025-11-17,0.15054545071215658,WIN,9.0,crypto
ALGOUSD,SHORT,2025-12-10,0.13519899547100067,0.15153339443786126,0.11886459650414008,1589,False,True,2025-12-14,0.11886459650414008,WIN,4.0,crypto
ALGOUSD,SHORT,2025-12-28,0.11979100108146667,0.13201544426118472,0.10756655790174863,1607,False,True,2026-01-04,0.13201544426118472,LOSS,7.0,crypto
ALGOUSD,SHORT,2026-01-18,0.12286199629306793,0.1368388922872476,0.10888510029888826,1628,False,False,2026-01-31,0.10888510029888826,WIN,13.0,crypto
ALGOUSD,SHORT,2026-02-26,0.0880730003118515,0.09915896156531988,0.07698703905838312,1667,False,True,2026-04-01,0.09915896156531988,LOSS,34.0,crypto
ALGOUSD,LONG,2026-05-02,0.11280299723148346,0.10114820700895602,0.1244577874540109,1732,False,False,2026-05-07,0.1244577874540109,WIN,5.0,crypto
ALGOUSD,LONG,2026-05-14,0.11861199885606766,0.10515664001732271,0.1320673576948126,1744,False,True,2026-05-28,0.10515664001732271,LOSS,14.0,crypto
ALGOUSD,LONG,2026-05-30,0.12400200217962265,0.10886407973957381,0.1391399246196715,1760,False,False,2026-06-03,0.10886407973957381,LOSS,4.0,crypto
SANDUSD,SHORT,2022-07-02,1.042673945426941,1.289838694970994,0.7955091958828879,332,False,False,2022-07-07,1.289838694970994,LOSS,5.0,crypto
SANDUSD,SHORT,2022-08-17,1.2150390148162842,1.384714573199454,1.0453634564331145,378,False,False,2022-08-19,1.0453634564331145,WIN,2.0,crypto
SANDUSD,SHORT,2022-09-11,0.9746459722518921,1.089895563901469,0.8593963806023153,403,False,True,2022-09-15,0.8593963806023153,WIN,4.0,crypto
SANDUSD,SHORT,2022-09-24,0.8894550204277039,1.006600134450571,0.7723099064048367,416,False,True,2022-10-13,0.7723099064048367,WIN,19.0,crypto
SANDUSD,LONG,2022-10-29,0.8114699721336365,0.73928767925157,0.8836522650157029,451,False,True,2022-10-30,0.8836522650157029,WIN,1.0,crypto
SANDUSD,LONG,2023-02-11,0.7471789717674255,0.6111412481821517,0.8832166953526994,556,False,True,2023-02-20,0.8832166953526994,WIN,9.0,crypto
SANDUSD,LONG,2023-03-21,0.6748350262641907,0.5679363479943381,0.7817337045340432,594,False,False,2023-04-25,0.5679363479943381,LOSS,35.0,crypto
SANDUSD,LONG,2023-06-01,0.5533769726753235,0.5020178127845301,0.6047361325661169,666,True,False,2023-06-04,0.6047361325661169,WIN,3.0,crypto
SANDUSD,SHORT,2023-06-22,0.4162609875202179,0.4692945970933598,0.363227377947076,687,False,True,2023-07-13,0.4692945970933598,LOSS,21.0,crypto
SANDUSD,SHORT,2023-07-30,0.4310680031776428,0.46685786289041076,0.3952781434648749,725,False,False,2023-08-04,0.3952781434648749,WIN,5.0,crypto
SANDUSD,SHORT,2023-09-20,0.3005079925060272,0.32247482069671735,0.2785411643153371,777,False,True,2023-10-01,0.32247482069671735,LOSS,11.0,crypto
SANDUSD,SHORT,2023-10-17,0.2873939871788025,0.3036523442837918,0.2711356300738132,804,False,False,2023-10-21,0.3036523442837918,LOSS,4.0,crypto
SANDUSD,LONG,2023-11-28,0.41411900520324707,0.35996467848586305,0.4682733319206311,846,False,True,2023-12-08,0.4682733319206311,WIN,10.0,crypto
SANDUSD,LONG,2024-02-12,0.4821000099182129,0.44178477032786306,0.5224152495085628,922,False,False,2024-02-19,0.5224152495085628,WIN,7.0,crypto
SANDUSD,LONG,2024-02-22,0.49959099292755127,0.45084270918981645,0.5483392766652861,932,False,False,2024-02-27,0.5483392766652861,WIN,5.0,crypto
SANDUSD,LONG,2024-03-24,0.6824169754981995,0.5655110464048554,0.7993229045915435,963,False,False,2024-04-12,0.5655110464048554,LOSS,19.0,crypto
SANDUSD,SHORT,2024-05-16,0.43673399090766907,0.48807277645917824,0.3853952053561599,1016,False,True,2024-06-06,0.48807277645917824,LOSS,21.0,crypto
SANDUSD,SHORT,2024-07-25,0.3069019913673401,0.3444018562374621,0.26940212649721806,1086,False,True,2024-08-03,0.26940212649721806,WIN,9.0,crypto
SANDUSD,SHORT,2024-09-16,0.24266000092029572,0.26808271748341833,0.2172372843571731,1139,False,True,2024-09-19,0.26808271748341833,LOSS,3.0,crypto
SANDUSD,SHORT,2024-10-07,0.25468701124191284,0.2821289506999574,0.22724507178386827,1160,False,False,2024-10-19,0.2821289506999574,LOSS,12.0,crypto
SANDUSD,LONG,2024-11-15,0.2905369997024536,0.2531091918150614,0.3279648075898458,1199,False,False,2024-11-16,0.3279648075898458,WIN,1.0,crypto
SANDUSD,LONG,2024-12-15,0.7515890002250671,0.5658315419568749,0.9373464584932594,1229,False,True,2024-12-19,0.5658315419568749,LOSS,4.0,crypto
SANDUSD,LONG,2025-01-17,0.6694309711456299,0.5566221352370113,0.7822398070542484,1262,False,False,2025-01-19,0.5566221352370113,LOSS,2.0,crypto
SANDUSD,SHORT,2025-04-13,0.2582690119743347,0.29658402391824495,0.21995400003042448,1348,False,True,2025-04-23,0.29658402391824495,LOSS,10.0,crypto
SANDUSD,SHORT,2025-05-19,0.31116700172424316,0.3577535118894685,0.2645804915590178,1384,False,False,2025-05-31,0.2645804915590178,WIN,12.0,crypto
SANDUSD,SHORT,2025-06-12,0.2735460102558136,0.30835349855221655,0.23873852195941064,1408,False,False,2025-06-21,0.23873852195941064,WIN,9.0,crypto
SANDUSD,SHORT,2025-07-04,0.2412630021572113,0.2712511026074763,0.2112749017069463,1430,False,False,2025-07-10,0.2712511026074763,LOSS,6.0,crypto
SANDUSD,LONG,2025-07-25,0.3042530119419098,0.2622750666383289,0.3462309572454907,1451,False,True,2025-08-01,0.2622750666383289,LOSS,7.0,crypto
SANDUSD,LONG,2025-08-12,0.30104899406433105,0.26491798116038456,0.33718000696827755,1469,False,False,2025-09-01,0.26491798116038456,LOSS,20.0,crypto
SANDUSD,LONG,2025-09-07,0.2881630063056946,0.2585521609442957,0.3177738516670935,1495,False,False,2025-09-13,0.3177738516670935,WIN,6.0,crypto
SANDUSD,LONG,2025-09-16,0.3017120063304901,0.2710276987967787,0.33239631386420154,1504,False,False,2025-09-22,0.2710276987967787,LOSS,6.0,crypto
SANDUSD,LONG,2025-10-06,0.28599900007247925,0.25934553756011114,0.31265246258484736,1524,False,False,2025-10-09,0.25934553756011114,LOSS,3.0,crypto
SANDUSD,SHORT,2025-11-08,0.20461399853229523,0.23804601897762026,0.1711819780869702,1557,False,True,2025-11-17,0.1711819780869702,WIN,9.0,crypto
SANDUSD,SHORT,2026-01-03,0.11881499737501144,0.13206351585711198,0.1055664788929109,1613,False,True,2026-01-17,0.13206351585711198,LOSS,14.0,crypto
SANDUSD,SHORT,2026-01-28,0.12305600196123123,0.1481605866879775,0.09795141723448497,1638,False,True,2026-02-01,0.09795141723448497,WIN,4.0,crypto
SANDUSD,SHORT,2026-02-26,0.0850289985537529,0.09909607311840174,0.07096192398910406,1667,False,True,2026-05-17,0.07096192398910406,WIN,80.0,crypto
MANAUSD,SHORT,2022-06-22,0.8369699716567993,1.033078652004208,0.6408612913093907,322,False,True,2022-06-25,1.033078652004208,LOSS,3.0,crypto
MANAUSD,SHORT,2022-07-05,0.874114990234375,1.0365873945629909,0.7116425859057591,335,False,False,2022-07-30,1.0365873945629909,LOSS,25.0,crypto
MANAUSD,SHORT,2022-08-18,0.9263520240783691,1.0564401120723328,0.7962639360844055,379,False,False,2022-08-26,0.7962639360844055,WIN,8.0,crypto
MANAUSD,SHORT,2022-09-11,0.8034719824790955,0.8890758623633587,0.7178681025948322,403,False,False,2022-09-15,0.7178681025948322,WIN,4.0,crypto
MANAUSD,LONG,2022-10-30,0.6718810200691223,0.6116681369747239,0.7320939031635207,452,False,True,2022-11-02,0.6116681369747239,LOSS,3.0,crypto
MANAUSD,LONG,2022-11-04,0.6969429850578308,0.6312033350320276,0.762682635083634,457,False,True,2022-11-08,0.6312033350320276,LOSS,4.0,crypto
MANAUSD,SHORT,2023-01-05,0.32087698578834534,0.35035602108087976,0.2913979504958109,519,False,True,2023-01-07,0.35035602108087976,LOSS,2.0,crypto
MANAUSD,LONG,2023-02-20,0.7424420118331909,0.6319019201888045,0.8529821034775773,565,False,True,2023-02-25,0.6319019201888045,LOSS,5.0,crypto
MANAUSD,LONG,2023-03-21,0.6199629902839661,0.5203829472949562,0.719543033272976,594,False,False,2023-05-01,0.5203829472949562,LOSS,41.0,crypto
MANAUSD,SHORT,2023-05-29,0.47843098640441895,0.5191788506029614,0.43768312220587646,663,False,False,2023-06-04,0.5191788506029614,LOSS,6.0,crypto
MANAUSD,SHORT,2023-06-05,0.45780399441719055,0.5078789344183665,0.4077290544160146,670,False,False,2023-06-09,0.4077290544160146,WIN,4.0,crypto
MANAUSD,SHORT,2023-06-22,0.3681829869747162,0.41273304318048015,0.3236329307689522,687,False,True,2023-06-24,0.41273304318048015,LOSS,2.0,crypto
MANAUSD,SHORT,2023-07-09,0.3798370063304901,0.42158162470796456,0.33809238795301566,704,False,False,2023-07-13,0.42158162470796456,LOSS,4.0,crypto
MANAUSD,SHORT,2023-07-24,0.3871450126171112,0.4260869714864308,0.3482030537477916,719,False,False,2023-08-15,0.3482030537477916,WIN,22.0,crypto
MANAUSD,SHORT,2023-09-17,0.2889220118522644,0.3114597735359521,0.2663842501685767,774,False,True,2023-09-29,0.3114597735359521,LOSS,12.0,crypto
MANAUSD,SHORT,2023-10-07,0.2989419996738434,0.3196155008753298,0.27826849847235696,794,False,False,2023-10-09,0.27826849847235696,WIN,2.0,crypto
MANAUSD,SHORT,2023-10-17,0.2810629904270172,0.29947765073385846,0.26264833012017597,804,False,False,2023-10-21,0.29947765073385846,LOSS,4.0,crypto
MANAUSD,LONG,2023-11-19,0.43126600980758667,0.3727963195262884,0.48973570008888495,837,False,True,2023-12-06,0.48973570008888495,WIN,17.0,crypto
MANAUSD,LONG,2023-12-16,0.5021020174026489,0.4427622277366339,0.561441807068664,864,False,True,2023-12-25,0.561441807068664,WIN,9.0,crypto
MANAUSD,LONG,2023-12-30,0.5167279839515686,0.4515702059472144,0.5818857619559228,878,False,True,2024-01-03,0.4515702059472144,LOSS,4.0,crypto
MANAUSD,LONG,2024-02-22,0.4874640107154846,0.43906570930656136,0.5358623121244079,932,True,False,2024-02-26,0.5358623121244079,WIN,4.0,crypto
MANAUSD,LONG,2024-03-26,0.6916409730911255,0.5838158482538972,0.7994660979283538,965,False,False,2024-04-02,0.5838158482538972,LOSS,7.0,crypto
MANAUSD,SHORT,2024-05-19,0.4201050102710724,0.46592715564450565,0.3742828648976391,1019,False,True,2024-05-20,0.46592715564450565,LOSS,1.0,crypto
MANAUSD,SHORT,2024-06-02,0.4418469965457916,0.4871099118825968,0.39658408120898647,1033,True,False,2024-06-11,0.39658408120898647,WIN,9.0,crypto
MANAUSD,SHORT,2024-07-25,0.3208869993686676,0.3605682325702491,0.2812057661670861,1086,True,True,2024-08-03,0.2812057661670861,WIN,9.0,crypto
MANAUSD,SHORT,2024-09-11,0.26673299074172974,0.2963645292637604,0.23710145221969908,1134,False,True,2024-09-20,0.2963645292637604,LOSS,9.0,crypto
MANAUSD,SHORT,2024-10-07,0.2912200093269348,0.3226408044839395,0.2597992141699301,1160,False,False,2024-10-18,0.3226408044839395,LOSS,11.0,crypto
MANAUSD,LONG,2024-12-11,0.6551719903945923,0.5018691068221885,0.808474873966996,1225,False,True,2024-12-19,0.5018691068221885,LOSS,8.0,crypto
MANAUSD,LONG,2025-01-17,0.5654029846191406,0.48315067780907206,0.6476552914292092,1262,False,False,2025-01-19,0.48315067780907206,LOSS,2.0,crypto
MANAUSD,SHORT,2025-05-20,0.3224889934062958,0.36990296024110386,0.2750750265714877,1385,False,True,2025-05-30,0.2750750265714877,WIN,10.0,crypto
MANAUSD,SHORT,2025-06-11,0.29065999388694763,0.32635355579332814,0.2549664319805671,1407,False,False,2025-06-13,0.2549664319805671,WIN,2.0,crypto
MANAUSD,LONG,2025-07-06,0.2657560110092163,0.23510178575431515,0.29641023626411744,1432,False,False,2025-07-10,0.29641023626411744,WIN,4.0,crypto
MANAUSD,LONG,2025-07-25,0.31710299849510193,0.27389586605523886,0.360310130934965,1451,False,True,2025-08-01,0.27389586605523886,LOSS,7.0,crypto
MANAUSD,LONG,2025-08-12,0.31001800298690796,0.27291591549775396,0.34712009047606196,1469,False,False,2025-08-19,0.27291591549775396,LOSS,7.0,crypto
MANAUSD,LONG,2025-09-03,0.31154200434684753,0.27682951176403714,0.34625449692965793,1491,False,False,2025-09-13,0.34625449692965793,WIN,10.0,crypto
MANAUSD,SHORT,2025-11-09,0.23381400108337402,0.2715581318858827,0.19606987028086537,1558,False,True,2025-11-16,0.19606987028086537,WIN,7.0,crypto
MANAUSD,SHORT,2026-02-26,0.09703899919986725,0.11181388248613462,0.08226411591359988,1667,False,True,2026-03-27,0.08226411591359988,WIN,29.0,crypto
MANAUSD,SHORT,2026-04-02,0.08495199680328369,0.09389423308976722,0.07600976051680017,1702,False,False,2026-04-09,0.09389423308976722,LOSS,7.0,crypto
MANAUSD,LONG,2026-05-14,0.09578800201416016,0.08728482236683287,0.10429118166148744,1744,False,False,2026-05-17,0.08728482236683287,LOSS,3.0,crypto
MANAUSD,LONG,2026-07-08,0.07400400191545486,0.06504729785731997,0.08296070597358976,1799,True,True,,,OPEN,,crypto
AAVEUSD,SHORT,2022-06-25,70.0444564819336,89.65334368645227,50.43556927741491,325,False,False,2022-07-14,89.65334368645227,LOSS,19.0,crypto
AAVEUSD,LONG,2022-11-03,83.77227783203125,75.46676646031395,92.07778920374855,456,False,False,2022-11-04,92.07778920374855,WIN,1.0,crypto
AAVEUSD,LONG,2022-11-07,87.45258331298828,77.15752486538784,97.74764176058872,460,False,False,2022-11-08,77.15752486538784,LOSS,1.0,crypto
AAVEUSD,LONG,2022-12-02,65.65015411376953,57.36029482361454,73.94001340392452,485,True,True,2022-12-16,57.36029482361454,LOSS,14.0,crypto
AAVEUSD,SHORT,2023-01-05,55.38762664794922,60.24483394585927,50.53041935003917,519,False,False,2023-01-09,60.24483394585927,LOSS,4.0,crypto
AAVEUSD,LONG,2023-02-23,85.5428237915039,75.15644605183833,95.92920153116948,568,False,False,2023-03-03,75.15644605183833,LOSS,8.0,crypto
AAVEUSD,LONG,2023-03-17,80.65516662597656,70.44320423297599,90.86712901897714,590,False,False,2023-03-25,70.44320423297599,LOSS,8.0,crypto
AAVEUSD,LONG,2023-04-05,78.30919647216797,70.56420492409538,86.05418802024056,609,False,False,2023-04-21,70.56420492409538,LOSS,16.0,crypto
AAVEUSD,SHORT,2023-05-24,63.981502532958984,68.76050357353793,59.20250149238004,658,False,False,2023-05-28,68.76050357353793,LOSS,4.0,crypto
AAVEUSD,SHORT,2023-07-24,70.2786865234375,78.31547860564277,62.24189444123223,719,False,True,2023-08-01,62.24189444123223,WIN,8.0,crypto
AAVEUSD,SHORT,2023-10-15,63.9854621887207,68.98279957270776,58.988124804733644,802,False,False,2023-10-20,68.98279957270776,LOSS,5.0,crypto
AAVEUSD,LONG,2023-11-15,95.43028259277344,82.21530311866037,108.6452620668865,833,False,True,2023-12-15,108.6452620668865,WIN,30.0,crypto
AAVEUSD,LONG,2023-12-19,101.29205322265625,88.43521277754824,114.14889366776426,867,False,False,2023-12-28,114.14889366776426,WIN,9.0,crypto
AAVEUSD,LONG,2024-01-13,105.99298858642578,88.94217507518118,123.04380209767038,892,False,False,2024-01-23,88.94217507518118,LOSS,10.0,crypto
AAVEUSD,LONG,2024-02-14,91.09717559814453,82.96207018066767,99.2322810156214,924,False,False,2024-02-23,99.2322810156214,WIN,9.0,crypto
AAVEUSD,SHORT,2024-03-19,109.33000183105469,132.77047007787957,85.88953358422981,958,True,False,2024-04-09,132.77047007787957,LOSS,21.0,crypto
AAVEUSD,LONG,2024-04-10,128.23216247558594,111.45891522901434,145.00540972215754,980,False,False,2024-04-12,111.45891522901434,LOSS,2.0,crypto
AAVEUSD,SHORT,2024-05-06,87.94801330566406,100.36249674875558,75.53352986257255,1006,False,True,2024-05-24,100.36249674875558,LOSS,18.0,crypto
AAVEUSD,SHORT,2024-08-07,98.28394317626953,116.21399305290277,80.3538932996363,1099,False,False,2024-08-17,116.21399305290277,LOSS,10.0,crypto
AAVEUSD,LONG,2024-09-08,125.68956756591797,105.73957642045161,145.63955871138432,1131,False,False,2024-09-10,145.63955871138432,WIN,2.0,crypto
AAVEUSD,LONG,2024-09-18,141.42123413085938,122.07772310691855,160.7647451548002,1141,False,True,2024-09-22,160.7647451548002,WIN,4.0,crypto
AAVEUSD,LONG,2024-10-18,158.88973999023438,142.00628233479728,175.77319764567147,1171,False,False,2024-10-25,142.00628233479728,LOSS,7.0,crypto
AAVEUSD,LONG,2024-11-16,168.69981384277344,141.8651148291294,195.53451285641748,1200,False,False,2024-11-27,195.53451285641748,WIN,11.0,crypto
AAVEUSD,LONG,2024-12-22,317.4869689941406,247.53403923662592,387.43989875165533,1236,False,True,2024-12-23,387.43989875165533,WIN,1.0,crypto
AAVEUSD,LONG,2024-12-28,353.5395202636719,281.8364817709104,425.24255875643337,1242,False,True,2025-01-08,281.8364817709104,LOSS,11.0,crypto
AAVEUSD,LONG,2025-01-20,337.0227966308594,273.9685588190709,400.07703444264786,1265,False,False,2025-02-02,273.9685588190709,LOSS,13.0,crypto
AAVEUSD,SHORT,2025-03-25,186.70455932617188,216.3259099665665,157.08320868577724,1329,False,False,2025-03-31,157.08320868577724,WIN,6.0,crypto
AAVEUSD,SHORT,2025-06-19,255.8009033203125,293.2290737668365,218.3727328737885,1415,False,False,2025-06-22,218.3727328737885,WIN,3.0,crypto
AAVEUSD,SHORT,2025-06-25,255.60366821289062,295.5533100266517,215.65402639912958,1421,False,False,2025-07-09,295.5533100266517,LOSS,14.0,crypto
AAVEUSD,LONG,2025-08-09,308.0063781738281,274.77144395804953,341.2413123896067,1466,False,False,2025-08-22,341.2413123896067,WIN,13.0,crypto
AAVEUSD,LONG,2025-08-29,319.5519104003906,276.7508598971469,362.35296090363437,1486,False,False,2025-09-22,276.7508598971469,LOSS,24.0,crypto
AAVEUSD,SHORT,2025-10-07,276.5096740722656,306.2531273726277,246.76622077190353,1525,False,False,2025-10-10,246.76622077190353,WIN,3.0,crypto
AAVEUSD,SHORT,2025-10-27,235.23468017578125,272.94126700707346,197.52809334448904,1545,False,True,2025-11-04,197.52809334448904,WIN,8.0,crypto
AAVEUSD,SHORT,2025-11-11,207.57310485839844,245.2781284381242,169.86808127867266,1560,False,True,2025-11-16,169.86808127867266,WIN,5.0,crypto
AAVEUSD,SHORT,2025-11-29,182.37551879882812,209.18486992787388,155.56616766978237,1578,False,True,2025-12-22,155.56616766978237,WIN,23.0,crypto
AAVEUSD,SHORT,2026-02-15,125.91698455810547,145.14278397388952,106.69118514232142,1656,False,True,2026-02-28,106.69118514232142,WIN,13.0,crypto
AAVEUSD,SHORT,2026-03-03,111.21150207519531,129.64011115720692,92.78289299318371,1672,False,True,2026-04-02,92.78289299318371,WIN,30.0,crypto
AAVEUSD,SHORT,2026-04-28,96.51234436035156,108.39303408829359,84.63165463240954,1728,False,False,2026-05-23,84.63165463240954,WIN,25.0,crypto
AAVEUSD,LONG,2026-06-18,74.73407745361328,65.66222855341488,83.80592635381169,1779,False,True,2026-06-25,83.80592635381169,WIN,7.0,crypto
AAVEUSD,LONG,2026-07-21,95.57212829589844,86.05011237207175,105.09414421972512,1812,False,False,,,OPEN,,crypto
UNIUSD,SHORT,2022-07-17,0.00010399999882793054,0.00011465343002536466,9.334656763049642e-05,347,False,False,2022-07-19,0.00011465343002536466,LOSS,2.0,crypto
UNIUSD,SHORT,2022-08-09,9.300000237999484e-05,0.00010181639631528482,8.418360844470486e-05,370,False,False,2022-08-18,0.00010181639631528482,LOSS,9.0,crypto
UNIUSD,SHORT,2022-09-06,9.40000027185306e-05,0.00010227766189772493,8.572234353933626e-05,398,False,False,2022-09-09,0.00010227766189772493,LOSS,3.0,crypto
UNIUSD,SHORT,2023-02-09,0.00024199999461416155,0.0003475364675921606,0.0001364635216361625,554,False,True,2023-02-19,0.0003475364675921606,LOSS,10.0,crypto
UNIUSD,SHORT,2023-03-15,0.0005779999773949385,0.0006830416663941772,0.0004729582883956998,588,False,True,2023-03-30,0.0006830416663941772,LOSS,15.0,crypto
UNIUSD,SHORT,2023-05-29,0.00011100000119768083,0.0001192046146319284,0.00010279538776343327,663,False,True,2023-06-05,0.00010279538776343327,WIN,7.0,crypto
UNIUSD,SHORT,2023-06-18,0.0001049999991664663,0.00011155894249152853,9.844105584140407e-05,683,False,True,2023-06-20,0.00011155894249152853,LOSS,2.0,crypto
UNIUSD,LONG,2023-10-06,0.00016799999866634607,0.0001572614821432679,0.00017873851518942425,793,True,False,2023-10-20,0.00017873851518942425,WIN,14.0,crypto
UNIUSD,LONG,2024-02-08,0.00018600000475998968,0.0001724435001991433,0.00019955650932083606,918,False,False,2024-02-12,0.00019955650932083606,WIN,4.0,crypto
UNIUSD,SHORT,2024-03-12,0.00022899999748915434,0.0002749498716124326,0.00018305012336587609,951,False,True,2024-04-09,0.0002749498716124326,LOSS,28.0,crypto
UNIUSD,SHORT,2024-04-24,0.00019299999985378236,0.0003700933727687853,1.590662693877942e-05,994,False,True,2024-05-24,0.0003700933727687853,LOSS,30.0,crypto
UNIUSD,SHORT,2024-08-02,0.0001230000052601099,0.00013406230310165947,0.00011193770741856033,1094,True,True,2024-08-05,0.00011193770741856033,WIN,3.0,crypto
UNIUSD,SHORT,2024-08-09,0.00012199999764561653,0.00013557661251683195,0.00010842338277440111,1101,True,True,2024-09-06,0.00010842338277440111,WIN,28.0,crypto
UNIUSD,SHORT,2024-09-11,0.00011500000255182385,0.00012418184421526034,0.00010581816088838737,1134,False,False,2024-09-19,0.00012418184421526034,LOSS,8.0,crypto
UNIUSD,LONG,2024-10-26,0.00013499999477062374,0.0001277451012796484,0.0001422548882615991,1179,False,False,2024-10-29,0.0001422548882615991,WIN,3.0,crypto
UNIUSD,LONG,2024-11-05,0.00014000000373926014,0.00013157494010572826,0.000148425067372792,1189,False,False,2024-11-06,0.000148425067372792,WIN,1.0,crypto
UNIUSD,LONG,2025-01-29,0.00020900000527035445,0.00019255899980630422,0.00022544101073440468,1274,False,False,2025-02-03,0.00019255899980630422,LOSS,5.0,crypto
UNIUSD,SHORT,2025-03-29,0.00016599999798927456,0.00017897620699970355,0.00015302378897884557,1333,False,False,2025-04-07,0.00015302378897884557,WIN,9.0,crypto
UNIUSD,SHORT,2025-04-10,0.00015999999595806003,0.00017600520696863748,0.00014399478494748257,1345,False,False,,,OPEN,,crypto
MKRUSD,SHORT,2022-06-29,911.2354736328125,1103.8583996747677,718.6125475908573,329,False,False,2022-07-28,1103.8583996747677,LOSS,29.0,crypto
MKRUSD,SHORT,2022-08-15,998.8894653320312,1134.6924458840476,863.0864847800149,376,False,False,2022-08-19,863.0864847800149,WIN,4.0,crypto
MKRUSD,LONG,2023-02-17,726.03759765625,632.7132440530867,819.3619512594133,562,False,True,2023-03-01,819.3619512594133,WIN,12.0,crypto
MKRUSD,LONG,2023-03-13,911.468505859375,739.2904610593275,1083.6465506594225,586,False,True,2023-03-15,739.2904610593275,LOSS,2.0,crypto
MKRUSD,LONG,2023-04-10,725.8758544921875,648.3329825655744,803.4187264188006,614,False,False,2023-04-17,803.4187264188006,WIN,7.0,crypto
MKRUSD,LONG,2023-06-02,663.088134765625,625.0156857433535,701.1605837878965,667,True,False,2023-06-04,701.1605837878965,WIN,2.0,crypto
MKRUSD,LONG,2023-06-06,650.2938232421875,605.818463734143,694.769182750232,671,False,False,2023-06-10,605.818463734143,LOSS,4.0,crypto
MKRUSD,LONG,2023-09-05,1133.2359619140625,1011.1882018956136,1255.2837219325115,762,False,False,2023-09-15,1255.2837219325115,WIN,10.0,crypto
MKRUSD,LONG,2023-10-11,1399.3125,1276.7511147492428,1521.8738852507572,798,False,False,2023-10-23,1521.8738852507572,WIN,12.0,crypto
MKRUSD,LONG,2023-10-28,1441.7015380859375,1305.988636688406,1577.414439483469,815,False,True,2023-11-01,1305.988636688406,LOSS,4.0,crypto
MKRUSD,LONG,2023-11-18,1366.193603515625,1224.2426099527881,1508.1445970784619,836,True,False,2023-11-27,1508.1445970784619,WIN,9.0,crypto
MKRUSD,SHORT,2023-12-09,1430.7161865234375,1534.2554350415112,1327.1769380053638,857,False,True,2023-12-11,1327.1769380053638,WIN,2.0,crypto
MKRUSD,LONG,2024-01-29,1974.5030517578125,1775.3981189207204,2173.6079845949043,908,False,True,2024-02-18,2173.6079845949043,WIN,20.0,crypto
MKRUSD,LONG,2024-03-01,2107.82568359375,1928.9434477741554,2286.707919413345,940,False,False,2024-03-05,1928.9434477741554,LOSS,4.0,crypto
MKRUSD,LONG,2024-03-06,2082.189453125,1854.1737566223442,2310.205149627656,945,False,False,2024-03-09,2310.205149627656,WIN,3.0,crypto
MKRUSD,SHORT,2024-06-22,2357.272705078125,2646.9692955397577,2067.5761146164923,1053,False,True,2024-06-27,2646.9692955397577,LOSS,5.0,crypto
MKRUSD,SHORT,2024-07-04,2226.014892578125,2525.488925386209,1926.5408597700412,1065,False,False,2024-07-12,2525.488925386209,LOSS,8.0,crypto
MKRUSD,SHORT,2024-07-28,2635.9921875,2953.8297353630237,2318.1546396369763,1089,False,False,2024-08-03,2318.1546396369763,WIN,6.0,crypto
MKRUSD,SHORT,2024-08-27,1968.2374267578125,2219.4767796509423,1716.9980738646827,1119,False,False,2024-08-30,1716.9980738646827,WIN,3.0,crypto
MKRUSD,SHORT,2024-09-22,1582.6591796875,1752.806980851822,1412.511378523178,1145,False,True,2024-10-03,1412.511378523178,WIN,11.0,crypto
MKRUSD,SHORT,2024-11-02,1210.0478515625,1343.0374006042293,1077.0583025207707,1186,False,True,2024-11-06,1343.0374006042293,LOSS,4.0,crypto
MKRUSD,LONG,2025-02-19,1173.752197265625,1029.6207900476543,1317.8836044835957,1295,False,True,2025-02-20,1317.8836044835957,WIN,1.0,crypto
MKRUSD,SHORT,2025-03-21,1227.11376953125,1440.656970377855,1013.570568684645,1325,False,False,2025-03-27,1440.656970377855,LOSS,6.0,crypto
MKRUSD,SHORT,2025-04-06,1146.754150390625,1356.8132874238638,936.6950133573862,1341,False,False,2025-04-09,1356.8132874238638,LOSS,3.0,crypto
MKRUSD,SHORT,2025-04-10,1288.7891845703125,1534.3180293088656,1043.2603398317594,1345,False,False,2025-04-27,1534.3180293088656,LOSS,17.0,crypto
MKRUSD,LONG,2025-05-07,1514.077880859375,1355.0944617662335,1673.0612999525165,1372,False,False,2025-05-08,1673.0612999525165,WIN,1.0,crypto
MKRUSD,LONG,2025-05-18,1749.923828125,1526.3667312685975,1973.4809249814025,1383,False,True,2025-05-31,1526.3667312685975,LOSS,13.0,crypto
MKRUSD,LONG,2025-06-07,1767.552978515625,1531.9171704348194,2003.1887865964306,1403,False,False,2025-06-10,2003.1887865964306,WIN,3.0,crypto
MKRUSD,LONG,2025-06-28,1921.29833984375,1628.4220194484417,2214.1746602390585,1424,False,False,2025-07-25,2214.1746602390585,WIN,27.0,crypto
MKRUSD,SHORT,2025-10-21,1720.7354736328125,2116.1017570394374,1325.3691902261876,1539,False,True,2025-11-22,1325.3691902261876,WIN,32.0,crypto
MKRUSD,SHORT,2025-11-24,1494.857177734375,1872.5592054414833,1117.1551500272667,1573,False,True,2025-11-30,1872.5592054414833,LOSS,6.0,crypto
MKRUSD,SHORT,2025-12-26,1457.008056640625,1736.7328651731987,1177.2832481080513,1605,False,True,2026-02-09,1736.7328651731987,LOSS,45.0,crypto
MKRUSD,SHORT,2026-02-21,1529.4127197265625,1745.50075354131,1313.324685911815,1662,True,False,2026-02-25,1745.50075354131,LOSS,4.0,crypto
MKRUSD,SHORT,2026-03-22,1699.9019775390625,1934.7534954919631,1465.0504595861619,1691,True,False,2026-04-22,1934.7534954919631,LOSS,31.0,crypto
MKRUSD,LONG,2026-04-30,1835.7340087890625,1589.7065795017506,2081.7614380763744,1730,False,True,2026-05-27,1589.7065795017506,LOSS,27.0,crypto
MKRUSD,SHORT,2026-07-09,1360.3397216796875,1706.7400507292452,1013.9393926301298,1800,False,False,2026-07-11,1706.7400507292452,LOSS,2.0,crypto
MKRUSD,SHORT,2026-07-27,1349.66064453125,1764.146142890949,935.175146171551,1818,True,True,,,OPEN,,crypto
EOSUSD,SHORT,2022-07-05,0.9724019765853882,1.1021542372543827,0.8426497159163937,335,False,True,2022-07-22,1.1021542372543827,LOSS,17.0,crypto
EOSUSD,LONG,2022-08-29,1.4942189455032349,1.2234532083922225,1.7649846826142472,390,False,True,2022-09-10,1.7649846826142472,WIN,12.0,crypto
EOSUSD,LONG,2022-10-31,1.1499789953231812,1.0457792962963017,1.2541786943500606,453,False,False,2022-11-08,1.0457792962963017,LOSS,8.0,crypto
EOSUSD,LONG,2022-12-06,0.9587969779968262,0.8774832921274693,1.040110663866183,489,False,True,2022-12-09,1.040110663866183,WIN,3.0,crypto
EOSUSD,SHORT,2023-01-05,0.8914350271224976,0.9469159846122821,0.835954069632713,519,False,True,2023-01-09,0.9469159846122821,LOSS,4.0,crypto
EOSUSD,LONG,2023-02-07,1.1127530336380005,1.014989248039006,1.210516819236995,552,False,False,2023-02-13,1.014989248039006,LOSS,6.0,crypto
EOSUSD,LONG,2023-03-01,1.2091569900512695,1.0898584739657617,1.3284555061367773,574,False,False,2023-03-03,1.3284555061367773,WIN,2.0,crypto
EOSUSD,LONG,2023-03-23,1.1616820096969604,1.003519658606722,1.3198443607871988,596,False,False,2023-04-26,1.003519658606722,LOSS,34.0,crypto
EOSUSD,SHORT,2023-05-29,0.8967180252075195,0.9575380205961159,0.8358980298189231,663,False,True,2023-06-05,0.8358980298189231,WIN,7.0,crypto
EOSUSD,SHORT,2023-06-07,0.8627480268478394,0.9332455651053025,0.7922504885903762,672,False,True,2023-06-10,0.7922504885903762,WIN,3.0,crypto
EOSUSD,SHORT,2023-06-25,0.7225599884986877,0.805092978682329,0.6400269983150465,690,False,True,2023-07-14,0.805092978682329,LOSS,19.0,crypto
EOSUSD,SHORT,2023-07-31,0.7461689710617065,0.8061722322264072,0.6861657098970059,726,False,False,2023-08-15,0.6861657098970059,WIN,15.0,crypto
EOSUSD,SHORT,2023-09-20,0.5784299969673157,0.6193997173358464,0.5374602765987849,777,False,True,2023-10-09,0.5374602765987849,WIN,19.0,crypto
EOSUSD,SHORT,2023-10-17,0.5425750017166138,0.5750070586156704,0.5101429448175572,804,False,False,2023-10-23,0.5750070586156704,LOSS,6.0,crypto
EOSUSD,LONG,2023-12-02,0.7013710141181946,0.6457319028766912,0.7570101253596979,850,False,False,2023-12-07,0.7570101253596979,WIN,5.0,crypto
EOSUSD,LONG,2023-12-20,0.7880169749259949,0.7078150619379878,0.8682188879140019,868,False,False,2023-12-22,0.8682188879140019,WIN,2.0,crypto
EOSUSD,LONG,2024-02-09,0.7419300079345703,0.6869894068641377,0.796870609005003,919,False,False,2024-02-20,0.796870609005003,WIN,11.0,crypto
EOSUSD,LONG,2024-02-22,0.7737699747085571,0.7134176619083106,0.8341222875088037,932,False,False,2024-02-23,0.8341222875088037,WIN,1.0,crypto
EOSUSD,LONG,2024-03-25,1.0682330131530762,0.8939865802870544,1.242479446019098,964,False,False,2024-04-12,0.8939865802870544,LOSS,18.0,crypto
EOSUSD,SHORT,2024-05-19,0.7839099764823914,0.8672984857348225,0.7005214672299602,1019,False,False,2024-05-21,0.8672984857348225,LOSS,2.0,crypto
EOSUSD,SHORT,2024-06-01,0.808709979057312,0.8810635731982354,0.7363563849163887,1032,False,False,2024-06-07,0.7363563849163887,WIN,6.0,crypto
EOSUSD,SHORT,2024-07-28,0.5661749839782715,0.6242266709778844,0.5081232969786585,1089,False,False,2024-08-02,0.5081232969786585,WIN,5.0,crypto
EOSUSD,SHORT,2024-08-15,0.489778995513916,0.5557379649528452,0.4238200260749868,1107,False,True,2024-08-23,0.5557379649528452,LOSS,8.0,crypto
EOSUSD,SHORT,2024-10-17,0.478210985660553,0.5143834119764993,0.4420385593446067,1170,False,False,2024-10-25,0.4420385593446067,WIN,8.0,crypto
EOSUSD,LONG,2024-12-11,1.092345952987671,0.8417657405752348,1.342926165400107,1225,False,True,2024-12-19,0.8417657405752348,LOSS,8.0,crypto
EOSUSD,SHORT,2025-04-13,0.6103699803352356,0.764619672801898,0.45612028786857317,1348,False,True,2025-05-07,0.764619672801898,LOSS,24.0,crypto
EOSUSD,SHORT,2025-05-23,0.7312179803848267,0.8562008572504497,0.6062351035192036,1388,False,True,2025-06-05,0.6062351035192036,WIN,13.0,crypto
EOSUSD,LONG,2025-07-17,0.5710870027542114,0.48527540703830996,0.6568985984701129,1443,True,True,2025-08-02,0.48527540703830996,LOSS,16.0,crypto
EOSUSD,SHORT,2025-08-11,0.5252029895782471,0.5836468387635178,0.4667591403929764,1468,False,False,2025-08-13,0.5836468387635178,LOSS,2.0,crypto
EOSUSD,SHORT,2025-08-15,0.5050569772720337,0.5726657428643072,0.4374482116797602,1472,False,False,2025-09-22,0.4374482116797602,WIN,38.0,crypto
EOSUSD,SHORT,2025-11-12,0.2669549882411957,0.31194994430060335,0.221960032181788,1561,False,True,2025-11-18,0.221960032181788,WIN,6.0,crypto
EOSUSD,SHORT,2025-12-31,0.15849299728870392,0.19265829052653247,0.12432770405087537,1610,False,True,2026-01-18,0.12432770405087537,WIN,18.0,crypto
EOSUSD,SHORT,2026-03-26,0.07634399831295013,0.0946987577362318,0.05798923888966846,1695,False,True,2026-04-29,0.0946987577362318,LOSS,34.0,crypto
EOSUSD,LONG,2026-05-14,0.09181000292301178,0.08206478563843696,0.1015552202075866,1744,False,True,2026-05-17,0.08206478563843696,LOSS,3.0,crypto
EOSUSD,LONG,2026-06-15,0.07355699688196182,0.060307054506657874,0.08680693925726576,1776,False,True,2026-06-24,0.060307054506657874,LOSS,9.0,crypto
XTZUSD,SHORT,2022-06-26,1.4459710121154785,1.7775158458443308,1.1144261783866263,326,False,False,2022-07-19,1.7775158458443308,LOSS,23.0,crypto
XTZUSD,LONG,2022-09-14,1.6055480241775513,1.4140316421541377,1.7970644062009649,406,False,False,2022-09-21,1.4140316421541377,LOSS,7.0,crypto
XTZUSD,LONG,2022-11-04,1.444385051727295,1.3284118852539448,1.560358218200645,457,True,False,2022-11-08,1.3284118852539448,LOSS,4.0,crypto
XTZUSD,LONG,2023-02-17,1.155972957611084,1.0265686115534618,1.2853773036687062,562,False,True,2023-02-21,1.2853773036687062,WIN,4.0,crypto
XTZUSD,LONG,2023-02-26,1.213610053062439,1.0524773509893632,1.3747427551355147,571,False,True,2023-03-08,1.0524773509893632,LOSS,10.0,crypto
XTZUSD,LONG,2023-03-21,1.189600944519043,1.035331685085416,1.34387020395267,594,False,False,2023-04-20,1.035331685085416,LOSS,30.0,crypto
XTZUSD,SHORT,2023-06-22,0.7644180059432983,0.8322531092116338,0.6965829026749629,687,False,True,2023-06-25,0.8322531092116338,LOSS,3.0,crypto
XTZUSD,SHORT,2023-07-31,0.8254140019416809,0.8876685905265647,0.7631594133567972,726,False,False,2023-08-15,0.7631594133567972,WIN,15.0,crypto
XTZUSD,SHORT,2023-08-30,0.7148500084877014,0.7668845476952065,0.6628154692801963,756,False,True,2023-09-11,0.6628154692801963,WIN,12.0,crypto
XTZUSD,SHORT,2023-09-17,0.6591089963912964,0.7019943938306915,0.6162235989519013,774,False,True,2023-10-01,0.7019943938306915,LOSS,14.0,crypto
XTZUSD,SHORT,2023-10-09,0.6484429836273193,0.6862363547378443,0.6106496125167944,796,False,False,2023-10-10,0.6862363547378443,LOSS,1.0,crypto
XTZUSD,SHORT,2023-10-11,0.6554639935493469,0.7054697360410723,0.6054582510576215,798,False,False,2023-10-23,0.7054697360410723,LOSS,12.0,crypto
XTZUSD,LONG,2023-11-17,0.8506739735603333,0.7633291481076014,0.9380187990130651,835,False,True,2023-12-08,0.9380187990130651,WIN,21.0,crypto
XTZUSD,LONG,2023-12-12,0.9292910099029541,0.8422990427764242,1.016282977029484,860,False,False,2023-12-23,1.016282977029484,WIN,11.0,crypto
XTZUSD,LONG,2024-01-20,1.0337400436401367,0.8645253244692116,1.202954762811062,899,False,False,2024-02-28,1.202954762811062,WIN,39.0,crypto
XTZUSD,SHORT,2024-05-19,0.9103440046310425,1.0052790713712199,0.8154089378908651,1019,False,True,2024-05-21,1.0052790713712199,LOSS,2.0,crypto
XTZUSD,SHORT,2024-06-01,0.9376590251922607,1.0285268236484093,0.8467912267361122,1032,False,False,2024-06-07,0.8467912267361122,WIN,6.0,crypto
XTZUSD,SHORT,2024-07-01,0.7846770286560059,0.8534143059735871,0.7159397513384246,1062,False,True,2024-07-04,0.7159397513384246,WIN,3.0,crypto
XTZUSD,SHORT,2024-07-10,0.7455059885978699,0.8342820029405771,0.6567299742551627,1071,False,True,2024-07-17,0.8342820029405771,LOSS,7.0,crypto
XTZUSD,SHORT,2024-07-24,0.7439900040626526,0.8199555994164539,0.6680244087088513,1085,False,True,2024-08-03,0.6680244087088513,WIN,10.0,crypto
XTZUSD,SHORT,2024-09-15,0.6288939714431763,0.6860479112455987,0.5717400316407538,1138,False,True,2024-09-20,0.6860479112455987,LOSS,5.0,crypto
XTZUSD,SHORT,2024-10-07,0.6632949709892273,0.7205404091403745,0.60604953283808,1160,False,False,2024-11-03,0.60604953283808,WIN,27.0,crypto
XTZUSD,LONG,2024-11-09,0.6871899962425232,0.6339652040406986,0.7404147884443478,1193,False,False,2024-11-10,0.7404147884443478,WIN,1.0,crypto
XTZUSD,LONG,2024-12-11,1.4814900159835815,1.11733363811116,1.845646393856003,1225,False,True,2024-12-20,1.11733363811116,LOSS,9.0,crypto
XTZUSD,LONG,2024-12-28,1.4283050298690796,1.137797288074572,1.7188127716635873,1242,False,True,2025-01-23,1.137797288074572,LOSS,26.0,crypto
XTZUSD,SHORT,2025-03-26,0.7218030095100403,0.8062957894695448,0.6373102295505357,1330,False,True,2025-03-31,0.6373102295505357,WIN,5.0,crypto
XTZUSD,SHORT,2025-05-30,0.5641689896583557,0.6353336424394668,0.49300433687724465,1395,False,False,2025-06-11,0.6353336424394668,LOSS,12.0,crypto
XTZUSD,SHORT,2025-06-30,0.5380359888076782,0.5878960517561195,0.48817592585923697,1426,False,False,2025-07-10,0.5878960517561195,LOSS,10.0,crypto
XTZUSD,LONG,2025-08-08,0.8227239847183228,0.7006552295197543,0.9447927399168912,1465,False,True,2025-08-09,0.9447927399168912,WIN,1.0,crypto
XTZUSD,LONG,2025-08-12,0.8664569854736328,0.7210870343998764,1.011826936547389,1469,False,True,2025-08-29,0.7210870343998764,LOSS,17.0,crypto
XTZUSD,LONG,2025-09-16,0.7692810297012329,0.6965014448767279,0.8420606145257379,1504,False,False,2025-09-22,0.6965014448767279,LOSS,6.0,crypto
XTZUSD,SHORT,2025-11-13,0.5702210068702698,0.6677642232479867,0.4726777904925529,1562,False,True,2025-12-01,0.4726777904925529,WIN,18.0,crypto
XTZUSD,SHORT,2025-12-10,0.49406498670578003,0.5481778491240881,0.439952124287472,1589,False,False,2025-12-17,0.439952124287472,WIN,7.0,crypto
XTZUSD,SHORT,2026-01-28,0.5362210273742676,0.6051615431906239,0.4672805115579113,1638,True,False,2026-01-31,0.4672805115579113,WIN,3.0,crypto
XTZUSD,SHORT,2026-03-26,0.3702160120010376,0.4053401090226855,0.33509191497938967,1695,False,False,2026-05-19,0.33509191497938967,WIN,54.0,crypto
XTZUSD,SHORT,2026-05-31,0.327455997467041,0.3602040709210149,0.2947079240130671,1761,False,True,2026-06-02,0.2947079240130671,WIN,2.0,crypto
XTZUSD,SHORT,2026-07-12,0.22677400708198547,0.2535968634666465,0.19995115069732444,1803,False,True,2026-08-01,0.19995115069732444,WIN,20.0,crypto
THETAUSD,SHORT,2022-06-22,1.2222059965133667,1.5434132074338707,0.9009987855928627,322,False,False,2022-06-25,1.5434132074338707,LOSS,3.0,crypto
THETAUSD,SHORT,2022-07-05,1.1980479955673218,1.445295707855352,0.9508002832792914,335,False,False,2022-07-29,1.445295707855352,LOSS,24.0,crypto
THETAUSD,SHORT,2022-08-18,1.3211640119552612,1.5486640674466523,1.0936639564638702,379,False,False,2022-08-28,1.0936639564638702,WIN,10.0,crypto
THETAUSD,LONG,2022-10-25,1.0771470069885254,0.9891729958164887,1.165121018160562,447,True,False,2022-10-28,1.165121018160562,WIN,3.0,crypto
THETAUSD,SHORT,2023-01-05,0.7501459717750549,0.8096201760597144,0.6906717674903955,519,False,True,2023-01-09,0.8096201760597144,LOSS,4.0,crypto
THETAUSD,LONG,2023-02-11,1.0770570039749146,0.9302354267131148,1.2238785812367143,556,False,True,2023-02-16,1.2238785812367143,WIN,5.0,crypto
THETAUSD,LONG,2023-02-23,1.1943390369415283,1.0359807527272462,1.3526973211558104,568,False,True,2023-03-04,1.0359807527272462,LOSS,9.0,crypto
THETAUSD,LONG,2023-03-17,1.089985966682434,0.9394872754325538,1.2404846579323143,590,False,False,2023-05-08,0.9394872754325538,LOSS,52.0,crypto
THETAUSD,SHORT,2023-06-22,0.7122589945793152,0.7847701882841187,0.6397478008745117,687,False,True,2023-06-25,0.7847701882841187,LOSS,3.0,crypto
THETAUSD,SHORT,2023-07-08,0.7226899862289429,0.8030811919324675,0.6422987805254182,703,False,False,2023-07-13,0.8030811919324675,LOSS,5.0,crypto
THETAUSD,SHORT,2023-08-12,0.7340549826622009,0.7919973448973779,0.6761126204270239,738,True,False,2023-08-16,0.6761126204270239,WIN,4.0,crypto
THETAUSD,SHORT,2023-09-09,0.625665009021759,0.6722814869772404,0.5790485310662776,766,False,True,2023-09-11,0.5790485310662776,WIN,2.0,crypto
THETAUSD,SHORT,2023-09-16,0.6139360070228577,0.6588977953820845,0.5689742186636308,773,False,True,2023-09-23,0.6588977953820845,LOSS,7.0,crypto
THETAUSD,SHORT,2023-10-07,0.6188700199127197,0.6612663956009925,0.5764736442244469,794,False,False,2023-10-19,0.5764736442244469,WIN,12.0,crypto
THETAUSD,LONG,2023-11-22,0.9514579772949219,0.8248836284956224,1.0780323260942213,840,False,True,2023-11-30,1.0780323260942213,WIN,8.0,crypto
THETAUSD,LONG,2023-12-12,1.0586620569229126,0.9160457958130526,1.2012783180327726,860,False,True,2023-12-22,1.2012783180327726,WIN,10.0,crypto
THETAUSD,LONG,2024-02-12,1.0790150165557861,0.9815620996480059,1.1764679334635664,922,False,False,2024-02-17,1.1764679334635664,WIN,5.0,crypto
THETAUSD,LONG,2024-03-20,3.039773941040039,2.2895639153153726,3.7899839667647055,959,False,True,2024-04-13,2.2895639153153726,LOSS,24.0,crypto
THETAUSD,LONG,2024-05-25,2.36822509765625,2.0476283184426025,2.6888218768698975,1025,False,False,2024-06-07,2.0476283184426025,LOSS,13.0,crypto
THETAUSD,SHORT,2024-07-25,1.4030450582504272,1.6157391649787196,1.1903509515221349,1086,False,False,2024-08-03,1.1903509515221349,WIN,9.0,crypto
THETAUSD,SHORT,2024-08-30,1.2213380336761475,1.4028074638500707,1.0398686035022242,1122,False,False,2024-09-19,1.4028074638500707,LOSS,20.0,crypto
THETAUSD,SHORT,2024-10-07,1.300510048866272,1.4657909092595083,1.1352291884730357,1160,False,False,2024-10-25,1.1352291884730357,WIN,18.0,crypto
THETAUSD,LONG,2024-12-11,2.5851950645446777,1.9932057357515962,3.1771843933377593,1225,False,True,2024-12-20,1.9932057357515962,LOSS,9.0,crypto
THETAUSD,SHORT,2025-03-27,0.980925977230072,1.1228755212566557,0.8389764332034884,1331,False,True,2025-03-29,0.8389764332034884,WIN,2.0,crypto
THETAUSD,SHORT,2025-05-29,0.8231189846992493,0.9638447727962685,0.6823931966022301,1394,False,False,2025-06-13,0.6823931966022301,WIN,15.0,crypto
THETAUSD,SHORT,2025-06-30,0.6918219923973083,0.7854360045193256,0.5982079802752911,1426,False,False,2025-07-10,0.7854360045193256,LOSS,10.0,crypto
THETAUSD,LONG,2025-07-25,0.8837530016899109,0.7580335984520061,1.0094724049278156,1451,False,True,2025-08-01,0.7580335984520061,LOSS,7.0,crypto
THETAUSD,LONG,2025-08-12,0.8856149911880493,0.7728229632069687,0.9984070191691299,1469,False,False,2025-08-19,0.7728229632069687,LOSS,7.0,crypto
THETAUSD,LONG,2025-09-16,0.8236910104751587,0.7413510886137423,0.9060309323365751,1504,True,False,2025-09-22,0.7413510886137423,LOSS,6.0,crypto
THETAUSD,SHORT,2025-11-08,0.5003139972686768,0.5975036550413904,0.40312433949596316,1557,False,True,2025-11-16,0.40312433949596316,WIN,8.0,crypto
THETAUSD,SHORT,2025-12-10,0.348114013671875,0.3986400113619569,0.2975880159817931,1589,False,True,2025-12-18,0.2975880159817931,WIN,8.0,crypto
THETAUSD,SHORT,2026-01-12,0.288237988948822,0.32301503009549715,0.2534609478021469,1622,False,True,2026-01-13,0.32301503009549715,LOSS,1.0,crypto
THETAUSD,SHORT,2026-01-23,0.3000499904155731,0.34735666707006746,0.2527433137610788,1633,False,False,2026-01-29,0.2527433137610788,WIN,6.0,crypto
THETAUSD,SHORT,2026-02-26,0.19337500631809235,0.22359633444044194,0.16315367819574275,1667,False,True,2026-03-21,0.16315367819574275,WIN,23.0,crypto
THETAUSD,SHORT,2026-04-05,0.15565000474452972,0.17582739321768728,0.13547261627137216,1705,False,True,2026-04-09,0.17582739321768728,LOSS,4.0,crypto
THETAUSD,LONG,2026-05-01,0.2009029984474182,0.1760117217710722,0.22579427512376424,1731,False,True,2026-05-08,0.22579427512376424,WIN,7.0,crypto
THETAUSD,LONG,2026-05-14,0.22728000581264496,0.1985907523676052,0.2559692592576847,1744,False,True,2026-05-17,0.1985907523676052,LOSS,3.0,crypto
THETAUSD,LONG,2026-07-14,0.1459749937057495,0.12856041760174616,0.16338956980975286,1805,False,False,2026-07-28,0.12856041760174616,LOSS,14.0,crypto
FTMUSD,SHORT,2022-06-26,0.27807000279426575,0.3527430889712142,0.2033969166173173,326,False,True,2022-07-20,0.3527430889712142,LOSS,24.0,crypto
FTMUSD,SHORT,2022-08-18,0.33169999718666077,0.38837602892145306,0.27502396545186847,379,False,True,2022-08-26,0.27502396545186847,WIN,8.0,crypto
FTMUSD,LONG,2022-10-28,0.2252970039844513,0.2052713509300913,0.2453226570388113,450,False,True,2022-10-30,0.2453226570388113,WIN,2.0,crypto
FTMUSD,LONG,2022-11-29,0.21678100526332855,0.1844605760910522,0.2491014344356049,482,False,False,2022-11-30,0.2491014344356049,WIN,1.0,crypto
FTMUSD,LONG,2023-02-21,0.5206980109214783,0.4212146578256535,0.6201813640173031,566,False,True,2023-03-03,0.4212146578256535,LOSS,10.0,crypto
FTMUSD,LONG,2023-03-17,0.5070940256118774,0.40631450816856185,0.607873543055193,590,False,False,2023-03-28,0.40631450816856185,LOSS,11.0,crypto
FTMUSD,LONG,2023-04-03,0.4545480012893677,0.37242224105086535,0.53667376152787,607,False,False,2023-04-17,0.53667376152787,WIN,14.0,crypto
FTMUSD,SHORT,2023-07-14,0.28278499841690063,0.3226307699304513,0.24293922690334996,709,False,False,2023-07-24,0.24293922690334996,WIN,10.0,crypto
FTMUSD,SHORT,2023-08-12,0.24010099470615387,0.2598548859657948,0.22034710344651293,738,False,False,2023-08-16,0.22034710344651293,WIN,4.0,crypto
FTMUSD,SHORT,2023-08-30,0.21160300076007843,0.23218213518562922,0.19102386633452764,756,False,True,2023-09-10,0.19102386633452764,WIN,11.0,crypto
FTMUSD,SHORT,2023-10-08,0.19292500615119934,0.20550357243010703,0.18034643987229165,795,False,False,2023-10-09,0.18034643987229165,WIN,1.0,crypto
FTMUSD,LONG,2023-11-22,0.29833000898361206,0.24595152132224604,0.35070849664497805,840,False,True,2023-12-08,0.35070849664497805,WIN,16.0,crypto
FTMUSD,LONG,2024-02-09,0.39655500650405884,0.35262986121169826,0.4404801517964194,919,False,False,2024-02-27,0.4404801517964194,WIN,18.0,crypto
FTMUSD,LONG,2024-03-31,1.004196047782898,0.7964253056878462,1.2119667898779496,970,False,True,2024-04-05,0.7964253056878462,LOSS,5.0,crypto
FTMUSD,LONG,2024-05-16,0.7997099757194519,0.6789707893905058,0.920449162048398,1016,False,False,2024-05-20,0.920449162048398,WIN,4.0,crypto
FTMUSD,LONG,2024-05-28,0.8270879983901978,0.7103343732719123,0.9438416235084832,1028,False,False,2024-06-07,0.7103343732719123,LOSS,10.0,crypto
FTMUSD,SHORT,2024-07-01,0.5808590054512024,0.6688406486894954,0.49287736221290934,1062,False,True,2024-07-04,0.49287736221290934,WIN,3.0,crypto
FTMUSD,SHORT,2024-07-17,0.509427011013031,0.5904691526339356,0.4283848693921264,1078,False,True,2024-07-25,0.4283848693921264,WIN,8.0,crypto
FTMUSD,SHORT,2024-08-16,0.369161993265152,0.44570946036710923,0.2926145261631947,1108,False,True,2024-08-21,0.44570946036710923,LOSS,5.0,crypto
FTMUSD,SHORT,2024-08-31,0.42431899905204773,0.5016860515566596,0.3469519465474359,1123,False,False,2024-09-10,0.5016860515566596,LOSS,10.0,crypto
FTMUSD,SHORT,2024-10-25,0.6189900040626526,0.7289744045971732,0.509005603528132,1178,False,True,2024-11-07,0.7289744045971732,LOSS,13.0,crypto
FTMUSD,LONG,2024-11-15,0.7176330089569092,0.5868042312092793,0.8484617867045391,1199,False,False,2024-11-23,0.8484617867045391,WIN,8.0,crypto
FTMUSD,LONG,2024-12-10,1.1583609580993652,0.9176764177313258,1.3990454984674048,1224,False,True,2024-12-15,1.3990454984674048,WIN,5.0,crypto
RUNEUSD,SHORT,2022-06-26,2.1538960933685303,2.754508049010679,1.5532841377263815,326,False,False,2022-07-19,2.754508049010679,LOSS,23.0,crypto
RUNEUSD,SHORT,2022-08-17,2.4838240146636963,2.953439754707796,2.0142082746195964,378,False,False,2022-08-26,2.0142082746195964,WIN,9.0,crypto
RUNEUSD,SHORT,2022-09-11,2.009289026260376,2.2786189858434036,1.7399590666773483,403,False,True,2022-09-15,1.7399590666773483,WIN,4.0,crypto
RUNEUSD,LONG,2022-10-28,1.5652610063552856,1.4139854021991933,1.716536610511378,450,True,False,2022-11-05,1.716536610511378,WIN,8.0,crypto
RUNEUSD,LONG,2022-12-01,1.3250900506973267,1.1763589859819261,1.4738211154127272,484,False,False,2022-12-14,1.4738211154127272,WIN,13.0,crypto
RUNEUSD,LONG,2022-12-23,1.3951719999313354,1.2721754333502562,1.5181685665124147,506,False,False,2022-12-30,1.2721754333502562,LOSS,7.0,crypto
RUNEUSD,LONG,2023-01-06,1.3756239414215088,1.2855944823155234,1.4656534005274942,520,False,False,2023-01-09,1.4656534005274942,WIN,3.0,crypto
RUNEUSD,LONG,2023-02-01,1.832237958908081,1.621464576464279,2.043011341351883,546,False,True,2023-02-13,1.621464576464279,LOSS,12.0,crypto
RUNEUSD,LONG,2023-02-20,1.819409966468811,1.6084535437398113,2.0303663891978108,565,False,False,2023-02-25,1.6084535437398113,LOSS,5.0,crypto
RUNEUSD,LONG,2023-04-03,1.4850929975509644,1.3309008869300094,1.6392851081719193,607,False,False,2023-04-05,1.6392851081719193,WIN,2.0,crypto
RUNEUSD,SHORT,2023-06-03,1.1659150123596191,1.241124329491589,1.0907056952276493,668,False,True,2023-06-05,1.0907056952276493,WIN,2.0,crypto
RUNEUSD,SHORT,2023-06-22,0.9256979823112488,1.0155549843596188,0.8358409802628788,687,False,True,2023-06-25,1.0155549843596188,LOSS,3.0,crypto
RUNEUSD,SHORT,2023-07-11,0.9916920065879822,1.0758889534668696,0.9074950597090947,706,False,False,2023-07-14,1.0758889534668696,LOSS,3.0,crypto
RUNEUSD,SHORT,2023-07-20,0.9948269724845886,1.0747770995135515,0.9148768454556258,715,False,False,2023-08-11,1.0747770995135515,LOSS,22.0,crypto
RUNEUSD,LONG,2023-08-27,1.46445894241333,1.2336865590963655,1.6952313257302947,753,False,True,2023-09-15,1.6952313257302947,WIN,19.0,crypto
RUNEUSD,LONG,2023-09-25,1.7078989744186401,1.5195756943622458,1.8962222544750345,782,False,True,2023-09-28,1.8962222544750345,WIN,3.0,crypto
RUNEUSD,LONG,2024-02-08,4.792162895202637,4.231923611260254,5.352402179145019,918,False,False,2024-02-09,5.352402179145019,WIN,1.0,crypto
RUNEUSD,SHORT,2024-04-02,7.607638835906982,9.31282692186365,5.902450749950315,972,True,False,2024-04-12,5.902450749950315,WIN,10.0,crypto
RUNEUSD,SHORT,2024-05-07,5.2916460037231445,6.230039694037858,4.353252313408431,1007,False,True,2024-05-09,6.230039694037858,LOSS,2.0,crypto
RUNEUSD,SHORT,2024-06-01,6.011682987213135,6.826463680584889,5.19690229384138,1032,False,False,2024-06-10,5.19690229384138,WIN,9.0,crypto
RUNEUSD,SHORT,2024-08-14,3.6171789169311523,4.268111888906876,2.9662459449554284,1106,False,True,2024-08-23,4.268111888906876,LOSS,9.0,crypto
RUNEUSD,SHORT,2024-09-03,3.857595920562744,4.439310381216628,3.2758814599088604,1126,False,False,2024-09-19,4.439310381216628,LOSS,16.0,crypto
RUNEUSD,LONG,2024-10-20,5.178301811218262,4.512570492984465,5.844033129452058,1173,False,False,2024-10-28,5.844033129452058,WIN,8.0,crypto
RUNEUSD,LONG,2024-11-15,5.590600967407227,4.566741671078281,6.614460263736172,1199,False,False,2024-12-03,6.614460263736172,WIN,18.0,crypto
RUNEUSD,LONG,2024-12-11,6.354287147521973,5.063286627340697,7.645287667703248,1225,False,False,2024-12-19,5.063286627340697,LOSS,8.0,crypto
RUNEUSD,SHORT,2025-02-24,1.3591439723968506,1.760141759082828,0.9581461857108731,1300,False,True,2025-05-11,1.760141759082828,LOSS,76.0,crypto
RUNEUSD,LONG,2025-07-10,1.5172100067138672,1.351946378368438,1.6824736350592964,1436,True,False,2025-07-18,1.6824736350592964,WIN,8.0,crypto
RUNEUSD,LONG,2025-08-12,1.4637229442596436,1.3014745438888096,1.6259713446304775,1469,False,False,2025-08-19,1.3014745438888096,LOSS,7.0,crypto
RUNEUSD,LONG,2025-09-11,1.2953779697418213,1.1779900220490136,1.412765917434629,1499,False,False,2025-09-22,1.1779900220490136,LOSS,11.0,crypto
RUNEUSD,SHORT,2025-10-05,1.1809240579605103,1.2896054406463227,1.0722426752746979,1523,False,False,2025-10-10,1.0722426752746979,WIN,5.0,crypto
RUNEUSD,SHORT,2025-10-27,0.8900390267372131,1.0093548224252746,0.7707232310491516,1545,False,True,2025-11-04,0.7707232310491516,WIN,8.0,crypto
RUNEUSD,SHORT,2025-12-04,0.6713619828224182,0.752233528077021,0.5904904375678154,1583,False,True,2025-12-17,0.5904904375678154,WIN,13.0,crypto
RUNEUSD,SHORT,2026-01-03,0.5783309936523438,0.626961613371418,0.5297003739332695,1613,False,True,2026-01-13,0.626961613371418,LOSS,10.0,crypto
RUNEUSD,SHORT,2026-01-22,0.5895360112190247,0.646891135145643,0.5321808872924063,1632,False,False,2026-01-29,0.5321808872924063,WIN,7.0,crypto
RUNEUSD,SHORT,2026-02-26,0.405241996049881,0.45015965217684734,0.3603243399229146,1667,False,True,2026-03-06,0.45015965217684734,LOSS,8.0,crypto
RUNEUSD,SHORT,2026-03-26,0.40705999732017517,0.442237048634898,0.37188294600545235,1695,False,False,2026-04-21,0.442237048634898,LOSS,26.0,crypto
RUNEUSD,LONG,2026-06-17,0.418179988861084,0.35922558011810407,0.4771343976040639,1778,False,True,,,OPEN,,crypto
CHZUSD,SHORT,2022-06-26,0.09820199757814407,0.1175926251570822,0.07881136999920595,326,False,False,2022-06-28,0.1175926251570822,LOSS,2.0,crypto
CHZUSD,SHORT,2022-06-29,0.09985200315713882,0.12000240652159948,0.07970159979267817,329,False,False,2022-07-20,0.12000240652159948,LOSS,21.0,crypto
CHZUSD,LONG,2022-08-31,0.21626999974250793,0.1747622523040742,0.2577777471809417,392,False,True,2022-09-22,0.2577777471809417,WIN,22.0,crypto
CHZUSD,LONG,2022-09-29,0.24096199870109558,0.2018399692089175,0.28008402819327366,421,False,True,2022-10-10,0.2018399692089175,LOSS,11.0,crypto
CHZUSD,LONG,2022-10-28,0.19820599257946014,0.17178901535659244,0.22462296980232785,450,False,False,2022-10-30,0.22462296980232785,WIN,2.0,crypto
CHZUSD,SHORT,2023-01-06,0.10980899631977081,0.12366325030291035,0.09595474233663127,520,False,True,2023-01-10,0.12366325030291035,LOSS,4.0,crypto
CHZUSD,SHORT,2023-02-13,0.12950800359249115,0.1504618558540863,0.10855415133089599,558,False,True,2023-03-09,0.10855415133089599,WIN,24.0,crypto
CHZUSD,SHORT,2023-03-15,0.11417499929666519,0.1306885708740976,0.09766142771923278,588,False,False,2023-04-05,0.1306885708740976,LOSS,21.0,crypto
CHZUSD,LONG,2023-05-01,0.12770000100135803,0.11642129357892654,0.1389787084237895,635,False,False,2023-05-08,0.11642129357892654,LOSS,7.0,crypto
CHZUSD,SHORT,2023-06-26,0.07749299705028534,0.08604446619742652,0.06894152790314416,691,False,True,2023-08-15,0.06894152790314416,WIN,50.0,crypto
CHZUSD,SHORT,2023-09-21,0.058382000774145126,0.0622109413332295,0.054553060215060754,778,False,True,2023-09-30,0.0622109413332295,LOSS,9.0,crypto
CHZUSD,LONG,2023-10-08,0.06000199913978577,0.05608554857952399,0.06391844970004754,795,False,False,2023-10-09,0.05608554857952399,LOSS,1.0,crypto
CHZUSD,LONG,2023-11-17,0.07694999873638153,0.0678066248916771,0.08609337258108596,835,False,True,2023-12-07,0.08609337258108596,WIN,20.0,crypto
CHZUSD,LONG,2023-12-12,0.08298400044441223,0.0743188606632267,0.09164914022559777,860,False,True,2023-12-27,0.09164914022559777,WIN,15.0,crypto
CHZUSD,LONG,2024-01-01,0.08983699977397919,0.08125035822453262,0.09842364132342575,880,False,False,2024-01-03,0.08125035822453262,LOSS,2.0,crypto
CHZUSD,LONG,2024-02-01,0.1041560024023056,0.08857393468089692,0.11973807012371429,911,False,False,2024-02-19,0.11973807012371429,WIN,18.0,crypto
CHZUSD,LONG,2024-03-28,0.1456259936094284,0.12228692895938342,0.1689650582594734,967,False,False,2024-04-12,0.12228692895938342,LOSS,15.0,crypto
CHZUSD,LONG,2024-05-05,0.12155400216579437,0.10323590219634857,0.13987210213524018,1005,False,False,2024-05-25,0.13987210213524018,WIN,20.0,crypto
CHZUSD,SHORT,2024-07-17,0.07229799777269363,0.08193625597839393,0.06265973956699333,1078,False,True,2024-08-01,0.06265973956699333,WIN,15.0,crypto
CHZUSD,SHORT,2024-08-28,0.05369500070810318,0.060511316512643236,0.046878684903563124,1120,False,True,2024-09-23,0.060511316512643236,LOSS,26.0,crypto
CHZUSD,LONG,2024-11-10,0.06691399961709976,0.05937612274909358,0.07445187648510594,1194,False,False,2024-11-16,0.07445187648510594,WIN,6.0,crypto
CHZUSD,LONG,2024-12-15,0.11263900250196457,0.08956468653979818,0.13571331846413096,1229,False,True,2024-12-19,0.08956468653979818,LOSS,4.0,crypto
CHZUSD,LONG,2025-01-06,0.09523499757051468,0.0810998979886197,0.10937009715240965,1251,True,False,2025-01-08,0.0810998979886197,LOSS,2.0,crypto
CHZUSD,SHORT,2025-03-23,0.04545599967241287,0.051453643563688006,0.03945835578113774,1327,False,True,2025-04-03,0.03945835578113774,WIN,11.0,crypto
CHZUSD,SHORT,2025-05-26,0.0433569997549057,0.048392397647705594,0.03832160186210581,1391,False,False,2025-05-30,0.03832160186210581,WIN,4.0,crypto
CHZUSD,SHORT,2025-06-11,0.03933100029826164,0.04358826489616078,0.035073735700362506,1407,False,False,2025-06-13,0.035073735700362506,WIN,2.0,crypto
CHZUSD,SHORT,2025-06-30,0.03521399945020676,0.039022350379834154,0.03140564852057936,1426,False,False,2025-07-10,0.039022350379834154,LOSS,10.0,crypto
CHZUSD,LONG,2025-07-25,0.04231899976730347,0.03746613893427966,0.04717186060032728,1451,True,True,2025-08-01,0.03746613893427966,LOSS,7.0,crypto
CHZUSD,LONG,2025-08-12,0.043133001774549484,0.038572696564746364,0.047693306984352604,1469,False,False,2025-08-22,0.038572696564746364,LOSS,10.0,crypto
CHZUSD,LONG,2025-09-09,0.042236000299453735,0.03867606720379659,0.04579593339511088,1497,False,False,2025-09-22,0.03867606720379659,LOSS,13.0,crypto
CHZUSD,LONG,2025-10-08,0.04253000020980835,0.03854319399030853,0.046516806429308166,1526,False,False,2025-10-10,0.03854319399030853,LOSS,2.0,crypto
CHZUSD,SHORT,2025-12-01,0.028728000819683075,0.031997667850518496,0.025458333788847654,1580,False,True,2025-12-06,0.031997667850518496,LOSS,5.0,crypto
CHZUSD,LONG,2026-01-24,0.05203099921345711,0.04415500601839865,0.05990699240851557,1634,False,True,2026-01-31,0.04415500601839865,LOSS,7.0,crypto
CHZUSD,LONG,2026-03-13,0.038022998720407486,0.0330117210029375,0.043034276437877474,1682,False,False,2026-03-30,0.043034276437877474,WIN,17.0,crypto
CHZUSD,LONG,2026-04-03,0.03957299888134003,0.03490361205541471,0.044242385707265346,1703,False,False,2026-04-16,0.044242385707265346,WIN,13.0,crypto
ZECUSD,SHORT,2022-07-10,59.740150451660156,69.5933927051711,49.886908198149214,340,False,True,2022-07-31,69.5933927051711,LOSS,21.0,crypto
ZECUSD,SHORT,2022-09-05,63.44658279418945,70.67657460712519,56.21659098125372,397,False,False,2022-09-16,56.21659098125372,WIN,11.0,crypto
ZECUSD,SHORT,2022-09-27,57.20521926879883,64.41161379850759,49.99882473909007,419,False,False,2022-10-13,49.99882473909007,WIN,16.0,crypto
ZECUSD,LONG,2022-10-26,55.18497848510742,50.80372968416195,59.56622728605289,448,False,False,2022-11-01,50.80372968416195,LOSS,6.0,crypto
ZECUSD,LONG,2022-12-08,44.9486198425293,40.593453534834175,49.30378615022442,491,False,False,2022-12-16,40.593453534834175,LOSS,8.0,crypto
ZECUSD,SHORT,2023-01-05,39.74659729003906,43.049701658583174,36.44349292149495,519,False,False,2023-01-09,43.049701658583174,LOSS,4.0,crypto
ZECUSD,LONG,2023-01-29,47.219905853271484,42.57977359596083,51.86003811058214,543,False,False,2023-02-09,42.57977359596083,LOSS,11.0,crypto
ZECUSD,LONG,2023-02-15,46.25929260253906,41.08326918978234,51.43531601529578,560,False,False,2023-03-03,41.08326918978234,LOSS,16.0,crypto
ZECUSD,LONG,2023-03-31,38.753883361816406,34.08356481984226,43.424201903790554,604,False,False,2023-05-08,34.08356481984226,LOSS,38.0,crypto
ZECUSD,SHORT,2023-06-22,26.20953941345215,28.857234452250236,23.56184437465406,687,False,True,2023-06-23,28.857234452250236,LOSS,1.0,crypto
ZECUSD,SHORT,2023-07-29,30.40932846069336,32.9874046858569,27.831252235529817,724,False,False,2023-08-15,27.831252235529817,WIN,17.0,crypto
ZECUSD,LONG,2023-10-04,27.146259307861328,25.493168422176545,28.79935019354611,791,False,False,2023-10-09,25.493168422176545,LOSS,5.0,crypto
ZECUSD,LONG,2023-11-03,27.637582778930664,25.642200743524,29.632964814337328,821,False,True,2023-11-06,29.632964814337328,WIN,3.0,crypto
ZECUSD,LONG,2023-11-19,29.281476974487305,26.425707603019287,32.13724634595532,837,False,True,2023-12-07,32.13724634595532,WIN,18.0,crypto
ZECUSD,LONG,2023-12-12,30.994617462158203,28.051764272500435,33.93747065181597,860,False,False,2023-12-18,28.051764272500435,LOSS,6.0,crypto
ZECUSD,LONG,2023-12-25,31.26614761352539,28.49745765331283,34.03483757373795,873,False,False,2023-12-29,28.49745765331283,LOSS,4.0,crypto
ZECUSD,LONG,2024-03-31,30.454204559326172,26.424267147220732,34.48414197143161,970,False,False,2024-04-10,26.424267147220732,LOSS,10.0,crypto
ZECUSD,LONG,2024-08-06,31.807382583618164,26.467614206872803,37.147150960363525,1098,False,True,2024-08-09,37.147150960363525,WIN,3.0,crypto
ZECUSD,LONG,2024-11-03,37.22488784790039,32.34899660320084,42.10077909259994,1187,False,True,2024-11-06,42.10077909259994,WIN,3.0,crypto
ZECUSD,LONG,2024-11-21,45.50249099731445,38.2656550969339,52.73932689769501,1205,False,True,2024-11-24,52.73932689769501,WIN,3.0,crypto
ZECUSD,LONG,2024-12-11,63.67333984375,49.516776388790106,77.8299032987099,1225,False,True,2024-12-19,49.516776388790106,LOSS,8.0,crypto
ZECUSD,LONG,2024-12-28,62.43677520751953,48.140180258303005,76.73337015673606,1242,False,False,2025-01-08,48.140180258303005,LOSS,11.0,crypto
ZECUSD,SHORT,2025-02-18,33.83474349975586,40.46244473978115,27.20704225973057,1294,False,True,2025-03-02,40.46244473978115,LOSS,12.0,crypto
ZECUSD,SHORT,2025-03-07,32.91796112060547,39.31181985899756,26.52410238221338,1311,False,False,2025-03-27,39.31181985899756,LOSS,20.0,crypto
ZECUSD,SHORT,2025-04-11,35.35068893432617,41.78094472583703,28.920433142815313,1346,False,False,2025-05-08,41.78094472583703,LOSS,27.0,crypto
ZECUSD,LONG,2025-06-09,51.49122619628906,43.94371745470549,59.03873493787263,1405,False,True,2025-06-14,43.94371745470549,LOSS,5.0,crypto
ZECUSD,LONG,2025-07-10,42.04550552368164,36.291262859388496,47.799748187974785,1436,False,False,2025-08-01,36.291262859388496,LOSS,22.0,crypto
ZECUSD,LONG,2025-08-12,39.524600982666016,34.907626127150195,44.141575838181836,1469,False,False,2025-08-19,34.907626127150195,LOSS,7.0,crypto
ZECUSD,LONG,2025-11-23,572.0390625,380.183045466503,763.895079533497,1572,False,True,2025-12-01,380.183045466503,LOSS,8.0,crypto
ZECUSD,LONG,2025-12-12,456.34600830078125,330.86991111107386,581.8221054904886,1591,False,False,2026-01-25,330.86991111107386,LOSS,44.0,crypto
ZECUSD,SHORT,2026-02-19,262.05718994140625,324.3810550672852,199.73332481552728,1660,False,True,2026-03-07,199.73332481552728,WIN,16.0,crypto
ZECUSD,SHORT,2026-03-22,217.16334533691406,259.53404988279124,174.7926407910369,1691,False,False,2026-04-06,259.53404988279124,LOSS,15.0,crypto
ZECUSD,SHORT,2026-05-30,527.6093139648438,627.6733982454897,427.5452296841978,1760,True,True,2026-06-03,627.6733982454897,LOSS,4.0,crypto
ZECUSD,SHORT,2026-06-17,476.8406066894531,594.5936678471944,359.08754553171184,1778,False,False,,,OPEN,,crypto
DASHUSD,SHORT,2022-06-26,49.43910217285156,57.44911659306925,41.429087752633876,326,False,True,2022-06-30,41.429087752633876,WIN,4.0,crypto
DASHUSD,SHORT,2022-07-08,45.947471618652344,52.226798989153025,39.66814424815166,338,False,False,2022-07-28,52.226798989153025,LOSS,20.0,crypto
DASHUSD,SHORT,2022-08-25,49.24739456176758,55.01605609320431,43.478733030330844,386,True,False,2022-09-01,43.478733030330844,WIN,7.0,crypto
DASHUSD,LONG,2022-10-09,42.95469284057617,39.727821826624925,46.18156385452742,431,False,False,2022-10-13,39.727821826624925,LOSS,4.0,crypto
DASHUSD,LONG,2022-10-26,42.092044830322266,38.92302435228948,45.26106530835505,448,False,False,2022-11-05,45.26106530835505,WIN,10.0,crypto
DASHUSD,LONG,2022-12-26,44.893409729003906,41.07706807170182,48.709751386305996,509,False,False,2023-01-09,48.709751386305996,WIN,14.0,crypto
DASHUSD,LONG,2023-01-19,49.04390335083008,44.451500198493086,53.63630650316707,533,False,False,2023-01-23,53.63630650316707,WIN,4.0,crypto
DASHUSD,LONG,2023-01-25,50.57054138183594,45.519381896070094,55.62170086760178,539,False,False,2023-01-29,55.62170086760178,WIN,4.0,crypto
DASHUSD,LONG,2023-02-10,57.851318359375,51.08107684653121,64.6215598722188,555,False,True,2023-02-14,64.6215598722188,WIN,4.0,crypto
DASHUSD,LONG,2023-03-23,63.601837158203125,53.988334639103314,73.21533967730294,596,False,False,2023-04-19,53.988334639103314,LOSS,27.0,crypto
DASHUSD,SHORT,2023-05-29,43.25724792480469,46.74803005998212,39.766465789627254,663,False,False,2023-06-05,39.766465789627254,WIN,7.0,crypto
DASHUSD,SHORT,2023-06-22,32.9533805847168,36.5003866830744,29.40637448635919,687,False,True,2023-06-25,36.5003866830744,LOSS,3.0,crypto
DASHUSD,SHORT,2023-07-14,34.24668502807617,37.767427637919205,30.72594241823314,709,False,False,2023-08-04,30.72594241823314,WIN,21.0,crypto
DASHUSD,SHORT,2023-08-14,31.960718154907227,33.79800017416539,30.123436135649065,740,False,False,2023-08-15,30.123436135649065,WIN,1.0,crypto
DASHUSD,SHORT,2023-09-17,25.92169761657715,27.710349578482685,24.133045654671612,774,False,True,2023-09-30,27.710349578482685,LOSS,13.0,crypto
DASHUSD,SHORT,2023-10-08,26.577800750732422,28.114977843720784,25.04062365774406,795,False,False,2023-10-12,25.04062365774406,WIN,4.0,crypto
DASHUSD,LONG,2023-11-17,30.693796157836914,27.565608728950245,33.82198358672358,835,False,True,2023-12-08,33.82198358672358,WIN,21.0,crypto
DASHUSD,LONG,2023-12-12,32.969627380371094,30.109675298606213,35.829579462135975,860,False,False,2023-12-18,30.109675298606213,LOSS,6.0,crypto
DASHUSD,LONG,2024-02-14,28.105775833129883,25.86849956253543,30.343052103724336,924,True,False,2024-02-18,30.343052103724336,WIN,4.0,crypto
DASHUSD,LONG,2024-02-22,29.614757537841797,27.07031411858329,32.1592009571003,932,True,False,2024-02-27,32.1592009571003,WIN,5.0,crypto
DASHUSD,LONG,2024-03-26,38.809906005859375,33.274129845560836,44.345682166157914,965,False,False,2024-04-12,33.274129845560836,LOSS,17.0,crypto
DASHUSD,LONG,2024-05-20,31.012922286987305,28.148604406574304,33.8772401674003,1020,False,False,2024-06-07,28.148604406574304,LOSS,18.0,crypto
DASHUSD,SHORT,2024-07-01,24.00001335144043,26.187726078122004,21.812300624758855,1062,False,True,2024-07-05,21.812300624758855,WIN,4.0,crypto
DASHUSD,SHORT,2024-07-10,23.872385025024414,26.736660368592563,21.008109681456265,1071,False,True,2024-07-14,26.736660368592563,LOSS,4.0,crypto
DASHUSD,SHORT,2024-08-11,24.298236846923828,27.232766418013902,21.363707275833754,1103,False,True,2024-08-24,27.232766418013902,LOSS,13.0,crypto
DASHUSD,SHORT,2024-09-04,24.06382942199707,26.382934251333246,21.744724592660894,1127,False,False,2024-09-27,26.382934251333246,LOSS,23.0,crypto
DASHUSD,LONG,2024-10-19,24.16625213623047,22.59837167875566,25.734132593705276,1172,False,False,2024-10-23,22.59837167875566,LOSS,4.0,crypto
DASHUSD,LONG,2024-12-11,49.109214782714844,37.41986198360729,60.7985675818224,1225,False,True,2024-12-19,37.41986198360729,LOSS,8.0,crypto
DASHUSD,LONG,2024-12-28,43.174163818359375,33.099921060347086,53.248406576371664,1242,False,False,2025-01-13,33.099921060347086,LOSS,16.0,crypto
DASHUSD,SHORT,2025-03-20,23.654874801635742,26.593641950924418,20.716107652347066,1324,False,True,2025-04-03,20.716107652347066,WIN,14.0,crypto
DASHUSD,SHORT,2025-04-21,20.970653533935547,22.888512754972822,19.05279431289827,1356,False,True,2025-04-28,22.888512754972822,LOSS,7.0,crypto
DASHUSD,SHORT,2025-05-30,21.850744247436523,24.247129992947226,19.45435850192582,1395,False,False,2025-06-17,19.45435850192582,WIN,18.0,crypto
DASHUSD,SHORT,2025-06-30,20.043222427368164,21.753727581945586,18.33271727279074,1426,False,True,2025-07-11,21.753727581945586,LOSS,11.0,crypto
DASHUSD,LONG,2025-07-27,23.16084861755371,20.871672839320055,25.450024395787366,1453,False,True,2025-07-30,20.871672839320055,LOSS,3.0,crypto
DASHUSD,LONG,2025-08-12,23.423635482788086,21.24839703399972,25.598873931576453,1469,False,False,2025-08-20,21.24839703399972,LOSS,8.0,crypto
DASHUSD,LONG,2025-08-23,23.244949340820312,21.00139805643034,25.488500625210285,1480,False,False,2025-09-08,25.488500625210285,WIN,16.0,crypto
DASHUSD,LONG,2025-09-17,24.03082275390625,21.914275930692526,26.147369577119974,1505,False,False,2025-09-22,21.914275930692526,LOSS,5.0,crypto
DASHUSD,LONG,2025-10-24,42.01545715332031,29.92915243391449,54.10176187272614,1542,False,True,2025-11-01,54.10176187272614,WIN,8.0,crypto
DASHUSD,LONG,2025-11-09,81.78712463378906,48.52293153013771,115.05131773744041,1558,False,True,2025-12-01,48.52293153013771,LOSS,22.0,crypto
DASHUSD,LONG,2026-01-04,43.36740493774414,36.287614480612916,50.447195394875365,1614,False,False,2026-01-13,50.447195394875365,WIN,9.0,crypto
DASHUSD,SHORT,2026-01-28,58.267330169677734,73.30796615019689,43.22669418915858,1638,False,True,2026-01-31,43.22669418915858,WIN,3.0,crypto
DASHUSD,SHORT,2026-03-05,34.306766510009766,40.74639102599421,27.867141994025324,1674,False,False,2026-04-10,40.74639102599421,LOSS,36.0,crypto
DASHUSD,SHORT,2026-04-19,33.550392150878906,39.27791327697404,27.822871024783772,1719,False,False,2026-05-03,39.27791327697404,LOSS,14.0,crypto
DASHUSD,SHORT,2026-05-17,40.78410720825195,47.577754128414846,33.99046028808906,1747,False,True,2026-05-20,47.577754128414846,LOSS,3.0,crypto
DASHUSD,SHORT,2026-05-28,39.99488067626953,47.391524858987296,32.59823649355177,1758,False,False,2026-06-05,32.59823649355177,WIN,8.0,crypto
DASHUSD,SHORT,2026-06-16,37.47100067138672,43.35979774270138,31.582203600072056,1777,False,False,2026-07-27,31.582203600072056,WIN,41.0,crypto
XMRUSD,SHORT,2022-07-08,125.61721801757812,143.85501250976895,107.3794235253873,338,False,True,2022-07-18,143.85501250976895,LOSS,10.0,crypto
XMRUSD,LONG,2022-10-08,147.314453125,134.77767453504993,159.85123171495007,430,False,False,2022-11-05,159.85123171495007,WIN,28.0,crypto
XMRUSD,LONG,2022-11-26,138.8074493408203,126.71874190249021,150.89615677915043,479,True,True,2022-12-11,150.89615677915043,WIN,15.0,crypto
XMRUSD,LONG,2022-12-21,147.33155822753906,138.95580886447445,155.70730759060368,504,False,False,2023-01-05,155.70730759060368,WIN,15.0,crypto
XMRUSD,LONG,2023-01-19,165.48629760742188,152.2616154041019,178.71097981074186,533,False,True,2023-01-21,178.71097981074186,WIN,2.0,crypto
XMRUSD,LONG,2023-01-25,173.44265747070312,158.66509410282276,188.2202208385835,539,False,True,2023-02-09,158.66509410282276,LOSS,15.0,crypto
XMRUSD,LONG,2023-03-17,153.91053771972656,139.23251039288513,168.588565046568,590,False,False,2023-06-05,139.23251039288513,LOSS,80.0,crypto
XMRUSD,SHORT,2023-07-24,160.86376953125,170.7161017618326,151.0114373006674,719,True,False,2023-08-17,151.0114373006674,WIN,24.0,crypto
XMRUSD,LONG,2023-11-24,170.45811462402344,159.79160145625667,181.1246277917902,842,False,False,2024-01-03,159.79160145625667,LOSS,40.0,crypto
XMRUSD,LONG,2024-01-31,163.8624725341797,148.99681266721396,178.72813240114542,910,False,False,2024-02-06,148.99681266721396,LOSS,6.0,crypto
XMRUSD,SHORT,2024-03-19,133.99168395996094,150.6390964811414,117.34427143878048,958,False,False,2024-04-02,117.34427143878048,WIN,14.0,crypto
XMRUSD,SHORT,2024-04-07,131.3164825439453,145.62691472595628,117.00605036193434,977,False,True,2024-04-13,117.00605036193434,WIN,6.0,crypto
XMRUSD,SHORT,2024-04-21,118.64810943603516,136.22860596542753,101.06761290664278,991,False,True,2024-05-13,136.22860596542753,LOSS,22.0,crypto
XMRUSD,LONG,2024-06-22,166.76055908203125,151.08977522361798,182.43134294044452,1053,False,True,2024-07-05,151.08977522361798,LOSS,13.0,crypto
XMRUSD,LONG,2024-07-18,160.9556427001953,148.87148147724105,173.03980392314958,1079,False,True,2024-07-26,173.03980392314958,WIN,8.0,crypto
XMRUSD,LONG,2024-07-27,162.51947021484375,150.04664569570724,174.99229473398026,1088,False,True,2024-08-01,150.04664569570724,LOSS,5.0,crypto
XMRUSD,LONG,2024-08-20,159.4385528564453,147.1800454973322,171.69706021555842,1112,False,True,2024-08-23,171.69706021555842,WIN,3.0,crypto
XMRUSD,LONG,2024-08-29,161.86717224121094,147.37972140586464,176.35462307655723,1121,False,False,2024-09-05,176.35462307655723,WIN,7.0,crypto
XMRUSD,LONG,2024-09-07,167.53561401367188,152.78747300458713,182.28375502275662,1130,False,False,2024-09-29,152.78747300458713,LOSS,22.0,crypto
XMRUSD,LONG,2024-10-17,157.62738037109375,144.84317607769097,170.41158466449653,1170,False,False,2024-11-14,144.84317607769097,LOSS,28.0,crypto
XMRUSD,LONG,2024-12-20,196.52244567871094,157.70133898142763,235.34355237599425,1234,False,True,2025-01-30,235.34355237599425,WIN,41.0,crypto
XMRUSD,LONG,2025-02-03,225.92750549316406,196.6819224844633,255.1730885018648,1279,False,False,2025-02-07,196.6819224844633,LOSS,4.0,crypto
XMRUSD,LONG,2025-02-12,227.0548858642578,198.94603869841595,255.16373303009968,1288,False,False,2025-03-10,198.94603869841595,LOSS,26.0,crypto
XMRUSD,LONG,2025-03-30,217.88697814941406,202.59207157367132,233.1818847251568,1334,False,False,2025-04-06,202.59207157367132,LOSS,7.0,crypto
XMRUSD,SHORT,2025-04-13,203.20022583007812,221.40042972740676,185.0000219327495,1348,False,True,2025-04-22,221.40042972740676,LOSS,9.0,crypto
XMRUSD,LONG,2025-07-06,319.38385009765625,289.6425365943107,349.1251636010018,1432,False,False,2025-07-14,349.1251636010018,WIN,8.0,crypto
XMRUSD,SHORT,2025-08-19,260.9593200683594,295.64197603744236,226.2766640992764,1476,False,True,2025-09-14,295.64197603744236,LOSS,26.0,crypto
XMRUSD,SHORT,2025-10-17,291.2266540527344,330.9878092890777,251.46549881639106,1535,True,True,2025-10-23,330.9878092890777,LOSS,6.0,crypto
XMRUSD,SHORT,2025-11-21,336.1737365722656,399.3122636588083,273.03520948572293,1570,True,True,2025-11-23,399.3122636588083,LOSS,2.0,crypto
XMRUSD,LONG,2025-11-26,398.25518798828125,338.0013683025941,458.5090076739684,1575,False,True,2025-12-20,458.5090076739684,WIN,24.0,crypto
XMRUSD,LONG,2025-12-25,443.4774169921875,391.7169623595853,495.2378716247897,1604,False,False,2026-01-11,495.2378716247897,WIN,17.0,crypto
XMRUSD,SHORT,2026-02-26,342.6136474609375,395.4289535858591,289.7983413360159,1667,False,True,2026-04-26,395.4289535858591,LOSS,59.0,crypto
XMRUSD,SHORT,2026-05-18,383.3985595703125,417.09673033371416,349.70038880691084,1748,True,True,2026-05-28,349.70038880691084,WIN,10.0,crypto
XMRUSD,SHORT,2026-05-30,370.4269714355469,417.39421469634755,323.4597281747462,1760,False,False,2026-06-02,323.4597281747462,WIN,3.0,crypto
XMRUSD,SHORT,2026-06-13,338.373046875,404.88804909735745,271.85804465264255,1774,False,False,,,OPEN,,crypto
GOLD,SHORT,2022-06-21,1834.5999755859375,1881.968793779392,1787.231157392483,221,False,False,2022-07-05,1787.231157392483,WIN,9.0,metals
GOLD,SHORT,2022-08-25,1757.699951171875,1789.4743555632276,1725.9255467805224,267,False,False,2022-08-30,1725.9255467805224,WIN,3.0,metals
GOLD,SHORT,2022-10-28,1639.5999755859375,1677.1825890999314,1602.0173620719436,312,False,False,2022-11-07,1677.1825890999314,LOSS,6.0,metals
GOLD,LONG,2023-04-20,2007.5999755859375,1954.2244254634206,2060.9755257084544,430,False,False,2023-05-04,2060.9755257084544,WIN,10.0,metals
GOLD,SHORT,2023-08-02,1937.4000244140625,1970.7522120516949,1904.0478367764301,501,False,False,2023-08-14,1904.0478367764301,WIN,8.0,metals
GOLD,SHORT,2023-08-25,1911.0999755859375,1936.6886234791468,1885.5113276927282,518,False,False,2023-08-30,1936.6886234791468,LOSS,3.0,metals
GOLD,SHORT,2023-09-12,1911.300048828125,1934.3684734401613,1888.2316242160887,529,False,False,2023-09-20,1934.3684734401613,LOSS,6.0,metals
GOLD,SHORT,2023-10-12,1869.300048828125,1900.413175843891,1838.186921812359,551,False,True,2023-10-13,1900.413175843891,LOSS,1.0,metals
GOLD,LONG,2024-01-04,2042.300048828125,1999.649113387738,2084.950984268512,608,False,True,2024-02-13,1999.649113387738,LOSS,27.0,metals
GOLD,LONG,2024-02-23,2038.5999755859375,2003.9329322692106,2073.2670189026644,642,False,False,2024-03-01,2073.2670189026644,WIN,5.0,metals
GOLD,LONG,2024-04-24,2324.5,2256.652526063898,2392.347473936102,684,False,True,2024-05-17,2392.347473936102,WIN,17.0,metals
GOLD,LONG,2024-05-28,2355.199951171875,2297.1741350580155,2413.2257672857345,707,False,False,2024-06-07,2297.1741350580155,LOSS,8.0,metals
GOLD,LONG,2024-07-03,2359.800048828125,2307.44347064695,2412.1566270093,732,True,False,2024-07-11,2412.1566270093,WIN,5.0,metals
GOLD,LONG,2024-10-10,2620.60009765625,2571.5099359623296,2669.6902593501704,801,False,True,2024-10-16,2669.6902593501704,WIN,4.0,metals
GOLD,LONG,2024-12-10,2697.60009765625,2634.136457426575,2761.063737885925,843,False,False,2024-12-17,2634.136457426575,LOSS,5.0,metals
GOLD,SHORT,2025-01-06,2638.39990234375,2697.806196370505,2578.993608316995,860,False,False,2025-01-10,2697.806196370505,LOSS,4.0,metals
GOLD,LONG,2025-03-11,2912.89990234375,2839.9583173504743,2985.8414873370257,904,False,False,2025-03-13,2985.8414873370257,WIN,2.0,metals
GOLD,LONG,2025-05-05,3311.300048828125,3169.153655828367,3453.446441827883,942,False,True,2025-05-15,3169.153655828367,LOSS,8.0,metals
GOLD,LONG,2025-05-29,3317.10009765625,3184.7527555910565,3449.4474397214435,959,False,False,2025-08-08,3449.4474397214435,WIN,50.0,metals
GOLD,SHORT,2025-08-21,3336.89990234375,3409.067260078007,3264.732544609493,1018,False,False,2025-08-28,3409.067260078007,LOSS,5.0,metals
GOLD,LONG,2025-11-10,4111.7998046875,3955.1123573784193,4268.487251996581,1074,False,True,2025-12-11,4268.487251996581,WIN,22.0,metals
GOLD,LONG,2026-02-03,4903.7001953125,4522.479157576817,5284.921233048183,1131,False,True,2026-03-02,5284.921233048183,WIN,18.0,metals
GOLD,LONG,2026-03-06,5146.10009765625,4871.652921438428,5420.547273874072,1153,False,False,2026-03-18,4871.652921438428,LOSS,8.0,metals
GOLD,SHORT,2026-06-01,4475.2001953125,4634.938928120289,4315.461462504711,1212,False,False,2026-06-08,4315.461462504711,WIN,5.0,metals
GOLD,SHORT,2026-07-06,4155.10009765625,4340.595465813196,3969.604729499304,1235,False,True,2026-07-17,3969.604729499304,WIN,9.0,metals
GOLD,SHORT,2026-07-23,4046.60009765625,4205.467211898192,3887.7329834143084,1248,False,True,,,OPEN,,metals
SILVER,SHORT,2022-06-21,21.753999710083008,22.562321348329977,20.94567807183604,221,False,False,2022-06-28,20.94567807183604,WIN,5.0,metals
SILVER,LONG,2022-10-26,19.479999542236328,18.46829153702027,20.491707547452386,310,False,False,2022-11-04,20.491707547452386,WIN,7.0,metals
SILVER,LONG,2023-01-06,23.82200050354004,22.755101180367618,24.88889982671246,359,False,True,2023-02-03,22.755101180367618,LOSS,19.0,metals
SILVER,SHORT,2023-07-06,22.68600082397461,23.43146862682449,21.94053302112473,482,False,False,2023-07-12,23.43146862682449,LOSS,4.0,metals
SILVER,SHORT,2023-10-12,21.79199981689453,22.573010112670165,21.010989521118898,551,False,False,2023-10-13,22.573010112670165,LOSS,1.0,metals
SILVER,SHORT,2023-11-10,22.21500015258789,22.98754855429033,21.44245175088545,572,False,False,2023-11-14,22.98754855429033,LOSS,2.0,metals
SILVER,LONG,2024-02-01,23.1299991607666,22.429367936232065,23.830630385301138,627,False,False,2024-02-05,22.429367936232065,LOSS,2.0,metals
SILVER,LONG,2024-04-23,27.33099937438965,26.202425861180178,28.45957288759912,683,False,True,2024-05-02,26.202425861180178,LOSS,7.0,metals
SILVER,LONG,2024-06-03,30.641000747680664,29.055498889470055,32.22650260589127,711,False,True,2024-06-13,29.055498889470055,LOSS,8.0,metals
SILVER,SHORT,2025-02-27,31.801000595092773,33.02698573704061,30.575015453144935,896,False,False,2025-03-06,33.02698573704061,LOSS,5.0,metals
SILVER,LONG,2025-04-17,32.41999816894531,30.689195526228023,34.150800811662606,931,False,False,2025-06-02,34.150800811662606,WIN,30.0,metals
SILVER,LONG,2025-07-01,36.082000732421875,34.863222556067136,37.300778908776614,981,False,False,2025-07-10,37.300778908776614,WIN,7.0,metals
SILVER,LONG,2025-08-12,37.89899826049805,36.77470154097273,39.023294980023365,1011,False,False,2025-08-28,39.023294980023365,WIN,12.0,metals
SILVER,LONG,2025-10-23,48.481998443603516,45.1078086351041,51.85618825210293,1062,False,True,2025-11-12,51.85618825210293,WIN,14.0,metals
SILVER,LONG,2025-11-18,50.45000076293945,47.54779407736163,53.35220744851728,1080,False,False,2025-11-28,53.35220744851728,WIN,7.0,metals
SILVER,SHORT,2026-05-04,73.0719985961914,79.15999880510053,66.98399838728228,1193,False,False,2026-05-07,79.15999880510053,LOSS,3.0,metals
SILVER,SHORT,2026-07-31,57.590999603271484,61.04878996396759,54.133209242575376,1254,False,True,,,OPEN,,metals
PLATINUM,SHORT,2022-07-28,871.9000244140625,903.6020657286912,840.1979830994338,247,False,False,2022-08-04,903.6020657286912,LOSS,5.0,metals
PLATINUM,LONG,2022-10-13,906.7999877929688,869.9601907735346,943.6397848124029,301,False,False,2022-10-21,943.6397848124029,WIN,6.0,metals
PLATINUM,LONG,2022-12-29,1049.699951171875,1011.0312820083209,1088.3686203354291,354,False,False,2023-01-03,1088.3686203354291,WIN,2.0,metals
PLATINUM,SHORT,2023-10-18,884.5999755859375,909.8409414481664,859.3590097237086,555,False,False,2023-10-30,909.8409414481664,LOSS,8.0,metals
PLATINUM,LONG,2024-04-18,945.2999877929688,915.5859548401911,975.0140207457464,680,False,False,2024-04-23,915.5859548401911,LOSS,3.0,metals
PLATINUM,LONG,2024-06-28,1001.9000244140625,968.494504743267,1035.305544084858,729,False,False,2024-07-05,1035.305544084858,WIN,4.0,metals
PLATINUM,LONG,2024-07-11,1005.5,969.4550687248266,1041.5449312751734,737,False,False,2024-07-19,969.4550687248266,LOSS,6.0,metals
PLATINUM,SHORT,2025-01-06,929.2999877929688,957.8253000892003,900.7746754967372,860,False,False,2025-01-07,957.8253000892003,LOSS,1.0,metals
PLATINUM,LONG,2025-05-01,964.7999877929688,938.2304376602441,991.3695379256934,940,False,False,2025-05-09,991.3695379256934,WIN,6.0,metals
PLATINUM,LONG,2025-10-20,1634.9000244140625,1536.5898984451505,1733.2101503829745,1059,False,True,2025-10-21,1536.5898984451505,LOSS,1.0,metals
PLATINUM,SHORT,2025-11-19,1546.9000244140625,1608.483676239873,1485.316372588252,1081,False,False,2025-11-28,1608.483676239873,LOSS,6.0,metals
PLATINUM,SHORT,2026-07-16,1635.699951171875,1706.0146441969034,1565.3852581468466,1243,False,True,2026-08-04,1706.0146441969034,LOSS,13.0,metals
PALLADIUM,LONG,2022-09-19,2203.89990234375,2071.864091825648,2335.935712861852,283,False,False,2022-09-23,2071.864091825648,LOSS,4.0,metals
PALLADIUM,SHORT,2022-11-30,1845.0,1944.1280536988083,1745.8719463011917,334,False,False,2022-12-09,1944.1280536988083,LOSS,7.0,metals
PALLADIUM,SHORT,2023-08-30,1216.9000244140625,1265.6149983047405,1168.1850505233845,521,False,False,2023-09-20,1265.6149983047405,LOSS,14.0,metals
PALLADIUM,LONG,2024-09-05,934.7000122070312,894.7988230458466,974.6012013682159,776,False,False,2024-09-11,974.6012013682159,WIN,4.0,metals
PALLADIUM,SHORT,2025-03-10,939.7999877929688,974.4871251237747,905.1128504621628,903,False,False,2025-03-14,974.4871251237747,LOSS,4.0,metals
PALLADIUM,LONG,2025-09-08,1139.4000244140625,1088.7825225435038,1190.0175262846212,1028,False,False,2025-09-10,1190.0175262846212,WIN,2.0,metals
PALLADIUM,LONG,2025-09-22,1193.699951171875,1139.7352375323424,1247.6646648114076,1038,False,False,2025-09-25,1247.6646648114076,WIN,3.0,metals
PALLADIUM,LONG,2025-12-30,1706.699951171875,1540.5974732601826,1872.8024290835674,1107,False,True,2026-01-12,1872.8024290835674,WIN,8.0,metals
PALLADIUM,LONG,2026-02-27,1792.199951171875,1648.6395388241579,1935.7603635195921,1147,False,False,2026-03-03,1648.6395388241579,LOSS,2.0,metals
PALLADIUM,SHORT,2026-05-04,1474.699951171875,1543.6501154542402,1405.7497868895098,1192,False,False,2026-05-06,1543.6501154542402,LOSS,2.0,metals
NAS100,SHORT,2022-06-28,11637.76953125,12380.265605312441,10895.273457187559,225,False,False,2022-07-20,12380.265605312441,LOSS,15.0,indices
NAS100,LONG,2022-10-25,11669.990234375,11030.129002696576,12309.851466053424,308,False,True,2022-11-02,11030.129002696576,LOSS,6.0,indices
NAS100,SHORT,2022-11-09,10797.5498046875,11401.85318276612,10193.24642660888,319,False,False,2022-11-10,11401.85318276612,LOSS,1.0,indices
NAS100,SHORT,2022-12-09,11563.330078125,12057.977582497519,11068.682573752481,340,False,False,2022-12-13,12057.977582497519,LOSS,2.0,indices
NAS100,LONG,2023-01-20,11619.0302734375,11136.590401417445,12101.470145457555,367,False,False,2023-01-27,12101.470145457555,WIN,5.0,indices
NAS100,LONG,2023-02-17,12358.1796875,11843.079519542776,12873.279855457224,387,False,True,2023-03-02,11843.079519542776,LOSS,8.0,indices
NAS100,LONG,2023-03-08,12215.330078125,11769.140130955357,12661.520025294643,399,False,False,2023-03-13,11769.140130955357,LOSS,3.0,indices
NAS100,LONG,2023-04-21,13000.76953125,12609.980055318623,13391.559007181377,430,False,False,2023-05-11,13391.559007181377,WIN,14.0,indices
NAS100,LONG,2023-08-30,15462.4296875,14990.412947887336,15934.446427112664,520,False,False,2023-09-20,14990.412947887336,LOSS,14.0,indices
NAS100,LONG,2024-01-17,16736.279296875,16344.677380892505,17127.881212857494,615,False,True,2024-01-19,17127.881212857494,WIN,2.0,indices
NAS100,LONG,2024-03-12,18219.109375,17732.31628188217,18705.90246811783,653,False,False,2024-04-15,17732.31628188217,LOSS,23.0,indices
NAS100,SHORT,2024-04-30,17440.689453125,17993.080180565365,16888.298725684635,687,True,False,2024-05-06,17993.080180565365,LOSS,4.0,indices
NAS100,LONG,2024-08-15,19490.150390625,18630.872644025872,20349.428137224128,761,False,True,2024-09-06,18630.872644025872,LOSS,15.0,indices
NAS100,SHORT,2024-11-04,19963.599609375,20499.795726511762,19427.403492238238,817,False,False,2024-11-06,20499.795726511762,LOSS,2.0,indices
NAS100,LONG,2024-12-23,21503.169921875,20862.24199131058,22144.09785243942,851,False,False,2025-01-02,20862.24199131058,LOSS,6.0,indices
NAS100,LONG,2025-01-28,21463.0390625,20716.75253535922,22209.32558964078,873,False,False,2025-02-19,22209.32558964078,WIN,15.0,indices
NAS100,SHORT,2025-03-26,19916.990234375,20762.193690133983,19071.786778616017,913,False,True,2025-03-31,19071.786778616017,WIN,3.0,indices
NAS100,SHORT,2025-04-10,18343.5703125,19960.272057728656,16726.868567271344,924,False,True,2025-05-01,19960.272057728656,LOSS,14.0,indices
NAS100,LONG,2025-08-04,23188.609375,22671.300010883722,23705.918739116278,1002,False,True,2025-08-12,23705.918739116278,WIN,6.0,indices
NAS100,LONG,2025-08-22,23498.119140625,22959.721505699737,24036.516775550263,1016,False,False,2025-09-12,24036.516775550263,WIN,14.0,indices
NAS100,LONG,2025-10-13,24750.25,24126.09277241216,25374.40722758784,1051,False,False,2025-10-24,25374.40722758784,WIN,9.0,indices
NAS100,LONG,2025-11-10,25611.740234375,24824.024114416323,26399.456354333677,1071,False,False,2025-11-14,24824.024114416323,LOSS,4.0,indices
NAS100,LONG,2025-12-11,25686.689453125,24928.425401759778,26444.953504490222,1093,False,False,2025-12-16,24928.425401759778,LOSS,3.0,indices
NAS100,SHORT,2026-02-11,25201.259765625,26000.680588364077,24401.838942885923,1134,False,False,2026-02-17,24401.838942885923,WIN,3.0,indices
NAS100,SHORT,2026-02-26,25034.369140625,25846.810318020725,24221.927963229275,1144,False,False,2026-03-19,24221.927963229275,WIN,15.0,indices
NAS100,LONG,2026-07-06,29697.869140625,28370.020093860305,31025.718187389695,1232,False,False,2026-07-17,28370.020093860305,LOSS,9.0,indices
US30,SHORT,2022-06-28,30946.990234375,32275.287682487495,29618.692786262505,225,False,False,2022-07-27,32275.287682487495,LOSS,20.0,indices
US30,SHORT,2022-08-26,32283.400390625,33196.878278896336,31369.922502353664,267,False,False,2022-09-01,31369.922502353664,WIN,4.0,indices
US30,LONG,2022-12-07,33597.921875,32601.419438362744,34594.42431163725,338,False,True,2022-12-13,34594.42431163725,WIN,4.0,indices
US30,LONG,2023-01-26,33949.41015625,33014.36917553003,34884.45113696997,371,False,False,2023-02-22,33014.36917553003,LOSS,18.0,indices
US30,SHORT,2023-03-28,32394.25,33348.73655154841,31439.763448451587,413,False,False,2023-04-03,33348.73655154841,LOSS,4.0,indices
US30,SHORT,2023-05-09,33561.80859375,34274.05233364561,32849.56485385439,442,True,False,2023-05-24,32849.56485385439,WIN,11.0,indices
US30,LONG,2023-06-27,33926.73828125,33317.29713654128,34536.17942595872,475,False,False,2023-07-12,34536.17942595872,WIN,10.0,indices
US30,LONG,2023-08-11,35281.3984375,34641.54036628903,35921.25650871097,507,False,True,2023-08-17,34641.54036628903,LOSS,4.0,indices
US30,SHORT,2023-09-13,34575.53125,35162.03279436084,33989.02970563916,529,False,False,2023-09-22,33989.02970563916,WIN,7.0,indices
US30,SHORT,2023-10-12,33631.140625,34329.42513700388,32932.85611299612,550,False,False,2023-10-23,32932.85611299612,WIN,7.0,indices
US30,LONG,2024-01-18,37468.609375,36862.164813332754,38075.053936667246,616,False,True,2024-01-22,38075.053936667246,WIN,2.0,indices
US30,LONG,2024-02-14,38424.26953125,37782.22109544013,39066.31796705987,635,False,True,2024-02-22,39066.31796705987,WIN,5.0,indices
US30,LONG,2024-03-07,38791.3515625,38195.65453485146,39387.04859014854,650,False,False,2024-03-20,39387.04859014854,WIN,9.0,indices
US30,SHORT,2024-04-24,38460.921875,39234.059528787475,37687.784221212525,683,True,True,2024-05-09,39234.059528787475,LOSS,11.0,indices
US30,SHORT,2024-06-07,38798.98828125,39528.14649375297,38069.83006874703,714,False,False,2024-06-24,39528.14649375297,LOSS,10.0,indices
US30,LONG,2024-11-19,43268.94140625,42390.90470953026,44146.97810296974,828,False,False,2024-11-22,44146.97810296974,WIN,3.0,indices
US30,SHORT,2025-03-03,43191.23828125,44283.241321370544,42099.235241129456,896,False,False,2025-03-10,42099.235241129456,WIN,5.0,indices
US30,SHORT,2025-03-27,42299.69921875,43452.48166825536,41146.91676924464,914,False,True,2025-04-03,41146.91676924464,WIN,5.0,indices
US30,SHORT,2025-04-15,40368.9609375,42719.21553482316,38018.70634017684,927,False,True,2025-04-21,38018.70634017684,WIN,3.0,indices
US30,SHORT,2025-04-23,39606.5703125,41906.17498413021,37306.96564086979,932,False,True,2025-05-12,41906.17498413021,LOSS,13.0,indices
US30,SHORT,2025-06-20,42206.8203125,43192.53796020093,41221.10266479907,972,False,False,2025-06-26,43192.53796020093,LOSS,4.0,indices
US30,LONG,2025-07-16,44254.78125,43376.98426043999,45132.57823956001,989,False,True,2025-08-01,43376.98426043999,LOSS,12.0,indices
US30,LONG,2025-09-02,45295.80859375,44506.77005691027,46084.84713058973,1022,False,False,2025-09-11,46084.84713058973,WIN,7.0,indices
US30,LONG,2025-10-20,46706.578125,45671.198963410265,47741.957286589735,1056,False,False,2025-10-28,47741.957286589735,WIN,6.0,indices
US30,LONG,2025-11-05,47311.0,46330.5962379831,48291.4037620169,1068,False,False,2025-11-12,48291.4037620169,WIN,5.0,indices
US30,LONG,2026-01-02,48382.390625,47523.17002880096,49241.61122119904,1107,False,False,2026-01-06,49241.61122119904,WIN,2.0,indices
US30,LONG,2026-01-21,49077.23046875,48023.92232970852,50130.53860779148,1119,False,False,2026-02-06,50130.53860779148,WIN,12.0,indices
US30,LONG,2026-02-13,49500.9296875,48263.25864262833,50738.60073237167,1136,False,False,2026-03-03,48263.25864262833,LOSS,11.0,indices
US30,SHORT,2026-04-07,46584.4609375,47965.55296195819,45203.36891304181,1171,False,True,2026-04-08,47965.55296195819,LOSS,1.0,indices
US30,LONG,2026-07-14,52508.26953125,51357.04074817601,53659.49831432399,1238,False,True,2026-08-04,53659.49831432399,WIN,15.0,indices
SPX500,SHORT,2022-06-28,3821.550048828125,4012.7490292369885,3630.3510684192615,225,False,False,2022-07-27,4012.7490292369885,LOSS,20.0,indices
SPX500,SHORT,2022-08-26,4057.659912109375,4189.6415985360245,3925.6782256827255,267,False,False,2022-09-01,3925.6782256827255,WIN,4.0,indices
SPX500,LONG,2022-10-24,3797.340087890625,3619.025239000267,3975.654936780983,307,True,True,2022-11-11,3975.654936780983,WIN,14.0,indices
SPX500,LONG,2022-12-08,3963.510009765625,3833.4973537489723,4093.5226657822777,339,False,False,2022-12-13,4093.5226657822777,WIN,3.0,indices
SPX500,LONG,2023-01-10,3919.25,3787.8773609780474,4050.6226390219526,360,False,False,2023-01-26,4050.6226390219526,WIN,11.0,indices
SPX500,LONG,2023-02-17,4079.090087890625,3960.8281687064473,4197.352007074803,387,False,False,2023-02-24,3960.8281687064473,LOSS,4.0,indices
SPX500,LONG,2023-03-29,4027.81005859375,3901.680531070955,4153.939586116545,414,False,False,2023-04-14,4153.939586116545,WIN,11.0,indices
SPX500,LONG,2023-04-27,4135.35009765625,4041.259529705003,4229.440665607497,434,False,False,2023-05-30,4229.440665607497,WIN,22.0,indices
SPX500,LONG,2023-08-07,4518.43994140625,4436.373831970021,4600.506050842479,503,False,True,2023-08-15,4436.373831970021,LOSS,6.0,indices
SPX500,LONG,2023-08-30,4514.8701171875,4419.313150606963,4610.427083768037,520,False,False,2023-09-19,4419.313150606963,LOSS,13.0,indices
SPX500,SHORT,2023-09-20,4402.2001953125,4485.213327381346,4319.187063243654,534,False,False,2023-09-22,4319.187063243654,WIN,2.0,indices
SPX500,SHORT,2023-10-19,4278.0,4388.424637446738,4167.575362553262,555,False,False,2023-10-26,4167.575362553262,WIN,5.0,indices
SPX500,LONG,2024-01-05,4697.240234375,4621.0195772765865,4773.4608914734135,608,False,True,2024-01-10,4773.4608914734135,WIN,3.0,indices
SPX500,LONG,2024-01-17,4739.2099609375,4657.503015595782,4820.916906279218,615,False,True,2024-01-19,4820.916906279218,WIN,2.0,indices
SPX500,LONG,2024-04-05,5204.33984375,5107.945046526203,5300.734640973797,670,False,False,2024-04-12,5107.945046526203,LOSS,5.0,indices
SPX500,LONG,2024-07-22,5564.41015625,5460.1593569437,5668.6609555563,743,False,True,2024-07-24,5460.1593569437,LOSS,2.0,indices
SPX500,SHORT,2024-09-06,5408.419921875,5561.933011401878,5254.906832348122,776,True,False,2024-09-12,5561.933011401878,LOSS,4.0,indices
SPX500,SHORT,2025-03-26,5712.2001953125,5893.548785072713,5530.851605552287,913,False,True,2025-03-31,5530.851605552287,WIN,3.0,indices
SPX500,SHORT,2025-04-23,5375.85986328125,5719.544840978999,5032.174885583501,932,False,True,2025-05-08,5719.544840978999,LOSS,11.0,indices
SPX500,LONG,2025-08-04,6329.93994140625,6212.666248758437,6447.213634054063,1002,False,True,2025-08-13,6447.213634054063,WIN,7.0,indices
SPX500,LONG,2025-09-02,6415.5400390625,6305.654848916278,6525.425229208722,1022,False,False,2025-09-05,6525.425229208722,WIN,3.0,indices
SPX500,LONG,2025-10-13,6654.72021484375,6526.9249862442675,6782.5154434432325,1051,False,True,2025-10-24,6782.5154434432325,WIN,9.0,indices
SPX500,LONG,2025-11-05,6796.2900390625,6656.748225698808,6935.831852426192,1068,False,False,2025-11-07,6656.748225698808,LOSS,2.0,indices
SPX500,LONG,2025-11-10,6832.43017578125,6680.558214479648,6984.302137082852,1071,False,False,2025-11-14,6680.558214479648,LOSS,4.0,indices
SPX500,LONG,2026-01-05,6902.0498046875,6780.90817502768,7023.19143434732,1108,False,False,2026-02-05,6780.90817502768,LOSS,22.0,indices
SPX500,SHORT,2026-02-23,6837.75,6999.842160825827,6675.657839174173,1141,False,False,2026-03-09,6675.657839174173,WIN,10.0,indices
SPX500,LONG,2026-06-18,7500.580078125,7303.010156759603,7698.149999490397,1222,False,False,2026-06-26,7303.010156759603,LOSS,5.0,indices
SPX500,LONG,2026-07-06,7537.43017578125,7350.194243070273,7724.666108492227,1232,False,False,2026-07-29,7350.194243070273,LOSS,17.0,indices
DAX40,LONG,2022-12-12,14306.6298828125,13975.42424359855,14637.83552202645,349,False,True,2022-12-13,14637.83552202645,WIN,1.0,indices
DAX40,LONG,2023-02-22,15399.8896484375,15059.640252815558,15740.139044059442,400,False,True,2023-03-13,15059.640252815558,LOSS,13.0,indices
DAX40,LONG,2023-03-30,15522.400390625,15006.790401701237,16038.010379548763,426,False,False,2023-05-18,16038.010379548763,WIN,32.0,indices
DAX40,SHORT,2023-05-30,15908.91015625,16250.36749550224,15567.45281699776,466,False,False,2023-06-14,16250.36749550224,LOSS,11.0,indices
DAX40,SHORT,2023-06-29,15946.7197265625,16258.39636133647,15635.04309178853,488,False,False,2023-07-06,15635.04309178853,WIN,5.0,indices
DAX40,SHORT,2023-08-11,15832.169921875,16196.403978648912,15467.935865101088,519,False,False,2023-09-25,15467.935865101088,WIN,31.0,indices
DAX40,SHORT,2023-10-13,15186.66015625,15556.085056038002,14817.235256461998,564,False,False,2023-10-20,14817.235256461998,WIN,5.0,indices
DAX40,LONG,2024-01-04,16617.2890625,16330.548436648714,16904.029688351286,620,False,True,2024-01-24,16904.029688351286,WIN,14.0,indices
DAX40,LONG,2024-02-14,16945.48046875,16664.828340209573,17226.132597290427,649,False,True,2024-02-22,17226.132597290427,WIN,6.0,indices
DAX40,LONG,2024-04-26,18161.009765625,17753.60144906227,18568.41808218773,699,False,True,2024-05-09,18568.41808218773,WIN,8.0,indices
DAX40,LONG,2024-06-03,18608.16015625,18280.28201456607,18936.03829793393,724,False,False,2024-06-13,18280.28201456607,LOSS,8.0,indices
DAX40,SHORT,2024-07-02,18164.060546875,18575.76526270113,17752.35583104887,745,False,False,2024-07-05,18575.76526270113,LOSS,3.0,indices
DAX40,SHORT,2024-07-24,18387.4609375,18798.99149563464,17975.93037936536,761,False,False,2024-08-02,17975.93037936536,WIN,7.0,indices
DAX40,SHORT,2024-09-10,18265.919921875,18662.976755313757,17868.863088436243,795,False,False,2024-09-13,18662.976755313757,LOSS,3.0,indices
DAX40,LONG,2024-11-27,19261.75,18784.878064665256,19738.621935334744,851,False,False,2024-12-02,19738.621935334744,WIN,3.0,indices
DAX40,LONG,2025-01-06,20216.189453125,19842.686997245353,20589.691909004647,874,False,False,2025-01-15,20589.691909004647,WIN,7.0,indices
DAX40,LONG,2025-03-12,22676.41015625,21823.15065646927,23529.66965603073,921,False,True,2025-04-03,21823.15065646927,LOSS,16.0,indices
DAX40,SHORT,2025-06-25,23498.330078125,24142.49752034565,22854.16263590435,993,True,False,2025-07-08,24142.49752034565,LOSS,9.0,indices
DAX40,SHORT,2025-08-28,24039.919921875,24513.747314461318,23566.092529288682,1039,False,False,2025-09-02,23566.092529288682,WIN,3.0,indices
DAX40,SHORT,2025-09-19,23639.41015625,24138.98635692099,23139.83395557901,1055,False,False,2025-10-01,24138.98635692099,LOSS,8.0,indices
DAX40,SHORT,2025-10-31,23958.30078125,24433.715619477316,23482.885943022684,1085,False,False,2025-11-07,23482.885943022684,WIN,5.0,indices
DAX40,SHORT,2025-11-13,24041.619140625,24628.83789136323,23454.40038988677,1094,False,False,2025-11-18,23454.40038988677,WIN,3.0,indices
DAX40,SHORT,2025-12-01,23589.439453125,24197.60641091637,22981.27249533363,1106,False,False,2025-12-11,24197.60641091637,LOSS,8.0,indices
DAX40,LONG,2026-02-10,24987.849609375,24422.531883210642,25553.167335539358,1152,False,False,2026-03-03,24422.531883210642,LOSS,15.0,indices
DAX40,SHORT,2026-04-07,22921.58984375,23942.62059943259,21900.55908806741,1190,False,True,2026-04-08,23942.62059943259,LOSS,1.0,indices
DAX40,SHORT,2026-06-09,24433.060546875,25154.96356449591,23711.15752925409,1234,False,False,2026-06-19,25154.96356449591,LOSS,8.0,indices
DAX40,LONG,2026-06-23,24893.580078125,24217.688750258516,25569.471405991484,1244,False,False,2026-07-02,25569.471405991484,WIN,7.0,indices
DAX40,LONG,2026-07-09,25118.26953125,24416.66356761152,25819.87549488848,1256,False,False,2026-07-31,25819.87549488848,WIN,16.0,indices
FTSE100,SHORT,2022-06-30,7169.2998046875,7409.488490345336,6929.111119029664,227,False,True,2022-07-29,7409.488490345336,LOSS,21.0,indices
FTSE100,SHORT,2022-08-30,7361.60009765625,7517.423553729033,7205.776641583467,269,False,False,2022-09-01,7205.776641583467,WIN,2.0,indices
FTSE100,SHORT,2022-09-14,7277.2998046875,7477.930131409196,7076.669477965804,280,False,False,2022-09-23,7076.669477965804,WIN,6.0,indices
FTSE100,SHORT,2022-10-19,6925.0,7149.900254294402,6700.099745705598,304,False,True,2022-11-01,7149.900254294402,LOSS,9.0,indices
FTSE100,LONG,2022-12-29,7512.7001953125,7362.318095052602,7663.082295572398,353,False,False,2023-01-06,7663.082295572398,WIN,5.0,indices
FTSE100,LONG,2023-02-27,7935.10009765625,7804.146354611942,8066.053840700558,394,False,False,2023-03-10,7804.146354611942,LOSS,9.0,indices
FTSE100,SHORT,2023-05-04,7702.60009765625,7846.558526710188,7558.641668602312,439,False,False,2023-05-26,7558.641668602312,WIN,15.0,indices
FTSE100,SHORT,2023-06-19,7588.5,7719.028519074485,7457.971480925515,469,False,False,2023-06-23,7457.971480925515,WIN,4.0,indices
FTSE100,SHORT,2023-07-03,7527.2998046875,7655.3345459299135,7399.2650634450865,479,False,False,2023-07-06,7399.2650634450865,WIN,3.0,indices
FTSE100,SHORT,2023-07-14,7434.60009765625,7575.627268125455,7293.572927187045,488,False,False,2023-07-19,7575.627268125455,LOSS,3.0,indices
FTSE100,SHORT,2023-08-11,7524.2001953125,7672.121082058112,7376.279308566888,508,False,False,2023-08-15,7376.279308566888,WIN,2.0,indices
FTSE100,SHORT,2023-10-03,7470.2001953125,7632.791491317064,7307.608899307936,544,False,False,2023-10-10,7632.791491317064,LOSS,5.0,indices
FTSE100,SHORT,2023-11-03,7417.7001953125,7583.4976113403745,7251.9027792846255,567,False,False,2023-12-12,7583.4976113403745,LOSS,27.0,indices
FTSE100,LONG,2024-01-08,7694.2001953125,7560.725812631832,7827.674577993168,610,False,True,2024-01-16,7560.725812631832,LOSS,6.0,indices
FTSE100,LONG,2024-03-01,7682.5,7562.995644744667,7802.004355255333,649,False,False,2024-03-21,7802.004355255333,WIN,14.0,indices
FTSE100,LONG,2024-06-24,8281.599609375,8136.139661296386,8427.059557453613,726,False,False,2024-07-02,8136.139661296386,LOSS,6.0,indices
FTSE100,LONG,2024-07-26,8285.7001953125,8132.392229141513,8439.008161483487,750,False,False,2024-08-05,8132.392229141513,LOSS,6.0,indices
FTSE100,SHORT,2024-10-08,8190.60009765625,8338.022155576271,8043.178039736229,801,False,False,2024-10-16,8338.022155576271,LOSS,6.0,indices
FTSE100,SHORT,2024-10-25,8248.7998046875,8385.692930773224,8111.906678601776,814,False,False,2024-10-31,8111.906678601776,WIN,4.0,indices
FTSE100,SHORT,2024-11-06,8166.7001953125,8325.965481926813,8007.434908698187,822,False,False,2024-11-13,8007.434908698187,WIN,5.0,indices
FTSE100,SHORT,2024-11-19,8099.0,8254.137529061683,7943.862470938317,831,False,False,2024-11-22,8254.137529061683,LOSS,3.0,indices
FTSE100,LONG,2025-02-25,8668.7001953125,8532.660337075682,8804.740053549318,898,False,True,2025-02-28,8804.740053549318,WIN,3.0,indices
FTSE100,LONG,2025-03-25,8663.7998046875,8504.97286702348,8822.62674235152,918,False,False,2025-04-03,8504.97286702348,LOSS,7.0,indices
FTSE100,LONG,2025-04-23,8403.2001953125,8082.984979785093,8723.415410839907,937,False,True,2025-05-20,8723.415410839907,WIN,18.0,indices
FTSE100,SHORT,2025-06-25,8718.7998046875,8853.624066107424,8583.975543267576,980,False,False,2025-07-08,8853.624066107424,LOSS,9.0,indices
FTSE100,LONG,2025-09-01,9196.2998046875,9071.52284318368,9321.07676619132,1027,False,True,2025-09-12,9321.07676619132,WIN,9.0,indices
FTSE100,LONG,2025-09-18,9228.099609375,9107.252427731402,9348.946791018598,1040,False,False,2025-09-29,9348.946791018598,WIN,7.0,indices
FTSE100,LONG,2025-10-16,9436.099609375,9303.388752768968,9568.810465981032,1060,False,True,2025-10-17,9303.388752768968,LOSS,1.0,indices
FTSE100,LONG,2025-10-20,9403.599609375,9259.209173704492,9547.990045045508,1062,False,False,2025-10-23,9547.990045045508,WIN,3.0,indices
FTSE100,LONG,2025-12-11,9703.2001953125,9556.950537020552,9849.449853604448,1100,False,False,2025-12-17,9849.449853604448,WIN,4.0,indices
FTSE100,SHORT,2026-04-27,10321.099609375,10576.866542253423,10065.332676496577,1192,False,False,2026-06-30,10576.866542253423,LOSS,44.0,indices
NIKKEI225,SHORT,2022-06-30,26393.0390625,27264.935592073572,25521.142532926428,221,False,False,2022-07-20,27264.935592073572,LOSS,13.0,indices
NIKKEI225,LONG,2022-10-20,27006.9609375,26162.55602312104,27851.36585187896,296,False,False,2022-11-08,27851.36585187896,WIN,12.0,indices
NIKKEI225,SHORT,2023-01-19,26405.23046875,27110.600046307452,25699.860891192548,356,False,False,2023-01-24,27110.600046307452,LOSS,3.0,indices
NIKKEI225,LONG,2023-03-29,27883.779296875,27221.244959200743,28546.313634549257,403,False,False,2023-04-17,28546.313634549257,WIN,13.0,indices
NIKKEI225,LONG,2023-04-27,28457.6796875,27940.639232529044,28974.720142470956,424,False,False,2023-05-01,28974.720142470956,WIN,2.0,indices
NIKKEI225,LONG,2023-06-26,32698.810546875,31693.16119739311,33704.459896356886,463,False,True,2023-07-03,33704.459896356886,WIN,5.0,indices
NIKKEI225,LONG,2023-07-27,32891.16015625,32016.323781589657,33765.99653091034,485,False,False,2023-08-04,32016.323781589657,LOSS,6.0,indices
NIKKEI225,SHORT,2023-09-26,32315.05078125,33085.058605999184,31545.042956500816,526,False,False,2023-10-03,31545.042956500816,WIN,5.0,indices
NIKKEI225,SHORT,2023-10-19,31430.619140625,32388.37454567433,30472.86373557567,542,False,False,2023-11-06,32388.37454567433,LOSS,11.0,indices
NIKKEI225,SHORT,2023-12-08,32307.859375,33228.28379462646,31387.434955373537,576,False,False,2023-12-20,33228.28379462646,LOSS,8.0,indices
NIKKEI225,LONG,2024-03-12,38797.51171875,37704.400376921,39890.623060579,637,False,True,2024-03-19,39890.623060579,WIN,5.0,indices
NIKKEI225,SHORT,2024-05-30,38054.12890625,39145.63026495508,36962.62754754492,690,False,False,2024-06-11,39145.63026495508,LOSS,8.0,indices
NIKKEI225,SHORT,2024-06-19,38570.76171875,39540.60395898747,37600.91947851253,704,False,False,2024-06-26,39540.60395898747,LOSS,5.0,indices
NIKKEI225,SHORT,2024-11-18,38220.8515625,39513.28429309234,36928.41883190766,806,False,False,2024-12-05,39513.28429309234,LOSS,13.0,indices
NIKKEI225,SHORT,2024-12-24,39036.8515625,40003.0189807318,38070.6841442682,832,False,False,2024-12-27,40003.0189807318,LOSS,3.0,indices
NIKKEI225,LONG,2025-01-07,40083.30078125,38994.87953330558,41171.72202919442,838,False,False,2025-01-14,38994.87953330558,LOSS,4.0,indices
NIKKEI225,LONG,2025-01-29,39414.78125,38305.590117613785,40523.972382386215,853,False,False,2025-02-25,38305.590117613785,LOSS,17.0,indices
NIKKEI225,SHORT,2025-03-24,37608.48828125,38656.046732624265,36560.929829875735,888,False,True,2025-03-31,36560.929829875735,WIN,5.0,indices
NIKKEI225,LONG,2025-08-05,40549.5390625,39503.494787170566,41595.583337829434,980,False,True,2025-08-08,41595.583337829434,WIN,3.0,indices
NIKKEI225,LONG,2025-09-02,42310.48828125,41203.90617460415,43417.07038789585,999,False,False,2025-09-08,43417.07038789585,WIN,4.0,indices
NIKKEI225,LONG,2025-10-02,44936.73046875,43810.97686411796,46062.48407338204,1019,False,True,2025-10-06,46062.48407338204,WIN,2.0,indices
NIKKEI225,LONG,2025-11-17,50323.91015625,48539.05580849837,52108.76450400163,1049,False,True,2025-11-19,48539.05580849837,LOSS,2.0,indices
NIKKEI225,LONG,2025-12-03,49864.6796875,48030.949735828675,51698.409639171325,1060,False,False,2026-01-05,51698.409639171325,WIN,20.0,indices
NIKKEI225,SHORT,2026-03-19,53372.53125,56256.81548938564,50488.24701061436,1130,True,True,2026-04-08,56256.81548938564,LOSS,13.0,indices
NIKKEI225,LONG,2026-06-09,65416.62890625,62291.22485016201,68542.03296233798,1183,False,True,2026-06-15,68542.03296233798,WIN,4.0,indices
NIKKEI225,LONG,2026-07-03,69744.0703125,65835.24949098617,73652.89113401383,1201,False,False,2026-07-17,65835.24949098617,LOSS,10.0,indices
WTI_OIL,SHORT,2022-06-29,109.77999877929688,119.92525443670219,99.63474312189156,227,False,False,2022-07-05,99.63474312189156,WIN,3.0,commodities
WTI_OIL,SHORT,2022-07-20,102.26000213623047,113.31771408537138,91.20229018708956,241,False,True,2022-08-03,91.20229018708956,WIN,10.0,commodities
WTI_OIL,SHORT,2022-08-25,92.5199966430664,101.15679703238338,83.88319625374943,267,False,False,2022-09-07,83.88319625374943,WIN,8.0,commodities
WTI_OIL,SHORT,2022-09-13,87.30999755859375,95.99053870901639,78.62945640817111,279,False,False,2022-09-23,78.62945640817111,WIN,8.0,commodities
WTI_OIL,SHORT,2022-10-18,82.81999969482422,90.58576563733908,75.05423375230936,304,False,False,2022-11-04,90.58576563733908,LOSS,13.0,commodities
WTI_OIL,SHORT,2022-11-14,85.87000274658203,92.98041731925862,78.75958817390544,323,False,False,2022-11-18,78.75958817390544,WIN,4.0,commodities
WTI_OIL,SHORT,2022-12-02,79.9800033569336,87.36847997344991,72.59152674041728,336,False,False,2022-12-07,72.59152674041728,WIN,3.0,commodities
WTI_OIL,SHORT,2022-12-15,76.11000061035156,83.36085723119419,68.85914398950894,345,False,False,2023-03-15,68.85914398950894,WIN,60.0,commodities
WTI_OIL,LONG,2023-03-31,75.66999816894531,69.94911801196845,81.39087832592217,417,False,True,2023-04-03,81.39087832592217,WIN,1.0,commodities
WTI_OIL,LONG,2023-04-24,78.76000213623047,74.0475223747824,83.47248189767853,432,False,False,2023-04-27,74.0475223747824,LOSS,3.0,commodities
WTI_OIL,SHORT,2023-07-03,69.79000091552734,74.63563270720816,64.94436912384653,480,False,False,2023-07-11,74.63563270720816,LOSS,5.0,commodities
WTI_OIL,LONG,2023-08-17,80.38999938964844,76.12373936683034,84.65625941246654,512,False,False,2023-09-01,84.65625941246654,WIN,11.0,commodities
WTI_OIL,LONG,2023-10-03,89.2300033569336,84.40321107695613,94.05679563691106,544,False,True,2023-10-04,84.40321107695613,LOSS,1.0,commodities
WTI_OIL,LONG,2023-10-19,89.37000274658203,83.61122899185627,95.1287765013078,556,False,False,2023-10-24,83.61122899185627,LOSS,3.0,commodities
WTI_OIL,SHORT,2023-11-30,75.95999908447266,81.61041703011007,70.30958113883524,585,False,True,2023-12-06,70.30958113883524,WIN,4.0,commodities
WTI_OIL,SHORT,2023-12-29,71.6500015258789,76.49543456864741,66.8045684831104,605,False,False,2024-01-25,76.49543456864741,LOSS,17.0,commodities
WTI_OIL,SHORT,2024-07-22,79.77999877929688,83.30218188362467,76.25781567496908,744,True,False,2024-07-25,76.25781567496908,WIN,3.0,commodities
WTI_OIL,SHORT,2024-08-19,74.37000274658203,79.00877444310645,69.73123105005762,764,False,False,2024-09-04,69.73123105005762,WIN,11.0,commodities
WTI_OIL,SHORT,2024-09-18,70.91000366210938,75.71948339948594,66.10052392473281,785,False,False,2024-10-07,75.71948339948594,LOSS,13.0,commodities
WTI_OIL,SHORT,2024-10-23,70.7699966430664,76.07245350638999,65.46753977974282,810,False,False,2025-01-10,76.07245350638999,LOSS,54.0,commodities
WTI_OIL,SHORT,2025-04-21,63.08000183105469,68.4938984868294,57.66610517527998,932,False,True,2025-05-01,57.66610517527998,WIN,8.0,commodities
WTI_OIL,SHORT,2025-05-27,60.88999938964844,65.17936000407887,56.600638775218,957,False,False,2025-06-09,65.17936000407887,LOSS,9.0,commodities
WTI_OIL,LONG,2025-07-07,67.93000030517578,62.34933168912254,73.51066892122901,985,False,False,2025-08-13,62.34933168912254,LOSS,27.0,commodities
WTI_OIL,LONG,2025-09-25,64.9800033569336,61.914923506730396,68.0450832071368,1042,False,False,2025-10-01,61.914923506730396,LOSS,4.0,commodities
WTI_OIL,SHORT,2025-10-09,61.5099983215332,64.58239925881661,58.4375973842498,1052,False,False,2025-10-10,58.4375973842498,WIN,1.0,commodities
WTI_OIL,SHORT,2025-11-06,59.43000030517578,62.592289075129536,56.26771153522203,1072,False,False,2025-12-16,56.26771153522203,WIN,27.0,commodities
WTI_OIL,SHORT,2025-12-26,56.7400016784668,59.56535618604226,53.914647170891335,1106,False,False,2026-01-09,59.56535618604226,LOSS,9.0,commodities
WTI_OIL,LONG,2026-02-03,63.209999084472656,58.88718589410834,67.53281227483697,1131,False,True,2026-02-27,67.53281227483697,WIN,17.0,commodities
WTI_OIL,LONG,2026-03-24,92.3499984741211,76.04298184517307,108.65701510306911,1165,False,True,2026-04-02,108.65701510306911,WIN,7.0,commodities
WTI_OIL,LONG,2026-04-09,97.87000274658203,79.62437076540759,116.11563472775647,1176,False,True,2026-06-16,79.62437076540759,LOSS,47.0,commodities
BRENT_OIL,SHORT,2022-06-30,114.80999755859375,124.06504263857663,105.55495247861087,228,True,False,2022-07-05,105.55495247861087,WIN,2.0,commodities
BRENT_OIL,SHORT,2022-07-26,104.4000015258789,114.24732115612476,94.55268189563306,245,False,True,2022-08-04,94.55268189563306,WIN,7.0,commodities
BRENT_OIL,SHORT,2022-09-13,93.16999816894531,102.00084515718282,84.3391511807078,279,False,False,2022-09-26,84.3391511807078,WIN,9.0,commodities
BRENT_OIL,SHORT,2022-10-18,90.02999877929688,97.29072718639412,82.76927037219963,304,False,False,2022-11-04,97.29072718639412,LOSS,13.0,commodities
BRENT_OIL,SHORT,2022-11-14,93.13999938964844,99.63645256443431,86.64354621486257,323,False,False,2022-11-18,86.64354621486257,WIN,4.0,commodities
BRENT_OIL,SHORT,2022-12-02,85.56999969482422,92.61971514387434,78.52028424577409,336,False,False,2022-12-07,78.52028424577409,WIN,3.0,commodities
BRENT_OIL,SHORT,2022-12-22,80.9800033569336,87.56292222674028,74.3970844871269,350,False,False,2023-01-18,87.56292222674028,LOSS,16.0,commodities
BRENT_OIL,SHORT,2023-02-02,82.16999816894531,87.72426100319602,76.6157353346946,377,False,False,2023-03-15,76.6157353346946,WIN,28.0,commodities
BRENT_OIL,LONG,2023-03-31,79.7699966430664,74.34830376853945,85.19168951759336,417,False,True,2023-04-03,85.19168951759336,WIN,1.0,commodities
BRENT_OIL,LONG,2023-06-21,77.12000274658203,72.07075782528628,82.16924766787778,472,False,False,2023-06-28,72.07075782528628,LOSS,5.0,commodities
BRENT_OIL,SHORT,2023-07-03,74.6500015258789,79.286682553672,70.01332049808582,480,False,False,2023-07-11,79.286682553672,LOSS,5.0,commodities
BRENT_OIL,LONG,2023-08-17,84.12000274658203,80.1513619708764,88.08864352228767,512,False,False,2023-09-01,88.08864352228767,WIN,11.0,commodities
BRENT_OIL,LONG,2023-10-18,91.5,86.3055559702879,96.6944440297121,555,False,False,2023-11-01,86.3055559702879,LOSS,10.0,commodities
BRENT_OIL,SHORT,2024-01-02,75.88999938964844,80.68917268771304,71.09082609158384,607,False,False,2024-01-12,80.68917268771304,LOSS,8.0,commodities
BRENT_OIL,LONG,2024-04-26,89.5,85.69001396176252,93.30998603823748,687,False,False,2024-05-01,85.69001396176252,LOSS,3.0,commodities
BRENT_OIL,LONG,2024-06-14,82.62000274658203,79.24620904836098,85.99379644480308,721,False,False,2024-06-21,85.99379644480308,WIN,4.0,commodities
BRENT_OIL,SHORT,2024-07-16,83.7300033569336,86.69172532644507,80.76828138742212,741,False,False,2024-07-23,80.76828138742212,WIN,5.0,commodities
BRENT_OIL,SHORT,2024-08-14,79.76000213623047,83.83197661460555,75.68802765785539,762,False,False,2024-08-21,75.68802765785539,WIN,5.0,commodities
BRENT_OIL,SHORT,2024-08-28,78.6500015258789,82.86334792380818,74.43665512794963,772,False,False,2024-09-03,74.43665512794963,WIN,3.0,commodities
BRENT_OIL,SHORT,2024-09-20,74.48999786376953,78.80424262913156,70.1757530984075,788,False,True,2024-10-01,70.1757530984075,WIN,7.0,commodities
BRENT_OIL,SHORT,2024-10-23,74.95999908447266,80.06855267035264,69.85144549859267,811,False,False,2025-01-10,80.06855267035264,LOSS,54.0,commodities
BRENT_OIL,LONG,2025-01-24,78.5,74.9906187081994,82.0093812918006,874,False,True,2025-02-04,74.9906187081994,LOSS,7.0,commodities
BRENT_OIL,SHORT,2025-04-21,66.26000213623047,71.39426279919087,61.12574147327007,933,False,True,2025-05-01,61.12574147327007,WIN,8.0,commodities
BRENT_OIL,SHORT,2025-05-27,64.08999633789062,68.22024515683762,59.95974751894363,958,False,False,2025-06-11,68.22024515683762,LOSS,11.0,commodities
BRENT_OIL,LONG,2025-07-08,70.1500015258789,64.98771296494981,75.312290086808,987,False,False,2025-10-02,64.98771296494981,LOSS,61.0,commodities
BRENT_OIL,SHORT,2025-11-06,63.380001068115234,66.4931643886201,60.26683774761037,1073,False,False,2025-12-15,60.26683774761037,WIN,26.0,commodities
BRENT_OIL,SHORT,2025-12-26,60.63999938964844,63.40029248686425,57.87970629243262,1107,False,False,2026-01-09,63.40029248686425,LOSS,9.0,commodities
BRENT_OIL,LONG,2026-02-03,67.33000183105469,62.83417127370517,71.82583238840421,1132,False,True,2026-02-19,71.82583238840421,WIN,11.0,commodities
BRENT_OIL,LONG,2026-04-02,109.02999877929688,90.752444770451,127.30755278814274,1173,False,True,2026-04-08,90.752444770451,LOSS,3.0,commodities
BRENT_OIL,LONG,2026-05-14,105.72000122070312,92.07779275210274,119.36220968930351,1202,False,False,2026-05-29,92.07779275210274,LOSS,10.0,commodities
BRENT_OIL,SHORT,2026-07-09,76.30000305175781,84.33765700752335,68.26234909599228,1239,False,True,2026-07-14,84.33765700752335,LOSS,3.0,commodities
BRENT_OIL,SHORT,2026-08-04,78.69000244140625,89.38614287828962,67.99386200452288,1257,False,True,,,OPEN,,commodities
NATGAS,SHORT,2022-07-11,6.426000118255615,7.661659434919098,5.190340801592132,234,False,True,2022-07-20,7.661659434919098,LOSS,7.0,commodities
NATGAS,SHORT,2022-09-06,8.145000457763672,9.385225432843173,6.904775482684171,274,True,True,2022-09-23,6.904775482684171,WIN,13.0,commodities
NATGAS,SHORT,2022-11-01,5.714000225067139,6.78101215982876,4.646988290305518,314,False,True,2022-11-07,6.78101215982876,LOSS,4.0,commodities
NATGAS,SHORT,2022-11-14,5.933000087738037,7.099343891827544,4.76665628364853,323,False,False,2022-11-23,7.099343891827544,LOSS,7.0,commodities
NATGAS,SHORT,2023-03-09,2.5429999828338623,3.0521811535905936,2.033818812077131,401,False,True,2023-03-28,2.033818812077131,WIN,13.0,commodities
NATGAS,SHORT,2023-04-12,2.0929999351501465,2.4510012129100267,1.7349986573902663,424,False,True,2023-04-28,2.4510012129100267,LOSS,12.0,commodities
NATGAS,SHORT,2023-05-10,2.190999984741211,2.4988983039453823,1.8831016655370396,444,False,False,2023-05-18,2.4988983039453823,LOSS,6.0,commodities
NATGAS,LONG,2023-05-24,2.3980000019073486,2.098208251484203,2.6977917523304944,454,False,False,2023-06-23,2.6977917523304944,WIN,20.0,commodities
NATGAS,LONG,2023-07-10,2.6689999103546143,2.380710498671432,2.9572893220377967,484,False,False,2023-08-09,2.9572893220377967,WIN,22.0,commodities
NATGAS,LONG,2023-09-18,2.7279999256134033,2.4601783096839904,2.995821541542816,533,False,False,2023-09-29,2.995821541542816,WIN,9.0,commodities
NATGAS,SHORT,2024-01-02,2.568000078201294,2.871468131232683,2.264532025169905,607,False,True,2024-01-05,2.871468131232683,LOSS,3.0,commodities
NATGAS,SHORT,2024-01-25,2.571000099182129,3.045529176174167,2.096471022190091,623,False,False,2024-01-30,2.096471022190091,WIN,3.0,commodities
NATGAS,SHORT,2024-02-29,1.8600000143051147,2.1997940698806726,1.5202059587295569,647,False,False,2024-03-26,1.5202059587295569,WIN,18.0,commodities
NATGAS,SHORT,2024-03-27,1.718000054359436,1.9695702735558442,1.4664298351630278,666,False,False,2024-04-29,1.9695702735558442,LOSS,22.0,commodities
NATGAS,LONG,2024-06-24,2.811000108718872,2.469056748196213,3.152943469241531,726,False,True,2024-07-02,2.469056748196213,LOSS,6.0,commodities
NATGAS,LONG,2024-08-14,2.2190001010894775,1.9632889200461185,2.4747112821328363,762,False,False,2024-08-26,1.9632889200461185,LOSS,8.0,commodities
NATGAS,LONG,2024-11-04,2.7809998989105225,2.416658833095779,3.145340964725266,819,False,False,2024-11-20,3.145340964725266,WIN,12.0,commodities
NATGAS,LONG,2024-12-05,3.0789999961853027,2.6659941160488256,3.49200587632178,841,False,False,2024-12-12,3.49200587632178,WIN,5.0,commodities
NATGAS,LONG,2024-12-16,3.2139999866485596,2.8101827780639415,3.6178171952331777,848,False,False,2024-12-19,3.6178171952331777,WIN,3.0,commodities
NATGAS,LONG,2025-01-06,3.671999931335449,3.060663304110995,4.2833365585599035,861,False,True,2025-01-13,4.2833365585599035,WIN,5.0,commodities
NATGAS,LONG,2025-01-22,3.9600000381469727,3.33120339843825,4.5887966778556954,872,False,True,2025-01-29,3.33120339843825,LOSS,5.0,commodities
NATGAS,LONG,2025-03-03,4.122000217437744,3.5550666268010636,4.688933808074425,899,False,False,2025-03-10,4.688933808074425,WIN,5.0,commodities
NATGAS,LONG,2025-03-13,4.111000061035156,3.497026144870883,4.724973977199429,907,False,True,2025-04-08,3.497026144870883,LOSS,18.0,commodities
NATGAS,SHORT,2025-04-30,3.3259999752044678,3.7756994589078254,2.87630049150111,940,False,True,2025-05-09,3.7756994589078254,LOSS,7.0,commodities
NATGAS,SHORT,2025-05-21,3.368000030517578,3.8000972188650266,2.9359028421701296,955,False,False,2025-06-06,3.8000972188650266,LOSS,11.0,commodities
NATGAS,SHORT,2025-06-30,3.4560000896453857,3.9200789031486627,2.991921276142109,981,False,False,2025-07-28,2.991921276142109,WIN,20.0,commodities
NATGAS,SHORT,2025-09-26,2.8350000381469727,3.1042455618196727,2.5657545144742726,1044,False,False,2025-09-29,3.1042455618196727,LOSS,1.0,commodities
NATGAS,LONG,2025-12-29,4.686999797821045,4.105486225249286,5.268513370392804,1108,False,True,2025-12-30,4.105486225249286,LOSS,1.0,commodities
NATGAS,SHORT,2026-03-09,3.119999885559082,3.803610051267373,2.436389719850791,1155,False,False,,,OPEN,,commodities
