pair,direction,entry_date,entry_price,stop_loss,take_profit,entry_bar,rsi_divergence,adx_strong,exit_date,exit_price,outcome,bars_held,asset_class
EURUSD,SHORT,2025-11-11,1.1557220220565796,1.1688578833623753,1.1294502994449882,1111,False,False,2025-12-11,1.1688578833623753,LOSS,22.0,forex
EURUSD,SHORT,2026-01-20,1.1639139652252197,1.1755278421064177,1.1406862114628238,1159,True,False,2026-01-23,1.1755278421064177,LOSS,3.0,forex
EURUSD,SHORT,2026-02-26,1.181516408920288,1.1953977756408611,1.153753675479142,1186,False,False,2026-03-03,1.153753675479142,WIN,3.0,forex
EURUSD,SHORT,2026-03-23,1.1560158729553223,1.1755482306304723,1.1169511576050222,1203,False,True,2026-04-14,1.1755482306304723,LOSS,16.0,forex
EURUSD,SHORT,2026-05-29,1.1652837991714478,1.1776139356522943,1.1406235262097546,1252,False,False,2026-06-23,1.1406235262097546,WIN,17.0,forex
EURUSD,SHORT,2026-07-10,1.1433405876159668,1.1554923983869836,1.1190369660739332,1282,False,True,2026-08-03,1.1554923983869836,LOSS,16.0,forex
GBPUSD,SHORT,2022-07-22,1.1996161937713623,1.2278116798705743,1.1432252215729384,252,False,True,2022-08-01,1.2278116798705743,LOSS,6.0,forex
GBPUSD,SHORT,2022-08-18,1.2045146226882935,1.2312369871690987,1.151069893726683,271,False,False,2022-09-01,1.151069893726683,WIN,10.0,forex
GBPUSD,LONG,2023-02-02,1.2390038967132568,1.2147956426678108,1.2874204048041489,391,False,False,2023-02-03,1.2147956426678108,LOSS,1.0,forex
GBPUSD,LONG,2023-03-15,1.215214490890503,1.184811599531608,1.2760202736082928,420,False,False,2023-06-15,1.2760202736082928,WIN,66.0,forex
GBPUSD,LONG,2023-07-21,1.2872332334518433,1.2632921942640907,1.3351153118273484,512,False,True,2023-08-03,1.2632921942640907,LOSS,9.0,forex
GBPUSD,SHORT,2023-08-30,1.2636793851852417,1.2839302426385457,1.2231776702786337,540,False,False,2023-09-25,1.2231776702786337,WIN,18.0,forex
GBPUSD,SHORT,2023-10-10,1.2250398397445679,1.2449007598271185,1.1853179995794667,569,False,True,2023-11-14,1.2449007598271185,LOSS,25.0,forex
GBPUSD,LONG,2024-01-02,1.2728800773620605,1.2527507189730431,1.3131387941400954,629,False,True,2024-02-05,1.2527507189730431,LOSS,24.0,forex
GBPUSD,LONG,2024-02-28,1.268166422843933,1.2535322781505258,1.2974347122307477,670,False,False,2024-04-10,1.2535322781505258,LOSS,30.0,forex
GBPUSD,SHORT,2024-04-25,1.2459505796432495,1.2646206835642568,1.2086103718012349,711,False,False,2024-05-15,1.2646206835642568,LOSS,14.0,forex
GBPUSD,LONG,2024-07-29,1.2868356704711914,1.2726803793724484,1.3151462526686775,778,False,False,2024-08-02,1.2726803793724484,LOSS,4.0,forex
GBPUSD,LONG,2024-09-10,1.307138204574585,1.2899457414240147,1.3415231308757254,809,False,True,2024-09-25,1.3415231308757254,WIN,11.0,forex
GBPUSD,LONG,2024-10-03,1.326611876487732,1.30542276367138,1.3689901021204358,826,False,True,2024-10-10,1.30542276367138,LOSS,5.0,forex
GBPUSD,SHORT,2024-12-02,1.270163893699646,1.2917752615754754,1.2269411579479872,868,False,True,2025-01-09,1.2269411579479872,WIN,27.0,forex
GBPUSD,SHORT,2025-01-24,1.2353914976119995,1.2611331806994104,1.1839081314371778,906,False,False,2025-02-14,1.2611331806994104,LOSS,15.0,forex
GBPUSD,LONG,2025-04-01,1.292089819908142,1.2749937940609262,1.326281871602574,953,False,True,2025-04-07,1.2749937940609262,LOSS,4.0,forex
GBPUSD,LONG,2025-05-12,1.3289036750793457,1.304053405123414,1.378604214991209,980,False,True,2025-07-01,1.378604214991209,WIN,36.0,forex
GBPUSD,LONG,2025-07-07,1.3651504516601562,1.3439140342250977,1.4076232865302734,1020,False,False,2025-07-14,1.3439140342250977,LOSS,5.0,forex
GBPUSD,LONG,2025-08-20,1.348679542541504,1.329648707416031,1.3867412127924497,1052,False,False,2025-10-09,1.329648707416031,LOSS,36.0,forex
GBPUSD,SHORT,2025-11-26,1.315870761871338,1.3333330294363417,1.2809462267413303,1122,False,True,2025-12-03,1.3333330294363417,LOSS,5.0,forex
GBPUSD,SHORT,2026-01-16,1.3381328582763672,1.3543304728003402,1.305737629228421,1157,False,False,2026-01-23,1.3543304728003402,LOSS,5.0,forex
GBPUSD,LONG,2026-02-09,1.3608959913253784,1.3381254714390205,1.4064370310980943,1173,False,True,2026-03-02,1.3381254714390205,LOSS,15.0,forex
GBPUSD,SHORT,2026-05-27,1.345532774925232,1.3637805075782783,1.3090373096191392,1250,True,False,,,OPEN,,forex
USDJPY,LONG,2025-12-01,155.92799377441406,153.5527662607915,160.67844880165921,1125,False,True,2026-01-26,153.5527662607915,LOSS,38.0,forex
USDCHF,SHORT,2024-09-30,0.840499997138977,0.8549977934923128,0.8115044044323056,823,False,True,2024-10-04,0.8549977934923128,LOSS,4.0,forex
USDCHF,LONG,2024-12-02,0.8820269703865051,0.86914572331408,0.9077894645313553,868,False,True,2024-12-25,0.9077894645313553,WIN,17.0,forex
USDCHF,LONG,2025-11-11,0.8051599860191345,0.7938965526660922,0.8276868527252192,1111,False,False,2025-11-13,0.7938965526660922,LOSS,2.0,forex
USDCHF,LONG,2025-11-27,0.8034899830818176,0.7915405763005466,0.8273887966443596,1123,False,False,2025-12-23,0.7915405763005466,LOSS,18.0,forex
USDCHF,LONG,2026-01-13,0.7973600029945374,0.7874982300618092,0.8170835488599937,1154,False,False,2026-01-23,0.7874982300618092,LOSS,8.0,forex
USDCHF,LONG,2026-04-30,0.7905600070953369,0.7779283371390434,0.8158233470079239,1231,False,False,2026-05-01,0.7779283371390434,LOSS,1.0,forex
USDCHF,LONG,2026-05-27,0.7851099967956543,0.7748011561632323,0.8057276780604983,1250,True,False,2026-06-19,0.8057276780604983,WIN,17.0,forex
USDCHF,LONG,2026-07-03,0.8044099807739258,0.7933547132472931,0.8265205158271911,1277,False,True,,,OPEN,,forex
AUDUSD,LONG,2024-02-26,0.6565384864807129,0.6456175834180463,0.678380292606046,668,True,False,2024-04-15,0.6456175834180463,LOSS,35.0,forex
AUDUSD,SHORT,2025-01-16,0.6235401034355164,0.6369498557640099,0.5967205987785293,900,False,True,2025-02-17,0.6369498557640099,LOSS,22.0,forex
AUDUSD,LONG,2025-05-12,0.642091691493988,0.6251661441051432,0.6759427862716778,980,False,False,2026-01-07,0.6759427862716778,WIN,170.0,forex
AUDUSD,LONG,2026-01-14,0.6683598756790161,0.6592055661715797,0.686668494693889,1155,False,False,2026-01-23,0.686668494693889,WIN,7.0,forex
AUDUSD,LONG,2026-03-03,0.710580050945282,0.6950684646020893,0.7416032236316674,1189,False,True,2026-03-23,0.6950684646020893,LOSS,14.0,forex
AUDUSD,SHORT,2026-07-13,0.6942197680473328,0.703271921505541,0.6761154611309164,1283,False,True,2026-07-31,0.703271921505541,LOSS,14.0,forex
USDCAD,LONG,2025-11-10,1.404379963874817,1.390848104439791,1.4314436827448689,1110,False,True,2025-12-05,1.390848104439791,LOSS,19.0,forex
USDCAD,SHORT,2026-02-23,1.3648500442504883,1.3800128776168301,1.3345243775178046,1183,False,False,2026-03-25,1.3800128776168301,LOSS,22.0,forex
USDCAD,LONG,2026-07-14,1.4149399995803833,1.4028874045916484,1.439045189557853,1284,False,True,2026-07-16,1.4028874045916484,LOSS,2.0,forex
NZDUSD,SHORT,2025-02-04,0.5626797080039978,0.5745423082592672,0.538954507493459,913,False,False,2025-02-17,0.5745423082592672,LOSS,9.0,forex
NZDUSD,LONG,2025-05-12,0.5920698046684265,0.575957497055595,0.6242944198940896,980,False,False,2025-09-26,0.575957497055595,LOSS,99.0,forex
NZDUSD,SHORT,2025-10-27,0.5760199427604675,0.5841630319379215,0.5597337644055596,1100,False,True,2025-11-20,0.5597337644055596,WIN,18.0,forex
NZDUSD,SHORT,2026-01-08,0.5773905515670776,0.5861018687913915,0.55996791711845,1151,True,False,2026-01-21,0.5861018687913915,LOSS,9.0,forex
NZDUSD,LONG,2026-02-23,0.6003986597061157,0.5889579388337718,0.6232801014508036,1183,False,False,2026-03-03,0.5889579388337718,LOSS,6.0,forex
NZDUSD,LONG,2026-04-13,0.5804302096366882,0.5678431975505958,0.6056042338088732,1218,False,True,2026-06-23,0.5678431975505958,LOSS,51.0,forex
NZDUSD,SHORT,2026-07-09,0.5715788006782532,0.5814466330835238,0.5518431358677118,1281,False,True,2026-07-14,0.5814466330835238,LOSS,3.0,forex
EURJPY,SHORT,2023-12-20,157.9969940185547,161.81422069509776,150.36254066546854,620,False,True,2023-12-25,150.36254066546854,WIN,3.0,forex
EURJPY,LONG,2024-04-22,164.80999755859375,162.47468867639878,169.48061532298368,708,False,False,2024-04-29,169.48061532298368,WIN,5.0,forex
EURJPY,LONG,2025-11-10,177.56300354003906,175.02976551415628,182.62947959180462,1110,False,False,2025-12-09,182.62947959180462,WIN,21.0,forex
EURJPY,LONG,2026-01-06,183.47999572753906,181.27898240685172,187.88202236891374,1149,False,False,2026-02-12,181.27898240685172,LOSS,27.0,forex
EURJPY,SHORT,2026-03-17,182.9499969482422,185.46747273039733,177.9150453839319,1199,False,False,2026-04-09,185.46747273039733,LOSS,17.0,forex
EURJPY,SHORT,2026-05-13,185.0279998779297,187.66417145569312,179.75565672240282,1240,False,True,2026-08-03,179.75565672240282,WIN,58.0,forex
EURGBP,SHORT,2023-03-27,0.8794999718666077,0.8928642384064852,0.8527714387868526,428,False,False,2023-06-16,0.8527714387868526,WIN,59.0,forex
EURGBP,SHORT,2024-12-25,0.8289999961853027,0.8453996194703378,0.7962007496152326,885,False,False,2025-01-15,0.8453996194703378,LOSS,14.0,forex
EURGBP,SHORT,2025-12-22,0.8751299977302551,0.8826045272122324,0.8601809387663006,1140,False,False,2026-07-01,0.8601809387663006,WIN,135.0,forex
EURGBP,SHORT,2026-07-23,0.8531699776649475,0.859954014429118,0.8396019041366065,1291,False,False,,,OPEN,,forex
EURAUD,SHORT,2024-02-26,1.6479400396347046,1.667389468181039,1.6090411825420357,668,False,False,2024-02-28,1.667389468181039,LOSS,2.0,forex
EURAUD,SHORT,2024-12-02,1.6215300559997559,1.6456065209002242,1.5733771261988192,868,False,False,2024-12-06,1.6456065209002242,LOSS,4.0,forex
EURAUD,SHORT,2025-11-11,1.7684099674224854,1.7949799685897967,1.7152699650878627,1111,False,False,2025-11-25,1.7949799685897967,LOSS,10.0,forex
EURAUD,SHORT,2025-12-12,1.7618199586868286,1.7848539221015824,1.715752031857321,1134,False,False,2026-01-23,1.715752031857321,WIN,28.0,forex
EURAUD,SHORT,2026-04-10,1.6522400379180908,1.676110305280772,1.6044995031927285,1217,False,True,,,OPEN,,forex
EURCAD,LONG,2023-04-06,1.46697998046875,1.4433629333855986,1.5142140746350528,436,False,False,2023-06-02,1.4433629333855986,LOSS,41.0,forex
EURCAD,LONG,2024-01-15,1.467650055885315,1.450905753114701,1.501138661426543,638,False,False,2024-01-30,1.450905753114701,LOSS,11.0,forex
EURCAD,SHORT,2025-11-10,1.6210700273513794,1.6388120432040418,1.5855859956460545,1110,False,False,2026-03-03,1.5855859956460545,WIN,79.0,forex
EURCAD,SHORT,2026-03-23,1.5848300457000732,1.6061729338375128,1.5421442694251941,1203,False,True,2026-03-31,1.6061729338375128,LOSS,6.0,forex
EURCAD,LONG,2026-06-24,1.6167900562286377,1.6022905004853503,1.6457891677152126,1270,False,False,2026-07-17,1.6022905004853503,LOSS,17.0,forex
EURCAD,LONG,2026-08-03,1.6174900531768799,1.6042597841282227,1.6439505912741943,1298,False,False,,,OPEN,,forex
EURCHF,LONG,2022-12-13,0.9864000082015991,0.9732606392749282,1.012678746054941,354,False,False,2023-03-13,0.9732606392749282,LOSS,64.0,forex
EURCHF,SHORT,2025-12-31,0.9300600290298462,0.9362593338639327,0.9176614193616732,1146,False,False,2026-01-27,0.9176614193616732,WIN,18.0,forex
EURCHF,SHORT,2026-04-23,0.9186499714851379,0.9265623623431092,0.9028251897691955,1226,False,True,2026-06-22,0.9265623623431092,LOSS,42.0,forex
EURCHF,LONG,2026-06-29,0.9222400188446045,0.9155866838085455,0.9355466889167225,1273,False,False,,,OPEN,,forex
EURNZD,SHORT,2023-01-23,1.676200032234192,1.7129823562184534,1.6026353842656689,383,False,False,2023-02-17,1.7129823562184534,LOSS,19.0,forex
EURNZD,LONG,2023-07-03,1.780400037765503,1.7475133064438373,1.8461735004088342,498,False,False,2023-12-06,1.7475133064438373,LOSS,112.0,forex
EURNZD,SHORT,2024-02-13,1.7575600147247314,1.7825228150661727,1.707634414041849,659,False,False,2024-02-29,1.7825228150661727,LOSS,12.0,forex
EURNZD,LONG,2025-12-19,2.029910087585449,2.00434071543225,2.081048831891848,1139,False,False,2026-01-20,2.00434071543225,LOSS,20.0,forex
EURNZD,SHORT,2026-02-19,1.9752600193023682,2.0041665141867706,1.9174470295335633,1181,False,True,2026-03-30,2.0041665141867706,LOSS,27.0,forex
EURNZD,SHORT,2026-04-21,1.9944000244140625,2.0180042155350817,1.9471916421720241,1224,False,False,2026-05-29,1.9471916421720241,WIN,28.0,forex
EURNZD,SHORT,2026-06-03,1.962249994277954,1.9928977465585094,1.9009544897168436,1255,False,False,2026-06-11,1.9928977465585094,LOSS,6.0,forex
GBPJPY,SHORT,2023-12-20,183.16400146484375,187.59757501322306,174.29685436808512,620,True,False,2024-01-17,187.59757501322306,LOSS,20.0,forex
GBPJPY,LONG,2026-03-03,210.8730010986328,206.89248472808362,218.8340338397312,1189,False,False,2026-07-16,218.8340338397312,WIN,97.0,forex
GBPAUD,SHORT,2025-11-10,2.0207700729370117,2.053085241550913,1.9561397357092094,1110,False,False,2026-01-29,1.9561397357092094,WIN,56.0,forex
GBPAUD,SHORT,2026-03-20,1.8958100080490112,1.9284404126557886,1.8305491988354565,1202,False,True,2026-03-26,1.9284404126557886,LOSS,4.0,forex
GBPAUD,SHORT,2026-04-14,1.9036400318145752,1.9306052933418358,1.849709508760054,1219,False,False,2026-07-02,1.9306052933418358,LOSS,57.0,forex
GBPAUD,LONG,2026-07-15,1.9201799631118774,1.8994004026983695,1.9617390839388933,1285,False,True,,,OPEN,,forex
GBPCAD,LONG,2024-06-19,1.7429800033569336,1.7276050486921677,1.7737299126864654,750,False,False,2024-07-15,1.7737299126864654,WIN,18.0,forex
GBPCAD,SHORT,2025-12-11,1.84607994556427,1.8705491496743014,1.7971415373442072,1133,False,False,2026-01-12,1.8705491496743014,LOSS,20.0,forex
GBPCAD,SHORT,2026-02-17,1.858139991760254,1.8788288820738044,1.816762211133153,1179,False,False,2026-03-09,1.816762211133153,WIN,14.0,forex
GBPCAD,SHORT,2026-03-18,1.8284900188446045,1.851344056687004,1.7827819431598053,1200,False,True,2026-03-25,1.851344056687004,LOSS,5.0,forex
GBPCAD,SHORT,2026-04-30,1.843500018119812,1.8621121871365192,1.8062756800863977,1231,False,False,2026-05-08,1.8621121871365192,LOSS,6.0,forex
GBPCAD,SHORT,2026-05-20,1.8410600423812866,1.8638105487733363,1.7955590295971873,1245,False,False,2026-05-25,1.8638105487733363,LOSS,3.0,forex
GBPCAD,LONG,2026-07-21,1.8899199962615967,1.8681369390884472,1.9334861106078955,1289,False,False,,,OPEN,,forex
GBPCHF,LONG,2023-03-27,1.125,1.1064001544178623,1.1621996911642754,428,True,False,2023-04-21,1.1064001544178623,LOSS,19.0,forex
GBPCHF,SHORT,2024-08-27,1.1173900365829468,1.1383105359675652,1.07554903781371,799,False,True,2024-12-17,1.1383105359675652,LOSS,80.0,forex
GBPCHF,SHORT,2025-11-11,1.0604300498962402,1.0722320025464676,1.0368261445957856,1111,False,False,2025-11-14,1.0368261445957856,WIN,3.0,forex
GBPCHF,SHORT,2025-12-19,1.062399983406067,1.0742380927922268,1.038723764633747,1139,False,False,2026-01-06,1.0742380927922268,LOSS,10.0,forex
GBPCHF,LONG,2026-03-17,1.0491600036621094,1.0366291677337862,1.0742216755187557,1199,False,True,2026-07-01,1.0742216755187557,WIN,76.0,forex
GBPNZD,SHORT,2022-06-20,1.9328500032424927,1.9692502534496072,1.8600495028282635,228,False,False,2022-09-26,1.8600495028282635,WIN,70.0,forex
GBPNZD,SHORT,2022-09-28,1.90447998046875,1.9570603515059828,1.7993192383942844,300,False,False,2022-09-30,1.9570603515059828,LOSS,2.0,forex
GBPNZD,LONG,2022-10-25,1.9818400144577026,1.9199556332201622,2.1056087769327836,319,False,False,2022-11-04,1.9199556332201622,LOSS,8.0,forex
GBPNZD,SHORT,2023-01-17,1.9101899862289429,1.940607360190037,1.8493552383067544,379,False,False,2023-02-21,1.940607360190037,LOSS,25.0,forex
GBPNZD,LONG,2023-04-06,1.972040057182312,1.9376659148396111,2.0407883418677137,436,False,False,2023-05-26,2.0407883418677137,WIN,36.0,forex
GBPNZD,LONG,2023-06-14,2.0466299057006836,2.0093189176965414,2.121251881708968,485,False,False,2023-08-11,2.121251881708968,WIN,42.0,forex
GBPNZD,LONG,2023-08-31,2.135200023651123,2.10192928450049,2.201741501952389,541,False,True,2023-09-14,2.10192928450049,LOSS,10.0,forex
GBPNZD,SHORT,2023-10-13,2.0572099685668945,2.0909153021976894,1.9897993013053048,572,False,True,2023-10-23,2.0909153021976894,LOSS,6.0,forex
GBPNZD,SHORT,2023-11-24,2.071199893951416,2.1022275923432105,2.009144497167827,602,False,False,2023-12-25,2.009144497167827,WIN,21.0,forex
GBPNZD,SHORT,2024-02-13,2.059969902038574,2.0889215279966407,2.0020666501224413,659,False,False,2024-03-06,2.0889215279966407,LOSS,16.0,forex
GBPNZD,LONG,2024-04-08,2.1024699211120605,2.0808860062127663,2.145637750910649,698,False,False,2024-05-08,2.0808860062127663,LOSS,22.0,forex
GBPNZD,SHORT,2024-06-25,2.072010040283203,2.0931421835427964,2.0297457537640167,754,False,False,2024-07-03,2.0931421835427964,LOSS,6.0,forex
GBPNZD,LONG,2024-08-02,2.144160032272339,2.111045559073855,2.2103889786693065,782,False,True,2024-08-07,2.111045559073855,LOSS,3.0,forex
GBPNZD,LONG,2024-09-12,2.1261401176452637,2.09665292648053,2.1851144999747314,811,False,False,2024-12-06,2.1851144999747314,WIN,61.0,forex
GBPNZD,LONG,2025-01-03,2.213249921798706,2.1681868890609852,2.3033759872741477,891,False,False,2025-01-24,2.1681868890609852,LOSS,15.0,forex
GBPNZD,LONG,2025-02-05,2.2088100910186768,2.1788253416754255,2.2687795897051792,914,False,False,2025-03-11,2.2687795897051792,WIN,24.0,forex
GBPNZD,LONG,2025-03-17,2.247620105743408,2.209241339497333,2.3243776382355588,942,False,True,2025-04-07,2.3243776382355588,WIN,15.0,forex
GBPNZD,LONG,2025-04-10,2.2748498916625977,2.2103111283899217,2.4039274182079495,960,False,True,,,OPEN,,forex
AUDJPY,SHORT,2022-11-28,93.50800323486328,95.61489801971004,89.29421366516976,343,False,False,2022-12-20,89.29421366516976,WIN,16.0,forex
AUDJPY,SHORT,2023-04-06,87.91000366210938,90.58342863037126,82.56315372558561,436,False,True,2023-04-20,90.58342863037126,LOSS,10.0,forex
AUDJPY,LONG,2024-01-08,97.20099639892578,95.25932014175218,101.08434891327298,633,False,False,2024-04-25,101.08434891327298,WIN,78.0,forex
AUDJPY,LONG,2025-11-10,100.01100158691406,97.7180995549176,104.59680565090699,1110,False,False,2025-12-22,104.59680565090699,WIN,30.0,forex
AUDJPY,LONG,2026-02-12,109.20099639892578,106.20745444725863,115.18808030226009,1176,False,False,,,OPEN,,forex
CADJPY,SHORT,2023-01-23,96.73100280761719,99.9973952567925,90.19821790926656,383,False,True,2023-02-15,99.9973952567925,LOSS,17.0,forex
CADJPY,LONG,2025-11-10,109.51200103759766,107.45881188195867,113.61837934887564,1110,False,False,2025-12-19,113.61837934887564,WIN,29.0,forex
CADJPY,LONG,2026-01-07,113.4020004272461,111.80269307676015,116.60061512821798,1150,False,False,2026-02-12,111.80269307676015,LOSS,26.0,forex
CADJPY,SHORT,2026-03-30,115.25800323486328,117.00652922022665,111.76095126413654,1208,False,False,2026-04-27,117.00652922022665,LOSS,20.0,forex
CADJPY,SHORT,2026-05-07,114.75900268554688,116.87231677098565,110.53237451466933,1236,False,True,,,OPEN,,forex
CHFJPY,LONG,2025-12-01,194.0799102783203,191.271735927426,199.69625898010895,1125,False,True,2026-01-20,199.69625898010895,WIN,34.0,forex
CHFJPY,LONG,2026-01-26,199.4347686767578,196.0284250825521,206.24745586516923,1163,False,False,2026-07-31,196.0284250825521,LOSS,134.0,forex
NZDJPY,SHORT,2024-12-25,88.66899871826172,90.78131525353353,84.44436564771809,885,False,True,2025-02-28,84.44436564771809,WIN,46.0,forex
NZDJPY,SHORT,2025-11-11,86.9729995727539,88.79490301932266,83.3291926796164,1111,True,False,2025-11-20,88.79490301932266,LOSS,7.0,forex
NZDJPY,LONG,2025-12-18,89.71399688720703,88.15753217813395,92.8269263053532,1138,False,False,2026-01-22,92.8269263053532,WIN,23.0,forex
NZDJPY,LONG,2026-03-03,93.5250015258789,91.51811377893215,97.53877701977243,1189,False,False,2026-03-30,91.51811377893215,LOSS,19.0,forex
NZDJPY,SHORT,2026-05-08,93.11000061035156,94.911401430085,89.5071989708847,1237,True,False,2026-05-29,94.911401430085,LOSS,15.0,forex
NZDJPY,SHORT,2026-06-16,93.33000183105469,94.91089638689067,90.16821271938272,1264,False,False,2026-07-16,94.91089638689067,LOSS,22.0,forex
AUDCAD,LONG,2024-02-27,0.8829699754714966,0.8726322737143037,0.9036453789858823,669,True,False,2024-05-03,0.9036453789858823,WIN,48.0,forex
AUDCAD,LONG,2024-06-19,0.913707971572876,0.9020435542705457,0.9370368061775365,750,False,True,2024-07-25,0.9020435542705457,LOSS,26.0,forex
AUDCAD,LONG,2025-11-14,0.9161999821662903,0.9056149379507663,0.9373700705973382,1114,False,False,2026-01-22,0.9373700705973382,WIN,47.0,forex
AUDCAD,LONG,2026-03-04,0.9626200199127197,0.9461300303732848,0.9955999989915896,1190,False,True,2026-03-09,0.9461300303732848,LOSS,3.0,forex
AUDCAD,LONG,2026-03-13,0.964460015296936,0.9442035743412037,1.0049728972084007,1197,False,False,,,OPEN,,forex
AUDCHF,SHORT,2022-11-28,0.6357449889183044,0.6502437798768896,0.606747407001134,343,False,False,2023-01-24,0.6502437798768896,LOSS,41.0,forex
AUDCHF,SHORT,2024-08-27,0.5735139846801758,0.5877283777030882,0.545085198634351,799,False,True,2024-12-25,0.545085198634351,WIN,86.0,forex
AUDCHF,LONG,2025-11-10,0.5247200131416321,0.5146023043253494,0.5449554307741975,1110,False,False,2025-11-14,0.5146023043253494,LOSS,4.0,forex
AUDCHF,LONG,2025-11-26,0.5227400064468384,0.5121739201522041,0.543872179036107,1122,False,False,2026-02-03,0.543872179036107,WIN,47.0,forex
AUDCHF,LONG,2026-02-06,0.5378299951553345,0.525468219425935,0.5625535466141334,1172,False,False,2026-04-27,0.5625535466141334,WIN,56.0,forex
AUDCHF,LONG,2026-06-02,0.563289999961853,0.5561540174193851,0.5775619650467889,1254,False,False,2026-06-29,0.5561540174193851,LOSS,19.0,forex
AUDNZD,LONG,2023-04-27,1.0798100233078003,1.0642088549781743,1.1110123599670523,451,False,False,2023-05-04,1.0642088549781743,LOSS,5.0,forex
AUDNZD,LONG,2024-04-22,1.0890439748764038,1.0798694362916792,1.107393052045853,708,False,False,2024-05-23,1.0798694362916792,LOSS,23.0,forex
AUDNZD,SHORT,2025-02-06,1.1046110391616821,1.1136061335693348,1.0866208503463768,915,False,False,2025-02-12,1.1136061335693348,LOSS,4.0,forex
AUDNZD,LONG,2025-11-19,1.1500500440597534,1.137221030274221,1.1757080716308184,1117,False,True,2026-02-11,1.1757080716308184,WIN,58.0,forex
AUDNZD,LONG,2026-03-25,1.1984599828720093,1.1829111651661426,1.2295576182837427,1205,False,True,,,OPEN,,forex
NZDCAD,SHORT,2022-06-24,0.8161799907684326,0.8321448297503418,0.7842503128046143,232,False,False,2022-09-20,0.7842503128046143,WIN,62.0,forex
NZDCAD,LONG,2022-10-24,0.7863500118255615,0.7678818939094293,0.823286247657826,318,True,False,2022-11-18,0.823286247657826,WIN,19.0,forex
NZDCAD,LONG,2022-12-22,0.8560580015182495,0.835425986895491,0.8973220307637666,361,False,True,2023-02-27,0.835425986895491,LOSS,47.0,forex
NZDCAD,LONG,2023-03-16,0.8484370112419128,0.8329036287525935,0.8795037762205515,421,False,False,2023-04-12,0.8329036287525935,LOSS,19.0,forex
NZDCAD,SHORT,2023-04-25,0.835099995136261,0.850574506559924,0.8041509722889351,449,False,False,2023-05-03,0.850574506559924,LOSS,6.0,forex
NZDCAD,SHORT,2023-05-19,0.841526985168457,0.8573930558894344,0.8097948437265023,467,True,False,2023-06-07,0.8097948437265023,WIN,13.0,forex
NZDCAD,SHORT,2023-06-14,0.8199099898338318,0.8361199747303272,0.787490020040841,485,False,True,2023-07-13,0.8361199747303272,LOSS,21.0,forex
NZDCAD,SHORT,2023-07-27,0.820222020149231,0.8379421431821392,0.7847817740834144,516,False,False,2023-11-29,0.8379421431821392,LOSS,89.0,forex
NZDCAD,LONG,2023-12-13,0.8336499929428101,0.8198875048251737,0.8611749691780828,615,False,True,2023-12-25,0.8198875048251737,LOSS,8.0,forex
NZDCAD,LONG,2023-12-26,0.8353000283241272,0.8161303546250072,0.8736393757223673,624,False,True,2024-02-02,0.8161303546250072,LOSS,28.0,forex
NZDCAD,LONG,2024-03-14,0.8300700187683105,0.820017861969664,0.8501743323656037,681,False,False,2024-03-19,0.820017861969664,LOSS,3.0,forex
NZDCAD,SHORT,2024-04-08,0.8167440295219421,0.8263199313446813,0.7975922258764638,698,False,True,2024-05-15,0.8263199313446813,LOSS,27.0,forex
NZDCAD,LONG,2024-06-17,0.8428549766540527,0.8313941743556477,0.8657765812508629,748,False,True,2024-06-28,0.8313941743556477,LOSS,9.0,forex
NZDCAD,SHORT,2024-12-18,0.8238300085067749,0.8360648983957114,0.7993602287289019,880,False,False,2024-12-25,0.7993602287289019,WIN,5.0,forex
NZDCAD,SHORT,2025-01-20,0.8085899949073792,0.8211546065952177,0.7834607715317021,902,False,True,2025-03-05,0.8211546065952177,LOSS,32.0,forex
NZDCAD,SHORT,2025-03-27,0.8173199892044067,0.8306362066603642,0.7906875542924918,950,False,False,2025-04-07,0.7906875542924918,WIN,7.0,forex
NZDCAD,LONG,2025-05-05,0.8225499987602234,0.805074995499934,0.8575000052808022,975,False,False,2025-09-25,0.805074995499934,LOSS,103.0,forex
NZDCAD,SHORT,2025-10-01,0.8068000078201294,0.8186688370972591,0.7830623492658699,1082,False,False,2026-01-26,0.8186688370972591,LOSS,81.0,forex
NZDCAD,LONG,2026-02-23,0.819267988204956,0.8080311611274685,0.8417416423599311,1183,False,True,2026-03-03,0.8080311611274685,LOSS,6.0,forex
NZDCAD,LONG,2026-04-23,0.8069499731063843,0.795596146016352,0.8296576272864489,1226,False,False,,,OPEN,,forex
NZDCHF,SHORT,2022-07-22,0.6026999950408936,0.6149866796134028,0.578126625895875,252,False,True,2022-09-13,0.578126625895875,WIN,37.0,forex
NZDCHF,LONG,2022-12-19,0.595329999923706,0.5814182204264172,0.6231535589182837,358,False,True,2022-12-21,0.5814182204264172,LOSS,2.0,forex
NZDCHF,LONG,2023-01-12,0.5926600098609924,0.5790217666236606,0.6199364963356562,376,False,False,2023-02-15,0.5790217666236606,LOSS,24.0,forex
NZDCHF,SHORT,2023-05-02,0.5521900057792664,0.5638806020036005,0.5288088133305981,454,False,True,2023-05-08,0.5638806020036005,LOSS,4.0,forex
NZDCHF,SHORT,2023-06-28,0.5497999787330627,0.5602646933592917,0.5288705494806047,495,False,False,2023-08-08,0.5288705494806047,WIN,29.0,forex
NZDCHF,SHORT,2023-09-04,0.5259900093078613,0.5348569334208104,0.5082561610819631,543,False,True,2023-09-20,0.5348569334208104,LOSS,12.0,forex
NZDCHF,LONG,2023-11-21,0.5340399742126465,0.52352033371561,0.5550792552067194,599,False,False,2024-05-17,0.5550792552067194,WIN,128.0,forex
NZDCHF,LONG,2024-06-03,0.5540900230407715,0.5455923123417609,0.5710854444387927,738,False,False,2024-06-14,0.5455923123417609,LOSS,9.0,forex
NZDCHF,LONG,2024-07-09,0.5503399968147278,0.5430230589992621,0.5649738724456592,764,False,False,2024-07-16,0.5430230589992621,LOSS,5.0,forex
NZDCHF,SHORT,2024-08-13,0.5205000042915344,0.5350838552450236,0.49133230238455616,789,False,True,2024-09-24,0.5350838552450236,LOSS,30.0,forex
NZDCHF,SHORT,2024-10-18,0.5247899889945984,0.5341527829277458,0.5060644011283035,837,False,False,2024-12-19,0.5060644011283035,WIN,44.0,forex
NZDCHF,SHORT,2025-01-03,0.5098000168800354,0.5196229346633325,0.49015418131344113,891,False,True,2025-04-04,0.49015418131344113,WIN,65.0,forex
NZDCHF,SHORT,2025-04-22,0.48532000184059143,0.5034402142294913,0.4490795770627918,966,False,False,2025-11-13,0.4490795770627918,WIN,147.0,forex
NZDCHF,LONG,2026-01-15,0.45925000309944153,0.45113786956411517,0.47547427017009425,1156,False,False,2026-07-21,0.47547427017009425,WIN,133.0,forex
CADCHF,LONG,2024-05-29,0.6684600114822388,0.6611235682271689,0.6831328979923785,735,False,False,2024-05-30,0.6611235682271689,LOSS,1.0,forex
CADCHF,LONG,2025-12-03,0.5746300220489502,0.5661781394823724,0.5915337871821058,1127,False,False,2026-01-26,0.5661781394823724,LOSS,36.0,forex
CADCHF,LONG,2026-03-23,0.5745900273323059,0.5662150642715312,0.5913399534538553,1203,False,True,2026-04-14,0.5662150642715312,LOSS,16.0,forex
CADCHF,LONG,2026-05-01,0.5755199790000916,0.5682945446297947,0.5899708477406853,1232,False,False,2026-05-08,0.5682945446297947,LOSS,5.0,forex
CADCHF,LONG,2026-06-11,0.5734999775886536,0.5669240790782343,0.5866517746094921,1261,False,False,2026-06-15,0.5669240790782343,LOSS,2.0,forex
CADCHF,LONG,2026-06-25,0.5707499980926514,0.5644585827661636,0.583332828745627,1271,False,False,,,OPEN,,forex
USDSEK,SHORT,2023-03-27,10.40060043334961,10.717187776603007,9.767425746842815,428,False,False,2023-05-24,10.717187776603007,LOSS,42.0,forex
USDSEK,LONG,2024-12-02,10.927069664001465,10.663622580697716,11.453963830608963,868,False,True,2024-12-25,10.663622580697716,LOSS,17.0,forex
USDSEK,LONG,2025-11-20,9.537260055541992,9.379801029870075,9.852178106885827,1118,False,False,2025-11-28,9.379801029870075,LOSS,6.0,forex
USDSEK,SHORT,2026-02-09,8.9993896484375,9.209173580120087,8.579821785072326,1173,False,True,2026-03-03,9.209173580120087,LOSS,16.0,forex
USDSEK,LONG,2026-04-30,9.304550170898438,9.094575176031835,9.724500160631642,1231,False,False,2026-06-23,9.724500160631642,WIN,38.0,forex
USDSEK,LONG,2026-07-15,9.655759811401367,9.474909080352003,10.017461273500096,1285,False,True,,,OPEN,,forex
USDNOK,SHORT,2022-07-25,9.90999984741211,10.267916332246724,9.19416687774288,253,False,False,2022-09-16,10.267916332246724,LOSS,39.0,forex
USDNOK,SHORT,2023-01-23,9.845450401306152,10.180807328303354,9.174736547311749,383,False,False,2023-02-03,10.180807328303354,LOSS,9.0,forex
USDNOK,LONG,2025-11-28,10.16018009185791,9.978347529792973,10.523845215987784,1124,False,False,2025-12-24,9.978347529792973,LOSS,18.0,forex
USDNOK,LONG,2026-01-14,10.085229873657227,9.943836770089083,10.368016080793513,1155,False,False,2026-01-21,9.943836770089083,LOSS,5.0,forex
USDNOK,SHORT,2026-02-26,9.541720390319824,9.761482526227715,9.102196118504043,1186,False,False,2026-03-03,9.761482526227715,LOSS,3.0,forex
USDNOK,SHORT,2026-03-23,9.566550254821777,9.81089859200374,9.077853580457852,1203,False,False,2026-03-31,9.81089859200374,LOSS,6.0,forex
USDNOK,SHORT,2026-05-15,9.273550033569336,9.462632807693385,8.895384485321237,1242,False,True,2026-06-08,9.462632807693385,LOSS,16.0,forex
USDNOK,LONG,2026-07-09,9.759349822998047,9.573715415016798,10.130618638960545,1281,False,True,2026-07-23,9.573715415016798,LOSS,10.0,forex
EURSEK,LONG,2023-01-23,11.173800468444824,10.94810413484651,11.625193135641453,383,False,True,2023-05-30,11.625193135641453,WIN,91.0,forex
EURSEK,SHORT,2024-02-29,11.18082046508789,11.333400873610188,10.875659648043296,671,False,True,2024-03-18,11.333400873610188,LOSS,12.0,forex
EURSEK,LONG,2024-07-08,11.39050006866455,11.214385091726367,11.742730022540918,763,True,True,2024-07-25,11.742730022540918,WIN,13.0,forex
EURSEK,SHORT,2025-11-14,10.937239646911621,11.063382681530015,10.684953577674833,1114,False,False,2026-01-15,10.684953577674833,WIN,42.0,forex
EURSEK,SHORT,2026-02-11,10.562800407409668,10.713907591946054,10.260586038336896,1175,False,True,2026-03-02,10.713907591946054,LOSS,13.0,forex
EURSEK,LONG,2026-05-06,10.826709747314453,10.67772239410545,11.12468445373246,1235,False,False,,,OPEN,,forex
EURNOK,LONG,2022-12-13,10.519700050354004,10.274114334277284,11.010871482507444,354,False,False,2023-02-03,11.010871482507444,WIN,38.0,forex
EURNOK,SHORT,2025-04-04,11.4068603515625,11.647984003501229,10.924613047685042,956,False,True,2025-04-07,11.647984003501229,LOSS,1.0,forex
EURNOK,SHORT,2025-11-14,11.655630111694336,11.82071474757066,11.325460839941687,1114,False,False,2025-11-21,11.82071474757066,LOSS,5.0,forex
EURNOK,SHORT,2026-05-27,10.775500297546387,10.936087673942858,10.454325544753445,1250,False,True,2026-06-09,10.936087673942858,LOSS,9.0,forex
EURNOK,LONG,2026-07-13,11.153380393981934,10.987790571549278,11.484560038847246,1283,False,True,2026-07-21,10.987790571549278,LOSS,6.0,forex
USDMXN,SHORT,2026-02-06,17.503599166870117,17.868264576432082,16.774268347746187,1172,False,True,2026-03-06,17.868264576432082,LOSS,20.0,forex
USDMXN,LONG,2026-04-06,17.880399703979492,17.444944015258415,18.751311081421647,1213,False,True,2026-04-08,17.444944015258415,LOSS,2.0,forex
USDMXN,LONG,2026-06-02,17.352949142456055,17.09880930717801,17.861228813012147,1254,False,False,,,OPEN,,forex
USDZAR,SHORT,2023-08-29,18.55430030822754,19.22187442154079,17.219152081601038,539,False,False,2023-09-05,19.22187442154079,LOSS,5.0,forex
USDZAR,SHORT,2025-11-18,17.171049118041992,17.52115568483226,16.47083598446146,1116,False,False,2026-01-02,16.47083598446146,WIN,31.0,forex
USDZAR,SHORT,2026-02-02,16.137269973754883,16.558243976306258,15.295321968652132,1168,False,True,2026-03-03,16.558243976306258,LOSS,21.0,forex
USDZAR,LONG,2026-04-06,16.969289779663086,16.367719369440973,18.17243060010731,1213,False,True,2026-04-08,16.367719369440973,LOSS,2.0,forex
USDZAR,LONG,2026-05-19,16.572799682617188,16.073624143189825,17.571150761471912,1244,False,False,,,OPEN,,forex
USDPLN,SHORT,2024-01-02,3.9368999004364014,4.02396555885178,3.7627685836056433,629,False,True,2024-01-16,4.02396555885178,LOSS,10.0,forex
USDPLN,LONG,2025-11-10,3.6708199977874756,3.611849204968069,3.7887615834262887,1110,False,False,2025-12-11,3.611849204968069,LOSS,23.0,forex
USDPLN,LONG,2026-01-09,3.6120500564575195,3.5705963849071534,3.694957399558252,1152,False,False,2026-01-22,3.5705963849071534,LOSS,9.0,forex
USDPLN,LONG,2026-03-25,3.6739299297332764,3.5839241443754997,3.8539415004488298,1205,False,True,2026-04-15,3.5839241443754997,LOSS,15.0,forex
USDPLN,LONG,2026-05-27,3.638050079345703,3.5837791789183155,3.7465918802004783,1250,False,False,2026-06-23,3.7465918802004783,WIN,19.0,forex
USDHUF,LONG,2025-12-22,329.8139953613281,324.21472436455605,341.0125373548723,1140,True,False,2026-01-26,324.21472436455605,LOSS,23.0,forex
USDHUF,LONG,2026-03-24,333.5539855957031,319.5230098810349,361.61593702503956,1204,False,True,2026-04-08,319.5230098810349,LOSS,11.0,forex
USDHUF,SHORT,2026-05-19,308.7909851074219,318.39008527358317,289.5927847750993,1244,False,True,2026-07-17,318.39008527358317,LOSS,43.0,forex
USDHUF,LONG,2026-08-03,314.8389892578125,307.16328444631813,330.19039888080124,1298,False,True,,,OPEN,,forex
USDILS,SHORT,2025-08-25,3.367419958114624,3.434207495570375,3.2338448832031217,1055,False,False,2025-11-10,3.2338448832031217,WIN,55.0,forex
USDILS,LONG,2025-11-25,3.262939929962158,3.193231757692823,3.4023562745008284,1121,False,False,2025-12-12,3.193231757692823,LOSS,13.0,forex
USDILS,SHORT,2026-01-21,3.16198992729187,3.2133610689458134,3.0592476439839835,1160,False,True,2026-02-12,3.0592476439839835,WIN,16.0,forex
USDILS,SHORT,2026-02-17,3.093640089035034,3.149119144230773,2.9826819786435568,1179,False,True,2026-02-27,3.149119144230773,LOSS,8.0,forex
USDILS,SHORT,2026-03-06,3.0785300731658936,3.153201138225851,2.929187943045979,1192,False,False,2026-03-27,3.153201138225851,LOSS,15.0,forex
USDILS,LONG,2026-04-08,3.1417999267578125,3.067901987773379,3.2895958047266793,1215,False,False,2026-04-09,3.067901987773379,LOSS,1.0,forex
SGDJPY,SHORT,2023-01-23,97.82599639892578,100.89735524815652,91.68327870046431,383,False,True,2023-02-21,100.89735524815652,LOSS,21.0,forex
SGDJPY,LONG,2025-11-10,118.07099914550781,116.39218344152842,121.4286305534666,1110,False,False,2025-12-19,121.4286305534666,WIN,29.0,forex
SGDJPY,SHORT,2026-04-02,123.66799926757812,124.98772765113124,121.0285425004719,1211,False,False,2026-04-10,124.98772765113124,LOSS,6.0,forex
SGDJPY,SHORT,2026-05-15,124.01899719238281,125.47829220736907,121.1004071624103,1242,False,True,2026-06-30,125.47829220736907,LOSS,32.0,forex
HKDJPY,SHORT,2022-08-08,17.202999114990234,17.70236455194383,16.204268241083042,263,False,False,2022-08-29,17.70236455194383,LOSS,15.0,forex
HKDJPY,LONG,2022-10-26,18.85099983215332,18.418229463649208,19.716540569161545,320,False,True,2022-11-10,18.418229463649208,LOSS,11.0,forex
HKDJPY,SHORT,2022-12-16,17.71095085144043,18.278967676773156,16.574917200774976,357,False,True,2023-01-13,16.574917200774976,WIN,20.0,forex
HKDJPY,SHORT,2023-04-04,16.857999801635742,17.287978823382744,15.998041758141738,434,False,False,2023-04-28,17.287978823382744,LOSS,18.0,forex
HKDJPY,LONG,2023-05-08,17.22825050354004,16.808470202187905,18.067811106244307,458,False,False,2023-06-15,18.067811106244307,WIN,28.0,forex
HKDJPY,LONG,2023-10-11,19.006000518798828,18.75998862544782,19.49802430550084,570,False,False,2023-12-04,18.75998862544782,LOSS,38.0,forex
HKDJPY,SHORT,2024-03-15,18.95709991455078,19.265539477382102,18.34022078888814,682,False,False,2024-03-19,19.265539477382102,LOSS,2.0,forex
HKDJPY,LONG,2024-05-07,19.72715950012207,19.323314990769145,20.53484851882792,719,False,True,2024-06-26,20.53484851882792,WIN,36.0,forex
HKDJPY,SHORT,2024-09-03,18.817930221557617,19.3417315802733,17.77032750412625,804,False,True,2024-10-21,19.3417315802733,LOSS,34.0,forex
HKDJPY,SHORT,2025-03-18,19.225339889526367,19.629080930110167,18.417857808358768,943,False,False,2025-04-11,18.417857808358768,WIN,18.0,forex
HKDJPY,SHORT,2025-05-06,18.53424072265625,19.048008047607745,17.50670607275326,976,False,False,2025-05-12,19.048008047607745,LOSS,4.0,forex
HKDJPY,SHORT,2025-05-30,18.335079193115234,18.845208332787507,17.31482091377069,994,False,False,2025-06-23,18.845208332787507,LOSS,16.0,forex
HKDJPY,LONG,2025-08-13,18.825950622558594,18.4472504639867,19.583350939702385,1047,False,False,2025-10-08,19.583350939702385,WIN,40.0,forex
HKDJPY,LONG,2025-12-01,20.028329849243164,19.72150644466787,20.64197665839375,1125,False,True,2026-01-26,19.72150644466787,LOSS,38.0,forex
HKDJPY,LONG,2026-02-09,20.125829696655273,19.7588370747995,20.859814940366817,1173,False,False,2026-02-10,19.7588370747995,LOSS,1.0,forex
HKDJPY,SHORT,2026-02-23,19.75181007385254,20.14490270451468,18.965624812528254,1183,False,False,2026-03-02,20.14490270451468,LOSS,5.0,forex
ZARJPY,SHORT,2022-07-05,8.291399955749512,8.657115580740502,7.559968705767531,239,False,False,2022-12-20,7.559968705767531,WIN,120.0,forex
ZARJPY,SHORT,2023-01-02,7.6620001792907715,7.992953667911509,7.000093202049296,368,False,False,2023-05-11,7.000093202049296,WIN,93.0,forex
ZARJPY,LONG,2023-09-18,7.788899898529053,7.577604524390149,8.21149064680686,553,False,False,2023-11-06,8.21149064680686,WIN,35.0,forex
ZARJPY,SHORT,2024-01-02,7.6697998046875,7.929045065301087,7.151309283460327,629,False,True,2024-02-13,7.929045065301087,LOSS,30.0,forex
ZARJPY,SHORT,2024-02-29,7.8109002113342285,7.9984098127515475,7.4358810084995905,671,False,False,2024-03-20,7.9984098127515475,LOSS,14.0,forex
ZARJPY,LONG,2024-07-03,8.6766996383667,8.380995598117238,9.268107718865622,760,False,True,2024-07-24,8.380995598117238,LOSS,15.0,forex
ZARJPY,SHORT,2024-09-04,8.08430004119873,8.3723018475297,7.5082964285367915,805,False,False,2024-09-24,8.3723018475297,LOSS,14.0,forex
ZARJPY,SHORT,2024-11-22,8.505800247192383,8.749208732222833,8.018983277131483,862,False,False,2025-03-04,8.018983277131483,WIN,71.0,forex
ZARJPY,SHORT,2025-03-14,8.086000442504883,8.306914878820802,7.644171569873045,941,False,False,2025-03-18,8.306914878820802,LOSS,2.0,forex
ZARJPY,SHORT,2025-05-01,7.678400039672852,7.951236157423322,7.13272780417191,973,False,False,2025-05-08,7.951236157423322,LOSS,5.0,forex
ZARJPY,LONG,2025-06-23,8.086400032043457,7.867566461492384,8.524067173145603,1010,False,False,2025-09-18,8.524067173145603,WIN,63.0,forex
ZARJPY,LONG,2026-01-27,9.624600410461426,9.386954752431986,10.099891726520305,1164,False,True,2026-03-06,9.386954752431986,LOSS,28.0,forex
ZARJPY,SHORT,2026-04-02,9.422300338745117,9.710299058079775,8.846302900075802,1211,False,True,2026-04-09,9.710299058079775,LOSS,5.0,forex
ZARJPY,SHORT,2026-04-30,9.524499893188477,9.759548993548126,9.054401692469177,1231,False,False,2026-05-27,9.759548993548126,LOSS,19.0,forex
ZARJPY,SHORT,2026-07-24,9.741250991821289,9.965275651475249,9.29320167251337,1292,False,False,,,OPEN,,forex
MXNJPY,SHORT,2022-07-08,6.630003929138184,6.867588602116696,6.1548345831811595,242,False,False,2022-08-24,6.867588602116696,LOSS,33.0,forex
MXNJPY,SHORT,2023-01-23,6.842574119567871,7.09204782494872,6.343626708806173,383,False,False,2023-02-13,7.09204782494872,LOSS,15.0,forex
MXNJPY,SHORT,2023-03-28,7.152480125427246,7.4805313990375275,6.496377578206683,429,False,True,2023-04-28,7.4805313990375275,LOSS,23.0,forex
MXNJPY,LONG,2023-05-05,7.49429988861084,7.23200283352898,8.01889399877456,457,False,False,2023-06-06,8.01889399877456,WIN,22.0,forex
MXNJPY,LONG,2023-07-07,8.351099967956543,8.139918903365023,8.773462097139582,502,False,True,2023-08-28,8.773462097139582,WIN,36.0,forex
MXNJPY,SHORT,2023-12-21,8.373499870300293,8.651380037026424,7.8177395368480305,621,False,False,2024-01-19,8.651380037026424,LOSS,21.0,forex
MXNJPY,LONG,2024-05-02,9.188199996948242,8.915707470110872,9.733185050622982,716,False,True,2024-06-03,8.915707470110872,LOSS,22.0,forex
MXNJPY,SHORT,2024-09-20,7.390869140625,7.719211834762855,6.73418375234929,817,False,True,2024-10-04,7.719211834762855,LOSS,10.0,forex
MXNJPY,LONG,2025-01-10,7.703420162200928,7.471550619756476,8.167159247089831,896,False,False,2025-01-16,7.471550619756476,LOSS,4.0,forex
MXNJPY,LONG,2025-03-20,7.40880012512207,7.178647156227123,7.869106062911966,945,False,False,2025-04-04,7.178647156227123,LOSS,11.0,forex
MXNJPY,LONG,2025-05-08,7.336413860321045,7.074641860412765,7.859957860137605,978,False,False,2025-07-08,7.859957860137605,WIN,43.0,forex
MXNJPY,LONG,2025-08-06,7.873866081237793,7.685338205949193,8.250921831814994,1042,False,True,2025-10-08,8.250921831814994,WIN,45.0,forex
MXNJPY,LONG,2025-10-17,8.143199920654297,7.958576905428005,8.51244595110688,1094,False,False,2025-11-19,8.51244595110688,WIN,23.0,forex
MXNJPY,LONG,2025-12-04,8.479299545288086,8.323146149685734,8.79160633649279,1128,False,False,2026-01-09,8.79160633649279,WIN,24.0,forex
MXNJPY,LONG,2026-01-28,8.881620407104492,8.690511488314861,9.263838244683754,1165,False,True,2026-06-12,9.263838244683754,WIN,97.0,forex
TRYJPY,SHORT,2022-07-14,7.859000205993652,8.119870886870382,7.337258844240193,246,False,False,2022-08-02,7.337258844240193,WIN,13.0,forex
TRYJPY,LONG,2022-09-27,7.816999912261963,7.592176635936367,8.266646464913155,299,False,False,2022-11-11,7.592176635936367,LOSS,33.0,forex
TRYJPY,LONG,2023-05-03,7.001999855041504,6.791849634121403,7.422300296881705,455,False,False,2023-05-12,6.791849634121403,LOSS,7.0,forex
TRYJPY,LONG,2023-05-22,6.945000171661377,6.689343720079518,7.456313074825095,468,False,True,2023-05-25,6.689343720079518,LOSS,3.0,forex
TRYJPY,LONG,2023-05-29,7.0269999504089355,6.668863332375498,7.743273186475811,473,False,True,2023-05-31,6.668863332375498,LOSS,2.0,forex
TRYJPY,LONG,2024-04-10,4.704999923706055,4.577010750207468,4.960978270703228,700,False,True,2024-04-12,4.577010750207468,LOSS,2.0,forex
TRYJPY,LONG,2024-04-15,4.729000091552734,4.584188780293789,5.018622714070625,703,False,True,2024-04-19,4.584188780293789,LOSS,4.0,forex
TRYJPY,LONG,2024-04-22,4.736999988555908,4.5865284736517795,5.037943018364166,708,False,True,2024-07-25,4.5865284736517795,LOSS,68.0,forex
TRYJPY,SHORT,2024-09-30,4.173999786376953,4.315148724997076,3.8917019091367067,823,False,True,2024-10-04,4.315148724997076,LOSS,4.0,forex
TRYJPY,LONG,2025-01-02,4.454999923706055,4.349788654170887,4.665422462776391,890,False,False,2025-01-21,4.349788654170887,LOSS,13.0,forex
TRYJPY,SHORT,2025-05-08,3.7179999351501465,3.8371554502981717,3.479688904854096,978,False,True,2026-04-30,3.479688904854096,WIN,253.0,forex
TRYJPY,SHORT,2026-06-03,3.477536916732788,3.5167367154281495,3.3991373193420653,1255,False,True,2026-07-30,3.3991373193420653,WIN,41.0,forex
PLNJPY,SHORT,2022-07-19,29.211999893188477,30.430352729103383,26.775294221358664,249,False,True,2022-09-07,30.430352729103383,LOSS,36.0,forex
PLNJPY,SHORT,2022-10-04,29.422000885009766,30.41325652936088,27.43948959630754,304,False,False,2022-10-17,30.41325652936088,LOSS,9.0,forex
PLNJPY,LONG,2022-11-11,30.802000045776367,29.872127155637383,32.661745826054336,332,False,True,2022-12-20,29.872127155637383,LOSS,27.0,forex
PLNJPY,SHORT,2023-01-23,29.839000701904297,30.853563826607868,27.809874452497155,383,False,False,2023-02-28,30.853563826607868,LOSS,26.0,forex
PLNJPY,SHORT,2023-03-28,30.239999771118164,31.215528624639365,28.288942064075762,429,False,False,2023-04-11,31.215528624639365,LOSS,10.0,forex
PLNJPY,LONG,2023-06-01,32.85599899291992,32.10936939975165,34.349258179256466,476,False,False,2023-06-15,34.349258179256466,WIN,10.0,forex
PLNJPY,LONG,2023-07-10,35.01100158691406,34.21119664112415,36.610611478493894,503,False,True,2023-09-07,34.21119664112415,LOSS,43.0,forex
PLNJPY,SHORT,2023-09-25,34.323001861572266,35.18793420700077,32.59313717071525,558,False,False,2023-10-16,35.18793420700077,LOSS,15.0,forex
PLNJPY,SHORT,2023-12-21,36.124000549316406,37.103827347990354,34.16434695196851,621,True,True,2024-01-02,34.16434695196851,WIN,8.0,forex
PLNJPY,LONG,2024-06-04,39.82500076293945,38.92441664357526,41.62616900166783,739,False,False,2024-06-10,38.92441664357526,LOSS,4.0,forex
PLNJPY,LONG,2024-07-17,40.301998138427734,39.36193089635963,42.18213262256394,770,False,False,2024-07-24,39.36193089635963,LOSS,5.0,forex
PLNJPY,SHORT,2024-08-15,37.77299880981445,39.05267787852414,35.21364067239507,791,False,True,2025-03-18,39.05267787852414,LOSS,152.0,forex
PLNJPY,LONG,2025-03-21,38.433998107910156,37.273259370137126,40.75547558345622,946,False,False,2025-04-07,37.273259370137126,LOSS,11.0,forex
PLNJPY,LONG,2025-05-21,38.41699981689453,37.49410798050733,40.262783489668934,987,False,False,2025-07-07,40.262783489668934,WIN,33.0,forex
PLNJPY,LONG,2025-07-29,40.35900115966797,39.59241640975897,41.89217065948597,1036,False,True,2025-10-23,41.89217065948597,WIN,62.0,forex
PLNJPY,LONG,2025-11-06,41.61000061035156,40.932439356858325,42.96512311733804,1108,False,False,2025-11-20,42.96512311733804,WIN,10.0,forex
PLNJPY,LONG,2026-01-16,43.69599914550781,43.04989199548988,44.98821344554368,1157,False,False,2026-02-12,43.04989199548988,LOSS,19.0,forex
PLNJPY,SHORT,2026-03-13,42.91299819946289,43.87050843155411,40.99797773528046,1197,False,False,2026-04-10,43.87050843155411,LOSS,20.0,forex
PLNJPY,SHORT,2026-05-11,43.53300094604492,44.287824360492735,42.023354117149296,1238,False,True,2026-08-03,42.023354117149296,WIN,60.0,forex
BTCUSD,SHORT,2022-07-10,20860.44921875,23123.7223324076,16333.9029914348,340,False,True,2022-07-19,23123.7223324076,LOSS,9.0,crypto
BTCUSD,LONG,2022-10-25,20095.857421875,19022.94073699681,22241.69079163138,447,True,False,2022-11-08,19022.94073699681,LOSS,14.0,crypto
BTCUSD,LONG,2022-12-04,17130.486328125,16150.727868157452,19090.003248060097,487,False,True,2023-01-13,19090.003248060097,WIN,40.0,crypto
BTCUSD,LONG,2023-02-26,23561.212890625,21994.483066938064,26694.67253799887,571,False,True,2023-03-08,21994.483066938064,LOSS,10.0,crypto
BTCUSD,LONG,2023-05-03,29006.30859375,26927.723184431215,33163.47941238757,637,False,False,2023-05-10,26927.723184431215,LOSS,7.0,crypto
BTCUSD,SHORT,2023-07-20,29792.015625,31278.81599718678,26818.414880626442,715,True,True,2023-08-17,26818.414880626442,WIN,28.0,crypto
BTCUSD,LONG,2023-12-12,41450.22265625,38755.049526343,46840.568916064,860,False,True,2024-01-08,46840.568916064,WIN,27.0,crypto
BTCUSD,LONG,2024-02-01,43075.7734375,40064.24965672072,49098.82099905856,911,False,False,2024-02-12,49098.82099905856,WIN,11.0,crypto
BTCUSD,LONG,2024-03-20,67913.671875,59954.00003494955,83833.0155551009,959,False,True,2024-04-17,59954.00003494955,LOSS,28.0,crypto
BTCUSD,LONG,2024-06-01,67706.9375,63160.737946768335,76799.33660646333,1032,False,False,2024-06-24,63160.737946768335,LOSS,23.0,crypto
BTCUSD,SHORT,2024-07-02,62029.015625,65664.5976784189,54757.851518162206,1063,False,True,2024-07-05,54757.851518162206,WIN,3.0,crypto
BTCUSD,SHORT,2024-08-02,61415.06640625,66485.80314806942,51273.59292261116,1094,True,False,2024-08-05,51273.59292261116,WIN,3.0,crypto
BTCUSD,SHORT,2024-08-09,60880.11328125,67555.43534885248,47529.46914604504,1101,True,True,2024-10-15,67555.43534885248,LOSS,67.0,crypto
BTCUSD,LONG,2025-01-29,103703.2109375,95412.29613014591,120285.04055220817,1274,True,False,2025-02-03,95412.29613014591,LOSS,5.0,crypto
BTCUSD,SHORT,2025-03-20,84167.1953125,92628.77488795546,67244.03616158909,1324,False,True,2025-04-22,92628.77488795546,LOSS,33.0,crypto
BTCUSD,SHORT,2025-06-05,101575.953125,107222.68892765621,90282.48151968757,1401,False,False,2025-06-09,107222.68892765621,LOSS,4.0,crypto
BTCUSD,SHORT,2025-06-17,104601.1171875,110420.43361224707,92962.48433800586,1413,False,False,2025-07-03,110420.43361224707,LOSS,16.0,crypto
BTCUSD,LONG,2025-08-16,117491.3515625,111723.29007591782,129027.47453566437,1473,False,False,2025-08-22,111723.29007591782,LOSS,6.0,crypto
BTCUSD,LONG,2025-09-11,115507.5390625,110182.22936271885,126158.1584620623,1499,False,False,2025-09-25,110182.22936271885,LOSS,14.0,crypto
BTCUSD,SHORT,2025-10-21,108476.890625,116674.26539799663,92082.14107900675,1539,False,True,2025-11-17,92082.14107900675,WIN,27.0,crypto
BTCUSD,SHORT,2025-12-04,92141.625,99670.19779056369,77084.47941887262,1583,False,True,2026-01-31,77084.47941887262,WIN,58.0,crypto
BTCUSD,SHORT,2026-02-26,67453.7734375,73829.21255966293,54702.89519317413,1667,False,True,2026-03-04,73829.21255966293,LOSS,6.0,crypto
BTCUSD,SHORT,2026-03-22,67845.2109375,73517.46570819328,56500.701396113436,1691,False,False,2026-04-11,73517.46570819328,LOSS,20.0,crypto
BTCUSD,LONG,2026-05-14,81051.25,76860.71987686491,89432.31024627018,1744,False,True,2026-05-17,76860.71987686491,LOSS,3.0,crypto
BTCUSD,LONG,2026-07-06,63995.015625,59590.28607029313,72804.47473441374,1797,False,True,,,OPEN,,crypto
ETHUSD,SHORT,2022-08-20,1577.0037841796875,1793.5021420554388,1144.007068428185,381,False,True,2022-11-09,1144.007068428185,WIN,81.0,crypto
ETHUSD,LONG,2022-12-04,1280.256591796875,1165.7828908853592,1509.2039936199067,487,False,True,2022-12-16,1165.7828908853592,LOSS,12.0,crypto
ETHUSD,LONG,2023-02-23,1651.0738525390625,1531.429477996498,1890.3626016241915,568,False,False,2023-03-09,1531.429477996498,LOSS,14.0,crypto
ETHUSD,LONG,2023-03-28,1772.78564453125,1610.146816372302,2098.063300849146,601,False,True,2023-04-14,2098.063300849146,WIN,17.0,crypto
ETHUSD,LONG,2023-04-20,1943.09765625,1795.0808441898923,2239.1312803702153,624,False,True,2023-04-26,1795.0808441898923,LOSS,6.0,crypto
ETHUSD,LONG,2023-05-28,1910.9141845703125,1802.342117714391,2128.0583182821556,662,True,False,2023-06-05,1802.342117714391,LOSS,8.0,crypto
ETHUSD,LONG,2023-06-06,1884.494873046875,1772.805322575418,2107.873973989789,671,False,False,2023-06-10,1772.805322575418,LOSS,4.0,crypto
ETHUSD,SHORT,2023-07-09,1863.009765625,1971.9222396650343,1645.1848175449313,704,False,False,2023-07-13,1971.9222396650343,LOSS,4.0,crypto
ETHUSD,SHORT,2023-07-22,1864.912353515625,1966.0186919643925,1662.69967661809,717,False,False,2023-08-17,1662.69967661809,WIN,26.0,crypto
ETHUSD,SHORT,2023-08-30,1705.1121826171875,1794.5566640844713,1526.2232196826199,756,False,True,2023-10-12,1526.2232196826199,WIN,43.0,crypto
ETHUSD,SHORT,2023-10-17,1565.4395751953125,1646.150743781078,1404.0172380237814,804,False,False,2023-10-22,1646.150743781078,LOSS,5.0,crypto
ETHUSD,LONG,2023-12-13,2260.648681640625,2085.8799403282337,2610.1861642654076,861,False,True,2024-01-10,2610.1861642654076,WIN,28.0,crypto
ETHUSD,LONG,2024-01-19,2489.49853515625,2263.313852462682,2941.867900543386,898,False,False,2024-01-23,2263.313852462682,LOSS,4.0,crypto
ETHUSD,LONG,2024-02-07,2423.7451171875,2261.153050598002,2748.9292503664956,917,False,False,2024-02-14,2748.9292503664956,WIN,7.0,crypto
ETHUSD,LONG,2024-03-17,3642.4130859375,3210.2382291703398,4506.7627994718205,956,False,True,2024-03-19,3210.2382291703398,LOSS,2.0,crypto
ETHUSD,LONG,2024-03-28,3561.2939453125,3124.7297468796232,4434.4223421782535,967,False,True,2024-04-12,3124.7297468796232,LOSS,15.0,crypto
ETHUSD,SHORT,2024-06-11,3498.33056640625,3767.292641300796,2960.4064166171584,1042,False,True,2024-07-05,2960.4064166171584,WIN,24.0,crypto
ETHUSD,SHORT,2024-07-30,3278.667724609375,3555.6319938182555,2724.739186191614,1091,False,False,2024-08-04,2724.739186191614,WIN,5.0,crypto
ETHUSD,SHORT,2024-08-26,2681.340576171875,2946.5794691776523,2150.8627901603204,1118,False,True,2024-11-08,2946.5794691776523,LOSS,74.0,crypto
ETHUSD,SHORT,2025-03-26,2009.1893310546875,2252.4859432021517,1522.596106759759,1330,False,True,2025-04-07,1522.596106759759,WIN,12.0,crypto
ETHUSD,LONG,2025-07-02,2571.33544921875,2308.848238203822,3096.309871248606,1428,False,False,2025-07-15,3096.309871248606,WIN,13.0,crypto
ETHUSD,LONG,2025-08-20,4334.50048828125,3884.775400492789,5233.950663858172,1477,False,True,2025-09-25,3884.775400492789,LOSS,36.0,crypto
ETHUSD,SHORT,2025-12-05,3024.432861328125,3400.1344809765533,2273.0296220312684,1584,False,True,2025-12-10,3400.1344809765533,LOSS,5.0,crypto
ETHUSD,SHORT,2025-12-15,2964.18310546875,3321.084029612294,2250.3812571816616,1594,False,True,2026-01-13,3321.084029612294,LOSS,29.0,crypto
ETHUSD,SHORT,2026-02-26,2026.7926025390625,2286.610793662258,1507.1562202926716,1667,False,True,2026-03-16,2286.610793662258,LOSS,18.0,crypto
ETHUSD,SHORT,2026-03-27,1991.27197265625,2218.653071270931,1536.5097754268882,1696,False,False,2026-04-07,2218.653071270931,LOSS,11.0,crypto
ETHUSD,SHORT,2026-05-15,2223.328857421875,2378.8378125383724,1912.3109471888802,1745,True,False,2026-06-02,1912.3109471888802,WIN,18.0,crypto
ETHUSD,LONG,2026-07-09,1744.484619140625,1594.8255164700172,2043.8028244818406,1800,False,False,,,OPEN,,crypto
SOLUSD,SHORT,2022-06-22,34.12163543701172,43.45666599309169,15.451574324851777,322,False,True,2022-07-18,43.45666599309169,LOSS,26.0,crypto
SOLUSD,SHORT,2022-07-26,36.190853118896484,42.87150732117234,22.829544714344777,356,False,False,2022-07-28,42.87150732117234,LOSS,2.0,crypto
SOLUSD,LONG,2022-09-26,33.88055419921875,29.517931000886655,42.60580059588294,418,True,False,2022-10-13,29.517931000886655,LOSS,17.0,crypto
SOLUSD,LONG,2022-10-28,32.111263275146484,28.882467375888638,38.56885507366218,450,False,False,2022-11-08,28.882467375888638,LOSS,11.0,crypto
SOLUSD,SHORT,2022-12-15,14.02151107788086,15.909658838972168,10.245215555698241,498,False,True,2022-12-28,10.245215555698241,WIN,13.0,crypto
SOLUSD,LONG,2023-02-07,23.861356735229492,20.639711480582594,30.304647244523288,552,False,True,2023-02-09,20.639711480582594,LOSS,2.0,crypto
SOLUSD,LONG,2023-02-17,23.166757583618164,19.887346861707652,29.72557902743919,562,False,False,2023-03-07,19.887346861707652,LOSS,18.0,crypto
SOLUSD,LONG,2023-03-23,22.216777801513672,18.84473614540913,28.960861113722757,596,False,False,2023-06-07,18.84473614540913,LOSS,76.0,crypto
SOLUSD,SHORT,2023-06-22,16.642620086669922,18.73571665151663,12.456426956976507,687,False,True,2023-06-30,18.73571665151663,LOSS,8.0,crypto
SOLUSD,LONG,2023-09-29,20.300655364990234,18.820721429668172,23.26052323563436,786,False,False,2023-10-01,23.26052323563436,WIN,2.0,crypto
SOLUSD,LONG,2023-10-13,21.834917068481445,19.845446791091828,25.81385762326068,800,False,False,2023-10-20,25.81385762326068,WIN,7.0,crypto
SOLUSD,LONG,2024-01-04,105.0775375366211,86.36342186016236,142.50576888953856,883,False,True,2024-01-08,86.36342186016236,LOSS,4.0,crypto
SOLUSD,LONG,2024-01-17,102.0635986328125,85.13694775682784,135.91690038478183,896,False,False,2024-01-22,85.13694775682784,LOSS,5.0,crypto
SOLUSD,LONG,2024-02-01,97.84669494628906,84.46526817377581,124.60954849131556,911,False,False,2024-02-29,124.60954849131556,WIN,28.0,crypto
SOLUSD,LONG,2024-04-03,185.2486114501953,157.92695207148586,239.89193020761422,973,False,False,2024-04-12,157.92695207148586,LOSS,9.0,crypto
SOLUSD,SHORT,2024-05-12,143.52081298828125,163.91211052361578,102.73821791761219,1012,False,False,2024-05-16,163.91211052361578,LOSS,4.0,crypto
SOLUSD,SHORT,2024-06-28,139.70339965820312,157.1077663008432,104.89466637292298,1059,False,True,2024-07-15,157.1077663008432,LOSS,17.0,crypto
SOLUSD,SHORT,2024-08-09,156.45721435546875,183.15778894559654,103.05606517521318,1101,True,True,2024-11-06,183.15778894559654,LOSS,89.0,crypto
SOLUSD,LONG,2024-12-03,234.2003173828125,205.882158164541,290.8366358193555,1217,False,True,2024-12-10,205.882158164541,LOSS,7.0,crypto
SOLUSD,LONG,2025-01-30,239.0231475830078,200.26657499975192,316.5362927495196,1275,False,True,2025-02-02,200.26657499975192,LOSS,3.0,crypto
SOLUSD,SHORT,2025-03-29,124.587646484375,144.27555619753588,85.21182705805325,1333,False,False,2025-04-22,144.27555619753588,LOSS,24.0,crypto
SOLUSD,SHORT,2025-06-12,152.7896728515625,169.7013794936738,118.96625956733988,1408,False,False,2025-07-16,169.7013794936738,LOSS,34.0,crypto
SOLUSD,LONG,2025-08-20,187.5863037109375,166.56591160723022,229.62708791835206,1477,False,True,2025-09-12,229.62708791835206,WIN,23.0,crypto
SOLUSD,LONG,2025-10-02,234.85687255859375,212.00210974376068,280.5663981882599,1520,False,False,2025-10-10,212.00210974376068,LOSS,8.0,crypto
SOLUSD,SHORT,2025-12-04,139.0145263671875,157.62748602644334,101.78860704867583,1583,False,True,2026-01-31,101.78860704867583,WIN,58.0,crypto
SOLUSD,SHORT,2026-02-26,85.90911865234375,97.66008237607157,62.40719120488811,1667,False,True,2026-05-11,97.66008237607157,LOSS,74.0,crypto
SOLUSD,SHORT,2026-05-17,85.1729507446289,91.91481447749297,71.68922327890078,1747,False,False,2026-06-03,71.68922327890078,WIN,17.0,crypto
SOLUSD,LONG,2026-07-09,78.04546356201172,70.79216127100908,92.552068144017,1800,False,False,2026-08-01,70.79216127100908,LOSS,23.0,crypto
XRPUSD,SHORT,2022-06-29,0.3289780020713806,0.3754915455778997,0.23595091505834243,329,False,True,2022-07-19,0.3754915455778997,LOSS,20.0,crypto
XRPUSD,LONG,2022-10-14,0.4889659881591797,0.42729637854378205,0.612305207389975,436,False,True,2022-11-08,0.42729637854378205,LOSS,25.0,crypto
XRPUSD,LONG,2022-11-29,0.39854899048805237,0.34884255639585837,0.49796185867244036,482,False,True,2022-12-16,0.34884255639585837,LOSS,17.0,crypto
XRPUSD,LONG,2023-02-07,0.403903990983963,0.37377401536476806,0.4641639422223529,552,False,False,2023-02-13,0.37377401536476806,LOSS,6.0,crypto
XRPUSD,LONG,2023-02-20,0.3985249996185303,0.36798226693825525,0.4596104649790803,565,False,False,2023-03-03,0.36798226693825525,LOSS,11.0,crypto
XRPUSD,LONG,2023-05-19,0.4679819941520691,0.4332973113610123,0.5373513597341827,653,False,False,2023-06-04,0.5373513597341827,WIN,16.0,crypto
XRPUSD,LONG,2023-06-11,0.5212209820747375,0.47513965053832435,0.6133836451475639,676,False,True,2023-06-14,0.47513965053832435,LOSS,3.0,crypto
XRPUSD,LONG,2023-08-01,0.7072110176086426,0.6301605128706025,0.8613120270847228,727,False,True,2023-08-05,0.6301605128706025,LOSS,4.0,crypto
XRPUSD,LONG,2023-09-22,0.5125100016593933,0.4818103032231944,0.5739093985317911,779,False,False,2023-10-11,0.4818103032231944,LOSS,19.0,crypto
XRPUSD,SHORT,2023-10-17,0.49169400334358215,0.5180258829804791,0.4390302440697882,804,False,False,2023-10-19,0.5180258829804791,LOSS,2.0,crypto
XRPUSD,SHORT,2023-11-20,0.6128420233726501,0.678891936815371,0.4807421964872085,838,False,True,2023-12-09,0.678891936815371,LOSS,19.0,crypto
XRPUSD,SHORT,2023-12-15,0.6154919862747192,0.6687407352974388,0.5089944882292801,863,False,False,2024-01-23,0.5089944882292801,WIN,39.0,crypto
XRPUSD,SHORT,2024-02-10,0.5241119861602783,0.5588777055514067,0.45458054737802156,920,False,True,2024-02-15,0.5588777055514067,LOSS,5.0,crypto
XRPUSD,SHORT,2024-03-19,0.5844410061836243,0.6821265272544774,0.38906996404191796,958,True,False,2024-11-12,0.6821265272544774,LOSS,238.0,crypto
XRPUSD,LONG,2024-12-20,2.276885986328125,1.7771651815041765,3.276327595976022,1234,False,True,2025-01-16,3.276327595976022,WIN,27.0,crypto
XRPUSD,LONG,2025-02-19,2.7408010959625244,2.338168183422067,3.5460669210434395,1295,False,True,2025-02-24,2.338168183422067,LOSS,5.0,crypto
XRPUSD,LONG,2025-03-05,2.500509023666382,2.007696710223126,3.486133650552894,1309,False,True,2025-03-10,2.007696710223126,LOSS,5.0,crypto
XRPUSD,LONG,2025-03-19,2.5458409786224365,2.1513002196525894,3.3349224965621307,1323,True,False,2025-03-29,2.1513002196525894,LOSS,10.0,crypto
XRPUSD,SHORT,2025-04-15,2.0885488986968994,2.4032600272901403,1.4591266415104176,1350,False,False,2025-05-09,2.4032600272901403,LOSS,24.0,crypto
XRPUSD,SHORT,2025-05-26,2.3106610774993896,2.529066944069473,1.8738493443592228,1391,False,False,2025-07-10,2.529066944069473,LOSS,45.0,crypto
XRPUSD,SHORT,2025-08-02,2.766371965408325,3.126437610267857,2.046240675689262,1459,False,True,2025-08-07,3.126437610267857,LOSS,5.0,crypto
XRPUSD,SHORT,2025-08-18,3.0614829063415527,3.3908879218287136,2.402672875367231,1475,False,True,2025-10-10,2.402672875367231,WIN,53.0,crypto
XRPUSD,SHORT,2025-11-11,2.391724109649658,2.718389484433249,1.738393360082477,1560,False,True,2026-01-30,1.738393360082477,WIN,80.0,crypto
XRPUSD,SHORT,2026-02-15,1.474856972694397,1.70845951183901,1.007651894405171,1656,False,True,,,OPEN,,crypto
BNBUSD,SHORT,2022-06-26,233.85874938964844,269.9697199213157,161.63680832631394,326,False,True,2022-07-19,269.9697199213157,LOSS,23.0,crypto
BNBUSD,SHORT,2022-08-22,300.5591125488281,329.27382020045553,243.1296972455733,383,False,False,2022-10-31,329.27382020045553,LOSS,70.0,crypto
BNBUSD,LONG,2022-11-29,295.4981689453125,262.4004099531205,361.69368692969647,482,False,False,2022-12-13,262.4004099531205,LOSS,14.0,crypto
BNBUSD,LONG,2023-02-20,315.37744140625,289.6725851117427,366.7871539952646,565,False,True,2023-03-03,289.6725851117427,LOSS,11.0,crypto
BNBUSD,LONG,2023-04-11,322.7582702636719,305.934023610525,356.4067635699656,615,False,False,2023-05-11,305.934023610525,LOSS,30.0,crypto
BNBUSD,SHORT,2023-07-02,246.25791931152344,264.56438349013445,209.64499095430142,697,False,True,2023-08-21,209.64499095430142,WIN,50.0,crypto
BNBUSD,SHORT,2023-08-30,223.7994384765625,235.33188859216926,200.73453824534897,756,False,True,2023-10-24,235.33188859216926,LOSS,55.0,crypto
BNBUSD,LONG,2023-11-14,242.263671875,226.92695650093518,272.93710262312965,832,False,True,2023-11-21,226.92695650093518,LOSS,7.0,crypto
BNBUSD,LONG,2023-12-08,238.91598510742188,224.04918436496507,268.6495865923355,856,False,False,2023-12-21,268.6495865923355,WIN,13.0,crypto
BNBUSD,LONG,2024-01-08,304.5003967285156,276.64213259245327,360.21692500064034,887,False,True,2024-02-15,360.21692500064034,WIN,38.0,crypto
BNBUSD,LONG,2024-03-20,556.7005004882812,473.95976124884885,722.181978967146,959,False,True,2024-07-05,473.95976124884885,LOSS,107.0,crypto
BNBUSD,SHORT,2024-08-02,542.9151611328125,585.8379159468955,457.0696515046466,1094,False,False,2024-08-05,457.0696515046466,WIN,3.0,crypto
BNBUSD,SHORT,2024-08-11,503.8045349121094,560.5486149094367,390.3163749174548,1103,False,True,2024-08-19,560.5486149094367,LOSS,8.0,crypto
BNBUSD,SHORT,2024-09-10,517.4838256835938,559.9946068054599,432.46226343986154,1133,False,True,2024-09-15,559.9946068054599,LOSS,5.0,crypto
BNBUSD,SHORT,2024-10-02,542.7123413085938,587.6343893461193,452.86824523354267,1155,False,False,2024-10-14,587.6343893461193,LOSS,12.0,crypto
BNBUSD,SHORT,2024-12-21,663.2794799804688,740.9916669850427,507.8551059713209,1235,False,False,2025-01-06,740.9916669850427,LOSS,16.0,crypto
BNBUSD,LONG,2025-02-19,653.5147094726562,585.6981578949541,789.1478126280606,1295,False,True,2025-02-28,585.6981578949541,LOSS,9.0,crypto
BNBUSD,SHORT,2025-03-30,601.8302001953125,650.1785365522865,505.1335274813646,1334,True,False,2025-05-09,650.1785365522865,LOSS,40.0,crypto
BNBUSD,SHORT,2025-06-05,634.0535888671875,672.3973089197547,557.3661487620532,1401,False,True,2025-06-10,672.3973089197547,LOSS,5.0,crypto
BNBUSD,SHORT,2025-06-17,648.5108032226562,681.6705926163529,582.1912244352629,1413,False,False,2025-07-10,681.6705926163529,LOSS,23.0,crypto
BNBUSD,LONG,2025-08-04,769.05908203125,710.7050846443906,885.7670768049688,1461,False,True,2025-08-22,885.7670768049688,WIN,18.0,crypto
BNBUSD,LONG,2025-08-26,863.6304931640625,796.1280081115083,998.6354632691709,1483,False,True,2025-09-18,998.6354632691709,WIN,23.0,crypto
BNBUSD,LONG,2025-09-26,960.9239501953125,887.5544601065407,1107.6629303728562,1514,False,True,2025-10-03,1107.6629303728562,WIN,7.0,crypto
BNBUSD,LONG,2025-10-11,1137.1993408203125,986.3180699276076,1438.9618826057224,1529,False,True,2025-11-03,986.3180699276076,LOSS,23.0,crypto
BNBUSD,SHORT,2025-12-14,877.806884765625,949.2183537586402,734.9839467795946,1593,False,False,2026-01-14,949.2183537586402,LOSS,31.0,crypto
BNBUSD,SHORT,2026-01-29,867.09814453125,915.7443395089963,769.8057545757574,1639,False,False,2026-01-31,769.8057545757574,WIN,2.0,crypto
BNBUSD,SHORT,2026-03-03,633.8309326171875,690.8793235781416,519.7341506952794,1672,False,True,2026-05-30,690.8793235781416,LOSS,88.0,crypto
BNBUSD,LONG,2026-08-02,587.5682983398438,561.3352013274974,640.0344923645364,1824,False,False,,,OPEN,,crypto
ADAUSD,SHORT,2022-06-26,0.48965299129486084,0.5853540994439625,0.2982507749966574,326,False,False,2022-08-14,0.5853540994439625,LOSS,49.0,crypto
ADAUSD,LONG,2022-09-07,0.4792819917201996,0.42484617387622825,0.5881536274081423,399,True,False,2022-10-02,0.42484617387622825,LOSS,25.0,crypto
ADAUSD,LONG,2022-10-28,0.40450701117515564,0.3659304339102731,0.48166016570492076,450,False,True,2022-11-08,0.3659304339102731,LOSS,11.0,crypto
ADAUSD,SHORT,2022-12-14,0.308133989572525,0.3303840137190329,0.26363394127950923,497,False,True,2022-12-16,0.26363394127950923,WIN,2.0,crypto
ADAUSD,LONG,2023-03-21,0.37123599648475647,0.329057116054464,0.45559375734534135,594,False,False,2023-04-15,0.45559375734534135,WIN,25.0,crypto
ADAUSD,LONG,2023-06-02,0.37830400466918945,0.3547900375234893,0.42533193896058974,667,True,False,2023-06-05,0.3547900375234893,LOSS,3.0,crypto
ADAUSD,SHORT,2023-07-06,0.27970001101493835,0.3081600973472705,0.22277983835027404,701,False,False,2023-07-13,0.3081600973472705,LOSS,7.0,crypto
ADAUSD,SHORT,2023-08-03,0.29257598519325256,0.3172931751098508,0.24314160536005613,729,False,True,2023-09-11,0.24314160536005613,WIN,39.0,crypto
ADAUSD,SHORT,2023-09-20,0.2516300082206726,0.26642317666133003,0.22204367133935776,777,False,False,2023-10-01,0.26642317666133003,LOSS,11.0,crypto
ADAUSD,SHORT,2023-10-17,0.24711500108242035,0.2591242466149984,0.22309651001726427,804,False,False,2023-10-21,0.2591242466149984,LOSS,4.0,crypto
ADAUSD,LONG,2024-02-02,0.5139579772949219,0.45870671826857806,0.6244604953476095,912,False,False,2024-02-18,0.6244604953476095,WIN,16.0,crypto
ADAUSD,LONG,2024-02-24,0.5966960191726685,0.5391584898902029,0.7117710777375996,934,False,False,2024-03-01,0.7117710777375996,WIN,6.0,crypto
ADAUSD,SHORT,2024-05-28,0.45699000358581543,0.49701990114212796,0.37693020847319036,1028,False,False,2024-06-18,0.37693020847319036,WIN,21.0,crypto
ADAUSD,SHORT,2024-07-28,0.40738698840141296,0.450441404775013,0.3212781556542129,1089,True,False,2024-08-05,0.3212781556542129,WIN,8.0,crypto
ADAUSD,SHORT,2024-08-30,0.34715399146080017,0.38575910965350124,0.26994375507539803,1122,False,True,2024-09-24,0.38575910965350124,LOSS,25.0,crypto
ADAUSD,SHORT,2024-10-07,0.3514670133590698,0.3851122279018381,0.2841765842735333,1160,False,False,2024-11-07,0.3851122279018381,LOSS,31.0,crypto
ADAUSD,LONG,2024-12-11,1.0888899564743042,0.8797536960045547,1.5071624774138033,1225,False,True,2024-12-19,0.8797536960045547,LOSS,8.0,crypto
ADAUSD,LONG,2025-01-15,1.0791540145874023,0.9145159767710962,1.4084300902200146,1260,False,False,2025-01-27,0.9145159767710962,LOSS,12.0,crypto
ADAUSD,LONG,2025-03-04,0.941277027130127,0.722811355258956,1.3782083708724688,1308,False,True,2025-03-09,0.722811355258956,LOSS,5.0,crypto
ADAUSD,SHORT,2025-03-20,0.7175170183181763,0.8600558889549296,0.43243927704466967,1324,False,False,2025-05-12,0.8600558889549296,LOSS,53.0,crypto
ADAUSD,SHORT,2025-05-29,0.7223420143127441,0.8077359542617512,0.5515541344147301,1394,False,False,2025-06-21,0.5515541344147301,WIN,23.0,crypto
ADAUSD,SHORT,2025-07-04,0.5728909969329834,0.6407379738854515,0.4371970430280472,1430,False,True,2025-07-10,0.6407379738854515,LOSS,6.0,crypto
ADAUSD,SHORT,2025-08-01,0.7156670093536377,0.8129070632097658,0.5211869016413815,1458,False,True,2025-08-09,0.8129070632097658,LOSS,8.0,crypto
ADAUSD,SHORT,2025-08-29,0.8271369934082031,0.9439342951851684,0.5935423898542727,1486,False,True,2025-09-13,0.9439342951851684,LOSS,15.0,crypto
ADAUSD,LONG,2025-09-16,0.8806899785995483,0.7990746596093544,1.0439206165799362,1504,False,False,2025-09-24,0.7990746596093544,LOSS,8.0,crypto
ADAUSD,LONG,2025-10-06,0.8718159794807434,0.7916470458388021,1.032153846764626,1524,False,False,2025-10-10,0.7916470458388021,LOSS,4.0,crypto
ADAUSD,SHORT,2025-12-04,0.43945398926734924,0.4998970731345714,0.31856782153290497,1583,False,True,2026-01-30,0.31856782153290497,WIN,57.0,crypto
ADAUSD,SHORT,2026-02-15,0.2817800045013428,0.32293157257134236,0.1994768683613436,1656,False,True,2026-06-04,0.1994768683613436,WIN,109.0,crypto
ADAUSD,LONG,2026-07-21,0.17334799468517303,0.15623475313353272,0.20757447778845367,1812,False,False,2026-07-27,0.15623475313353272,LOSS,6.0,crypto
LINKUSD,SHORT,2022-06-21,6.838943004608154,8.58539123496478,3.3460465438949036,321,False,False,2022-08-08,8.58539123496478,LOSS,48.0,crypto
LINKUSD,LONG,2022-09-08,7.407059192657471,6.516032428856355,9.189112720259702,400,False,False,2022-10-13,6.516032428856355,LOSS,35.0,crypto
LINKUSD,LONG,2022-10-29,7.613306999206543,6.916015208412626,9.007890580794378,451,False,False,2022-11-07,9.007890580794378,WIN,9.0,crypto
LINKUSD,LONG,2022-11-28,7.207573890686035,6.169009321418869,9.284703029220367,481,False,False,2022-12-16,6.169009321418869,LOSS,18.0,crypto
LINKUSD,LONG,2023-02-07,7.198653221130371,6.522210648838704,8.551538365713705,552,False,False,2023-02-13,6.522210648838704,LOSS,6.0,crypto
LINKUSD,LONG,2023-02-22,7.708319187164307,6.879294850232086,9.366367861028747,567,False,True,2023-03-03,6.879294850232086,LOSS,9.0,crypto
LINKUSD,LONG,2023-03-21,7.407576084136963,6.571389175761094,9.079949900888701,594,False,False,2023-05-08,6.571389175761094,LOSS,48.0,crypto
LINKUSD,SHORT,2023-05-31,6.480094909667969,6.870204302652784,5.699876123698338,665,False,False,2023-06-10,5.699876123698338,WIN,10.0,crypto
LINKUSD,LONG,2023-08-14,7.414638042449951,6.860294567961516,8.523324991426822,740,False,False,2023-08-16,6.860294567961516,LOSS,2.0,crypto
LINKUSD,LONG,2023-09-18,6.5657548904418945,6.079405833116766,7.538453005092151,775,True,False,2023-09-26,7.538453005092151,WIN,8.0,crypto
LINKUSD,LONG,2023-10-11,7.393107891082764,6.746051189709476,8.687221293829339,798,False,True,2023-10-21,8.687221293829339,WIN,10.0,crypto
LINKUSD,LONG,2023-11-18,13.74829387664795,11.57107504724223,18.102731535459387,836,False,True,2024-02-02,18.102731535459387,WIN,76.0,crypto
LINKUSD,LONG,2024-02-28,19.431785583496094,17.476562525241672,23.342231700004938,938,False,True,2024-03-05,17.476562525241672,LOSS,6.0,crypto
LINKUSD,LONG,2024-03-06,20.075965881347656,17.49017646394153,25.247544716159908,945,False,True,2024-03-17,17.49017646394153,LOSS,11.0,crypto
LINKUSD,SHORT,2024-04-01,18.38026237487793,20.633600402803275,13.87358631902724,971,False,False,2024-04-13,13.87358631902724,WIN,12.0,crypto
LINKUSD,SHORT,2024-04-23,15.196627616882324,17.43072009134826,10.728442667950453,993,False,True,2024-05-24,17.43072009134826,LOSS,31.0,crypto
LINKUSD,SHORT,2024-06-08,15.944519996643066,17.72964451063322,12.374270968662756,1039,False,True,2024-07-05,12.374270968662756,WIN,27.0,crypto
LINKUSD,SHORT,2024-07-28,13.293225288391113,14.75454027967861,10.37059530581612,1089,False,False,2024-08-05,10.37059530581612,WIN,8.0,crypto
LINKUSD,SHORT,2024-09-11,10.406829833984375,11.577516201819632,8.06545709831386,1134,False,True,2024-09-20,11.577516201819632,LOSS,9.0,crypto
LINKUSD,SHORT,2024-10-07,11.160425186157227,12.319851020415397,8.841573517640885,1160,False,False,2024-10-30,12.319851020415397,LOSS,23.0,crypto
LINKUSD,LONG,2025-01-19,24.2492733001709,20.200521017873402,32.34677786476589,1264,False,False,2025-02-02,20.200521017873402,LOSS,14.0,crypto
LINKUSD,SHORT,2025-03-20,14.215102195739746,16.842375869383186,8.960554848452865,1324,False,True,2025-05-10,16.842375869383186,LOSS,51.0,crypto
LINKUSD,SHORT,2025-05-29,15.040348052978516,16.956125953450147,11.208792252035252,1394,False,False,2025-06-22,11.208792252035252,WIN,24.0,crypto
LINKUSD,SHORT,2025-06-25,13.136893272399902,14.844373760806624,9.721932295586459,1421,False,False,2025-07-10,14.844373760806624,LOSS,15.0,crypto
LINKUSD,LONG,2025-08-26,24.399843215942383,20.49496680258559,32.20959604265597,1483,False,True,2025-09-25,20.49496680258559,LOSS,30.0,crypto
LINKUSD,LONG,2025-10-06,23.37454605102539,21.0447497074096,28.03413873825697,1524,False,False,2025-10-10,21.0447497074096,LOSS,4.0,crypto
LINKUSD,SHORT,2025-11-11,15.298300743103027,17.82725513296899,10.240391963371103,1560,False,True,2026-01-31,10.240391963371103,WIN,81.0,crypto
LINKUSD,SHORT,2026-02-27,8.708776473999023,9.808530026632587,6.509269368731896,1668,False,True,2026-03-16,9.808530026632587,LOSS,17.0,crypto
LINKUSD,SHORT,2026-03-22,8.685224533081055,9.578351261149347,6.89897107694447,1691,False,False,2026-04-16,9.578351261149347,LOSS,25.0,crypto
LINKUSD,SHORT,2026-05-01,9.092687606811523,9.722973706319577,7.832115407795417,1731,False,False,2026-05-05,9.722973706319577,LOSS,4.0,crypto
LINKUSD,LONG,2026-07-10,7.962952136993408,7.307486139960953,9.273884131058319,1801,True,False,,,OPEN,,crypto
AVAXUSD,SHORT,2022-06-26,19.692432403564453,24.846364776513695,9.384567657665968,326,False,True,2022-07-19,24.846364776513695,LOSS,23.0,crypto
AVAXUSD,SHORT,2022-09-13,19.06827163696289,21.976598784686924,13.251617341514823,405,False,False,2022-11-09,13.251617341514823,WIN,57.0,crypto
AVAXUSD,LONG,2023-02-17,19.477388381958008,16.97507078746622,24.482023570941585,562,False,True,2023-03-03,16.97507078746622,LOSS,14.0,crypto
AVAXUSD,LONG,2023-03-21,17.4854679107666,15.00296171333385,22.450480305632105,594,False,False,2023-05-10,15.00296171333385,LOSS,50.0,crypto
AVAXUSD,SHORT,2023-06-07,14.032129287719727,15.159187158380865,11.77801354639745,672,False,True,2023-06-10,11.77801354639745,WIN,3.0,crypto
AVAXUSD,SHORT,2023-07-24,13.103471755981445,14.372205902774638,10.56600346239506,719,False,False,2023-08-17,10.56600346239506,WIN,24.0,crypto
AVAXUSD,SHORT,2023-09-29,9.175294876098633,9.746146687058792,8.033591254178315,786,False,True,2023-10-01,9.746146687058792,LOSS,2.0,crypto
AVAXUSD,SHORT,2023-10-17,9.112850189208984,9.927401266195682,7.483748035235589,804,False,True,2023-10-22,9.927401266195682,LOSS,5.0,crypto
AVAXUSD,LONG,2023-12-29,40.21108627319336,32.87206527859241,54.88912826239526,877,False,True,2024-01-08,32.87206527859241,LOSS,10.0,crypto
AVAXUSD,LONG,2024-02-02,36.707916259765625,31.59734781303499,46.929053153226896,912,False,False,2024-03-11,46.929053153226896,WIN,38.0,crypto
AVAXUSD,SHORT,2024-05-07,35.341732025146484,41.01610989884427,23.992976277750913,1007,False,True,2024-05-21,41.01610989884427,LOSS,14.0,crypto
AVAXUSD,SHORT,2024-05-30,35.98757553100586,40.32963147275754,27.303463647502497,1030,False,False,2024-06-18,27.303463647502497,WIN,19.0,crypto
AVAXUSD,SHORT,2024-06-29,27.725507736206055,31.320984409635148,20.534554389347868,1060,False,True,2024-07-21,31.320984409635148,LOSS,22.0,crypto
AVAXUSD,SHORT,2024-07-28,27.40057373046875,31.137773338843065,19.92617451372012,1089,False,False,2024-08-05,19.92617451372012,WIN,8.0,crypto
AVAXUSD,SHORT,2024-10-03,24.65347671508789,27.964441447136533,18.031547250990606,1156,False,False,2024-10-12,27.964441447136533,LOSS,9.0,crypto
AVAXUSD,SHORT,2024-10-30,26.1982421875,28.786739387673087,21.021247787153825,1183,False,False,2024-11-09,28.786739387673087,LOSS,10.0,crypto
AVAXUSD,LONG,2024-12-11,48.37092590332031,39.72141342677103,65.66995085641888,1225,False,True,2024-12-19,39.72141342677103,LOSS,8.0,crypto
AVAXUSD,SHORT,2025-04-10,18.330242156982422,21.531429380079043,11.92786771078918,1345,False,False,2025-04-22,21.531429380079043,LOSS,12.0,crypto
AVAXUSD,SHORT,2025-05-30,20.55556297302246,23.720543622551823,14.225601673963737,1395,False,False,2025-07-17,23.720543622551823,LOSS,48.0,crypto
AVAXUSD,LONG,2025-08-08,23.797428131103516,21.003419069360884,29.38544625458878,1465,False,False,2025-09-10,29.38544625458878,WIN,33.0,crypto
AVAXUSD,LONG,2025-10-02,31.023582458496094,27.123792185662708,38.823163004162865,1520,False,False,2025-10-10,27.123792185662708,LOSS,8.0,crypto
AVAXUSD,SHORT,2025-12-04,14.399070739746094,16.30432005252029,10.588572114197703,1583,False,True,2026-01-31,10.588572114197703,WIN,58.0,crypto
AVAXUSD,SHORT,2026-02-27,8.959959983825684,10.092557622313244,6.694764706850563,1668,False,True,2026-03-13,10.092557622313244,LOSS,14.0,crypto
AVAXUSD,SHORT,2026-03-22,9.018503189086914,9.953664399491577,7.148180768277587,1691,False,False,2026-04-17,9.953664399491577,LOSS,26.0,crypto
AVAXUSD,LONG,2026-04-26,9.465227127075195,8.689030557930849,11.017620265363888,1726,False,False,2026-05-29,8.689030557930849,LOSS,33.0,crypto
AVAXUSD,LONG,2026-07-03,6.946293830871582,6.202593895423986,8.433693701766774,1794,False,True,2026-07-24,6.202593895423986,LOSS,21.0,crypto
AVAXUSD,SHORT,2026-07-27,6.396115779876709,6.960389085968367,5.267569167693393,1818,False,True,,,OPEN,,crypto
DOGEUSD,SHORT,2022-06-22,0.06171099841594696,0.07492140084489882,0.03529019355804325,322,False,True,2022-06-26,0.07492140084489882,LOSS,4.0,crypto
DOGEUSD,SHORT,2022-07-01,0.06617499887943268,0.07866575098087532,0.0411934946765474,331,False,False,2022-08-14,0.07866575098087532,LOSS,44.0,crypto
DOGEUSD,SHORT,2022-08-26,0.063571996986866,0.07282428435342868,0.045067422253740635,387,False,False,2022-10-26,0.07282428435342868,LOSS,61.0,crypto
DOGEUSD,LONG,2022-12-08,0.09854000061750412,0.08310195358407113,0.1294160946843701,491,False,True,2022-12-16,0.08310195358407113,LOSS,8.0,crypto
DOGEUSD,LONG,2023-01-11,0.07815299928188324,0.07114278568640046,0.09217342647284879,525,True,False,2023-01-22,0.09217342647284879,WIN,11.0,crypto
DOGEUSD,LONG,2023-01-25,0.08659400045871735,0.0771483118247068,0.10548537772673844,539,False,True,2023-03-03,0.0771483118247068,LOSS,37.0,crypto
DOGEUSD,LONG,2023-03-23,0.07741200178861618,0.06796128666413191,0.09631343203758472,596,False,False,2023-04-03,0.09631343203758472,WIN,11.0,crypto
DOGEUSD,SHORT,2023-04-26,0.07862299680709839,0.08855396290712399,0.05876106460704719,630,False,False,2023-06-10,0.05876106460704719,WIN,45.0,crypto
DOGEUSD,SHORT,2023-06-28,0.06260199844837189,0.06785787399376578,0.05209024735758411,693,False,False,2023-07-01,0.06785787399376578,LOSS,3.0,crypto
DOGEUSD,SHORT,2023-07-09,0.0654349997639656,0.07030345104315672,0.055698097205583386,704,False,False,2023-07-13,0.07030345104315672,LOSS,4.0,crypto
DOGEUSD,SHORT,2023-08-07,0.07342199981212616,0.07994925383164567,0.060367491773087145,733,False,True,2023-08-17,0.060367491773087145,WIN,10.0,crypto
DOGEUSD,SHORT,2023-08-30,0.06583800166845322,0.07088258357464687,0.05574883785606591,756,False,True,2023-10-26,0.07088258357464687,LOSS,57.0,crypto
DOGEUSD,LONG,2023-11-22,0.07578399777412415,0.06686186187792251,0.09362826956652742,840,False,True,2023-12-05,0.09362826956652742,WIN,13.0,crypto
DOGEUSD,LONG,2023-12-21,0.09500399976968765,0.08427608189055047,0.11645983552796202,869,False,True,2024-01-03,0.08427608189055047,LOSS,13.0,crypto
DOGEUSD,LONG,2024-02-12,0.08234500139951706,0.07688787216099258,0.09325925987656603,922,False,False,2024-02-27,0.09325925987656603,WIN,15.0,crypto
DOGEUSD,LONG,2024-03-17,0.15433000028133392,0.1160360138820238,0.23091797307995418,956,False,True,2024-06-18,0.1160360138820238,LOSS,93.0,crypto
DOGEUSD,SHORT,2024-08-01,0.11923599988222122,0.13469755564949404,0.08831288834767559,1093,False,False,2024-08-05,0.08831288834767559,WIN,4.0,crypto
DOGEUSD,SHORT,2024-08-22,0.10530800372362137,0.11800237797174368,0.07991925522737675,1114,False,False,2024-09-26,0.11800237797174368,LOSS,35.0,crypto
DOGEUSD,SHORT,2024-10-07,0.10865499824285507,0.12124759646161086,0.0834698018053435,1160,False,False,2024-10-16,0.12124759646161086,LOSS,9.0,crypto
DOGEUSD,LONG,2024-12-11,0.41449201107025146,0.33236326939164484,0.5787494944274647,1225,False,True,2024-12-19,0.33236326939164484,LOSS,8.0,crypto
DOGEUSD,LONG,2025-01-15,0.3857100009918213,0.3317020875395871,0.4937258278962897,1260,False,False,2025-01-27,0.3317020875395871,LOSS,12.0,crypto
DOGEUSD,SHORT,2025-04-02,0.1641950011253357,0.19022559738543682,0.11213380860513344,1337,False,False,2025-04-26,0.19022559738543682,LOSS,24.0,crypto
DOGEUSD,SHORT,2025-05-07,0.1720069944858551,0.1895773313122269,0.1368663208331115,1372,False,False,2025-05-08,0.1895773313122269,LOSS,1.0,crypto
DOGEUSD,SHORT,2025-05-30,0.19343599677085876,0.22389550142791165,0.132516987456753,1395,False,True,2025-07-18,0.22389550142791165,LOSS,49.0,crypto
DOGEUSD,SHORT,2025-08-01,0.20121599733829498,0.23452431444248203,0.13459936312992088,1458,False,True,2025-08-09,0.23452431444248203,LOSS,8.0,crypto
DOGEUSD,LONG,2025-09-08,0.24188099801540375,0.2161021178895793,0.2934387582670526,1496,False,False,2025-09-13,0.2934387582670526,WIN,5.0,crypto
DOGEUSD,LONG,2025-10-08,0.25556299090385437,0.2257931689369176,0.31510263483772794,1526,False,False,2025-10-10,0.2257931689369176,LOSS,2.0,crypto
DOGEUSD,SHORT,2025-12-10,0.14351500570774078,0.16153863248763486,0.10746775214795262,1589,False,True,2026-01-31,0.10746775214795262,WIN,52.0,crypto
DOGEUSD,SHORT,2026-02-15,0.10265699774026871,0.11903502233677207,0.06990094854726198,1656,False,True,2026-06-30,0.06990094854726198,WIN,135.0,crypto
LTCUSD,SHORT,2022-06-22,52.10539245605469,61.79015883195667,32.73585970425073,322,False,True,2022-07-28,61.79015883195667,LOSS,36.0,crypto
LTCUSD,LONG,2022-09-08,58.003257751464844,51.24476913801522,71.52023497836409,400,False,False,2022-09-19,51.24476913801522,LOSS,11.0,crypto
LTCUSD,LONG,2022-11-10,60.361053466796875,51.11467472910563,78.85381094217936,463,False,True,2022-11-23,78.85381094217936,WIN,13.0,crypto
LTCUSD,LONG,2022-12-13,77.344482421875,69.94893075908035,92.13558574746429,496,False,True,2022-12-16,69.94893075908035,LOSS,3.0,crypto
LTCUSD,LONG,2023-02-10,93.52928161621094,85.07179730418059,110.44425024027163,555,False,True,2023-03-07,85.07179730418059,LOSS,25.0,crypto
LTCUSD,LONG,2023-03-23,93.70100402832031,81.95123793411835,117.20053621672423,596,False,False,2023-05-08,81.95123793411835,LOSS,46.0,crypto
LTCUSD,SHORT,2023-06-08,88.46656036376953,95.70454972084882,73.99058164961096,673,True,False,2023-06-14,73.99058164961096,WIN,6.0,crypto
LTCUSD,SHORT,2023-07-22,92.051513671875,100.75850368809057,74.63753363944386,717,False,False,2023-08-16,74.63753363944386,WIN,25.0,crypto
LTCUSD,SHORT,2023-09-17,63.57822799682617,68.23810005757753,54.25848387532346,774,False,True,2023-09-19,68.23810005757753,LOSS,2.0,crypto
LTCUSD,SHORT,2023-09-24,63.58713912963867,68.07740289404653,54.60661160082296,781,False,False,2023-10-01,68.07740289404653,LOSS,7.0,crypto
LTCUSD,SHORT,2023-10-09,63.11105728149414,66.96137701545308,55.41041781357626,796,False,False,2023-10-23,66.96137701545308,LOSS,14.0,crypto
LTCUSD,SHORT,2023-11-20,69.51773834228516,75.35855861478964,57.83609779727618,838,True,False,2023-12-08,75.35855861478964,LOSS,18.0,crypto
LTCUSD,SHORT,2023-12-15,70.95587921142578,76.41108350088956,60.04547063249822,863,False,False,2023-12-27,76.41108350088956,LOSS,12.0,crypto
LTCUSD,LONG,2024-01-01,74.73192596435547,69.49352066375747,85.20873656555148,880,False,False,2024-01-03,69.49352066375747,LOSS,2.0,crypto
LTCUSD,LONG,2024-02-08,70.5627670288086,66.1813143413598,79.32567240370619,918,False,False,2024-02-29,79.32567240370619,WIN,21.0,crypto
LTCUSD,LONG,2024-03-18,87.1122055053711,73.52879793417085,114.27902064777157,957,False,False,2024-04-13,73.52879793417085,LOSS,26.0,crypto
LTCUSD,LONG,2024-05-27,85.2121810913086,78.94572893151806,97.74508541088966,1027,False,False,2024-06-07,78.94572893151806,LOSS,11.0,crypto
LTCUSD,SHORT,2024-07-01,74.34024810791016,79.42047063326534,64.17980305719979,1062,False,True,2024-07-05,64.17980305719979,WIN,4.0,crypto
LTCUSD,SHORT,2024-07-28,71.1284408569336,76.66615489560154,60.05301277959771,1089,False,True,2024-08-05,60.05301277959771,WIN,8.0,crypto
LTCUSD,SHORT,2024-08-26,63.17496109008789,68.75101303987636,52.02285719051096,1118,False,False,2024-09-23,68.75101303987636,LOSS,28.0,crypto
LTCUSD,SHORT,2024-10-07,64.7729721069336,69.53366421684741,55.251587887105956,1160,False,False,2024-10-15,69.53366421684741,LOSS,8.0,crypto
LTCUSD,LONG,2024-10-27,71.07989501953125,65.76591079696402,81.7078634646657,1180,False,False,2024-11-03,65.76591079696402,LOSS,7.0,crypto
LTCUSD,LONG,2024-12-11,117.5313949584961,95.3655207890329,161.86314329742248,1225,False,True,2024-12-19,95.3655207890329,LOSS,8.0,crypto
LTCUSD,LONG,2025-01-23,116.507568359375,97.79193390369002,153.93883727074495,1268,False,False,2025-02-03,97.79193390369002,LOSS,11.0,crypto
LTCUSD,LONG,2025-02-12,122.0439224243164,100.83101653766826,164.4697341976127,1288,False,False,2025-03-04,100.83101653766826,LOSS,20.0,crypto
LTCUSD,SHORT,2025-03-26,92.33674621582031,104.38054229432865,68.24915405880364,1330,False,True,2025-04-07,68.24915405880364,WIN,12.0,crypto
LTCUSD,SHORT,2025-05-28,95.30498504638672,104.95970189869819,75.99555134176379,1393,False,False,2025-07-18,104.95970189869819,LOSS,51.0,crypto
LTCUSD,LONG,2025-08-03,110.4697265625,98.86631433349854,133.67655102050293,1460,False,False,2025-08-13,133.67655102050293,WIN,10.0,crypto
LTCUSD,LONG,2025-08-16,120.94686889648438,107.07884788366731,148.6829109221185,1473,False,True,2025-09-01,107.07884788366731,LOSS,16.0,crypto
LTCUSD,LONG,2025-09-10,117.56956481933594,108.36743895777941,135.973816542449,1498,False,False,2025-09-22,108.36743895777941,LOSS,12.0,crypto
LTCUSD,SHORT,2025-11-16,95.89550018310547,112.06019190037512,63.566116748566174,1565,False,False,2026-01-30,63.566116748566174,WIN,75.0,crypto
LTCUSD,SHORT,2026-02-27,54.52947235107422,60.44909740263437,42.69022224795391,1668,False,True,2026-05-10,60.44909740263437,LOSS,72.0,crypto
LTCUSD,LONG,2026-07-10,44.75157928466797,41.55599037885134,51.142757096301224,1801,False,False,,,OPEN,,crypto
DOTUSD,SHORT,2022-06-25,8.1337308883667,9.64687653624545,5.107439592609197,325,False,True,2022-08-13,9.64687653624545,LOSS,49.0,crypto
DOTUSD,SHORT,2022-09-03,7.285171031951904,8.15140188790776,5.552709320040194,395,False,False,2022-11-09,5.552709320040194,WIN,67.0,crypto
DOTUSD,LONG,2023-03-17,6.635837078094482,5.8490156914636255,8.209479851356196,590,False,False,2023-03-27,5.8490156914636255,LOSS,10.0,crypto
DOTUSD,LONG,2023-04-01,6.40951681137085,5.757428985845998,7.713692462420553,605,True,False,2023-04-26,5.757428985845998,LOSS,25.0,crypto
DOTUSD,SHORT,2023-06-04,5.319441795349121,5.606137734136747,4.746049917773869,669,False,False,2023-06-10,4.746049917773869,WIN,6.0,crypto
DOTUSD,SHORT,2023-07-27,5.233479022979736,5.644725826439812,4.410985416059585,722,False,False,2023-08-17,4.410985416059585,WIN,21.0,crypto
DOTUSD,SHORT,2023-08-30,4.536325931549072,4.829776345455433,3.949425103736351,756,False,True,2023-09-11,3.949425103736351,WIN,12.0,crypto
DOTUSD,SHORT,2023-10-07,4.0564470291137695,4.254897972589998,3.6595451421613134,794,False,False,2023-10-12,3.6595451421613134,WIN,5.0,crypto
DOTUSD,LONG,2023-11-28,5.2706780433654785,4.707471362247632,6.397091405601172,846,False,True,2023-12-08,6.397091405601172,WIN,10.0,crypto
DOTUSD,LONG,2023-12-18,6.875728130340576,5.958468029402153,8.710248332217423,866,False,True,2023-12-24,8.710248332217423,WIN,6.0,crypto
DOTUSD,LONG,2024-02-09,7.19149112701416,6.521910796201553,8.530651788639375,919,False,False,2024-02-28,8.530651788639375,WIN,19.0,crypto
DOTUSD,LONG,2024-03-17,10.115609169006348,8.354679255463028,13.637468996092988,956,False,True,2024-04-03,8.354679255463028,LOSS,17.0,crypto
DOTUSD,SHORT,2024-05-07,6.996738910675049,7.917560709194574,5.155095313635998,1007,False,True,2024-07-05,5.155095313635998,WIN,59.0,crypto
DOTUSD,SHORT,2024-07-07,5.9062628746032715,6.699868816651084,4.319050990507646,1068,False,False,2024-08-05,4.319050990507646,WIN,29.0,crypto
DOTUSD,SHORT,2024-09-10,4.256246089935303,4.676664890218969,3.4154084893679695,1133,False,True,2024-09-24,4.676664890218969,LOSS,14.0,crypto
DOTUSD,SHORT,2024-10-13,4.157303810119629,4.497413884474508,3.4770836614098712,1166,False,False,2024-10-15,4.497413884474508,LOSS,2.0,crypto
DOTUSD,LONG,2024-12-11,9.006820678710938,6.985892173941156,13.0486776882505,1225,False,True,2024-12-19,6.985892173941156,LOSS,8.0,crypto
DOTUSD,LONG,2025-01-06,7.76667594909668,6.581099994073228,10.137827859143583,1251,True,False,2025-01-08,6.581099994073228,LOSS,2.0,crypto
DOTUSD,SHORT,2025-02-23,4.959229946136475,5.663859734406513,3.549970369596398,1299,False,True,2025-04-07,3.549970369596398,WIN,43.0,crypto
DOTUSD,SHORT,2025-04-21,3.785083055496216,4.226147565993706,2.902954034501235,1356,False,True,2025-04-24,4.226147565993706,LOSS,3.0,crypto
DOTUSD,SHORT,2025-05-26,4.46865177154541,5.009356398790835,3.3872425170545597,1391,False,False,2025-06-20,3.3872425170545597,WIN,25.0,crypto
DOTUSD,LONG,2025-07-25,4.088868141174316,3.5741962187894103,5.118211985944129,1451,False,True,2025-08-01,3.5741962187894103,LOSS,7.0,crypto
DOTUSD,LONG,2025-08-09,4.139029026031494,3.7097094355427997,4.997668207008883,1466,False,False,2025-08-20,3.7097094355427997,LOSS,11.0,crypto
DOTUSD,LONG,2025-08-23,4.226393222808838,3.735989476012025,5.207200716402464,1480,False,False,2025-08-25,3.735989476012025,LOSS,2.0,crypto
DOTUSD,LONG,2025-09-08,4.045086860656738,3.6638863632292793,4.807487855511656,1496,False,False,2025-09-19,4.807487855511656,WIN,11.0,crypto
DOTUSD,LONG,2025-10-06,4.387514114379883,3.9637174504264037,5.235107442286841,1524,False,False,2025-10-10,3.9637174504264037,LOSS,4.0,crypto
DOTUSD,SHORT,2025-12-10,2.1941299438476562,2.527487338256585,1.5274151550297992,1589,False,True,2026-01-31,1.5274151550297992,WIN,52.0,crypto
DOTUSD,SHORT,2026-03-14,1.414059042930603,1.5977054829426938,1.0467661629064215,1683,False,False,2026-03-16,1.5977054829426938,LOSS,2.0,crypto
DOTUSD,SHORT,2026-03-22,1.4115079641342163,1.5880527153000024,1.0584184618026442,1691,False,False,2026-06-04,1.0584184618026442,WIN,74.0,crypto
MATICUSD,SHORT,2022-06-30,0.4773710072040558,0.6018855180325353,0.22834198554709673,330,False,True,2022-07-08,0.6018855180325353,LOSS,8.0,crypto
MATICUSD,LONG,2022-09-09,0.8915079832077026,0.7884324267580548,1.0976590961069983,401,False,False,2022-09-18,0.7884324267580548,LOSS,9.0,crypto
MATICUSD,LONG,2022-10-04,0.8361300230026245,0.7524927754455326,1.0034045181168083,426,False,False,2022-10-13,0.7524927754455326,LOSS,9.0,crypto
MATICUSD,LONG,2022-10-17,0.847258985042572,0.7759043891275417,0.9899681768726327,439,False,False,2022-11-04,0.9899681768726327,WIN,18.0,crypto
MATICUSD,LONG,2022-11-10,1.124959945678711,0.88655795668019,1.6017639236757528,463,False,False,2022-11-13,0.88655795668019,LOSS,3.0,crypto
MATICUSD,LONG,2022-12-08,0.9277809858322144,0.8202083098835676,1.1429263377295078,491,False,False,2022-12-16,0.8202083098835676,LOSS,8.0,crypto
MATICUSD,LONG,2023-01-08,0.8403710126876831,0.7837613794230178,0.9535902792170137,522,False,False,2023-01-14,0.9535902792170137,WIN,6.0,crypto
MATICUSD,LONG,2023-03-17,1.2244999408721924,1.0535815116114755,1.5663367993936261,590,False,False,2023-03-27,1.0535815116114755,LOSS,10.0,crypto
MATICUSD,LONG,2023-04-14,1.1620399951934814,1.0691100949022563,1.3478997957759318,618,False,False,2023-04-20,1.0691100949022563,LOSS,6.0,crypto
MATICUSD,SHORT,2023-06-03,0.8995140194892883,0.96124425168509,0.776053555097685,668,False,False,2023-06-07,0.776053555097685,WIN,4.0,crypto
MATICUSD,SHORT,2023-07-27,0.716543972492218,0.7903028260383459,0.5690262653999623,722,False,False,2023-08-17,0.5690262653999623,WIN,21.0,crypto
MATICUSD,SHORT,2023-08-30,0.575082004070282,0.6247261247723962,0.47579376266605355,756,False,True,2023-10-23,0.6247261247723962,LOSS,54.0,crypto
MATICUSD,LONG,2023-12-02,0.816215991973877,0.7281594457015911,0.9923290845184487,850,False,True,2023-12-26,0.9923290845184487,WIN,24.0,crypto
MATICUSD,LONG,2024-02-08,0.8343909978866577,0.7554458590687585,0.9922812755224562,918,False,False,2024-02-18,0.9922812755224562,WIN,10.0,crypto
MATICUSD,SHORT,2024-05-04,0.7292919754981995,0.828116955722923,0.5316420150487524,1004,False,True,2024-06-18,0.5316420150487524,WIN,45.0,crypto
MATICUSD,SHORT,2024-07-14,0.5307989716529846,0.5872721433299413,0.4178526282990713,1075,False,True,2024-08-04,0.4178526282990713,WIN,21.0,crypto
MATICUSD,SHORT,2024-10-21,0.37188199162483215,0.3955447494893543,0.32455647589578784,1174,False,False,2024-10-25,0.32455647589578784,WIN,4.0,crypto
MATICUSD,LONG,2024-12-11,0.6295310258865356,0.5102877665734362,0.8680175445127345,1225,False,True,2024-12-18,0.5102877665734362,LOSS,7.0,crypto
MATICUSD,LONG,2025-01-06,0.5234400033950806,0.4522824742321112,0.6657550617210193,1251,True,False,2025-01-08,0.4522824742321112,LOSS,2.0,crypto
TRXUSD,SHORT,2022-06-28,0.06603799760341644,0.07534528313660396,0.0474234265370414,328,False,True,2022-11-14,0.0474234265370414,WIN,139.0,crypto
TRXUSD,SHORT,2022-11-28,0.05303100124001503,0.05760215631654777,0.04388869108694955,481,False,True,2023-01-13,0.05760215631654777,LOSS,46.0,crypto
TRXUSD,LONG,2023-02-10,0.0633229985833168,0.058918226398300175,0.07213254295335006,555,False,True,2023-02-20,0.07213254295335006,WIN,10.0,crypto
TRXUSD,LONG,2023-02-26,0.0695130005478859,0.06497281091913953,0.07859337980537862,571,False,True,2023-03-08,0.06497281091913953,LOSS,10.0,crypto
TRXUSD,LONG,2023-03-17,0.06779500097036362,0.062158058288820345,0.07906888633345016,590,False,False,2023-03-22,0.062158058288820345,LOSS,5.0,crypto
TRXUSD,LONG,2023-04-01,0.06684199720621109,0.06171540996436277,0.07709517168990773,605,False,False,2023-05-22,0.07709517168990773,WIN,51.0,crypto
TRXUSD,LONG,2023-06-08,0.07749500125646591,0.07277408114820476,0.08693684147298822,673,False,True,2023-06-09,0.07277408114820476,LOSS,1.0,crypto
TRXUSD,LONG,2023-06-25,0.07320400327444077,0.06868462423891249,0.08224276134549732,690,False,False,2023-07-22,0.08224276134549732,WIN,27.0,crypto
TRXUSD,LONG,2023-08-25,0.07720199972391129,0.07399445231992044,0.08361709453189298,751,False,False,2023-09-14,0.08361709453189298,WIN,20.0,crypto
TRXUSD,SHORT,2023-10-12,0.08486700057983398,0.08815005616921041,0.07830088940108113,799,False,True,2023-10-16,0.08815005616921041,LOSS,4.0,crypto
TRXUSD,LONG,2023-11-22,0.10123699903488159,0.09479586816135666,0.11411926078193146,840,False,True,2024-01-13,0.11411926078193146,WIN,52.0,crypto
TRXUSD,LONG,2024-01-19,0.11035799980163574,0.10359455545031326,0.1238848885042807,898,False,False,2024-02-06,0.1238848885042807,WIN,18.0,crypto
TRXUSD,LONG,2024-03-06,0.13776299357414246,0.1326670146602978,0.1479549514018318,945,False,True,2024-03-11,0.1326670146602978,LOSS,5.0,crypto
TRXUSD,SHORT,2024-05-22,0.12009599804878235,0.12506125502161286,0.11016548410312132,1022,False,False,2024-06-29,0.12506125502161286,LOSS,38.0,crypto
TRXUSD,SHORT,2024-08-11,0.12774500250816345,0.1336566853194059,0.11592163688567858,1103,False,False,2024-08-16,0.1336566853194059,LOSS,5.0,crypto
TRXUSD,LONG,2024-09-26,0.15320099890232086,0.14811971561046244,0.1633635654860377,1149,False,False,2024-10-12,0.1633635654860377,WIN,16.0,crypto
TRXUSD,LONG,2024-10-21,0.15829500555992126,0.15361070782877542,0.16766360102221295,1174,False,False,2024-10-30,0.16766360102221295,WIN,9.0,crypto
TRXUSD,LONG,2024-12-10,0.2699579894542694,0.20785112200244038,0.39417172435792747,1224,False,True,2025-02-03,0.20785112200244038,LOSS,55.0,crypto
TRXUSD,LONG,2025-02-12,0.24332399666309357,0.2202943463297323,0.2893832973298161,1288,False,False,2025-02-28,0.2202943463297323,LOSS,16.0,crypto
TRXUSD,SHORT,2025-03-03,0.23092800378799438,0.25254171027438177,0.18770059081521961,1307,False,False,2025-04-13,0.25254171027438177,LOSS,41.0,crypto
TRXUSD,SHORT,2025-06-17,0.27166101336479187,0.28837926715048307,0.23822450579340948,1413,False,True,2025-07-07,0.28837926715048307,LOSS,20.0,crypto
TRXUSD,LONG,2025-08-26,0.3519720137119293,0.33274132892942965,0.39043338327692867,1483,False,True,2025-09-05,0.33274132892942965,LOSS,10.0,crypto
TRXUSD,LONG,2025-09-12,0.35262998938560486,0.33383347782373607,0.39022301250934244,1500,False,True,2025-09-25,0.33383347782373607,LOSS,13.0,crypto
TRXUSD,LONG,2025-10-05,0.3414260149002075,0.32915334827256426,0.36597134815549404,1523,False,False,2025-10-10,0.32915334827256426,LOSS,5.0,crypto
TRXUSD,SHORT,2025-11-12,0.2945530116558075,0.30899443995649234,0.2656701550544378,1561,False,True,2026-01-15,0.30899443995649234,LOSS,64.0,crypto
TRXUSD,SHORT,2026-01-24,0.2950499951839447,0.3093765529473076,0.2663968796572189,1634,False,False,2026-03-20,0.3093765529473076,LOSS,55.0,crypto
TRXUSD,LONG,2026-04-25,0.3240079879760742,0.31394088728773795,0.34414218935274676,1725,False,True,2026-05-05,0.34414218935274676,WIN,10.0,crypto
TRXUSD,LONG,2026-07-21,0.329459011554718,0.32157987055228876,0.34521729355957653,1812,False,False,,,OPEN,,crypto
ATOMUSD,LONG,2022-08-29,11.440898895263672,9.586976736633247,15.148743212524522,390,False,False,2022-09-09,15.148743212524522,WIN,11.0,crypto
ATOMUSD,LONG,2022-09-22,14.649860382080078,11.862484987375934,20.224611171488366,414,False,False,2022-10-12,11.862484987375934,LOSS,20.0,crypto
ATOMUSD,SHORT,2022-12-28,9.121023178100586,9.838403598705792,7.686262336890174,511,False,True,2023-01-02,9.838403598705792,LOSS,5.0,crypto
ATOMUSD,LONG,2023-02-11,13.758606910705566,12.183550592641218,16.908719546834263,556,False,True,2023-02-28,12.183550592641218,LOSS,17.0,crypto
ATOMUSD,LONG,2023-03-16,12.851852416992188,11.250705819494064,16.054145611988435,589,False,True,2023-03-22,11.250705819494064,LOSS,6.0,crypto
ATOMUSD,SHORT,2023-05-13,10.895848274230957,11.875742055732623,8.936060711227626,647,False,False,2023-06-10,8.936060711227626,WIN,28.0,crypto
ATOMUSD,SHORT,2023-06-22,9.016958236694336,9.828285537250467,7.394303635582073,687,False,True,2023-07-03,9.828285537250467,LOSS,11.0,crypto
ATOMUSD,SHORT,2023-07-10,9.250606536865234,10.004131253318043,7.743557103959617,705,False,False,2023-07-14,10.004131253318043,LOSS,4.0,crypto
ATOMUSD,SHORT,2023-07-19,9.18753719329834,9.98867131579141,7.585268948312198,714,False,False,2023-08-17,7.585268948312198,WIN,29.0,crypto
ATOMUSD,SHORT,2023-09-17,6.9462199211120605,7.431930539435689,5.974798684464803,774,False,True,2023-09-18,7.431930539435689,LOSS,1.0,crypto
ATOMUSD,SHORT,2023-09-26,6.955625057220459,7.4391197569700225,5.988635657721332,783,False,False,2023-10-01,7.4391197569700225,LOSS,5.0,crypto
ATOMUSD,LONG,2023-11-22,8.814624786376953,7.63376731921619,11.17633972069848,840,False,True,2023-12-09,11.17633972069848,WIN,17.0,crypto
ATOMUSD,LONG,2023-12-20,10.662837982177734,9.132397047389524,13.723719851754154,868,False,True,2024-01-08,9.132397047389524,LOSS,19.0,crypto
ATOMUSD,LONG,2024-02-12,9.935027122497559,9.11192802492632,11.581225317640037,922,False,False,2024-02-28,11.581225317640037,WIN,16.0,crypto
ATOMUSD,LONG,2024-03-29,12.532543182373047,10.978591051940896,15.640447443237349,968,False,False,2024-04-02,10.978591051940896,LOSS,4.0,crypto
ATOMUSD,SHORT,2024-05-11,8.500800132751465,9.476149636746104,6.550101124762186,1011,False,False,2024-06-18,6.550101124762186,WIN,38.0,crypto
ATOMUSD,SHORT,2024-07-23,6.173941135406494,6.769493958259216,4.982835489701051,1084,False,True,2024-08-04,4.982835489701051,WIN,12.0,crypto
ATOMUSD,SHORT,2024-10-07,4.423182964324951,4.918510496780782,3.432527899413289,1160,False,False,2024-10-21,4.918510496780782,LOSS,14.0,crypto
ATOMUSD,SHORT,2024-10-30,4.455388069152832,4.906341358320932,3.5534814908166314,1183,False,False,2024-11-10,4.906341358320932,LOSS,11.0,crypto
ATOMUSD,LONG,2024-12-11,8.830166816711426,7.046217388411062,12.398065673312153,1225,False,True,2024-12-19,7.046217388411062,LOSS,8.0,crypto
ATOMUSD,SHORT,2025-02-23,4.875960826873779,5.5723300723944424,3.483222335832453,1299,False,True,2025-03-11,3.483222335832453,WIN,16.0,crypto
ATOMUSD,SHORT,2025-04-02,4.222219944000244,4.79907559736433,3.068508637272073,1337,False,False,2025-04-04,4.79907559736433,LOSS,2.0,crypto
ATOMUSD,SHORT,2025-04-08,4.163844108581543,4.819099041009501,2.8533342437256266,1343,True,False,2025-05-09,4.819099041009501,LOSS,31.0,crypto
ATOMUSD,SHORT,2025-05-27,4.757533073425293,5.303153730840971,3.666291758593937,1392,False,False,2025-06-22,3.666291758593937,WIN,26.0,crypto
ATOMUSD,LONG,2025-07-03,4.183225154876709,3.790121121278071,4.9694332220739845,1429,False,False,2025-07-18,4.9694332220739845,WIN,15.0,crypto
ATOMUSD,LONG,2025-07-25,4.7090301513671875,4.19086876591302,5.745352922275522,1451,False,True,2025-08-01,4.19086876591302,LOSS,7.0,crypto
ATOMUSD,LONG,2025-08-09,4.731931209564209,4.287517415061896,5.6207587985688345,1466,False,False,2025-08-19,4.287517415061896,LOSS,10.0,crypto
ATOMUSD,LONG,2025-08-23,4.885766983032227,4.382914308807807,5.891472331481065,1480,False,False,2025-09-01,4.382914308807807,LOSS,9.0,crypto
ATOMUSD,LONG,2025-09-10,4.678361892700195,4.289843168921142,5.455399340258301,1498,False,False,2025-09-22,4.289843168921142,LOSS,12.0,crypto
ATOMUSD,SHORT,2025-11-08,2.9529869556427,3.430291109739627,1.9983786474488463,1557,False,True,2025-12-16,1.9983786474488463,WIN,38.0,crypto
ATOMUSD,SHORT,2025-12-28,2.073132038116455,2.2760837222437007,1.6672286698619638,1607,False,True,2026-01-04,2.2760837222437007,LOSS,7.0,crypto
ATOMUSD,SHORT,2026-01-22,2.3303210735321045,2.600268976543682,1.7904252675089491,1632,True,False,2026-02-05,1.7904252675089491,WIN,14.0,crypto
ATOMUSD,LONG,2026-04-13,1.7798800468444824,1.6471683041129803,2.0453035323074866,1713,False,False,2026-04-25,2.0453035323074866,WIN,12.0,crypto
ATOMUSD,LONG,2026-05-01,1.896314024925232,1.7704669778538815,2.1480081190679328,1731,False,False,2026-05-12,2.1480081190679328,WIN,11.0,crypto
ATOMUSD,LONG,2026-05-16,2.0427639484405518,1.8506605442581348,2.4269707568053858,1746,False,True,2026-06-02,1.8506605442581348,LOSS,17.0,crypto
XLMUSD,SHORT,2022-06-26,0.12021899968385696,0.13877657819301967,0.08310384266553156,326,False,False,2022-11-09,0.08310384266553156,WIN,136.0,crypto
XLMUSD,SHORT,2023-02-09,0.0855259969830513,0.0922605818233622,0.07205682730242949,554,False,True,2023-02-18,0.0922605818233622,LOSS,9.0,crypto
XLMUSD,LONG,2023-03-16,0.084757000207901,0.07764950384543014,0.09897199293284273,589,False,False,2023-03-21,0.09897199293284273,WIN,5.0,crypto
XLMUSD,LONG,2023-09-08,0.12687699496746063,0.11453851275338116,0.15155395939561958,765,False,False,2023-09-21,0.11453851275338116,LOSS,13.0,crypto
XLMUSD,SHORT,2023-11-17,0.11816100031137466,0.12981341874092553,0.09485616345227293,835,False,True,2023-12-08,0.12981341874092553,LOSS,21.0,crypto
XLMUSD,SHORT,2023-12-18,0.12116199731826782,0.13094212035558306,0.10160175124363735,866,False,False,2023-12-25,0.13094212035558306,LOSS,7.0,crypto
XLMUSD,SHORT,2024-01-12,0.11910700052976608,0.13138234606890148,0.09455630945149529,891,False,False,2024-03-02,0.13138234606890148,LOSS,50.0,crypto
XLMUSD,SHORT,2024-03-19,0.12077199667692184,0.14281244143931401,0.0766911071521375,958,True,True,2024-03-29,0.14281244143931401,LOSS,10.0,crypto
XLMUSD,SHORT,2024-04-03,0.12640100717544556,0.1428309028834436,0.09354121575944946,973,False,False,2024-06-18,0.09354121575944946,WIN,76.0,crypto
XLMUSD,SHORT,2024-08-01,0.09934200346469879,0.10837444344133731,0.08127712351142174,1093,False,False,2024-08-05,0.08127712351142174,WIN,4.0,crypto
XLMUSD,SHORT,2024-08-15,0.09562599658966064,0.10513814022214095,0.07660170932470003,1107,False,False,2024-11-10,0.10513814022214095,LOSS,87.0,crypto
XLMUSD,LONG,2024-12-10,0.4365859925746918,0.31545419133381014,0.678849595056455,1224,False,True,2024-12-20,0.31545419133381014,LOSS,10.0,crypto
XLMUSD,LONG,2025-01-08,0.42576900124549866,0.3443186998916941,0.5886696039531077,1253,False,False,2025-02-02,0.3443186998916941,LOSS,25.0,crypto
XLMUSD,SHORT,2025-03-20,0.2811430096626282,0.3250761217920653,0.19327678540375393,1324,False,False,2025-05-12,0.3250761217920653,LOSS,53.0,crypto
XLMUSD,SHORT,2025-05-28,0.2851560115814209,0.3125672199965991,0.23033359475106452,1393,False,False,2025-06-22,0.23033359475106452,WIN,25.0,crypto
XLMUSD,SHORT,2025-07-04,0.2377610057592392,0.2587595355452573,0.19576394618720294,1430,False,True,2025-07-08,0.2587595355452573,LOSS,4.0,crypto
XLMUSD,SHORT,2025-08-01,0.3827829957008362,0.44567007418646676,0.25700883872957503,1458,False,True,2025-08-08,0.44567007418646676,LOSS,7.0,crypto
XLMUSD,SHORT,2025-08-19,0.39023301005363464,0.4419319387172813,0.2868351527263413,1476,True,False,2025-10-10,0.2868351527263413,WIN,52.0,crypto
XLMUSD,SHORT,2025-10-27,0.3229619860649109,0.36307089710515744,0.24274416398441778,1545,False,True,2025-11-19,0.24274416398441778,WIN,23.0,crypto
XLMUSD,SHORT,2025-11-28,0.2534860074520111,0.2868831582130287,0.18669170592997597,1577,False,True,2026-01-31,0.18669170592997597,WIN,64.0,crypto
XLMUSD,SHORT,2026-02-15,0.17032000422477722,0.19425221210318117,0.12245558846796933,1656,False,True,2026-05-28,0.19425221210318117,LOSS,102.0,crypto
XLMUSD,LONG,2026-06-05,0.20307700335979462,0.15961627799470857,0.2899984540899667,1766,False,True,,,OPEN,,crypto
NEARUSD,SHORT,2022-06-26,3.783262014389038,4.796731775651457,1.7563224918642,326,False,True,2022-08-05,4.796731775651457,LOSS,40.0,crypto
NEARUSD,SHORT,2022-09-01,4.343934059143066,5.023133642707732,2.9855348920137352,393,False,False,2022-09-12,5.023133642707732,LOSS,11.0,crypto
NEARUSD,LONG,2022-11-05,3.324399948120117,2.9771172765968363,4.018965291166679,458,False,False,2022-11-08,2.9771172765968363,LOSS,3.0,crypto
NEARUSD,SHORT,2022-12-14,1.6613759994506836,1.8759590130232109,1.232209972305629,497,False,True,2023-01-13,1.8759590130232109,LOSS,30.0,crypto
NEARUSD,LONG,2023-02-07,2.490000009536743,2.12008748980716,3.2298250489959095,552,False,True,2023-02-13,2.12008748980716,LOSS,6.0,crypto
NEARUSD,LONG,2023-02-17,2.4589920043945312,2.0649790180604697,3.2470179770626544,562,False,True,2023-03-03,2.0649790180604697,LOSS,14.0,crypto
NEARUSD,LONG,2023-03-21,2.07511305809021,1.7514181593486486,2.7225028555733326,594,False,False,2023-05-07,1.7514181593486486,LOSS,47.0,crypto
NEARUSD,SHORT,2023-06-22,1.3257770538330078,1.465490998399649,1.0463491646997256,687,False,True,2023-06-26,1.465490998399649,LOSS,4.0,crypto
NEARUSD,SHORT,2023-07-09,1.3266539573669434,1.4878848789412604,1.0041921142183092,704,False,False,2023-07-14,1.4878848789412604,LOSS,5.0,crypto
NEARUSD,SHORT,2023-07-25,1.347694993019104,1.495264423373514,1.052556132310284,720,True,False,2023-08-17,1.052556132310284,WIN,23.0,crypto
NEARUSD,SHORT,2023-08-30,1.2033740282058716,1.3128887382374106,0.9843446081427936,756,False,True,2023-10-19,0.9843446081427936,WIN,50.0,crypto
NEARUSD,LONG,2023-12-18,2.284450054168701,1.9228320941203818,3.00768597426534,866,False,True,2023-12-20,3.00768597426534,WIN,2.0,crypto
NEARUSD,LONG,2024-02-22,3.2456159591674805,2.800637869890124,4.1355721377221935,932,False,False,2024-02-26,4.1355721377221935,WIN,4.0,crypto
NEARUSD,LONG,2024-03-20,6.900822162628174,4.995612700480087,10.711241086924348,959,False,True,2024-04-13,4.995612700480087,LOSS,24.0,crypto
NEARUSD,LONG,2024-05-09,7.486283779144287,6.23412844985614,9.990594437720581,1009,False,False,2024-06-11,6.23412844985614,LOSS,33.0,crypto
NEARUSD,SHORT,2024-07-28,5.449138164520264,6.259674767480126,3.828064958600539,1089,False,False,2024-08-05,3.828064958600539,WIN,8.0,crypto
NEARUSD,SHORT,2024-08-30,4.116755962371826,4.824112167605084,2.7020435519053105,1122,False,False,2024-09-23,4.824112167605084,LOSS,24.0,crypto
NEARUSD,SHORT,2024-10-05,4.778327941894531,5.493729403348313,3.3475250189869676,1158,False,False,2024-11-11,5.493729403348313,LOSS,37.0,crypto
NEARUSD,LONG,2024-12-11,6.8547282218933105,5.51865145345986,9.526881758760211,1225,False,True,2024-12-19,5.51865145345986,LOSS,8.0,crypto
NEARUSD,LONG,2025-01-05,5.903985977172852,5.014542276306811,7.682873378904933,1250,False,False,2025-01-08,5.014542276306811,LOSS,3.0,crypto
NEARUSD,SHORT,2025-02-23,3.4276840686798096,4.043041582863997,2.1969690403114353,1299,False,True,2025-03-11,2.1969690403114353,WIN,16.0,crypto
NEARUSD,SHORT,2025-03-20,2.7366089820861816,3.2240770462584045,1.7616728537417359,1324,False,True,2025-05-10,3.2240770462584045,LOSS,51.0,crypto
NEARUSD,SHORT,2025-06-12,2.3780739307403564,2.7379749830704787,1.658271826080112,1408,False,False,2025-07-16,2.7379749830704787,LOSS,34.0,crypto
NEARUSD,LONG,2025-08-12,2.7843739986419678,2.4283447153445237,3.496432565236856,1469,False,False,2025-08-19,2.4283447153445237,LOSS,7.0,crypto
NEARUSD,LONG,2025-09-09,2.6325631141662598,2.3506800431182113,3.1963292562623566,1497,False,False,2025-09-18,3.1963292562623566,WIN,9.0,crypto
NEARUSD,SHORT,2025-12-10,1.762349009513855,2.0699674555151972,1.1471121175111705,1589,False,False,2026-01-31,1.1471121175111705,WIN,52.0,crypto
NEARUSD,SHORT,2026-03-24,1.2913269996643066,1.4435028653318855,0.9869752683291488,1693,False,True,2026-05-06,1.4435028653318855,LOSS,43.0,crypto
NEARUSD,LONG,2026-06-15,2.388273000717163,1.8993381965908087,3.366142608969872,1776,False,True,2026-06-24,1.8993381965908087,LOSS,9.0,crypto
NEARUSD,LONG,2026-07-06,2.050405979156494,1.7330944115239932,2.685029114421496,1797,True,False,2026-07-27,1.7330944115239932,LOSS,21.0,crypto
APTUSD,SHORT,2022-10-03,0.003759999992325902,0.004139802648925952,0.0030003946791258024,317,False,True,2022-10-15,0.004139802648925952,LOSS,12.0,crypto
APTUSD,LONG,2023-03-26,0.0010489999549463391,0.0009040371020312143,0.0013389256607765888,491,False,True,2023-04-19,0.0013389256607765888,WIN,24.0,crypto
APTUSD,SHORT,2023-08-27,0.000155999994603917,0.00016390387973949888,0.00014019222433275325,645,False,False,2023-08-29,0.00016390387973949888,LOSS,2.0,crypto
APTUSD,SHORT,2023-08-31,0.00015700000221841037,0.00016509623355368203,0.00014080753954786706,649,False,False,2023-09-16,0.00014080753954786706,WIN,16.0,crypto
APTUSD,LONG,2023-11-24,0.00032900000223889947,0.00025987654629087406,0.0004672469141349503,734,False,True,2023-12-04,0.0004672469141349503,WIN,10.0,crypto
APTUSD,LONG,2023-12-28,0.0021150000393390656,-0.0006573732911297437,0.007659746700276684,768,False,True,,,OPEN,,crypto
ARBUSD,SHORT,2022-07-17,0.00020799999765586108,0.0002320428333219386,0.00015991432632370605,347,False,True,2022-07-19,0.0002320428333219386,LOSS,2.0,crypto
ARBUSD,LONG,2022-12-04,0.0003429999924264848,0.00032345582770613134,0.0003820883218671918,487,False,True,2023-01-13,0.0003820883218671918,WIN,40.0,crypto
ARBUSD,SHORT,2023-07-15,0.00037200000951997936,0.0005728709477640963,-2.9741866968254578e-05,710,False,False,2023-07-19,0.0005728709477640963,LOSS,4.0,crypto
ARBUSD,LONG,2023-10-06,0.8908119797706604,0.8209622606365482,1.0305114180388848,793,False,False,2023-10-10,0.8209622606365482,LOSS,4.0,crypto
ARBUSD,SHORT,2023-11-20,1.0368670225143433,1.151915037555972,0.806770992431086,838,False,True,2023-12-07,0.806770992431086,WIN,17.0,crypto
ARBUSD,LONG,2024-05-20,0.0014280000468716025,0.0012722077782458456,0.0017395845841231164,1020,False,False,2024-06-21,0.0012722077782458456,LOSS,32.0,crypto
ARBUSD,LONG,2024-07-25,0.0013150000013411045,0.0012234003395944731,0.0014981993248343673,1086,False,False,2024-08-03,0.0012234003395944731,LOSS,9.0,crypto
ARBUSD,SHORT,2024-08-09,0.0012179999612271786,0.0013462649477870158,0.0009614699881075042,1101,True,True,2024-08-11,0.0009614699881075042,WIN,2.0,crypto
ARBUSD,SHORT,2024-09-14,0.0006000000284984708,0.0006553969717853192,0.0004892061419247739,1137,False,True,2024-09-26,0.0006553969717853192,LOSS,12.0,crypto
ARBUSD,SHORT,2024-10-07,0.0006230000290088356,0.0006627494599499291,0.0005435011671266485,1160,False,False,2024-10-14,0.0006627494599499291,LOSS,7.0,crypto
ARBUSD,SHORT,2024-11-23,0.000977999996393919,0.0012825017493025847,0.0003689964905765875,1207,False,True,2025-05-07,0.0012825017493025847,LOSS,165.0,crypto
OPUSD,SHORT,2023-02-13,2.220633029937744,2.7754652988771027,1.110968492059027,336,False,True,2023-02-15,2.7754652988771027,LOSS,2.0,crypto
OPUSD,SHORT,2023-03-04,2.3624460697174072,2.925217890485145,1.2369024281819314,355,False,False,2023-03-14,2.925217890485145,LOSS,10.0,crypto
OPUSD,SHORT,2023-03-15,2.4080750942230225,3.0529395260457095,1.1183462305776484,366,False,False,2023-06-10,1.1183462305776484,WIN,87.0,crypto
OPUSD,SHORT,2023-06-28,1.2180479764938354,1.42396491651191,0.8062140964576865,471,False,False,2023-07-14,1.42396491651191,LOSS,16.0,crypto
OPUSD,SHORT,2023-08-12,1.5507969856262207,1.7219427458589354,1.2085054651607914,516,False,True,2023-10-09,1.2085054651607914,WIN,58.0,crypto
OPUSD,LONG,2023-12-04,1.7951359748840332,1.6014286018819992,2.182550720888101,630,False,False,2023-12-07,2.182550720888101,WIN,3.0,crypto
OPUSD,LONG,2024-01-08,3.417396068572998,2.6411673172496175,4.969853571219759,665,False,True,2024-01-23,2.6411673172496175,LOSS,15.0,crypto
OPUSD,LONG,2024-02-07,3.3598580360412598,2.8980320080082227,4.283510092107334,695,False,False,2024-03-03,4.283510092107334,WIN,25.0,crypto
OPUSD,LONG,2024-03-13,4.417394161224365,3.7515197450595714,5.749142993553953,730,False,True,2024-03-15,3.7515197450595714,LOSS,2.0,crypto
OPUSD,SHORT,2024-04-29,2.497314929962158,2.982822455223826,1.526299879438823,777,False,True,2024-05-03,2.982822455223826,LOSS,4.0,crypto
OPUSD,SHORT,2024-05-10,2.5187149047851562,2.9463903936352156,1.6633639270850376,788,False,False,2024-05-21,2.9463903936352156,LOSS,11.0,crypto
OPUSD,SHORT,2024-05-26,2.5330450534820557,2.9301765375641375,1.738782085317892,804,False,False,2024-06-18,1.738782085317892,WIN,23.0,crypto
OPUSD,SHORT,2024-07-11,1.6605470180511475,1.9134386085545347,1.154763837044373,850,False,True,2024-07-19,1.9134386085545347,LOSS,8.0,crypto
OPUSD,SHORT,2024-07-28,1.7026859521865845,1.9239688134817998,1.2601202295961538,867,False,False,2024-08-05,1.2601202295961538,WIN,8.0,crypto
OPUSD,SHORT,2024-08-20,1.354537010192871,1.5671493772915488,0.9293122759955157,890,False,True,2024-08-23,1.5671493772915488,LOSS,3.0,crypto
OPUSD,SHORT,2024-08-29,1.425889015197754,1.6287171678474226,1.0202327098984165,899,False,True,2024-09-19,1.6287171678474226,LOSS,21.0,crypto
OPUSD,SHORT,2024-10-08,1.6345239877700806,1.8602790963231883,1.183013770663865,939,False,False,2024-11-21,1.8602790963231883,LOSS,44.0,crypto
OPUSD,LONG,2024-12-11,2.3367810249328613,1.870845358480564,3.268652357837456,1003,False,True,2024-12-19,1.870845358480564,LOSS,8.0,crypto
OPUSD,SHORT,2025-02-27,1.1039179563522339,1.3317432286511626,0.6482674117543765,1081,False,True,2025-04-06,0.6482674117543765,WIN,38.0,crypto
OPUSD,SHORT,2025-05-03,0.6792439818382263,0.7722877869042959,0.49315637170608717,1146,False,False,2025-05-10,0.7722877869042959,LOSS,7.0,crypto
OPUSD,SHORT,2025-05-19,0.7134770154953003,0.8563922149265447,0.42764661663281145,1162,False,False,2025-07-28,0.8563922149265447,LOSS,70.0,crypto
OPUSD,LONG,2025-08-08,0.7576450109481812,0.6486478444783191,0.9756393438879052,1243,False,False,2025-09-25,0.6486478444783191,LOSS,48.0,crypto
OPUSD,LONG,2025-10-06,0.7581390142440796,0.6760357637816384,0.9223455151689619,1302,False,False,2025-10-10,0.6760357637816384,LOSS,4.0,crypto
OPUSD,SHORT,2025-11-11,0.4061410129070282,0.4853355379097478,0.24775196290158896,1338,False,True,2026-01-31,0.24775196290158896,WIN,81.0,crypto
OPUSD,SHORT,2026-03-18,0.12624500691890717,0.1440704329540827,0.0905941548485561,1465,False,True,2026-05-06,0.1440704329540827,LOSS,49.0,crypto
OPUSD,SHORT,2026-05-22,0.12670999765396118,0.14321606886198457,0.09369785523791441,1530,False,False,2026-06-05,0.09369785523791441,WIN,14.0,crypto
FILUSD,SHORT,2022-06-25,6.08303689956665,7.242439340094133,3.7642320185116844,325,False,True,2022-07-30,7.242439340094133,LOSS,35.0,crypto
FILUSD,LONG,2022-09-12,6.541749954223633,5.55041862185459,8.524412618961719,404,True,False,2022-09-18,5.55041862185459,LOSS,6.0,crypto
FILUSD,LONG,2022-10-28,5.367282867431641,4.891285189691511,6.319278222911899,450,False,False,2022-11-05,6.319278222911899,WIN,8.0,crypto
FILUSD,LONG,2022-12-04,4.579728126525879,4.087189660847871,5.564805057881895,487,False,False,2022-12-16,4.087189660847871,LOSS,12.0,crypto
FILUSD,LONG,2023-02-07,5.547709941864014,4.754953893845132,7.133222037901778,552,False,True,2023-02-09,4.754953893845132,LOSS,2.0,crypto
FILUSD,LONG,2023-02-15,5.479165077209473,4.705435645371411,7.026623940885596,560,False,True,2023-02-17,7.026623940885596,WIN,2.0,crypto
FILUSD,LONG,2023-02-26,6.90660285949707,5.47150841874306,9.776791741005091,571,False,True,2023-03-09,5.47150841874306,LOSS,11.0,crypto
FILUSD,LONG,2023-03-17,6.396756172180176,4.904744558301694,9.38077939993714,590,False,False,2023-05-08,4.904744558301694,LOSS,52.0,crypto
FILUSD,SHORT,2023-06-22,3.9239308834075928,4.371699875985246,3.028392898252287,687,False,True,2023-07-03,4.371699875985246,LOSS,11.0,crypto
FILUSD,SHORT,2023-07-31,4.257393836975098,4.625468594182591,3.5212443225601113,726,False,False,2023-08-17,3.5212443225601113,WIN,17.0,crypto
FILUSD,SHORT,2023-10-17,3.210638999938965,3.3950663775247913,2.841784244767312,804,False,False,2023-10-22,3.3950663775247913,LOSS,5.0,crypto
FILUSD,LONG,2023-11-25,4.779504776000977,4.164855949949791,6.008802428103348,843,False,True,2023-12-16,6.008802428103348,WIN,21.0,crypto
FILUSD,LONG,2023-12-18,5.297379970550537,4.524382541389898,6.843374828871815,866,False,True,2023-12-31,6.843374828871815,WIN,13.0,crypto
FILUSD,LONG,2024-01-13,6.029654026031494,4.8146423832616625,8.459677311571157,892,False,False,2024-01-23,4.8146423832616625,LOSS,10.0,crypto
FILUSD,LONG,2024-02-12,5.459167003631592,4.917232490574801,6.543036029745174,922,False,False,2024-02-19,6.543036029745174,WIN,7.0,crypto
FILUSD,LONG,2024-03-28,9.301408767700195,7.629575502000888,12.64507529909881,967,False,False,2024-04-12,7.629575502000888,LOSS,15.0,crypto
FILUSD,SHORT,2024-05-19,5.553036212921143,6.283477718186134,4.0921532023911595,1019,False,False,2024-05-21,6.283477718186134,LOSS,2.0,crypto
FILUSD,SHORT,2024-05-26,5.8523759841918945,6.574148146476855,4.408831659621974,1026,False,False,2024-06-07,6.574148146476855,LOSS,12.0,crypto
FILUSD,SHORT,2024-07-31,4.209012031555176,4.7537454100953465,3.1195452744748344,1092,False,False,2024-08-05,3.1195452744748344,WIN,5.0,crypto
FILUSD,SHORT,2024-09-16,3.4135899543762207,3.785564989326043,2.6696398844765765,1139,False,True,2024-09-20,3.785564989326043,LOSS,4.0,crypto
FILUSD,SHORT,2024-10-08,3.6270101070404053,4.00030877801588,2.8804127650894564,1161,False,False,2024-10-20,4.00030877801588,LOSS,12.0,crypto
FILUSD,SHORT,2024-10-25,3.435983896255493,3.8274197121029,2.6531122645606793,1178,False,False,2024-11-08,3.8274197121029,LOSS,14.0,crypto
FILUSD,LONG,2024-11-21,4.536004066467285,3.8534358311292136,5.901140537143428,1205,False,True,2024-11-24,5.901140537143428,WIN,3.0,crypto
FILUSD,LONG,2024-12-11,6.689188003540039,5.31568134176051,9.436201327099097,1225,False,True,2024-12-19,5.31568134176051,LOSS,8.0,crypto
FILUSD,SHORT,2025-03-18,2.9235150814056396,3.40444693049378,1.9616513832293592,1322,False,True,2025-10-10,1.9616513832293592,WIN,206.0,crypto
FILUSD,SHORT,2025-12-29,1.3168879747390747,1.5057845932708909,0.9390947376754424,1608,False,False,2026-01-01,1.5057845932708909,LOSS,3.0,crypto
FILUSD,SHORT,2026-03-18,0.9239029884338379,1.046121430773607,0.6794661037542995,1687,False,False,2026-05-06,1.046121430773607,LOSS,49.0,crypto
FILUSD,LONG,2026-05-14,1.053354024887085,0.9195210585364506,1.3210199575883537,1744,False,True,2026-05-23,0.9195210585364506,LOSS,9.0,crypto
FILUSD,LONG,2026-07-09,0.7808949947357178,0.6934718185254813,0.9557413471561906,1800,False,False,2026-07-27,0.6934718185254813,LOSS,18.0,crypto
ICPUSD,SHORT,2022-06-26,5.767800807952881,7.169850511737272,2.963701400384098,326,False,False,2022-07-08,7.169850511737272,LOSS,12.0,crypto
ICPUSD,SHORT,2022-07-25,6.2291669845581055,7.3710903778049115,3.9453201980644934,355,False,False,2022-07-28,7.3710903778049115,LOSS,3.0,crypto
ICPUSD,LONG,2022-09-10,7.127786159515381,6.153133283333156,9.077091911879831,402,True,False,2022-09-15,6.153133283333156,LOSS,5.0,crypto
ICPUSD,LONG,2022-11-03,5.380952835083008,4.791244053558837,6.560370398131349,456,False,False,2022-11-08,4.791244053558837,LOSS,5.0,crypto
ICPUSD,LONG,2022-12-02,4.282639026641846,3.7466851716553258,5.354546736614886,485,False,True,2022-12-16,3.7466851716553258,LOSS,14.0,crypto
ICPUSD,SHORT,2022-12-27,3.8342549800872803,4.241785279747879,3.0191943807660824,510,False,True,2023-01-09,4.241785279747879,LOSS,13.0,crypto
ICPUSD,LONG,2023-02-07,5.834402084350586,5.123852012402273,7.255502228247211,552,False,True,2023-02-09,5.123852012402273,LOSS,2.0,crypto
ICPUSD,LONG,2023-04-11,5.3362531661987305,4.788058742935287,6.432642012725617,615,False,False,2023-04-18,6.432642012725617,WIN,7.0,crypto
ICPUSD,LONG,2023-04-22,5.615320205688477,4.803544393463167,7.238871830139095,626,False,True,2023-05-24,4.803544393463167,LOSS,32.0,crypto
ICPUSD,SHORT,2023-06-22,4.140552997589111,4.594816445213053,3.2320261023412282,687,False,True,2023-09-01,3.2320261023412282,WIN,71.0,crypto
ICPUSD,LONG,2023-11-22,4.44440221786499,3.7853901748670067,5.762426303860957,840,False,True,2023-12-13,5.762426303860957,WIN,21.0,crypto
ICPUSD,LONG,2024-01-13,12.91667366027832,9.728611224519154,19.292798531796652,892,False,True,2024-01-23,9.728611224519154,LOSS,10.0,crypto
ICPUSD,LONG,2024-02-02,12.711692810058594,10.56783992409666,16.99939858198246,912,False,False,2024-03-25,16.99939858198246,WIN,52.0,crypto
ICPUSD,SHORT,2024-05-06,12.793852806091309,15.010478900652316,8.360600616969293,1006,False,False,2024-06-18,8.360600616969293,WIN,43.0,crypto
ICPUSD,SHORT,2024-08-01,8.897101402282715,10.212605971342917,6.26609226416231,1093,False,False,2024-11-22,10.212605971342917,LOSS,113.0,crypto
ICPUSD,LONG,2024-12-11,13.168057441711426,10.567464302436619,18.36924372026104,1225,False,True,2024-12-19,10.567464302436619,LOSS,8.0,crypto
ICPUSD,SHORT,2025-03-18,5.81321907043457,6.733222442005693,3.973212327292325,1322,False,True,2025-10-10,3.973212327292325,WIN,206.0,crypto
ICPUSD,SHORT,2025-12-21,3.0494959354400635,3.7408804808519696,1.6667268446162513,1600,False,False,2026-01-14,3.7408804808519696,LOSS,24.0,crypto
ICPUSD,SHORT,2026-01-24,3.465488910675049,4.13183544038001,2.1327958512651257,1634,False,True,2026-02-06,2.1327958512651257,WIN,13.0,crypto
ICPUSD,SHORT,2026-03-21,2.432157039642334,2.7435978545015276,1.8092754099239468,1690,True,True,2026-05-05,2.7435978545015276,LOSS,45.0,crypto
ICPUSD,LONG,2026-05-31,2.72066593170166,2.3084662890970464,3.5450652169108876,1761,False,False,2026-06-05,2.3084662890970464,LOSS,5.0,crypto
ETCUSD,SHORT,2022-06-27,16.528331756591797,19.54642116389375,10.49215294198789,327,False,False,2022-07-17,19.54642116389375,LOSS,20.0,crypto
ETCUSD,LONG,2022-09-07,37.259883880615234,30.688288201007538,50.40307523983063,399,False,False,2022-09-18,30.688288201007538,LOSS,11.0,crypto
ETCUSD,LONG,2022-10-28,25.506454467773438,22.64853899802802,31.222285407264273,450,True,False,2022-11-02,22.64853899802802,LOSS,5.0,crypto
ETCUSD,LONG,2022-11-05,26.47303009033203,23.58114343440746,32.25680340218118,458,False,False,2022-11-08,23.58114343440746,LOSS,3.0,crypto
ETCUSD,SHORT,2022-11-26,19.874025344848633,22.62530690040525,14.3714622337354,479,False,True,2023-01-14,22.62530690040525,LOSS,49.0,crypto
ETCUSD,SHORT,2023-02-16,21.37545394897461,23.797523631861186,16.531314583201457,561,False,True,2023-02-21,23.797523631861186,LOSS,5.0,crypto
ETCUSD,LONG,2023-03-18,20.753070831298828,18.042932165923844,26.173348162048796,591,False,False,2023-05-08,18.042932165923844,LOSS,51.0,crypto
ETCUSD,SHORT,2023-05-29,18.368478775024414,19.478848856852775,16.147738611367693,663,False,True,2023-06-10,16.147738611367693,WIN,12.0,crypto
ETCUSD,SHORT,2023-07-20,18.6861572265625,20.434927933819427,15.188615812048646,715,False,False,2023-08-17,15.188615812048646,WIN,28.0,crypto
ETCUSD,SHORT,2023-09-17,15.404818534851074,16.328465357465227,13.55752488962277,774,False,True,2023-09-30,16.328465357465227,LOSS,13.0,crypto
ETCUSD,SHORT,2023-10-07,15.652795791625977,16.58011901338621,13.798149348105511,794,False,False,2023-10-23,16.58011901338621,LOSS,16.0,crypto
ETCUSD,LONG,2023-11-22,19.00896453857422,16.999785459482965,23.027322696756727,840,False,True,2023-12-09,23.027322696756727,WIN,17.0,crypto
ETCUSD,LONG,2023-12-12,20.315988540649414,18.34951082337926,24.248943975189725,860,False,True,2024-01-10,24.248943975189725,WIN,29.0,crypto
ETCUSD,LONG,2024-01-19,25.341201782226562,21.313350558055976,33.396904230567735,898,False,True,2024-03-02,33.396904230567735,WIN,43.0,crypto
ETCUSD,LONG,2024-03-28,32.5375862121582,27.79930514173715,42.01414835300031,967,False,True,2024-04-12,27.79930514173715,LOSS,15.0,crypto
ETCUSD,LONG,2024-05-18,28.62223243713379,25.565976741951097,34.73474382749917,1018,True,False,2024-06-11,25.565976741951097,LOSS,24.0,crypto
ETCUSD,SHORT,2024-07-27,22.84707260131836,25.128617997196333,18.283981809562412,1088,False,True,2024-08-05,18.283981809562412,WIN,9.0,crypto
ETCUSD,SHORT,2024-09-15,17.816959381103516,19.255657769959093,14.93956260339236,1138,False,True,2024-09-21,19.255657769959093,LOSS,6.0,crypto
ETCUSD,SHORT,2024-10-07,18.575082778930664,20.0480414646819,15.62916540742819,1160,False,False,2024-10-20,20.0480414646819,LOSS,13.0,crypto
ETCUSD,SHORT,2024-10-25,18.17586326599121,19.71233609395556,15.102917610062512,1178,False,False,2024-10-30,19.71233609395556,LOSS,5.0,crypto
ETCUSD,SHORT,2024-11-02,18.0999755859375,19.572284947270425,15.155356863271649,1186,False,False,2024-11-06,19.572284947270425,LOSS,4.0,crypto
ETCUSD,LONG,2024-12-11,33.55359649658203,27.030914112273276,46.59896126519954,1225,False,True,2024-12-19,27.030914112273276,LOSS,8.0,crypto
ETCUSD,LONG,2025-01-06,28.656627655029297,24.96637439274844,36.037134179591014,1251,False,False,2025-01-08,24.96637439274844,LOSS,2.0,crypto
ETCUSD,LONG,2025-01-21,27.116962432861328,23.17058685197823,35.00971359462753,1266,False,False,2025-02-02,23.17058685197823,LOSS,12.0,crypto
ETCUSD,SHORT,2025-03-03,18.702590942382812,21.674143020787835,12.759486785572768,1307,False,True,2025-07-18,21.674143020787835,LOSS,137.0,crypto
ETCUSD,LONG,2025-08-08,22.3994083404541,19.91140877829713,27.375407464768045,1465,False,False,2025-09-21,19.91140877829713,LOSS,44.0,crypto
ETCUSD,LONG,2025-10-06,20.00044822692871,18.405605058967957,23.19013456285022,1524,False,False,2025-10-10,18.405605058967957,LOSS,4.0,crypto
ETCUSD,SHORT,2025-10-27,16.513568878173828,18.530312677958726,12.480081278604032,1545,False,True,2025-11-07,18.530312677958726,LOSS,11.0,crypto
ETCUSD,SHORT,2025-11-12,15.288270950317383,17.68988056775285,10.485051715446446,1561,False,True,2026-01-30,10.485051715446446,WIN,79.0,crypto
ETCUSD,SHORT,2026-02-22,8.518675804138184,9.615061105963537,6.325905200487476,1663,False,True,2026-05-08,9.615061105963537,LOSS,75.0,crypto
HBARUSD,SHORT,2022-07-10,0.06503500044345856,0.07489164186024214,0.0453217176098914,340,False,True,2022-07-20,0.07489164186024214,LOSS,10.0,crypto
HBARUSD,SHORT,2022-08-18,0.0706930011510849,0.07944339556894153,0.053192212315371634,379,False,False,2022-11-08,0.053192212315371634,WIN,82.0,crypto
HBARUSD,LONG,2023-04-14,0.06747999787330627,0.060286179214640835,0.08186763519063715,618,True,False,2023-04-21,0.060286179214640835,LOSS,7.0,crypto
HBARUSD,SHORT,2023-05-29,0.05278899893164635,0.0563386560115107,0.045689684771917635,663,False,True,2023-06-10,0.045689684771917635,WIN,12.0,crypto
HBARUSD,SHORT,2023-07-06,0.04619299992918968,0.050993674357729425,0.036591651072110196,701,False,False,2023-07-13,0.050993674357729425,LOSS,7.0,crypto
HBARUSD,LONG,2023-12-01,0.060878001153469086,0.055105399512944915,0.07242320443451743,849,False,True,2023-12-08,0.07242320443451743,WIN,7.0,crypto
HBARUSD,LONG,2024-03-28,0.11619599908590317,0.09698193587986755,0.1546241254979744,967,False,False,2024-04-12,0.09698193587986755,LOSS,15.0,crypto
HBARUSD,LONG,2024-05-09,0.1106489971280098,0.08838252862746901,0.15518193412909137,1009,False,True,2024-06-07,0.08838252862746901,LOSS,29.0,crypto
HBARUSD,SHORT,2024-07-22,0.07084999978542328,0.07977013425921131,0.05300973083784721,1083,False,True,2024-08-05,0.05300973083784721,WIN,14.0,crypto
HBARUSD,SHORT,2024-09-15,0.05013899877667427,0.05505430160702517,0.040308393115972466,1138,False,True,2024-09-21,0.05505430160702517,LOSS,6.0,crypto
HBARUSD,SHORT,2024-10-05,0.0531340017914772,0.05951425118248425,0.040373503009463116,1158,False,False,2024-11-12,0.05951425118248425,LOSS,38.0,crypto
HBARUSD,LONG,2024-12-20,0.27060800790786743,0.19709623844946703,0.41763154682466824,1234,False,True,2025-02-03,0.19709623844946703,LOSS,45.0,crypto
HBARUSD,LONG,2025-03-04,0.24156099557876587,0.18742018191959062,0.3498426228971164,1308,True,True,2025-03-11,0.18742018191959062,LOSS,7.0,crypto
HBARUSD,SHORT,2025-03-26,0.19158099591732025,0.22250804686387327,0.12972689402421422,1330,False,True,2025-04-07,0.12972689402421422,WIN,12.0,crypto
HBARUSD,SHORT,2025-04-10,0.16754299402236938,0.20144530741467376,0.09973836723776064,1345,False,True,2025-04-25,0.20144530741467376,LOSS,15.0,crypto
HBARUSD,SHORT,2025-06-11,0.17299500107765198,0.1917692833391858,0.13544643655458433,1407,False,False,2025-06-21,0.13544643655458433,WIN,10.0,crypto
HBARUSD,SHORT,2025-06-30,0.15002000331878662,0.1669227730078627,0.11621446394063445,1426,False,True,2025-07-09,0.1669227730078627,LOSS,9.0,crypto
HBARUSD,SHORT,2025-08-05,0.23916499316692352,0.28033397546463157,0.15682702857150743,1462,True,True,2025-10-10,0.15682702857150743,WIN,66.0,crypto
HBARUSD,SHORT,2025-11-11,0.17773699760437012,0.2082276878996548,0.11675561701380077,1560,False,False,2025-12-15,0.11675561701380077,WIN,34.0,crypto
HBARUSD,SHORT,2026-01-11,0.11720400303602219,0.12985713751339265,0.09189773408128127,1621,False,False,2026-01-31,0.09189773408128127,WIN,20.0,crypto
HBARUSD,SHORT,2026-02-23,0.09485500305891037,0.10615221310452606,0.07226058296767898,1664,False,False,2026-05-30,0.10615221310452606,LOSS,96.0,crypto
HBARUSD,LONG,2026-07-25,0.07086800038814545,0.06568023979421354,0.08124352157600925,1816,True,False,,,OPEN,,crypto
VETUSD,SHORT,2022-06-26,0.024298999458551407,0.029039415356074922,0.014818167663504377,326,False,False,2022-08-02,0.029039415356074922,LOSS,37.0,crypto
VETUSD,LONG,2022-10-28,0.023517999798059464,0.021765131233390262,0.027023736927397866,450,False,False,2022-11-07,0.027023736927397866,WIN,10.0,crypto
VETUSD,SHORT,2023-01-05,0.01623399928212166,0.01730842514755385,0.014085147551257275,519,False,True,2023-01-09,0.01730842514755385,LOSS,4.0,crypto
VETUSD,LONG,2023-02-10,0.02361699938774109,0.02079200424248901,0.029266989678245245,555,False,True,2023-02-19,0.029266989678245245,WIN,9.0,crypto
VETUSD,LONG,2023-02-26,0.028220999985933304,0.02428519585309104,0.03609260825161783,571,False,True,2023-03-04,0.02428519585309104,LOSS,6.0,crypto
VETUSD,LONG,2023-04-04,0.0241519995033741,0.02143055370865179,0.029594891092818716,608,False,False,2023-04-26,0.02143055370865179,LOSS,22.0,crypto
VETUSD,SHORT,2023-06-04,0.01974800042808056,0.020933813997314338,0.017376373289613,669,False,False,2023-06-09,0.017376373289613,WIN,5.0,crypto
VETUSD,SHORT,2023-07-30,0.018717000260949135,0.020061909520793994,0.016027181741259416,725,False,False,2023-08-17,0.016027181741259416,WIN,18.0,crypto
VETUSD,SHORT,2023-08-30,0.016249999403953552,0.017467963661921673,0.01381407088801731,756,False,True,2023-09-15,0.017467963661921673,LOSS,16.0,crypto
VETUSD,SHORT,2023-09-26,0.016536999493837357,0.01769114525430145,0.01422870797290917,783,False,False,2023-10-02,0.01769114525430145,LOSS,6.0,crypto
VETUSD,SHORT,2023-10-09,0.01654200069606304,0.017603873317419624,0.014418255453349876,796,False,False,2023-10-23,0.017603873317419624,LOSS,14.0,crypto
VETUSD,LONG,2023-11-17,0.02102999947965145,0.01884159162680935,0.025406815185335656,835,False,True,2023-12-06,0.025406815185335656,WIN,19.0,crypto
VETUSD,LONG,2024-03-06,0.046959999948740005,0.03888780674397976,0.0631043863582605,945,False,True,2024-03-17,0.03888780674397976,LOSS,11.0,crypto
VETUSD,LONG,2024-03-28,0.04669399932026863,0.039488204974734285,0.06110558801133732,967,False,False,2024-04-05,0.039488204974734285,LOSS,8.0,crypto
VETUSD,LONG,2024-04-10,0.046500999480485916,0.03963403048161136,0.06023493747823502,980,False,False,2024-04-13,0.03963403048161136,LOSS,3.0,crypto
VETUSD,SHORT,2024-05-16,0.03525099903345108,0.03959182282092785,0.026569351458497537,1016,False,False,2024-06-18,0.026569351458497537,WIN,33.0,crypto
VETUSD,SHORT,2024-07-25,0.027347000315785408,0.030774954717712508,0.02049109151193121,1086,False,False,2024-08-05,0.02049109151193121,WIN,11.0,crypto
VETUSD,SHORT,2024-09-11,0.021681999787688255,0.024027386737066284,0.016991225888932197,1134,False,True,2024-09-20,0.024027386737066284,LOSS,9.0,crypto
VETUSD,SHORT,2024-10-07,0.02295299991965294,0.025296266158179256,0.018266467442600305,1160,False,False,2024-11-10,0.025296266158179256,LOSS,34.0,crypto
VETUSD,LONG,2024-12-11,0.059376999735832214,0.04545652541923753,0.08721794836902158,1225,False,True,2024-12-19,0.04545652541923753,LOSS,8.0,crypto
VETUSD,LONG,2025-01-21,0.04918399825692177,0.03856075253695265,0.07043048969686,1266,False,False,2025-02-02,0.03856075253695265,LOSS,12.0,crypto
VETUSD,SHORT,2025-03-20,0.02605300024151802,0.030558664365091744,0.017041671994370573,1324,False,True,2025-05-10,0.030558664365091744,LOSS,51.0,crypto
VETUSD,SHORT,2025-05-28,0.027154000476002693,0.030813229612095334,0.019835542203817412,1393,False,False,2025-06-21,0.019835542203817412,WIN,24.0,crypto
VETUSD,SHORT,2025-06-30,0.02123199962079525,0.023734991721973124,0.0162260154184395,1426,False,True,2025-07-10,0.023734991721973124,LOSS,10.0,crypto
VETUSD,SHORT,2025-07-31,0.023103000596165657,0.02637607311888376,0.01655685555072945,1457,False,False,2025-08-13,0.02637607311888376,LOSS,13.0,crypto
VETUSD,LONG,2025-08-17,0.02476399950683117,0.021959174157853048,0.03037365020478741,1474,False,False,2025-09-25,0.021959174157853048,LOSS,39.0,crypto
VETUSD,SHORT,2025-10-07,0.02254300005733967,0.02462292356490329,0.018383153042212427,1525,False,False,2025-10-10,0.018383153042212427,WIN,3.0,crypto
VETUSD,SHORT,2025-11-14,0.015456999652087688,0.0180540912350211,0.010262816486220863,1563,False,True,2025-12-17,0.010262816486220863,WIN,33.0,crypto
VETUSD,SHORT,2025-12-28,0.011113000102341175,0.01243554440308016,0.008467911500863207,1607,False,True,2026-01-05,0.01243554440308016,LOSS,8.0,crypto
VETUSD,SHORT,2026-01-12,0.011288999579846859,0.012540936588308729,0.008785125562923119,1622,False,False,2026-01-31,0.008785125562923119,WIN,19.0,crypto
VETUSD,SHORT,2026-02-15,0.008360999636352062,0.009635313792373562,0.0058123713243090624,1656,False,True,2026-05-29,0.0058123713243090624,WIN,103.0,crypto
VETUSD,LONG,2026-07-06,0.0049680001102387905,0.004464710704566759,0.005974578921582853,1797,False,True,2026-07-29,0.004464710704566759,LOSS,23.0,crypto
ALGOUSD,SHORT,2022-06-26,0.33229801058769226,0.3945455362341426,0.20780295929479153,326,False,False,2022-09-23,0.3945455362341426,LOSS,89.0,crypto
ALGOUSD,LONG,2022-09-29,0.35493800044059753,0.3057243073532707,0.45336538661525116,421,False,False,2022-10-13,0.3057243073532707,LOSS,14.0,crypto
ALGOUSD,LONG,2022-10-28,0.3337869942188263,0.3034623561762899,0.39443627030389905,450,False,False,2022-11-04,0.39443627030389905,WIN,7.0,crypto
ALGOUSD,SHORT,2023-01-05,0.18354399502277374,0.20110178066826379,0.14842842373179366,519,False,True,2023-01-09,0.20110178066826379,LOSS,4.0,crypto
ALGOUSD,SHORT,2023-02-13,0.2446579933166504,0.27598973379943,0.1819945123510912,558,False,False,2023-02-16,0.27598973379943,LOSS,3.0,crypto
ALGOUSD,LONG,2023-04-04,0.21812200546264648,0.19062647274391117,0.2731130709001171,608,False,False,2023-04-20,0.19062647274391117,LOSS,16.0,crypto
ALGOUSD,SHORT,2023-06-22,0.12512899935245514,0.13792310505679117,0.09954078794378307,687,False,True,2023-06-23,0.13792310505679117,LOSS,1.0,crypto
ALGOUSD,SHORT,2023-07-02,0.12373200058937073,0.13770217051150047,0.09579166074511125,697,False,True,2023-08-17,0.09579166074511125,WIN,46.0,crypto
ALGOUSD,SHORT,2023-08-30,0.09683900326490402,0.1049803017788242,0.08055640623706367,756,False,True,2023-09-30,0.1049803017788242,LOSS,31.0,crypto
ALGOUSD,LONG,2023-10-05,0.10023099929094315,0.0926937654464679,0.11530546697989363,792,False,False,2023-10-17,0.0926937654464679,LOSS,12.0,crypto
ALGOUSD,LONG,2023-11-22,0.13239899277687073,0.11206382409226008,0.17306933014609202,840,False,True,2023-12-08,0.17306933014609202,WIN,16.0,crypto
ALGOUSD,LONG,2024-02-10,0.17536300420761108,0.15908068638561856,0.20792763985159612,920,True,True,2024-02-25,0.20792763985159612,WIN,15.0,crypto
ALGOUSD,LONG,2024-03-17,0.2754270136356354,0.222488437531482,0.3813041658439421,956,False,True,2024-03-19,0.222488437531482,LOSS,2.0,crypto
ALGOUSD,LONG,2024-03-26,0.28012099862098694,0.23284638379685718,0.37467022826924645,965,False,False,2024-04-02,0.23284638379685718,LOSS,7.0,crypto
ALGOUSD,SHORT,2024-05-18,0.182901993393898,0.2062209642161691,0.13626405174935585,1018,False,False,2024-06-18,0.13626405174935585,WIN,31.0,crypto
ALGOUSD,SHORT,2024-07-03,0.14254799485206604,0.15733197090024423,0.11298004275570966,1064,False,True,2024-07-15,0.15733197090024423,LOSS,12.0,crypto
ALGOUSD,SHORT,2024-10-15,0.12568700313568115,0.13704326442770995,0.10297448055162356,1168,False,False,2024-11-10,0.13704326442770995,LOSS,26.0,crypto
ALGOUSD,LONG,2024-12-10,0.4251990020275116,0.3091827832800845,0.6572314395223657,1224,False,True,2024-12-20,0.3091827832800845,LOSS,10.0,crypto
ALGOUSD,LONG,2025-01-20,0.42889299988746643,0.3366507842476474,0.6133774311671045,1265,False,False,2025-02-02,0.3366507842476474,LOSS,13.0,crypto
ALGOUSD,SHORT,2025-03-26,0.20685000717639923,0.23887108032724486,0.14280786087470798,1330,False,True,2025-05-09,0.23887108032724486,LOSS,44.0,crypto
ALGOUSD,SHORT,2025-05-28,0.217289999127388,0.24588631394697147,0.16009736948822106,1393,False,False,2025-06-21,0.16009736948822106,WIN,24.0,crypto
ALGOUSD,SHORT,2025-06-25,0.17565099895000458,0.1981560082749513,0.13064098030011112,1421,False,True,2025-07-10,0.1981560082749513,LOSS,15.0,crypto
ALGOUSD,SHORT,2025-08-01,0.23660700023174286,0.2779794307455039,0.15386213920422076,1458,False,True,2025-08-11,0.2779794307455039,LOSS,10.0,crypto
ALGOUSD,LONG,2025-08-12,0.271261990070343,0.2326033661093826,0.34857923799226387,1469,False,False,2025-08-30,0.2326033661093826,LOSS,18.0,crypto
ALGOUSD,LONG,2025-09-12,0.24838800728321075,0.22445385521925793,0.2962563114111164,1500,True,False,2025-09-22,0.22445385521925793,LOSS,10.0,crypto
ALGOUSD,SHORT,2025-10-14,0.20544099807739258,0.24231062122796115,0.13170175177625543,1532,False,True,2025-12-01,0.13170175177625543,WIN,48.0,crypto
ALGOUSD,SHORT,2025-12-10,0.13519899547100067,0.15153339443786126,0.10253019753727949,1589,False,True,2026-01-31,0.10253019753727949,WIN,52.0,crypto
ALGOUSD,SHORT,2026-02-26,0.0880730003118515,0.09915896156531988,0.06590107780491475,1667,False,True,2026-04-01,0.09915896156531988,LOSS,34.0,crypto
ALGOUSD,LONG,2026-05-02,0.11280299723148346,0.10114820700895602,0.13611257767653834,1732,False,False,2026-05-08,0.13611257767653834,WIN,6.0,crypto
ALGOUSD,LONG,2026-05-14,0.11861199885606766,0.10515664001732271,0.14552271653355756,1744,False,True,2026-05-28,0.10515664001732271,LOSS,14.0,crypto
ALGOUSD,LONG,2026-05-30,0.12400200217962265,0.10886407973957381,0.15427784705972034,1760,False,False,2026-06-03,0.10886407973957381,LOSS,4.0,crypto
SANDUSD,SHORT,2022-07-02,1.042673945426941,1.289838694970994,0.548344446338835,332,False,False,2022-07-07,1.289838694970994,LOSS,5.0,crypto
SANDUSD,SHORT,2022-08-17,1.2150390148162842,1.384714573199454,0.8756878980499447,378,False,False,2022-09-07,0.8756878980499447,WIN,21.0,crypto
SANDUSD,SHORT,2022-09-11,0.9746459722518921,1.089895563901469,0.7441467889527384,403,False,True,2022-10-13,0.7441467889527384,WIN,32.0,crypto
SANDUSD,LONG,2022-10-29,0.8114699721336365,0.73928767925157,0.9558345578977694,451,False,True,2022-11-05,0.9558345578977694,WIN,7.0,crypto
SANDUSD,LONG,2023-02-11,0.7471789717674255,0.6111412481821517,1.0192544189379733,556,False,True,2023-03-04,0.6111412481821517,LOSS,21.0,crypto
SANDUSD,LONG,2023-03-21,0.6748350262641907,0.5679363479943381,0.8886323828038958,594,False,False,2023-04-25,0.5679363479943381,LOSS,35.0,crypto
SANDUSD,LONG,2023-06-01,0.5533769726753235,0.5020178127845301,0.6560952924569103,666,True,False,2023-06-06,0.5020178127845301,LOSS,5.0,crypto
SANDUSD,SHORT,2023-06-22,0.4162609875202179,0.4692945970933598,0.3101937683739341,687,False,True,2023-07-13,0.4692945970933598,LOSS,21.0,crypto
SANDUSD,SHORT,2023-07-30,0.4310680031776428,0.46685786289041076,0.35948828375210695,725,False,False,2023-08-16,0.35948828375210695,WIN,17.0,crypto
SANDUSD,SHORT,2023-09-20,0.3005079925060272,0.32247482069671735,0.256574336124647,777,False,True,2023-10-01,0.32247482069671735,LOSS,11.0,crypto
SANDUSD,SHORT,2023-10-17,0.2873939871788025,0.3036523442837918,0.2548772729688239,804,False,False,2023-10-21,0.3036523442837918,LOSS,4.0,crypto
SANDUSD,LONG,2023-11-28,0.41411900520324707,0.35996467848586305,0.5224276586380151,846,False,True,2023-12-09,0.5224276586380151,WIN,11.0,crypto
SANDUSD,LONG,2024-02-12,0.4821000099182129,0.44178477032786306,0.5627304890989125,922,False,False,2024-02-27,0.5627304890989125,WIN,15.0,crypto
SANDUSD,LONG,2024-03-24,0.6824169754981995,0.5655110464048554,0.9162288336848876,963,False,False,2024-04-12,0.5655110464048554,LOSS,19.0,crypto
SANDUSD,SHORT,2024-05-16,0.43673399090766907,0.48807277645917824,0.33405641980465073,1016,False,True,2024-06-06,0.48807277645917824,LOSS,21.0,crypto
SANDUSD,SHORT,2024-07-25,0.3069019913673401,0.3444018562374621,0.23190226162709604,1086,False,True,2024-08-05,0.23190226162709604,WIN,11.0,crypto
SANDUSD,SHORT,2024-09-16,0.24266000092029572,0.26808271748341833,0.19181456779405048,1139,False,True,2024-09-19,0.26808271748341833,LOSS,3.0,crypto
SANDUSD,SHORT,2024-10-07,0.25468701124191284,0.2821289506999574,0.1998031323258237,1160,False,False,2024-10-19,0.2821289506999574,LOSS,12.0,crypto
SANDUSD,LONG,2024-11-15,0.2905369997024536,0.2531091918150614,0.365392615477238,1199,False,False,2024-11-16,0.365392615477238,WIN,1.0,crypto
SANDUSD,LONG,2024-12-15,0.7515890002250671,0.5658315419568749,1.1231039167614516,1229,False,True,2024-12-19,0.5658315419568749,LOSS,4.0,crypto
SANDUSD,LONG,2025-01-17,0.6694309711456299,0.5566221352370113,0.895048642962867,1262,False,False,2025-01-19,0.5566221352370113,LOSS,2.0,crypto
SANDUSD,SHORT,2025-04-13,0.2582690119743347,0.29658402391824495,0.18163898808651424,1348,False,True,2025-04-23,0.29658402391824495,LOSS,10.0,crypto
SANDUSD,SHORT,2025-05-19,0.31116700172424316,0.3577535118894685,0.21799398139379245,1384,False,False,2025-10-10,0.21799398139379245,WIN,144.0,crypto
SANDUSD,SHORT,2025-11-08,0.20461399853229523,0.23804601897762026,0.13774995764164516,1557,False,True,2025-12-01,0.13774995764164516,WIN,23.0,crypto
SANDUSD,SHORT,2026-01-03,0.11881499737501144,0.13206351585711198,0.09231796041081036,1613,False,True,2026-01-17,0.13206351585711198,LOSS,14.0,crypto
SANDUSD,SHORT,2026-01-28,0.12305600196123123,0.1481605866879775,0.07284683250773871,1638,False,True,2026-02-06,0.07284683250773871,WIN,9.0,crypto
SANDUSD,SHORT,2026-02-26,0.0850289985537529,0.09909607311840174,0.05689484942445522,1667,False,True,2026-06-04,0.05689484942445522,WIN,98.0,crypto
MANAUSD,SHORT,2022-06-22,0.8369699716567993,1.033078652004208,0.44475261096198215,322,False,True,2022-06-25,1.033078652004208,LOSS,3.0,crypto
MANAUSD,SHORT,2022-07-05,0.874114990234375,1.0365873945629909,0.5491701815771433,335,False,False,2022-07-30,1.0365873945629909,LOSS,25.0,crypto
MANAUSD,SHORT,2022-08-18,0.9263520240783691,1.0564401120723328,0.6661758480904418,379,False,False,2022-10-11,0.6661758480904418,WIN,54.0,crypto
MANAUSD,LONG,2022-10-30,0.6718810200691223,0.6116681369747239,0.7923067862579192,452,False,True,2022-11-02,0.6116681369747239,LOSS,3.0,crypto
MANAUSD,LONG,2022-11-04,0.6969429850578308,0.6312033350320276,0.8284222851094372,457,False,True,2022-11-08,0.6312033350320276,LOSS,4.0,crypto
MANAUSD,SHORT,2023-01-05,0.32087698578834534,0.35035602108087976,0.2619189152032765,519,False,True,2023-01-07,0.35035602108087976,LOSS,2.0,crypto
MANAUSD,LONG,2023-02-20,0.7424420118331909,0.6319019201888045,0.9635221951219637,565,False,True,2023-02-25,0.6319019201888045,LOSS,5.0,crypto
MANAUSD,LONG,2023-03-21,0.6199629902839661,0.5203829472949562,0.8191230762619859,594,False,False,2023-05-01,0.5203829472949562,LOSS,41.0,crypto
MANAUSD,SHORT,2023-05-29,0.47843098640441895,0.5191788506029614,0.396935258007334,663,False,False,2023-06-04,0.5191788506029614,LOSS,6.0,crypto
MANAUSD,SHORT,2023-06-05,0.45780399441719055,0.5078789344183665,0.35765411441483863,670,False,False,2023-06-10,0.35765411441483863,WIN,5.0,crypto
MANAUSD,SHORT,2023-06-22,0.3681829869747162,0.41273304318048015,0.27908287456318825,687,False,True,2023-06-24,0.41273304318048015,LOSS,2.0,crypto
MANAUSD,SHORT,2023-07-09,0.3798370063304901,0.42158162470796456,0.2963477695755412,704,False,False,2023-07-13,0.42158162470796456,LOSS,4.0,crypto
MANAUSD,SHORT,2023-07-24,0.3871450126171112,0.4260869714864308,0.309261094878472,719,False,False,2023-08-17,0.309261094878472,WIN,24.0,crypto
MANAUSD,SHORT,2023-09-17,0.2889220118522644,0.3114597735359521,0.243846488484889,774,False,True,2023-09-29,0.3114597735359521,LOSS,12.0,crypto
MANAUSD,SHORT,2023-10-07,0.2989419996738434,0.3196155008753298,0.25759499727087054,794,False,False,2023-10-23,0.3196155008753298,LOSS,16.0,crypto
MANAUSD,LONG,2023-11-19,0.43126600980758667,0.3727963195262884,0.5482053903701832,837,False,True,2023-12-09,0.5482053903701832,WIN,20.0,crypto
MANAUSD,LONG,2023-12-16,0.5021020174026489,0.4427622277366339,0.620781596734679,864,False,True,2024-01-03,0.4427622277366339,LOSS,18.0,crypto
MANAUSD,LONG,2024-02-22,0.4874640107154846,0.43906570930656136,0.5842606135333311,932,True,False,2024-02-28,0.5842606135333311,WIN,6.0,crypto
MANAUSD,LONG,2024-03-26,0.6916409730911255,0.5838158482538972,0.907291222765582,965,False,False,2024-04-02,0.5838158482538972,LOSS,7.0,crypto
MANAUSD,SHORT,2024-05-19,0.4201050102710724,0.46592715564450565,0.32846071952420586,1019,False,True,2024-05-20,0.46592715564450565,LOSS,1.0,crypto
MANAUSD,SHORT,2024-06-02,0.4418469965457916,0.4871099118825968,0.3513211658721813,1033,True,False,2024-06-17,0.3513211658721813,WIN,15.0,crypto
MANAUSD,SHORT,2024-07-25,0.3208869993686676,0.3605682325702491,0.24152453296550458,1086,True,True,2024-08-05,0.24152453296550458,WIN,11.0,crypto
MANAUSD,SHORT,2024-09-11,0.26673299074172974,0.2963645292637604,0.20746991369766843,1134,False,True,2024-09-20,0.2963645292637604,LOSS,9.0,crypto
MANAUSD,SHORT,2024-10-07,0.2912200093269348,0.3226408044839395,0.22837841901292544,1160,False,False,2024-10-18,0.3226408044839395,LOSS,11.0,crypto
MANAUSD,LONG,2024-12-11,0.6551719903945923,0.5018691068221885,0.9617777575393998,1225,False,True,2024-12-19,0.5018691068221885,LOSS,8.0,crypto
MANAUSD,LONG,2025-01-17,0.5654029846191406,0.48315067780907206,0.7299075982392778,1262,False,False,2025-01-19,0.48315067780907206,LOSS,2.0,crypto
MANAUSD,SHORT,2025-05-20,0.3224889934062958,0.36990296024110386,0.2276610597366796,1385,False,True,2025-06-22,0.2276610597366796,WIN,33.0,crypto
MANAUSD,LONG,2025-07-06,0.2657560110092163,0.23510178575431515,0.32706446151901863,1432,False,False,2025-07-13,0.32706446151901863,WIN,7.0,crypto
MANAUSD,LONG,2025-07-25,0.31710299849510193,0.27389586605523886,0.4035172633748281,1451,False,True,2025-08-01,0.27389586605523886,LOSS,7.0,crypto
MANAUSD,LONG,2025-08-12,0.31001800298690796,0.27291591549775396,0.38422217796521596,1469,False,False,2025-08-19,0.27291591549775396,LOSS,7.0,crypto
MANAUSD,LONG,2025-09-03,0.31154200434684753,0.27682951176403714,0.3809669895124683,1491,False,False,2025-09-13,0.3809669895124683,WIN,10.0,crypto
MANAUSD,SHORT,2025-11-09,0.23381400108337402,0.2715581318858827,0.1583257394783567,1558,False,True,2025-12-01,0.1583257394783567,WIN,22.0,crypto
MANAUSD,SHORT,2026-02-26,0.09703899919986725,0.11181388248613462,0.0674892326273325,1667,False,True,2026-06-05,0.0674892326273325,WIN,99.0,crypto
MANAUSD,LONG,2026-07-08,0.07400400191545486,0.06504729785731997,0.09191741003172466,1799,True,True,,,OPEN,,crypto
AAVEUSD,SHORT,2022-06-25,70.0444564819336,89.65334368645227,30.826682072896233,325,False,False,2022-07-14,89.65334368645227,LOSS,19.0,crypto
AAVEUSD,LONG,2022-11-03,83.77227783203125,75.46676646031395,100.38330057546585,456,False,False,2022-11-08,75.46676646031395,LOSS,5.0,crypto
AAVEUSD,LONG,2022-12-02,65.65015411376953,57.36029482361454,82.22987269407952,485,True,True,2022-12-16,57.36029482361454,LOSS,14.0,crypto
AAVEUSD,SHORT,2023-01-05,55.38762664794922,60.24483394585927,45.67321205212912,519,False,False,2023-01-09,60.24483394585927,LOSS,4.0,crypto
AAVEUSD,LONG,2023-02-23,85.5428237915039,75.15644605183833,106.31557927083506,568,False,False,2023-03-03,75.15644605183833,LOSS,8.0,crypto
AAVEUSD,LONG,2023-03-17,80.65516662597656,70.44320423297599,101.07909141197771,590,False,False,2023-03-25,70.44320423297599,LOSS,8.0,crypto
AAVEUSD,LONG,2023-04-05,78.30919647216797,70.56420492409538,93.79917956831315,609,False,False,2023-04-21,70.56420492409538,LOSS,16.0,crypto
AAVEUSD,SHORT,2023-05-24,63.981502532958984,68.76050357353793,54.42350045180109,658,False,False,2023-05-28,68.76050357353793,LOSS,4.0,crypto
AAVEUSD,SHORT,2023-07-24,70.2786865234375,78.31547860564277,54.20510235902697,719,False,True,2023-08-17,54.20510235902697,WIN,24.0,crypto
AAVEUSD,SHORT,2023-10-15,63.9854621887207,68.98279957270776,53.990787420746585,802,False,False,2023-10-20,68.98279957270776,LOSS,5.0,crypto
AAVEUSD,LONG,2023-11-15,95.43028259277344,82.21530311866037,121.86024154099957,833,False,True,2023-12-28,121.86024154099957,WIN,43.0,crypto
AAVEUSD,LONG,2024-01-13,105.99298858642578,88.94217507518118,140.09461560891498,892,False,False,2024-01-23,88.94217507518118,LOSS,10.0,crypto
AAVEUSD,LONG,2024-02-14,91.09717559814453,82.96207018066767,107.36738643309826,924,False,False,2024-02-28,107.36738643309826,WIN,14.0,crypto
AAVEUSD,SHORT,2024-03-19,109.33000183105469,132.77047007787957,62.44906533740493,958,True,False,2024-04-09,132.77047007787957,LOSS,21.0,crypto
AAVEUSD,LONG,2024-04-10,128.23216247558594,111.45891522901434,161.77865696872914,980,False,False,2024-04-12,111.45891522901434,LOSS,2.0,crypto
AAVEUSD,SHORT,2024-05-06,87.94801330566406,100.36249674875558,63.11904641948104,1006,False,True,2024-05-24,100.36249674875558,LOSS,18.0,crypto
AAVEUSD,SHORT,2024-08-07,98.28394317626953,116.21399305290277,62.42384342300306,1099,False,False,2024-08-17,116.21399305290277,LOSS,10.0,crypto
AAVEUSD,LONG,2024-09-08,125.68956756591797,105.73957642045161,165.58954985685068,1131,False,False,2024-09-23,165.58954985685068,WIN,15.0,crypto
AAVEUSD,LONG,2024-10-18,158.88973999023438,142.00628233479728,192.65665530110857,1171,False,False,2024-10-25,142.00628233479728,LOSS,7.0,crypto
AAVEUSD,LONG,2024-11-16,168.69981384277344,141.8651148291294,222.36921187006152,1200,False,False,2024-12-02,222.36921187006152,WIN,16.0,crypto
AAVEUSD,LONG,2024-12-22,317.4869689941406,247.53403923662592,457.39282850917004,1236,False,True,2025-02-03,247.53403923662592,LOSS,43.0,crypto
AAVEUSD,SHORT,2025-03-25,186.70455932617188,216.3259099665665,127.4618580453826,1329,False,False,2025-04-06,127.4618580453826,WIN,12.0,crypto
AAVEUSD,SHORT,2025-06-19,255.8009033203125,293.2290737668365,180.9445624272645,1415,False,False,2025-07-08,293.2290737668365,LOSS,19.0,crypto
AAVEUSD,LONG,2025-08-09,308.0063781738281,274.77144395804953,374.4762466053853,1466,False,False,2025-08-23,374.4762466053853,WIN,14.0,crypto
AAVEUSD,LONG,2025-08-29,319.5519104003906,276.7508598971469,405.1540114068781,1486,False,False,2025-09-22,276.7508598971469,LOSS,24.0,crypto
AAVEUSD,SHORT,2025-10-07,276.5096740722656,306.2531273726277,217.02276747154144,1525,False,False,2025-10-10,217.02276747154144,WIN,3.0,crypto
AAVEUSD,SHORT,2025-10-27,235.23468017578125,272.94126700707346,159.82150651319682,1545,False,True,2025-11-21,159.82150651319682,WIN,25.0,crypto
AAVEUSD,SHORT,2025-11-29,182.37551879882812,209.18486992787388,128.75681654073662,1578,False,True,2026-01-31,128.75681654073662,WIN,63.0,crypto
AAVEUSD,SHORT,2026-02-15,125.91698455810547,145.14278397388952,87.46538572653736,1656,False,True,2026-04-07,87.46538572653736,WIN,51.0,crypto
AAVEUSD,SHORT,2026-04-28,96.51234436035156,108.39303408829359,72.75096490446751,1728,False,False,2026-06-02,72.75096490446751,WIN,35.0,crypto
AAVEUSD,LONG,2026-06-18,74.73407745361328,65.66222855341488,92.87777525401009,1779,False,True,2026-06-26,92.87777525401009,WIN,8.0,crypto
AAVEUSD,LONG,2026-07-21,95.57212829589844,86.05011237207175,114.61616014355181,1812,False,False,,,OPEN,,crypto
UNIUSD,SHORT,2022-07-17,0.00010399999882793054,0.00011465343002536466,8.26931364330623e-05,347,False,False,2022-07-19,0.00011465343002536466,LOSS,2.0,crypto
UNIUSD,SHORT,2022-08-09,9.300000237999484e-05,0.00010181639631528482,7.536721450941488e-05,370,False,False,2022-08-18,0.00010181639631528482,LOSS,9.0,crypto
UNIUSD,SHORT,2022-09-06,9.40000027185306e-05,0.00010227766189772493,7.744468436014193e-05,398,False,False,2022-09-09,0.00010227766189772493,LOSS,3.0,crypto
UNIUSD,SHORT,2023-02-09,0.00024199999461416155,0.0003475364675921606,3.0927048658163474e-05,554,False,True,2023-02-19,0.0003475364675921606,LOSS,10.0,crypto
UNIUSD,SHORT,2023-03-15,0.0005779999773949385,0.0006830416663941772,0.0003679165993964611,588,False,True,2023-03-30,0.0006830416663941772,LOSS,15.0,crypto
UNIUSD,SHORT,2023-05-29,0.00011100000119768083,0.0001192046146319284,9.45907743291857e-05,663,False,True,2023-06-21,0.0001192046146319284,LOSS,23.0,crypto
UNIUSD,LONG,2023-10-06,0.00016799999866634607,0.0001572614821432679,0.00018947703171250243,793,True,False,2023-10-23,0.00018947703171250243,WIN,17.0,crypto
UNIUSD,LONG,2024-02-08,0.00018600000475998968,0.0001724435001991433,0.00021311301388168244,918,False,False,2024-02-15,0.00021311301388168244,WIN,7.0,crypto
UNIUSD,SHORT,2024-03-12,0.00022899999748915434,0.0002749498716124326,0.00013710024924259783,951,False,True,2024-04-09,0.0002749498716124326,LOSS,28.0,crypto
UNIUSD,SHORT,2024-04-24,0.00019299999985378236,0.0003700933727687853,-0.0001611867459762235,994,False,True,2024-05-24,0.0003700933727687853,LOSS,30.0,crypto
UNIUSD,SHORT,2024-08-02,0.0001230000052601099,0.00013406230310165947,0.00010087540957701076,1094,True,True,2024-08-05,0.00010087540957701076,WIN,3.0,crypto
UNIUSD,SHORT,2024-08-09,0.00012199999764561653,0.00013557661251683195,9.484676790318569e-05,1101,True,True,2024-10-15,0.00013557661251683195,LOSS,67.0,crypto
UNIUSD,LONG,2024-10-26,0.00013499999477062374,0.0001277451012796484,0.00014950978175257444,1179,False,False,2024-11-06,0.00014950978175257444,WIN,11.0,crypto
UNIUSD,LONG,2025-01-29,0.00020900000527035445,0.00019255899980630422,0.00024188201619845492,1274,False,False,2025-02-03,0.00019255899980630422,LOSS,5.0,crypto
UNIUSD,SHORT,2025-03-29,0.00016599999798927456,0.00017897620699970355,0.00014004757996841658,1333,False,False,,,OPEN,,crypto
MKRUSD,SHORT,2022-06-29,911.2354736328125,1103.8583996747677,525.989621548902,329,False,False,2022-07-28,1103.8583996747677,LOSS,29.0,crypto
MKRUSD,SHORT,2022-08-15,998.8894653320312,1134.6924458840476,727.2835042279985,376,False,False,2022-09-05,727.2835042279985,WIN,21.0,crypto
MKRUSD,LONG,2023-02-17,726.03759765625,632.7132440530867,912.6863048625767,562,False,True,2023-03-01,912.6863048625767,WIN,12.0,crypto
MKRUSD,LONG,2023-03-13,911.468505859375,739.2904610593275,1255.82459545947,586,False,True,2023-03-15,739.2904610593275,LOSS,2.0,crypto
MKRUSD,LONG,2023-04-10,725.8758544921875,648.3329825655744,880.9615983454137,614,False,False,2023-05-10,648.3329825655744,LOSS,30.0,crypto
MKRUSD,LONG,2023-06-02,663.088134765625,625.0156857433535,739.233032810168,667,True,False,2023-06-07,625.0156857433535,LOSS,5.0,crypto
MKRUSD,LONG,2023-09-05,1133.2359619140625,1011.1882018956136,1377.3314819509603,762,False,False,2023-09-26,1377.3314819509603,WIN,21.0,crypto
MKRUSD,LONG,2023-10-11,1399.3125,1276.7511147492428,1644.4352705015144,798,False,False,2023-11-07,1276.7511147492428,LOSS,27.0,crypto
MKRUSD,LONG,2023-11-18,1366.193603515625,1224.2426099527881,1650.0955906412987,836,True,False,2023-12-28,1650.0955906412987,WIN,40.0,crypto
MKRUSD,LONG,2024-01-29,1974.5030517578125,1775.3981189207204,2372.7129174319966,908,False,True,2024-03-09,2372.7129174319966,WIN,40.0,crypto
MKRUSD,SHORT,2024-06-22,2357.272705078125,2646.9692955397577,1777.8795241548596,1053,False,True,2024-06-27,2646.9692955397577,LOSS,5.0,crypto
MKRUSD,SHORT,2024-07-04,2226.014892578125,2525.488925386209,1627.0668269619573,1065,False,False,2024-07-12,2525.488925386209,LOSS,8.0,crypto
MKRUSD,SHORT,2024-07-28,2635.9921875,2953.8297353630237,2000.3170917739526,1089,False,False,2024-08-05,2000.3170917739526,WIN,8.0,crypto
MKRUSD,SHORT,2024-08-27,1968.2374267578125,2219.4767796509423,1465.758720971553,1119,False,False,2024-09-18,1465.758720971553,WIN,22.0,crypto
MKRUSD,SHORT,2024-09-22,1582.6591796875,1752.806980851822,1242.3635773588562,1145,False,True,2024-10-17,1242.3635773588562,WIN,25.0,crypto
MKRUSD,SHORT,2024-11-02,1210.0478515625,1343.0374006042293,944.0687534790413,1186,False,True,2024-11-06,1343.0374006042293,LOSS,4.0,crypto
MKRUSD,LONG,2025-02-19,1173.752197265625,1029.6207900476543,1462.0150117015664,1295,False,True,2025-02-20,1462.0150117015664,WIN,1.0,crypto
MKRUSD,SHORT,2025-03-21,1227.11376953125,1440.656970377855,800.0273678380399,1325,False,False,2025-03-27,1440.656970377855,LOSS,6.0,crypto
MKRUSD,SHORT,2025-04-06,1146.754150390625,1356.8132874238638,726.6358763241474,1341,False,False,2025-04-09,1356.8132874238638,LOSS,3.0,crypto
MKRUSD,SHORT,2025-04-10,1288.7891845703125,1534.3180293088656,797.7314950932064,1345,False,False,2025-04-27,1534.3180293088656,LOSS,17.0,crypto
MKRUSD,LONG,2025-05-07,1514.077880859375,1355.0944617662335,1832.044719045658,1372,False,False,2025-05-10,1832.044719045658,WIN,3.0,crypto
MKRUSD,LONG,2025-05-18,1749.923828125,1526.3667312685975,2197.038021837805,1383,False,True,2025-05-31,1526.3667312685975,LOSS,13.0,crypto
MKRUSD,LONG,2025-06-07,1767.552978515625,1531.9171704348194,2238.8245946772363,1403,False,False,2025-06-16,2238.8245946772363,WIN,9.0,crypto
MKRUSD,LONG,2025-06-28,1921.29833984375,1628.4220194484417,2507.0509806343666,1424,False,False,2025-08-20,1628.4220194484417,LOSS,53.0,crypto
MKRUSD,SHORT,2025-10-21,1720.7354736328125,2116.1017570394374,930.0029068195627,1539,False,True,,,OPEN,,crypto
EOSUSD,SHORT,2022-07-05,0.9724019765853882,1.1021542372543827,0.7128974552473992,335,False,True,2022-07-22,1.1021542372543827,LOSS,17.0,crypto
EOSUSD,LONG,2022-08-29,1.4942189455032349,1.2234532083922225,2.0357504197252596,390,False,True,2022-09-19,1.2234532083922225,LOSS,21.0,crypto
EOSUSD,LONG,2022-10-31,1.1499789953231812,1.0457792962963017,1.35837839337694,453,False,False,2022-11-08,1.0457792962963017,LOSS,8.0,crypto
EOSUSD,LONG,2022-12-06,0.9587969779968262,0.8774832921274693,1.1214243497355398,489,False,True,2022-12-16,0.8774832921274693,LOSS,10.0,crypto
EOSUSD,SHORT,2023-01-05,0.8914350271224976,0.9469159846122821,0.7804731121429285,519,False,True,2023-01-09,0.9469159846122821,LOSS,4.0,crypto
EOSUSD,LONG,2023-02-07,1.1127530336380005,1.014989248039006,1.3082806048359896,552,False,False,2023-02-13,1.014989248039006,LOSS,6.0,crypto
EOSUSD,LONG,2023-03-01,1.2091569900512695,1.0898584739657617,1.447754022222285,574,False,False,2023-03-09,1.0898584739657617,LOSS,8.0,crypto
EOSUSD,LONG,2023-03-23,1.1616820096969604,1.003519658606722,1.4780067118774372,596,False,False,2023-04-26,1.003519658606722,LOSS,34.0,crypto
EOSUSD,SHORT,2023-05-29,0.8967180252075195,0.9575380205961159,0.7750780344303267,663,False,True,2023-06-10,0.7750780344303267,WIN,12.0,crypto
EOSUSD,SHORT,2023-06-25,0.7225599884986877,0.805092978682329,0.5574940081314053,690,False,True,2023-07-14,0.805092978682329,LOSS,19.0,crypto
EOSUSD,SHORT,2023-07-31,0.7461689710617065,0.8061722322264072,0.6261624487323052,726,False,False,2023-08-16,0.6261624487323052,WIN,16.0,crypto
EOSUSD,SHORT,2023-09-20,0.5784299969673157,0.6193997173358464,0.4964905562302542,777,False,True,2023-10-28,0.6193997173358464,LOSS,38.0,crypto
EOSUSD,LONG,2023-12-02,0.7013710141181946,0.6457319028766912,0.8126492366012013,850,False,False,2023-12-09,0.8126492366012013,WIN,7.0,crypto
EOSUSD,LONG,2023-12-20,0.7880169749259949,0.7078150619379878,0.948420800902009,868,False,False,2024-01-07,0.7078150619379878,LOSS,18.0,crypto
EOSUSD,LONG,2024-02-09,0.7419300079345703,0.6869894068641377,0.8518112100754356,919,False,False,2024-02-23,0.8518112100754356,WIN,14.0,crypto
EOSUSD,LONG,2024-03-25,1.0682330131530762,0.8939865802870544,1.4167258788851198,964,False,False,2024-04-12,0.8939865802870544,LOSS,18.0,crypto
EOSUSD,SHORT,2024-05-19,0.7839099764823914,0.8672984857348225,0.6171329579775291,1019,False,False,2024-05-21,0.8672984857348225,LOSS,2.0,crypto
EOSUSD,SHORT,2024-06-01,0.808709979057312,0.8810635731982354,0.6640027907754653,1032,False,False,2024-06-14,0.6640027907754653,WIN,13.0,crypto
EOSUSD,SHORT,2024-07-28,0.5661749839782715,0.6242266709778844,0.4500716099790456,1089,False,False,2024-08-05,0.4500716099790456,WIN,8.0,crypto
EOSUSD,SHORT,2024-08-15,0.489778995513916,0.5557379649528452,0.3578610566360576,1107,False,True,2024-08-23,0.5557379649528452,LOSS,8.0,crypto
EOSUSD,SHORT,2024-10-17,0.478210985660553,0.5143834119764993,0.40586613302866037,1170,False,False,2024-11-04,0.40586613302866037,WIN,18.0,crypto
EOSUSD,LONG,2024-12-11,1.092345952987671,0.8417657405752348,1.5935063778125431,1225,False,True,2024-12-19,0.8417657405752348,LOSS,8.0,crypto
EOSUSD,SHORT,2025-04-13,0.6103699803352356,0.764619672801898,0.30187059540191075,1348,False,True,2025-05-07,0.764619672801898,LOSS,24.0,crypto
EOSUSD,SHORT,2025-05-23,0.7312179803848267,0.8562008572504497,0.4812522266535806,1388,False,True,2025-06-22,0.4812522266535806,WIN,30.0,crypto
EOSUSD,LONG,2025-07-17,0.5710870027542114,0.48527540703830996,0.7427101941860144,1443,True,True,2025-08-02,0.48527540703830996,LOSS,16.0,crypto
EOSUSD,SHORT,2025-08-11,0.5252029895782471,0.5836468387635178,0.4083152912077057,1468,False,False,2025-08-13,0.5836468387635178,LOSS,2.0,crypto
EOSUSD,SHORT,2025-08-15,0.5050569772720337,0.5726657428643072,0.36983944608748676,1472,False,False,2025-10-10,0.36983944608748676,WIN,56.0,crypto
EOSUSD,SHORT,2025-11-12,0.2669549882411957,0.31194994430060335,0.17696507612238033,1561,False,True,2025-12-05,0.17696507612238033,WIN,23.0,crypto
EOSUSD,SHORT,2025-12-31,0.15849299728870392,0.19265829052653247,0.09016241081304682,1610,False,True,2026-01-31,0.09016241081304682,WIN,31.0,crypto
EOSUSD,SHORT,2026-03-26,0.07634399831295013,0.0946987577362318,0.03963447946638679,1695,False,True,2026-04-29,0.0946987577362318,LOSS,34.0,crypto
EOSUSD,LONG,2026-05-14,0.09181000292301178,0.08206478563843696,0.11130043749216142,1744,False,True,2026-05-17,0.08206478563843696,LOSS,3.0,crypto
EOSUSD,LONG,2026-06-15,0.07355699688196182,0.060307054506657874,0.10005688163256972,1776,False,True,2026-06-24,0.060307054506657874,LOSS,9.0,crypto
XTZUSD,SHORT,2022-06-26,1.4459710121154785,1.7775158458443308,0.782881344657774,326,False,False,2022-07-19,1.7775158458443308,LOSS,23.0,crypto
XTZUSD,LONG,2022-09-14,1.6055480241775513,1.4140316421541377,1.9885807882243784,406,False,False,2022-09-21,1.4140316421541377,LOSS,7.0,crypto
XTZUSD,LONG,2022-11-04,1.444385051727295,1.3284118852539448,1.6763313846739951,457,True,False,2022-11-08,1.3284118852539448,LOSS,4.0,crypto
XTZUSD,LONG,2023-02-17,1.155972957611084,1.0265686115534618,1.4147816497263284,562,False,True,2023-02-22,1.4147816497263284,WIN,5.0,crypto
XTZUSD,LONG,2023-02-26,1.213610053062439,1.0524773509893632,1.5358754572085904,571,False,True,2023-03-08,1.0524773509893632,LOSS,10.0,crypto
XTZUSD,LONG,2023-03-21,1.189600944519043,1.035331685085416,1.498139463386297,594,False,False,2023-04-20,1.035331685085416,LOSS,30.0,crypto
XTZUSD,SHORT,2023-06-22,0.7644180059432983,0.8322531092116338,0.6287477994066275,687,False,True,2023-06-25,0.8322531092116338,LOSS,3.0,crypto
XTZUSD,SHORT,2023-07-31,0.8254140019416809,0.8876685905265647,0.7009048247719134,726,False,False,2023-08-17,0.7009048247719134,WIN,17.0,crypto
XTZUSD,SHORT,2023-08-30,0.7148500084877014,0.7668845476952065,0.6107809300726912,756,False,True,2023-11-01,0.7668845476952065,LOSS,63.0,crypto
XTZUSD,LONG,2023-11-17,0.8506739735603333,0.7633291481076014,1.0253636244657969,835,False,True,2023-12-23,1.0253636244657969,WIN,36.0,crypto
XTZUSD,LONG,2024-01-20,1.0337400436401367,0.8645253244692116,1.372169481981987,899,False,False,2024-03-02,1.372169481981987,WIN,42.0,crypto
XTZUSD,SHORT,2024-05-19,0.9103440046310425,1.0052790713712199,0.7204738711506877,1019,False,True,2024-05-21,1.0052790713712199,LOSS,2.0,crypto
XTZUSD,SHORT,2024-06-01,0.9376590251922607,1.0285268236484093,0.7559234282799636,1032,False,False,2024-06-17,0.7559234282799636,WIN,16.0,crypto
XTZUSD,SHORT,2024-07-01,0.7846770286560059,0.8534143059735871,0.6472024740208433,1062,False,True,2024-07-05,0.6472024740208433,WIN,4.0,crypto
XTZUSD,SHORT,2024-07-10,0.7455059885978699,0.8342820029405771,0.5679539599124555,1071,False,True,2024-07-17,0.8342820029405771,LOSS,7.0,crypto
XTZUSD,SHORT,2024-07-24,0.7439900040626526,0.8199555994164539,0.59205881335505,1085,False,True,2024-08-05,0.59205881335505,WIN,12.0,crypto
XTZUSD,SHORT,2024-09-15,0.6288939714431763,0.6860479112455987,0.5145860918383314,1138,False,True,2024-09-20,0.6860479112455987,LOSS,5.0,crypto
XTZUSD,SHORT,2024-10-07,0.6632949709892273,0.7205404091403745,0.5488040946869328,1160,False,False,2024-11-10,0.7205404091403745,LOSS,34.0,crypto
XTZUSD,LONG,2024-12-11,1.4814900159835815,1.11733363811116,2.2098027717284245,1225,False,True,2024-12-20,1.11733363811116,LOSS,9.0,crypto
XTZUSD,LONG,2024-12-28,1.4283050298690796,1.137797288074572,2.009320513458095,1242,False,True,2025-01-23,1.137797288074572,LOSS,26.0,crypto
XTZUSD,SHORT,2025-03-26,0.7218030095100403,0.8062957894695448,0.5528174495910312,1330,False,True,2025-04-07,0.5528174495910312,WIN,12.0,crypto
XTZUSD,SHORT,2025-05-30,0.5641689896583557,0.6353336424394668,0.4218396840961336,1395,False,False,2025-06-11,0.6353336424394668,LOSS,12.0,crypto
XTZUSD,SHORT,2025-06-30,0.5380359888076782,0.5878960517561195,0.4383158629107957,1426,False,False,2025-07-10,0.5878960517561195,LOSS,10.0,crypto
XTZUSD,LONG,2025-08-08,0.8227239847183228,0.7006552295197543,1.0668614951154596,1465,False,True,2025-09-01,0.7006552295197543,LOSS,24.0,crypto
XTZUSD,LONG,2025-09-16,0.7692810297012329,0.6965014448767279,0.9148401993502429,1504,False,False,2025-09-22,0.6965014448767279,LOSS,6.0,crypto
XTZUSD,SHORT,2025-11-13,0.5702210068702698,0.6677642232479867,0.375134574114836,1562,False,True,2026-02-06,0.375134574114836,WIN,85.0,crypto
XTZUSD,SHORT,2026-03-26,0.3702160120010376,0.4053401090226855,0.29996781795774174,1695,False,False,2026-05-29,0.29996781795774174,WIN,64.0,crypto
XTZUSD,SHORT,2026-05-31,0.327455997467041,0.3602040709210149,0.2619598505590932,1761,False,True,2026-06-05,0.2619598505590932,WIN,5.0,crypto
XTZUSD,SHORT,2026-07-12,0.22677400708198547,0.2535968634666465,0.1731282943126634,1803,False,True,,,OPEN,,crypto
THETAUSD,SHORT,2022-06-22,1.2222059965133667,1.5434132074338707,0.5797915746723588,322,False,False,2022-06-25,1.5434132074338707,LOSS,3.0,crypto
THETAUSD,SHORT,2022-07-05,1.1980479955673218,1.445295707855352,0.7035525709912611,335,False,False,2022-07-29,1.445295707855352,LOSS,24.0,crypto
THETAUSD,SHORT,2022-08-18,1.3211640119552612,1.5486640674466523,0.8661639009724791,379,False,False,2022-11-09,0.8661639009724791,WIN,83.0,crypto
THETAUSD,SHORT,2023-01-05,0.7501459717750549,0.8096201760597144,0.6311975632057361,519,False,True,2023-01-09,0.8096201760597144,LOSS,4.0,crypto
THETAUSD,LONG,2023-02-11,1.0770570039749146,0.9302354267131148,1.3707001584985141,556,False,True,2023-03-09,0.9302354267131148,LOSS,26.0,crypto
THETAUSD,LONG,2023-03-17,1.089985966682434,0.9394872754325538,1.3909833491821946,590,False,False,2023-05-08,0.9394872754325538,LOSS,52.0,crypto
THETAUSD,SHORT,2023-06-22,0.7122589945793152,0.7847701882841187,0.5672366071697081,687,False,True,2023-06-25,0.7847701882841187,LOSS,3.0,crypto
THETAUSD,SHORT,2023-07-08,0.7226899862289429,0.8030811919324675,0.5619075748218936,703,False,False,2023-07-13,0.8030811919324675,LOSS,5.0,crypto
THETAUSD,SHORT,2023-08-12,0.7340549826622009,0.7919973448973779,0.6181702581918469,738,True,False,2023-08-17,0.6181702581918469,WIN,5.0,crypto
THETAUSD,SHORT,2023-09-09,0.625665009021759,0.6722814869772404,0.5324320531107962,766,False,True,2023-09-23,0.6722814869772404,LOSS,14.0,crypto
THETAUSD,SHORT,2023-10-07,0.6188700199127197,0.6612663956009925,0.5340772685361741,794,False,False,2023-10-24,0.6612663956009925,LOSS,17.0,crypto
THETAUSD,LONG,2023-11-22,0.9514579772949219,0.8248836284956224,1.204606674893521,840,False,True,2023-12-24,1.204606674893521,WIN,32.0,crypto
THETAUSD,LONG,2024-02-12,1.0790150165557861,0.9815620996480059,1.2739208503713466,922,False,False,2024-02-19,1.2739208503713466,WIN,7.0,crypto
THETAUSD,LONG,2024-03-20,3.039773941040039,2.2895639153153726,4.540193992489372,959,False,True,2024-04-13,2.2895639153153726,LOSS,24.0,crypto
THETAUSD,LONG,2024-05-25,2.36822509765625,2.0476283184426025,3.009418656083545,1025,False,False,2024-06-07,2.0476283184426025,LOSS,13.0,crypto
THETAUSD,SHORT,2024-07-25,1.4030450582504272,1.6157391649787196,0.9776568447938425,1086,False,False,2024-08-05,0.9776568447938425,WIN,11.0,crypto
THETAUSD,SHORT,2024-08-30,1.2213380336761475,1.4028074638500707,0.858399173328301,1122,False,False,2024-09-19,1.4028074638500707,LOSS,20.0,crypto
THETAUSD,SHORT,2024-10-07,1.300510048866272,1.4657909092595083,0.9699483280797994,1160,False,False,2024-11-11,1.4657909092595083,LOSS,35.0,crypto
THETAUSD,LONG,2024-12-11,2.5851950645446777,1.9932057357515962,3.769173722130841,1225,False,True,2024-12-20,1.9932057357515962,LOSS,9.0,crypto
THETAUSD,SHORT,2025-03-27,0.980925977230072,1.1228755212566557,0.6970268891769047,1331,False,True,2025-04-06,0.6970268891769047,WIN,10.0,crypto
THETAUSD,SHORT,2025-05-29,0.8231189846992493,0.9638447727962685,0.5416674085052109,1394,False,False,2025-07-20,0.9638447727962685,LOSS,52.0,crypto
THETAUSD,LONG,2025-07-25,0.8837530016899109,0.7580335984520061,1.1351918081657204,1451,False,True,2025-08-01,0.7580335984520061,LOSS,7.0,crypto
THETAUSD,LONG,2025-08-12,0.8856149911880493,0.7728229632069687,1.1111990471502105,1469,False,False,2025-08-19,0.7728229632069687,LOSS,7.0,crypto
THETAUSD,LONG,2025-09-16,0.8236910104751587,0.7413510886137423,0.9883708541979914,1504,True,False,2025-09-22,0.7413510886137423,LOSS,6.0,crypto
THETAUSD,SHORT,2025-11-08,0.5003139972686768,0.5975036550413904,0.30593468172324956,1557,False,True,2025-12-01,0.30593468172324956,WIN,23.0,crypto
THETAUSD,SHORT,2025-12-10,0.348114013671875,0.3986400113619569,0.24706201829171115,1589,False,True,2026-01-29,0.24706201829171115,WIN,50.0,crypto
THETAUSD,SHORT,2026-02-26,0.19337500631809235,0.22359633444044194,0.13293235007339316,1667,False,True,2026-04-18,0.22359633444044194,LOSS,51.0,crypto
THETAUSD,LONG,2026-05-01,0.2009029984474182,0.1760117217710722,0.25068555180011026,1731,False,True,2026-05-12,0.25068555180011026,WIN,11.0,crypto
THETAUSD,LONG,2026-05-14,0.22728000581264496,0.1985907523676052,0.28465851270272446,1744,False,True,2026-05-17,0.1985907523676052,LOSS,3.0,crypto
THETAUSD,LONG,2026-07-14,0.1459749937057495,0.12856041760174616,0.1808041459137562,1805,False,False,2026-07-28,0.12856041760174616,LOSS,14.0,crypto
FTMUSD,SHORT,2022-06-26,0.27807000279426575,0.3527430889712142,0.12872383044036884,326,False,True,2022-07-20,0.3527430889712142,LOSS,24.0,crypto
FTMUSD,SHORT,2022-08-18,0.33169999718666077,0.38837602892145306,0.21834793371707617,379,False,True,2022-09-21,0.21834793371707617,WIN,34.0,crypto
FTMUSD,LONG,2022-10-28,0.2252970039844513,0.2052713509300913,0.2653483100931713,450,False,True,2022-11-03,0.2653483100931713,WIN,6.0,crypto
FTMUSD,LONG,2022-11-29,0.21678100526332855,0.1844605760910522,0.28142186360788124,482,False,False,2023-01-13,0.28142186360788124,WIN,45.0,crypto
FTMUSD,LONG,2023-02-21,0.5206980109214783,0.4212146578256535,0.7196647171131278,566,False,True,2023-03-03,0.4212146578256535,LOSS,10.0,crypto
FTMUSD,LONG,2023-03-17,0.5070940256118774,0.40631450816856185,0.7086530604985086,590,False,False,2023-03-28,0.40631450816856185,LOSS,11.0,crypto
FTMUSD,LONG,2023-04-03,0.4545480012893677,0.37242224105086535,0.6187995217663723,607,False,False,2023-05-08,0.37242224105086535,LOSS,35.0,crypto
FTMUSD,SHORT,2023-07-14,0.28278499841690063,0.3226307699304513,0.20309345538979928,709,False,False,2023-08-17,0.20309345538979928,WIN,34.0,crypto
FTMUSD,SHORT,2023-08-30,0.21160300076007843,0.23218213518562922,0.17044473190897685,756,False,True,2023-10-24,0.23218213518562922,LOSS,55.0,crypto
FTMUSD,LONG,2023-11-22,0.29833000898361206,0.24595152132224604,0.4030869843063441,840,False,True,2023-12-09,0.4030869843063441,WIN,17.0,crypto
FTMUSD,LONG,2024-02-09,0.39655500650405884,0.35262986121169826,0.48440529708878,919,False,False,2024-02-28,0.48440529708878,WIN,19.0,crypto
FTMUSD,LONG,2024-03-31,1.004196047782898,0.7964253056878462,1.4197375319730015,970,False,True,2024-04-05,0.7964253056878462,LOSS,5.0,crypto
FTMUSD,LONG,2024-05-16,0.7997099757194519,0.6789707893905058,1.041188348377344,1016,False,False,2024-06-07,0.6789707893905058,LOSS,22.0,crypto
FTMUSD,SHORT,2024-07-01,0.5808590054512024,0.6688406486894954,0.4048957189746163,1062,False,True,2024-07-05,0.4048957189746163,WIN,4.0,crypto
FTMUSD,SHORT,2024-07-17,0.509427011013031,0.5904691526339356,0.34734272777122177,1078,False,True,2024-08-04,0.34734272777122177,WIN,18.0,crypto
FTMUSD,SHORT,2024-08-16,0.369161993265152,0.44570946036710923,0.21606705906123747,1108,False,True,2024-08-21,0.44570946036710923,LOSS,5.0,crypto
FTMUSD,SHORT,2024-08-31,0.42431899905204773,0.5016860515566596,0.26958489404282404,1123,False,False,2024-09-10,0.5016860515566596,LOSS,10.0,crypto
FTMUSD,SHORT,2024-10-25,0.6189900040626526,0.7289744045971732,0.3990212029936113,1178,False,True,2024-11-07,0.7289744045971732,LOSS,13.0,crypto
FTMUSD,LONG,2024-11-15,0.7176330089569092,0.5868042312092793,0.979290564452169,1199,False,False,2024-11-24,0.979290564452169,WIN,9.0,crypto
FTMUSD,LONG,2024-12-10,1.1583609580993652,0.9176764177313258,1.639730038835444,1224,False,True,2024-12-20,0.9176764177313258,LOSS,10.0,crypto
RUNEUSD,SHORT,2022-06-26,2.1538960933685303,2.754508049010679,0.9526721820842328,326,False,False,2022-07-19,2.754508049010679,LOSS,23.0,crypto
RUNEUSD,SHORT,2022-08-17,2.4838240146636963,2.953439754707796,1.5445925345754965,378,False,False,2022-09-21,1.5445925345754965,WIN,35.0,crypto
RUNEUSD,LONG,2022-10-28,1.5652610063552856,1.4139854021991933,1.8678122146674703,450,True,False,2022-11-08,1.4139854021991933,LOSS,11.0,crypto
RUNEUSD,LONG,2022-12-01,1.3250900506973267,1.1763589859819261,1.6225521801281277,484,False,False,2023-01-13,1.6225521801281277,WIN,43.0,crypto
RUNEUSD,LONG,2023-02-01,1.832237958908081,1.621464576464279,2.253784723795685,546,False,True,2023-02-13,1.621464576464279,LOSS,12.0,crypto
RUNEUSD,LONG,2023-02-20,1.819409966468811,1.6084535437398113,2.2413228119268105,565,False,False,2023-02-25,1.6084535437398113,LOSS,5.0,crypto
RUNEUSD,LONG,2023-04-03,1.4850929975509644,1.3309008869300094,1.7934772187928743,607,False,False,2023-04-25,1.3309008869300094,LOSS,22.0,crypto
RUNEUSD,SHORT,2023-06-03,1.1659150123596191,1.241124329491589,1.0154963780956794,668,False,True,2023-06-10,1.0154963780956794,WIN,7.0,crypto
RUNEUSD,SHORT,2023-06-22,0.9256979823112488,1.0155549843596188,0.7459839782145088,687,False,True,2023-06-25,1.0155549843596188,LOSS,3.0,crypto
RUNEUSD,SHORT,2023-07-11,0.9916920065879822,1.0758889534668696,0.8232981128302073,706,False,False,2023-07-14,1.0758889534668696,LOSS,3.0,crypto
RUNEUSD,SHORT,2023-07-20,0.9948269724845886,1.0747770995135515,0.8349267184266629,715,False,False,2023-08-11,1.0747770995135515,LOSS,22.0,crypto
RUNEUSD,LONG,2023-08-27,1.46445894241333,1.2336865590963655,1.9260037090472593,753,False,True,2023-09-16,1.9260037090472593,WIN,20.0,crypto
RUNEUSD,LONG,2023-09-25,1.7078989744186401,1.5195756943622458,2.0845455345314288,782,False,True,2023-10-01,2.0845455345314288,WIN,6.0,crypto
RUNEUSD,LONG,2024-02-08,4.792162895202637,4.231923611260254,5.912641463087402,918,False,False,2024-02-16,5.912641463087402,WIN,8.0,crypto
RUNEUSD,SHORT,2024-04-02,7.607638835906982,9.31282692186365,4.197262663993648,972,True,False,2024-06-18,4.197262663993648,WIN,77.0,crypto
RUNEUSD,SHORT,2024-08-14,3.6171789169311523,4.268111888906876,2.3153129729797044,1106,False,True,2024-08-23,4.268111888906876,LOSS,9.0,crypto
RUNEUSD,SHORT,2024-09-03,3.857595920562744,4.439310381216628,2.6941669992549766,1126,False,False,2024-09-19,4.439310381216628,LOSS,16.0,crypto
RUNEUSD,LONG,2024-10-20,5.178301811218262,4.512570492984465,6.509764447685855,1173,False,False,2024-11-04,4.512570492984465,LOSS,15.0,crypto
RUNEUSD,LONG,2024-11-15,5.590600967407227,4.566741671078281,7.638319560065117,1199,False,False,2024-12-20,4.566741671078281,LOSS,35.0,crypto
RUNEUSD,SHORT,2025-02-24,1.3591439723968506,1.760141759082828,0.5571483990248955,1300,False,True,2025-05-11,1.760141759082828,LOSS,76.0,crypto
RUNEUSD,LONG,2025-07-10,1.5172100067138672,1.351946378368438,1.8477372634047255,1436,True,False,2025-07-30,1.351946378368438,LOSS,20.0,crypto
RUNEUSD,LONG,2025-08-12,1.4637229442596436,1.3014745438888096,1.7882197450013115,1469,False,False,2025-08-19,1.3014745438888096,LOSS,7.0,crypto
RUNEUSD,LONG,2025-09-11,1.2953779697418213,1.1779900220490136,1.5301538651274367,1499,False,False,2025-09-22,1.1779900220490136,LOSS,11.0,crypto
RUNEUSD,SHORT,2025-10-05,1.1809240579605103,1.2896054406463227,0.9635612925888855,1523,False,False,2025-10-10,0.9635612925888855,WIN,5.0,crypto
RUNEUSD,SHORT,2025-10-27,0.8900390267372131,1.0093548224252746,0.6514074353610901,1545,False,True,2025-11-21,0.6514074353610901,WIN,25.0,crypto
RUNEUSD,SHORT,2025-12-04,0.6713619828224182,0.752233528077021,0.5096188923132126,1583,False,True,2026-01-30,0.5096188923132126,WIN,57.0,crypto
RUNEUSD,SHORT,2026-02-26,0.405241996049881,0.45015965217684734,0.3154066837959483,1667,False,True,2026-03-06,0.45015965217684734,LOSS,8.0,crypto
RUNEUSD,SHORT,2026-03-26,0.40705999732017517,0.442237048634898,0.33670589469072953,1695,False,False,2026-04-21,0.442237048634898,LOSS,26.0,crypto
RUNEUSD,LONG,2026-06-17,0.418179988861084,0.35922558011810407,0.5360888063470438,1778,False,True,,,OPEN,,crypto
CHZUSD,SHORT,2022-06-26,0.09820199757814407,0.1175926251570822,0.05942074242026782,326,False,False,2022-06-28,0.1175926251570822,LOSS,2.0,crypto
CHZUSD,SHORT,2022-06-29,0.09985200315713882,0.12000240652159948,0.05955119642821752,329,False,False,2022-07-20,0.12000240652159948,LOSS,21.0,crypto
CHZUSD,LONG,2022-08-31,0.21626999974250793,0.1747622523040742,0.2992854946193754,392,False,True,2022-10-13,0.1747622523040742,LOSS,43.0,crypto
CHZUSD,LONG,2022-10-28,0.19820599257946014,0.17178901535659244,0.25103994702519555,450,False,False,2022-11-04,0.25103994702519555,WIN,7.0,crypto
CHZUSD,SHORT,2023-01-06,0.10980899631977081,0.12366325030291035,0.08210048835349174,520,False,True,2023-01-10,0.12366325030291035,LOSS,4.0,crypto
CHZUSD,SHORT,2023-02-13,0.12950800359249115,0.1504618558540863,0.08760029906930084,558,False,True,2023-06-05,0.08760029906930084,WIN,112.0,crypto
CHZUSD,SHORT,2023-06-26,0.07749299705028534,0.08604446619742652,0.06039005875600298,691,False,True,2023-08-17,0.06039005875600298,WIN,52.0,crypto
CHZUSD,SHORT,2023-09-21,0.058382000774145126,0.0622109413332295,0.05072411965597638,778,False,True,2023-09-30,0.0622109413332295,LOSS,9.0,crypto
CHZUSD,LONG,2023-10-08,0.06000199913978577,0.05608554857952399,0.06783490026030932,795,False,False,2023-10-09,0.05608554857952399,LOSS,1.0,crypto
CHZUSD,LONG,2023-11-17,0.07694999873638153,0.0678066248916771,0.09523674642579039,835,False,True,2024-01-16,0.09523674642579039,WIN,60.0,crypto
CHZUSD,LONG,2024-02-01,0.1041560024023056,0.08857393468089692,0.13532013784512298,911,False,False,2024-02-26,0.13532013784512298,WIN,25.0,crypto
CHZUSD,LONG,2024-03-28,0.1456259936094284,0.12228692895938342,0.19230412290951837,967,False,False,2024-04-12,0.12228692895938342,LOSS,15.0,crypto
CHZUSD,LONG,2024-05-05,0.12155400216579437,0.10323590219634857,0.15819020210468598,1005,False,False,2024-05-29,0.15819020210468598,WIN,24.0,crypto
CHZUSD,SHORT,2024-07-17,0.07229799777269363,0.08193625597839393,0.05302148136129303,1078,False,True,2024-08-05,0.05302148136129303,WIN,19.0,crypto
CHZUSD,SHORT,2024-08-28,0.05369500070810318,0.060511316512643236,0.04006236909902307,1120,False,True,2024-09-23,0.060511316512643236,LOSS,26.0,crypto
CHZUSD,LONG,2024-11-10,0.06691399961709976,0.05937612274909358,0.08198975335311212,1194,False,False,2024-11-18,0.08198975335311212,WIN,8.0,crypto
CHZUSD,LONG,2024-12-15,0.11263900250196457,0.08956468653979818,0.15878763442629734,1229,False,True,2024-12-19,0.08956468653979818,LOSS,4.0,crypto
CHZUSD,LONG,2025-01-06,0.09523499757051468,0.0810998979886197,0.12350519673430463,1251,True,False,2025-01-08,0.0810998979886197,LOSS,2.0,crypto
CHZUSD,SHORT,2025-03-23,0.04545599967241287,0.051453643563688006,0.033460711889862604,1327,False,True,2025-06-21,0.033460711889862604,WIN,90.0,crypto
CHZUSD,SHORT,2025-06-30,0.03521399945020676,0.039022350379834154,0.02759729759095196,1426,False,False,2025-07-10,0.039022350379834154,LOSS,10.0,crypto
CHZUSD,LONG,2025-07-25,0.04231899976730347,0.03746613893427966,0.05202472143335109,1451,True,True,2025-08-01,0.03746613893427966,LOSS,7.0,crypto
CHZUSD,LONG,2025-08-12,0.043133001774549484,0.038572696564746364,0.052253612194155724,1469,False,False,2025-08-22,0.038572696564746364,LOSS,10.0,crypto
CHZUSD,LONG,2025-09-09,0.042236000299453735,0.03867606720379659,0.04935586649076802,1497,False,False,2025-09-22,0.03867606720379659,LOSS,13.0,crypto
CHZUSD,LONG,2025-10-08,0.04253000020980835,0.03854319399030853,0.05050361264880798,1526,False,False,2025-10-10,0.03854319399030853,LOSS,2.0,crypto
CHZUSD,SHORT,2025-12-01,0.028728000819683075,0.031997667850518496,0.022188666758012232,1580,False,True,2025-12-06,0.031997667850518496,LOSS,5.0,crypto
CHZUSD,LONG,2026-01-24,0.05203099921345711,0.04415500601839865,0.06778298560357403,1634,False,True,2026-01-31,0.04415500601839865,LOSS,7.0,crypto
CHZUSD,LONG,2026-03-13,0.038022998720407486,0.0330117210029375,0.04804555415534746,1682,False,False,2026-04-20,0.04804555415534746,WIN,38.0,crypto
ZECUSD,SHORT,2022-07-10,59.740150451660156,69.5933927051711,40.03366594463827,340,False,True,2022-07-31,69.5933927051711,LOSS,21.0,crypto
ZECUSD,SHORT,2022-09-05,63.44658279418945,70.67657460712519,48.98659916831798,397,False,False,2022-10-13,48.98659916831798,WIN,38.0,crypto
ZECUSD,LONG,2022-10-26,55.18497848510742,50.80372968416195,63.947476086998364,448,False,False,2022-11-01,50.80372968416195,LOSS,6.0,crypto
ZECUSD,LONG,2022-12-08,44.9486198425293,40.593453534834175,53.65895245791954,491,False,False,2022-12-16,40.593453534834175,LOSS,8.0,crypto
ZECUSD,SHORT,2023-01-05,39.74659729003906,43.049701658583174,33.14038855295084,519,False,False,2023-01-09,43.049701658583174,LOSS,4.0,crypto
ZECUSD,LONG,2023-01-29,47.219905853271484,42.57977359596083,56.50017036789279,543,False,False,2023-02-09,42.57977359596083,LOSS,11.0,crypto
ZECUSD,LONG,2023-02-15,46.25929260253906,41.08326918978234,56.6113394280525,560,False,False,2023-03-03,41.08326918978234,LOSS,16.0,crypto
ZECUSD,LONG,2023-03-31,38.753883361816406,34.08356481984226,48.0945204457647,604,False,False,2023-05-08,34.08356481984226,LOSS,38.0,crypto
ZECUSD,SHORT,2023-06-22,26.20953941345215,28.857234452250236,20.914149335855974,687,False,True,2023-06-23,28.857234452250236,LOSS,1.0,crypto
ZECUSD,SHORT,2023-07-29,30.40932846069336,32.9874046858569,25.253176010366275,724,False,False,2023-08-17,25.253176010366275,WIN,19.0,crypto
ZECUSD,LONG,2023-10-04,27.146259307861328,25.493168422176545,30.452441079230894,791,False,False,2023-10-09,25.493168422176545,LOSS,5.0,crypto
ZECUSD,LONG,2023-11-03,27.637582778930664,25.642200743524,31.62834684974399,821,False,True,2023-11-13,31.62834684974399,WIN,10.0,crypto
ZECUSD,LONG,2023-11-19,29.281476974487305,26.425707603019287,34.99301571742334,837,False,True,2024-01-03,26.425707603019287,LOSS,45.0,crypto
ZECUSD,LONG,2024-03-31,30.454204559326172,26.424267147220732,38.51407938353705,970,False,False,2024-04-10,26.424267147220732,LOSS,10.0,crypto
ZECUSD,LONG,2024-08-06,31.807382583618164,26.467614206872803,42.48691933710889,1098,False,True,2024-08-12,42.48691933710889,WIN,6.0,crypto
ZECUSD,LONG,2024-11-03,37.22488784790039,32.34899660320084,46.976670337299495,1187,False,True,2024-11-09,46.976670337299495,WIN,6.0,crypto
ZECUSD,LONG,2024-11-21,45.50249099731445,38.2656550969339,59.97616279807556,1205,False,True,2024-11-30,59.97616279807556,WIN,9.0,crypto
ZECUSD,LONG,2024-12-11,63.67333984375,49.516776388790106,91.98646675366979,1225,False,True,2024-12-19,49.516776388790106,LOSS,8.0,crypto
ZECUSD,LONG,2024-12-28,62.43677520751953,48.140180258303005,91.02996510595258,1242,False,False,2025-01-08,48.140180258303005,LOSS,11.0,crypto
ZECUSD,SHORT,2025-02-18,33.83474349975586,40.46244473978115,20.579341019705282,1294,False,True,2025-03-02,40.46244473978115,LOSS,12.0,crypto
ZECUSD,SHORT,2025-03-07,32.91796112060547,39.31181985899756,20.130243643821288,1311,False,False,2025-03-27,39.31181985899756,LOSS,20.0,crypto
ZECUSD,SHORT,2025-04-11,35.35068893432617,41.78094472583703,22.490177351304453,1346,False,False,2025-05-08,41.78094472583703,LOSS,27.0,crypto
ZECUSD,LONG,2025-06-09,51.49122619628906,43.94371745470549,66.5862436794562,1405,False,True,2025-06-14,43.94371745470549,LOSS,5.0,crypto
ZECUSD,LONG,2025-07-10,42.04550552368164,36.291262859388496,53.55399085226793,1436,False,False,2025-08-01,36.291262859388496,LOSS,22.0,crypto
ZECUSD,LONG,2025-08-12,39.524600982666016,34.907626127150195,48.75855069369766,1469,False,False,2025-08-19,34.907626127150195,LOSS,7.0,crypto
ZECUSD,LONG,2025-11-23,572.0390625,380.183045466503,955.751096566994,1572,False,True,2025-12-01,380.183045466503,LOSS,8.0,crypto
ZECUSD,LONG,2025-12-12,456.34600830078125,330.86991111107386,707.298202680196,1591,False,False,2026-01-25,330.86991111107386,LOSS,44.0,crypto
ZECUSD,SHORT,2026-02-19,262.05718994140625,324.3810550672852,137.40945968964832,1660,False,True,2026-04-08,324.3810550672852,LOSS,48.0,crypto
ZECUSD,SHORT,2026-05-30,527.6093139648438,627.6733982454897,327.48114540355186,1760,True,True,2026-06-03,627.6733982454897,LOSS,4.0,crypto
ZECUSD,SHORT,2026-06-17,476.8406066894531,594.5936678471944,241.33448437397055,1778,False,False,,,OPEN,,crypto
DASHUSD,SHORT,2022-06-26,49.43910217285156,57.44911659306925,33.41907333241619,326,False,True,2022-08-09,57.44911659306925,LOSS,44.0,crypto
DASHUSD,SHORT,2022-08-25,49.24739456176758,55.01605609320431,37.71007149889411,386,True,False,2022-11-08,37.71007149889411,WIN,75.0,crypto
DASHUSD,LONG,2022-12-26,44.893409729003906,41.07706807170182,52.526093043608086,509,False,False,2023-01-14,52.526093043608086,WIN,19.0,crypto
DASHUSD,LONG,2023-01-19,49.04390335083008,44.451500198493086,58.22870965550406,533,False,False,2023-01-30,58.22870965550406,WIN,11.0,crypto
DASHUSD,LONG,2023-02-10,57.851318359375,51.08107684653121,71.39180138506258,555,False,True,2023-02-15,71.39180138506258,WIN,5.0,crypto
DASHUSD,LONG,2023-03-23,63.601837158203125,53.988334639103314,82.82884219640275,596,False,False,2023-04-19,53.988334639103314,LOSS,27.0,crypto
DASHUSD,SHORT,2023-05-29,43.25724792480469,46.74803005998212,36.27568365444982,663,False,False,2023-06-10,36.27568365444982,WIN,12.0,crypto
DASHUSD,SHORT,2023-06-22,32.9533805847168,36.5003866830744,25.859368388001585,687,False,True,2023-06-25,36.5003866830744,LOSS,3.0,crypto
DASHUSD,SHORT,2023-07-14,34.24668502807617,37.767427637919205,27.205199808390105,709,False,False,2023-08-17,27.205199808390105,WIN,34.0,crypto
DASHUSD,SHORT,2023-09-17,25.92169761657715,27.710349578482685,22.344393692766076,774,False,True,2023-09-30,27.710349578482685,LOSS,13.0,crypto
DASHUSD,SHORT,2023-10-08,26.577800750732422,28.114977843720784,23.5034465647557,795,False,False,2023-10-24,28.114977843720784,LOSS,16.0,crypto
DASHUSD,LONG,2023-11-17,30.693796157836914,27.565608728950245,36.95017101561025,835,False,True,2023-12-27,36.95017101561025,WIN,40.0,crypto
DASHUSD,LONG,2024-02-14,28.105775833129883,25.86849956253543,32.58032837431879,924,True,False,2024-02-28,32.58032837431879,WIN,14.0,crypto
DASHUSD,LONG,2024-03-26,38.809906005859375,33.274129845560836,49.88145832645645,965,False,False,2024-04-12,33.274129845560836,LOSS,17.0,crypto
DASHUSD,LONG,2024-05-20,31.012922286987305,28.148604406574304,36.74155804781331,1020,False,False,2024-06-07,28.148604406574304,LOSS,18.0,crypto
DASHUSD,SHORT,2024-07-01,24.00001335144043,26.187726078122004,19.62458789807728,1062,False,True,2024-07-13,26.187726078122004,LOSS,12.0,crypto
DASHUSD,SHORT,2024-08-11,24.298236846923828,27.232766418013902,18.42917770474368,1103,False,True,2024-08-24,27.232766418013902,LOSS,13.0,crypto
DASHUSD,SHORT,2024-09-04,24.06382942199707,26.382934251333246,19.42561976332472,1127,False,False,2024-09-27,26.382934251333246,LOSS,23.0,crypto
DASHUSD,LONG,2024-10-19,24.16625213623047,22.59837167875566,27.302013051180083,1172,False,False,2024-10-23,22.59837167875566,LOSS,4.0,crypto
DASHUSD,LONG,2024-12-11,49.109214782714844,37.41986198360729,72.48792038092995,1225,False,True,2024-12-19,37.41986198360729,LOSS,8.0,crypto
DASHUSD,LONG,2024-12-28,43.174163818359375,33.099921060347086,63.322649334383954,1242,False,False,2025-01-13,33.099921060347086,LOSS,16.0,crypto
DASHUSD,SHORT,2025-03-20,23.654874801635742,26.593641950924418,17.77734050305839,1324,False,True,2025-06-22,17.77734050305839,WIN,94.0,crypto
DASHUSD,SHORT,2025-06-30,20.043222427368164,21.753727581945586,16.62221211821332,1426,False,True,2025-07-11,21.753727581945586,LOSS,11.0,crypto
DASHUSD,LONG,2025-07-27,23.16084861755371,20.871672839320055,27.739200174021022,1453,False,True,2025-07-30,20.871672839320055,LOSS,3.0,crypto
DASHUSD,LONG,2025-08-12,23.423635482788086,21.24839703399972,27.77411238036482,1469,False,False,2025-08-20,21.24839703399972,LOSS,8.0,crypto
DASHUSD,LONG,2025-08-23,23.244949340820312,21.00139805643034,27.73205190960026,1480,False,False,2025-09-22,21.00139805643034,LOSS,30.0,crypto
DASHUSD,LONG,2025-10-24,42.01545715332031,29.92915243391449,66.18806659213196,1542,False,True,2025-11-01,66.18806659213196,WIN,8.0,crypto
DASHUSD,LONG,2025-11-09,81.78712463378906,48.52293153013771,148.31551084109176,1558,False,True,2025-12-01,48.52293153013771,LOSS,22.0,crypto
DASHUSD,LONG,2026-01-04,43.36740493774414,36.287614480612916,57.52698585200659,1614,False,False,2026-01-13,57.52698585200659,WIN,9.0,crypto
DASHUSD,SHORT,2026-01-28,58.267330169677734,73.30796615019689,28.186058208639423,1638,False,True,,,OPEN,,crypto
XMRUSD,SHORT,2022-07-08,125.61721801757812,143.85501250976895,89.14162903319647,338,False,True,2022-07-18,143.85501250976895,LOSS,10.0,crypto
XMRUSD,LONG,2022-10-08,147.314453125,134.77767453504993,172.38801030490015,430,False,False,2022-11-08,134.77767453504993,LOSS,31.0,crypto
XMRUSD,LONG,2022-11-26,138.8074493408203,126.71874190249021,162.98486421748052,479,True,True,2023-01-11,162.98486421748052,WIN,46.0,crypto
XMRUSD,LONG,2023-01-19,165.48629760742188,152.2616154041019,191.93566201406185,533,False,True,2023-02-09,152.2616154041019,LOSS,21.0,crypto
XMRUSD,LONG,2023-03-17,153.91053771972656,139.23251039288513,183.26659237340942,590,False,False,2023-06-05,139.23251039288513,LOSS,80.0,crypto
XMRUSD,SHORT,2023-07-24,160.86376953125,170.7161017618326,141.15910507008482,719,True,False,2023-08-17,141.15910507008482,WIN,24.0,crypto
XMRUSD,LONG,2023-11-24,170.45811462402344,159.79160145625667,191.79114095955697,842,False,False,2024-01-03,159.79160145625667,LOSS,40.0,crypto
XMRUSD,LONG,2024-01-31,163.8624725341797,148.99681266721396,193.59379226811114,910,False,False,2024-02-06,148.99681266721396,LOSS,6.0,crypto
XMRUSD,SHORT,2024-03-19,133.99168395996094,150.6390964811414,100.69685891760003,958,False,False,2024-06-01,150.6390964811414,LOSS,74.0,crypto
XMRUSD,LONG,2024-06-22,166.76055908203125,151.08977522361798,198.1021267988578,1053,False,True,2024-07-05,151.08977522361798,LOSS,13.0,crypto
XMRUSD,LONG,2024-07-18,160.9556427001953,148.87148147724105,185.12396514610384,1079,False,True,2024-08-03,148.87148147724105,LOSS,16.0,crypto
XMRUSD,LONG,2024-08-20,159.4385528564453,147.1800454973322,183.95556757467153,1112,False,True,2024-10-01,147.1800454973322,LOSS,42.0,crypto
XMRUSD,LONG,2024-10-17,157.62738037109375,144.84317607769097,183.1957889578993,1170,False,False,2024-11-14,144.84317607769097,LOSS,28.0,crypto
XMRUSD,LONG,2024-12-20,196.52244567871094,157.70133898142763,274.16465907327756,1234,False,True,2025-04-28,274.16465907327756,WIN,129.0,crypto
XMRUSD,LONG,2025-07-06,319.38385009765625,289.6425365943107,378.8664771043474,1432,False,False,2025-08-05,289.6425365943107,LOSS,30.0,crypto
XMRUSD,SHORT,2025-08-19,260.9593200683594,295.64197603744236,191.5940081301934,1476,False,True,2025-09-14,295.64197603744236,LOSS,26.0,crypto
XMRUSD,SHORT,2025-10-17,291.2266540527344,330.9878092890777,211.70434358004775,1535,True,True,2025-10-23,330.9878092890777,LOSS,6.0,crypto
XMRUSD,SHORT,2025-11-21,336.1737365722656,399.3122636588083,209.89668239918024,1570,True,True,2025-11-23,399.3122636588083,LOSS,2.0,crypto
XMRUSD,LONG,2025-11-26,398.25518798828125,338.0013683025941,518.7628273596556,1575,False,True,2026-01-11,518.7628273596556,WIN,46.0,crypto
XMRUSD,SHORT,2026-02-26,342.6136474609375,395.4289535858591,236.98303521109426,1667,False,True,2026-04-26,395.4289535858591,LOSS,59.0,crypto
XMRUSD,SHORT,2026-05-18,383.3985595703125,417.09673033371416,316.0022180435092,1748,True,True,2026-05-30,417.09673033371416,LOSS,12.0,crypto
XMRUSD,SHORT,2026-05-31,367.1900329589844,412.8939953465247,275.7821081839037,1761,False,False,2026-06-12,412.8939953465247,LOSS,12.0,crypto
XMRUSD,SHORT,2026-06-13,338.373046875,404.88804909735745,205.3430424302851,1774,False,False,,,OPEN,,crypto
GOLD,SHORT,2022-06-21,1834.5999755859375,1881.968793779392,1739.8623391990286,221,False,False,2022-07-06,1739.8623391990286,WIN,10.0,metals
GOLD,SHORT,2022-08-25,1757.699951171875,1789.4743555632276,1694.1511423891698,267,False,False,2022-09-01,1694.1511423891698,WIN,5.0,metals
GOLD,SHORT,2022-10-28,1639.5999755859375,1677.1825890999314,1564.4347485579497,312,False,False,2022-11-07,1677.1825890999314,LOSS,6.0,metals
GOLD,LONG,2023-04-20,2007.5999755859375,1954.2244254634206,2114.3510758309712,430,False,False,2023-05-25,1954.2244254634206,LOSS,25.0,metals
GOLD,SHORT,2023-08-02,1937.4000244140625,1970.7522120516949,1870.6956491387978,501,False,False,2023-09-28,1870.6956491387978,WIN,40.0,metals
GOLD,SHORT,2023-10-12,1869.300048828125,1900.413175843891,1807.0737947965931,551,False,True,2023-10-13,1900.413175843891,LOSS,1.0,metals
GOLD,LONG,2024-01-04,2042.300048828125,1999.649113387738,2127.601919708899,608,False,True,2024-02-13,1999.649113387738,LOSS,27.0,metals
GOLD,LONG,2024-02-23,2038.5999755859375,2003.9329322692106,2107.9340622193913,642,False,False,2024-03-04,2107.9340622193913,WIN,6.0,metals
GOLD,LONG,2024-04-24,2324.5,2256.652526063898,2460.1949478722036,684,False,True,2024-07-16,2460.1949478722036,WIN,56.0,metals
GOLD,LONG,2024-10-10,2620.60009765625,2571.5099359623296,2718.780421044091,801,False,True,2024-10-18,2718.780421044091,WIN,6.0,metals
GOLD,LONG,2024-12-10,2697.60009765625,2634.136457426575,2824.5273781156,843,False,False,2024-12-17,2634.136457426575,LOSS,5.0,metals
GOLD,SHORT,2025-01-06,2638.39990234375,2697.806196370505,2519.58731429024,860,False,False,2025-01-10,2697.806196370505,LOSS,4.0,metals
GOLD,LONG,2025-03-11,2912.89990234375,2839.9583173504743,3058.7830723303014,904,False,False,2025-03-27,3058.7830723303014,WIN,12.0,metals
GOLD,LONG,2025-05-05,3311.300048828125,3169.153655828367,3595.592834827641,942,False,True,2025-05-15,3169.153655828367,LOSS,8.0,metals
GOLD,LONG,2025-05-29,3317.10009765625,3184.7527555910565,3581.794781786637,959,False,False,2025-09-03,3581.794781786637,WIN,67.0,metals
GOLD,LONG,2025-11-10,4111.7998046875,3955.1123573784193,4425.174699305661,1074,False,True,2025-12-22,4425.174699305661,WIN,29.0,metals
GOLD,LONG,2026-02-03,4903.7001953125,4522.479157576817,5666.1422707838665,1131,False,True,2026-03-23,4522.479157576817,LOSS,33.0,metals
GOLD,SHORT,2026-06-01,4475.2001953125,4634.938928120289,4155.722729696921,1212,False,False,2026-06-10,4155.722729696921,WIN,7.0,metals
GOLD,SHORT,2026-07-06,4155.10009765625,4340.595465813196,3784.109361342358,1235,False,True,,,OPEN,,metals
SILVER,SHORT,2022-06-21,21.753999710083008,22.562321348329977,20.13735643358907,221,False,False,2022-07-01,20.13735643358907,WIN,8.0,metals
SILVER,LONG,2022-10-26,19.479999542236328,18.46829153702027,21.503415552668443,310,False,False,2022-11-08,21.503415552668443,WIN,9.0,metals
SILVER,LONG,2023-01-06,23.82200050354004,22.755101180367618,25.955799149884882,359,False,True,2023-02-03,22.755101180367618,LOSS,19.0,metals
SILVER,SHORT,2023-07-06,22.68600082397461,23.43146862682449,21.19506521827485,482,False,False,2023-07-12,23.43146862682449,LOSS,4.0,metals
SILVER,SHORT,2023-10-12,21.79199981689453,22.573010112670165,20.229979225343264,551,False,False,2023-10-13,22.573010112670165,LOSS,1.0,metals
SILVER,SHORT,2023-11-10,22.21500015258789,22.98754855429033,20.66990334918301,572,False,False,2023-11-14,22.98754855429033,LOSS,2.0,metals
SILVER,LONG,2024-02-01,23.1299991607666,22.429367936232065,24.531261609835674,627,False,False,2024-02-05,22.429367936232065,LOSS,2.0,metals
SILVER,LONG,2024-04-23,27.33099937438965,26.202425861180178,29.58814640080859,683,False,True,2024-05-02,26.202425861180178,LOSS,7.0,metals
SILVER,LONG,2024-06-03,30.641000747680664,29.055498889470055,33.81200446410188,711,False,True,2024-06-13,29.055498889470055,LOSS,8.0,metals
SILVER,SHORT,2025-02-27,31.801000595092773,33.02698573704061,29.349030311197097,896,False,False,2025-03-06,33.02698573704061,LOSS,5.0,metals
SILVER,LONG,2025-04-17,32.41999816894531,30.689195526228023,35.88160345437989,931,False,False,2025-06-05,35.88160345437989,WIN,33.0,metals
SILVER,LONG,2025-07-01,36.082000732421875,34.863222556067136,38.51955708513135,981,False,False,2025-07-11,38.51955708513135,WIN,8.0,metals
SILVER,LONG,2025-08-12,37.89899826049805,36.77470154097273,40.147591699548684,1011,False,False,2025-08-29,40.147591699548684,WIN,13.0,metals
SILVER,LONG,2025-10-23,48.481998443603516,45.1078086351041,55.23037806060235,1062,False,True,2025-11-28,55.23037806060235,WIN,25.0,metals
SILVER,SHORT,2026-05-04,73.0719985961914,79.15999880510053,60.89599817837316,1193,False,False,2026-05-07,79.15999880510053,LOSS,3.0,metals
SILVER,SHORT,2026-07-31,57.590999603271484,61.04878996396759,50.67541888187927,1254,False,True,,,OPEN,,metals
PLATINUM,SHORT,2022-07-28,871.9000244140625,903.6020657286912,808.4959417848052,247,False,False,2022-08-04,903.6020657286912,LOSS,5.0,metals
PLATINUM,LONG,2022-10-13,906.7999877929688,869.9601907735346,980.4795818318371,301,False,False,2022-10-26,980.4795818318371,WIN,9.0,metals
PLATINUM,LONG,2022-12-29,1049.699951171875,1011.0312820083209,1127.0372894989832,354,False,False,2023-01-27,1011.0312820083209,LOSS,19.0,metals
PLATINUM,SHORT,2023-10-18,884.5999755859375,909.8409414481664,834.1180438614797,555,False,False,2023-10-30,909.8409414481664,LOSS,8.0,metals
PLATINUM,LONG,2024-04-18,945.2999877929688,915.5859548401911,1004.728053698524,680,False,False,2024-04-23,915.5859548401911,LOSS,3.0,metals
PLATINUM,LONG,2024-06-28,1001.9000244140625,968.494504743267,1068.7110637556534,729,False,False,2024-07-19,968.494504743267,LOSS,14.0,metals
PLATINUM,SHORT,2025-01-06,929.2999877929688,957.8253000892003,872.2493632005057,860,False,False,2025-01-07,957.8253000892003,LOSS,1.0,metals
PLATINUM,LONG,2025-05-01,964.7999877929688,938.2304376602441,1017.9390880584181,940,False,False,2025-05-20,1017.9390880584181,WIN,13.0,metals
PLATINUM,LONG,2025-10-20,1634.9000244140625,1536.5898984451505,1831.5202763518864,1059,False,True,2025-10-21,1536.5898984451505,LOSS,1.0,metals
PLATINUM,SHORT,2025-11-19,1546.9000244140625,1608.483676239873,1423.7327207624417,1081,False,False,2025-11-28,1608.483676239873,LOSS,6.0,metals
PLATINUM,SHORT,2026-07-16,1635.699951171875,1706.0146441969034,1495.0705651218182,1243,False,True,2026-08-04,1706.0146441969034,LOSS,13.0,metals
PALLADIUM,LONG,2022-09-19,2203.89990234375,2071.864091825648,2467.9715233799543,283,False,False,2022-09-23,2071.864091825648,LOSS,4.0,metals
PALLADIUM,SHORT,2022-11-30,1845.0,1944.1280536988083,1646.7438926023833,334,False,False,2022-12-09,1944.1280536988083,LOSS,7.0,metals
PALLADIUM,SHORT,2023-08-30,1216.9000244140625,1265.6149983047405,1119.4700766327064,521,False,False,2023-09-20,1265.6149983047405,LOSS,14.0,metals
PALLADIUM,LONG,2024-09-05,934.7000122070312,894.7988230458466,1014.5023905294006,776,False,False,2024-09-12,1014.5023905294006,WIN,5.0,metals
PALLADIUM,SHORT,2025-03-10,939.7999877929688,974.4871251237747,870.4257131313568,903,False,False,2025-03-14,974.4871251237747,LOSS,4.0,metals
PALLADIUM,LONG,2025-09-08,1139.4000244140625,1088.7825225435038,1240.63502815518,1028,False,False,2025-09-12,1240.63502815518,WIN,4.0,metals
PALLADIUM,LONG,2025-09-22,1193.699951171875,1139.7352375323424,1301.6293784509403,1038,False,False,2025-10-06,1301.6293784509403,WIN,10.0,metals
PALLADIUM,LONG,2025-12-30,1706.699951171875,1540.5974732601826,2038.9049069952598,1107,False,True,2026-01-26,2038.9049069952598,WIN,17.0,metals
PALLADIUM,LONG,2026-02-27,1792.199951171875,1648.6395388241579,2079.3207758673093,1147,False,False,2026-03-03,1648.6395388241579,LOSS,2.0,metals
PALLADIUM,SHORT,2026-05-04,1474.699951171875,1543.6501154542402,1336.7996226071446,1192,False,False,2026-05-06,1543.6501154542402,LOSS,2.0,metals
NAS100,SHORT,2022-06-28,11637.76953125,12380.265605312441,10152.777383125118,225,False,False,2022-07-20,12380.265605312441,LOSS,15.0,indices
NAS100,LONG,2022-10-25,11669.990234375,11030.129002696576,12949.712697731848,308,False,True,2022-11-02,11030.129002696576,LOSS,6.0,indices
NAS100,SHORT,2022-11-09,10797.5498046875,11401.85318276612,9588.943048530258,319,False,False,2022-11-10,11401.85318276612,LOSS,1.0,indices
NAS100,SHORT,2022-12-09,11563.330078125,12057.977582497519,10574.035069379963,340,False,False,2022-12-13,12057.977582497519,LOSS,2.0,indices
NAS100,LONG,2023-01-20,11619.0302734375,11136.590401417445,12583.91001747761,367,False,False,2023-02-02,12583.91001747761,WIN,9.0,indices
NAS100,LONG,2023-02-17,12358.1796875,11843.079519542776,13388.380023414447,387,False,True,2023-03-02,11843.079519542776,LOSS,8.0,indices
NAS100,LONG,2023-03-08,12215.330078125,11769.140130955357,13107.709972464287,399,False,False,2023-03-13,11769.140130955357,LOSS,3.0,indices
NAS100,LONG,2023-04-21,13000.76953125,12609.980055318623,13782.348483112753,430,False,False,2023-05-18,13782.348483112753,WIN,19.0,indices
NAS100,LONG,2023-08-30,15462.4296875,14990.412947887336,16406.463166725327,520,False,False,2023-09-20,14990.412947887336,LOSS,14.0,indices
NAS100,LONG,2024-01-17,16736.279296875,16344.677380892505,17519.48312883999,615,False,True,2024-01-24,17519.48312883999,WIN,5.0,indices
NAS100,LONG,2024-03-12,18219.109375,17732.31628188217,19192.69556123566,653,False,False,2024-04-15,17732.31628188217,LOSS,23.0,indices
NAS100,SHORT,2024-04-30,17440.689453125,17993.080180565365,16335.90799824427,687,True,False,2024-05-06,17993.080180565365,LOSS,4.0,indices
NAS100,LONG,2024-08-15,19490.150390625,18630.872644025872,21208.705883823255,761,False,True,2024-09-06,18630.872644025872,LOSS,15.0,indices
NAS100,SHORT,2024-11-04,19963.599609375,20499.795726511762,18891.207375101476,817,False,False,2024-11-06,20499.795726511762,LOSS,2.0,indices
NAS100,LONG,2024-12-23,21503.169921875,20862.24199131058,22785.02578300384,851,False,False,2025-01-02,20862.24199131058,LOSS,6.0,indices
NAS100,LONG,2025-01-28,21463.0390625,20716.75253535922,22955.612116781558,873,False,False,2025-02-27,20716.75253535922,LOSS,21.0,indices
NAS100,SHORT,2025-03-26,19916.990234375,20762.193690133983,18226.583322857034,913,False,True,2025-04-04,18226.583322857034,WIN,7.0,indices
NAS100,SHORT,2025-04-10,18343.5703125,19960.272057728656,15110.166822042687,924,False,True,2025-05-01,19960.272057728656,LOSS,14.0,indices
NAS100,LONG,2025-08-04,23188.609375,22671.300010883722,24223.228103232555,1002,False,True,2025-09-15,24223.228103232555,WIN,29.0,indices
NAS100,LONG,2025-10-13,24750.25,24126.09277241216,25998.564455175678,1051,False,False,2025-10-28,25998.564455175678,WIN,11.0,indices
NAS100,LONG,2025-11-10,25611.740234375,24824.024114416323,27187.172474292354,1071,False,False,2025-11-14,24824.024114416323,LOSS,4.0,indices
NAS100,LONG,2025-12-11,25686.689453125,24928.425401759778,27203.217555855445,1093,False,False,2025-12-16,24928.425401759778,LOSS,3.0,indices
NAS100,SHORT,2026-02-11,25201.259765625,26000.680588364077,23602.418120146845,1134,False,False,2026-03-26,23602.418120146845,WIN,30.0,indices
NAS100,LONG,2026-07-06,29697.869140625,28370.020093860305,32353.56723415439,1232,False,False,2026-07-17,28370.020093860305,LOSS,9.0,indices
US30,SHORT,2022-06-28,30946.990234375,32275.287682487495,28290.39533815001,225,False,False,2022-07-27,32275.287682487495,LOSS,20.0,indices
US30,SHORT,2022-08-26,32283.400390625,33196.878278896336,30456.444614082327,267,False,False,2022-09-21,30456.444614082327,WIN,17.0,indices
US30,LONG,2022-12-07,33597.921875,32601.419438362744,35590.92674827451,338,False,True,2022-12-19,32601.419438362744,LOSS,8.0,indices
US30,LONG,2023-01-26,33949.41015625,33014.36917553003,35819.49211768994,371,False,False,2023-02-22,33014.36917553003,LOSS,18.0,indices
US30,SHORT,2023-03-28,32394.25,33348.73655154841,30485.276896903175,413,False,False,2023-04-03,33348.73655154841,LOSS,4.0,indices
US30,SHORT,2023-05-09,33561.80859375,34274.05233364561,32137.32111395878,442,True,False,2023-06-13,34274.05233364561,LOSS,24.0,indices
US30,LONG,2023-06-27,33926.73828125,33317.29713654128,35145.62057066744,475,False,False,2023-07-19,35145.62057066744,WIN,15.0,indices
US30,LONG,2023-08-11,35281.3984375,34641.54036628903,36561.11457992194,507,False,True,2023-08-17,34641.54036628903,LOSS,4.0,indices
US30,SHORT,2023-09-13,34575.53125,35162.03279436084,33402.528161278315,529,False,False,2023-09-27,33402.528161278315,WIN,10.0,indices
US30,SHORT,2023-10-12,33631.140625,34329.42513700388,32234.571600992247,550,False,False,2023-11-13,34329.42513700388,LOSS,22.0,indices
US30,LONG,2024-01-18,37468.609375,36862.164813332754,38681.49849833449,616,False,True,2024-02-02,38681.49849833449,WIN,11.0,indices
US30,LONG,2024-02-14,38424.26953125,37782.22109544013,39708.36640286974,635,False,True,2024-03-21,39708.36640286974,WIN,25.0,indices
US30,SHORT,2024-04-24,38460.921875,39234.059528787475,36914.64656742505,683,True,True,2024-05-09,39234.059528787475,LOSS,11.0,indices
US30,SHORT,2024-06-07,38798.98828125,39528.14649375297,37340.671856244066,714,False,False,2024-06-24,39528.14649375297,LOSS,10.0,indices
US30,LONG,2024-11-19,43268.94140625,42390.90470953026,45025.01479968948,828,False,False,2024-11-29,45025.01479968948,WIN,7.0,indices
US30,SHORT,2025-03-03,43191.23828125,44283.241321370544,41007.23220100891,896,False,False,2025-03-13,41007.23220100891,WIN,8.0,indices
US30,SHORT,2025-03-27,42299.69921875,43452.48166825536,39994.134319739285,914,False,True,2025-04-04,39994.134319739285,WIN,6.0,indices
US30,SHORT,2025-04-15,40368.9609375,42719.21553482316,35668.45174285368,927,False,True,2025-05-19,42719.21553482316,LOSS,23.0,indices
US30,SHORT,2025-06-20,42206.8203125,43192.53796020093,40235.385017098146,972,False,False,2025-06-26,43192.53796020093,LOSS,4.0,indices
US30,LONG,2025-07-16,44254.78125,43376.98426043999,46010.37522912002,989,False,True,2025-08-01,43376.98426043999,LOSS,12.0,indices
US30,LONG,2025-09-02,45295.80859375,44506.77005691027,46873.885667429466,1022,False,False,2025-10-03,46873.885667429466,WIN,23.0,indices
US30,LONG,2025-10-20,46706.578125,45671.198963410265,48777.33644817947,1056,False,False,2025-12-12,48777.33644817947,WIN,38.0,indices
US30,LONG,2026-01-02,48382.390625,47523.17002880096,50100.83181739808,1107,False,False,2026-02-06,50100.83181739808,WIN,24.0,indices
US30,LONG,2026-02-13,49500.9296875,48263.25864262833,51976.27177724334,1136,False,False,2026-03-03,48263.25864262833,LOSS,11.0,indices
US30,SHORT,2026-04-07,46584.4609375,47965.55296195819,43822.27688858363,1171,False,True,2026-04-08,47965.55296195819,LOSS,1.0,indices
US30,LONG,2026-07-14,52508.26953125,51357.04074817601,54810.727097397976,1238,False,True,,,OPEN,,indices
SPX500,SHORT,2022-06-28,3821.550048828125,4012.7490292369885,3439.152088010398,225,False,False,2022-07-27,4012.7490292369885,LOSS,20.0,indices
SPX500,SHORT,2022-08-26,4057.659912109375,4189.6415985360245,3793.696539256076,267,False,False,2022-09-21,3793.696539256076,WIN,17.0,indices
SPX500,LONG,2022-10-24,3797.340087890625,3619.025239000267,4153.969785671341,307,True,True,2023-02-02,4153.969785671341,WIN,69.0,indices
SPX500,LONG,2023-02-17,4079.090087890625,3960.8281687064473,4315.61392625898,387,False,False,2023-02-24,3960.8281687064473,LOSS,4.0,indices
SPX500,LONG,2023-03-29,4027.81005859375,3901.680531070955,4280.06911363934,414,False,False,2023-06-02,4280.06911363934,WIN,45.0,indices
SPX500,LONG,2023-08-07,4518.43994140625,4436.373831970021,4682.572160278709,503,False,True,2023-08-15,4436.373831970021,LOSS,6.0,indices
SPX500,LONG,2023-08-30,4514.8701171875,4419.313150606963,4705.984050348574,520,False,False,2023-09-19,4419.313150606963,LOSS,13.0,indices
SPX500,SHORT,2023-09-20,4402.2001953125,4485.213327381346,4236.173931174808,534,False,False,2023-10-03,4236.173931174808,WIN,9.0,indices
SPX500,SHORT,2023-10-19,4278.0,4388.424637446738,4057.150725106523,555,False,False,2023-11-08,4388.424637446738,LOSS,14.0,indices
SPX500,LONG,2024-01-05,4697.240234375,4621.0195772765865,4849.681548571827,608,False,True,2024-01-22,4849.681548571827,WIN,10.0,indices
SPX500,LONG,2024-04-05,5204.33984375,5107.945046526203,5397.129438197593,670,False,False,2024-04-12,5107.945046526203,LOSS,5.0,indices
SPX500,LONG,2024-07-22,5564.41015625,5460.1593569437,5772.9117548626,743,False,True,2024-07-24,5460.1593569437,LOSS,2.0,indices
SPX500,SHORT,2024-09-06,5408.419921875,5561.933011401878,5101.393742821245,776,True,False,2024-09-12,5561.933011401878,LOSS,4.0,indices
SPX500,SHORT,2025-03-26,5712.2001953125,5893.548785072713,5349.503015792074,913,False,True,2025-04-04,5349.503015792074,WIN,7.0,indices
SPX500,SHORT,2025-04-23,5375.85986328125,5719.544840978999,4688.4899078857525,932,False,True,2025-05-08,5719.544840978999,LOSS,11.0,indices
SPX500,LONG,2025-08-04,6329.93994140625,6212.666248758437,6564.487326701876,1002,False,True,2025-09-11,6564.487326701876,WIN,27.0,indices
SPX500,LONG,2025-10-13,6654.72021484375,6526.9249862442675,6910.310672042715,1051,False,True,2025-10-28,6910.310672042715,WIN,11.0,indices
SPX500,LONG,2025-11-05,6796.2900390625,6656.748225698808,7075.373665789884,1068,False,False,2025-11-07,6656.748225698808,LOSS,2.0,indices
SPX500,LONG,2025-11-10,6832.43017578125,6680.558214479648,7136.174098384454,1071,False,False,2025-11-14,6680.558214479648,LOSS,4.0,indices
SPX500,LONG,2026-01-05,6902.0498046875,6780.90817502768,7144.33306400714,1108,False,False,2026-02-05,6780.90817502768,LOSS,22.0,indices
SPX500,SHORT,2026-02-23,6837.75,6999.842160825827,6513.565678348346,1141,False,False,2026-03-20,6513.565678348346,WIN,19.0,indices
SPX500,LONG,2026-06-18,7500.580078125,7303.010156759603,7895.719920855794,1222,False,False,2026-06-26,7303.010156759603,LOSS,5.0,indices
SPX500,LONG,2026-07-06,7537.43017578125,7350.194243070273,7911.902041203204,1232,False,False,2026-07-29,7350.194243070273,LOSS,17.0,indices
DAX40,LONG,2022-12-12,14306.6298828125,13975.42424359855,14969.041161240399,349,False,True,2022-12-16,13975.42424359855,LOSS,4.0,indices
DAX40,LONG,2023-02-22,15399.8896484375,15059.640252815558,16080.388439681385,400,False,True,2023-03-13,15059.640252815558,LOSS,13.0,indices
DAX40,LONG,2023-03-30,15522.400390625,15006.790401701237,16553.620368472526,426,False,False,2023-10-04,15006.790401701237,LOSS,131.0,indices
DAX40,SHORT,2023-10-13,15186.66015625,15556.085056038002,14447.810356673996,564,False,False,2023-11-14,15556.085056038002,LOSS,22.0,indices
DAX40,LONG,2024-01-04,16617.2890625,16330.548436648714,17190.77031420257,620,False,True,2024-02-16,17190.77031420257,WIN,31.0,indices
DAX40,LONG,2024-04-26,18161.009765625,17753.60144906227,18975.82639875046,699,False,True,2024-08-02,17753.60144906227,LOSS,69.0,indices
DAX40,SHORT,2024-09-10,18265.919921875,18662.976755313757,17471.806254997486,795,False,False,2024-09-13,18662.976755313757,LOSS,3.0,indices
DAX40,LONG,2024-11-27,19261.75,18784.878064665256,20215.49387066949,851,False,False,2024-12-04,20215.49387066949,WIN,5.0,indices
DAX40,LONG,2025-01-06,20216.189453125,19842.686997245353,20963.194364884293,874,False,False,2025-01-20,20963.194364884293,WIN,10.0,indices
DAX40,LONG,2025-03-12,22676.41015625,21823.15065646927,24382.929155811456,921,False,True,2025-04-03,21823.15065646927,LOSS,16.0,indices
DAX40,SHORT,2025-06-25,23498.330078125,24142.49752034565,22209.995193683702,993,True,False,2025-07-08,24142.49752034565,LOSS,9.0,indices
DAX40,SHORT,2025-08-28,24039.919921875,24513.747314461318,23092.265136702365,1039,False,False,2025-10-03,24513.747314461318,LOSS,26.0,indices
DAX40,SHORT,2025-10-31,23958.30078125,24433.715619477316,23007.471104795368,1085,False,False,2025-11-12,24433.715619477316,LOSS,8.0,indices
DAX40,SHORT,2025-11-13,24041.619140625,24628.83789136323,22867.18163914854,1094,False,False,2026-01-02,24628.83789136323,LOSS,31.0,indices
DAX40,LONG,2026-02-10,24987.849609375,24422.531883210642,26118.485061703715,1152,False,False,2026-03-03,24422.531883210642,LOSS,15.0,indices
DAX40,SHORT,2026-04-07,22921.58984375,23942.62059943259,20879.52833238482,1190,False,True,2026-04-08,23942.62059943259,LOSS,1.0,indices
DAX40,SHORT,2026-06-09,24433.060546875,25154.96356449591,22989.254511633182,1234,False,False,2026-06-19,25154.96356449591,LOSS,8.0,indices
DAX40,LONG,2026-06-23,24893.580078125,24217.688750258516,26245.362733857968,1244,False,False,2026-08-04,26245.362733857968,WIN,30.0,indices
FTSE100,SHORT,2022-06-30,7169.2998046875,7409.488490345336,6688.922433371828,227,False,True,2022-07-29,7409.488490345336,LOSS,21.0,indices
FTSE100,SHORT,2022-08-30,7361.60009765625,7517.423553729033,7049.953185510683,269,False,False,2022-09-23,7049.953185510683,WIN,17.0,indices
FTSE100,SHORT,2022-10-19,6925.0,7149.900254294402,6475.1994914111965,304,False,True,2022-11-01,7149.900254294402,LOSS,9.0,indices
FTSE100,LONG,2022-12-29,7512.7001953125,7362.318095052602,7813.464395832296,353,False,False,2023-01-13,7813.464395832296,WIN,10.0,indices
FTSE100,LONG,2023-02-27,7935.10009765625,7804.146354611942,8197.007583744866,394,False,False,2023-03-10,7804.146354611942,LOSS,9.0,indices
FTSE100,SHORT,2023-05-04,7702.60009765625,7846.558526710188,7414.683239548374,439,False,False,2023-06-26,7414.683239548374,WIN,35.0,indices
FTSE100,SHORT,2023-07-03,7527.2998046875,7655.3345459299135,7271.230322202673,479,False,False,2023-07-06,7271.230322202673,WIN,3.0,indices
FTSE100,SHORT,2023-07-14,7434.60009765625,7575.627268125455,7152.54575671784,488,False,False,2023-07-19,7575.627268125455,LOSS,3.0,indices
FTSE100,SHORT,2023-08-11,7524.2001953125,7672.121082058112,7228.358421821276,508,False,False,2023-08-18,7228.358421821276,WIN,5.0,indices
FTSE100,SHORT,2023-10-03,7470.2001953125,7632.791491317064,7145.017603303371,544,False,False,2023-10-10,7632.791491317064,LOSS,5.0,indices
FTSE100,SHORT,2023-11-03,7417.7001953125,7583.4976113403745,7086.105363256751,567,False,False,2023-12-12,7583.4976113403745,LOSS,27.0,indices
FTSE100,LONG,2024-01-08,7694.2001953125,7560.725812631832,7961.148960673836,610,False,True,2024-01-16,7560.725812631832,LOSS,6.0,indices
FTSE100,LONG,2024-03-01,7682.5,7562.995644744667,7921.508710510667,649,False,False,2024-03-22,7921.508710510667,WIN,15.0,indices
FTSE100,LONG,2024-06-24,8281.599609375,8136.139661296386,8572.519505532227,726,False,False,2024-07-02,8136.139661296386,LOSS,6.0,indices
FTSE100,LONG,2024-07-26,8285.7001953125,8132.392229141513,8592.316127654474,750,False,False,2024-08-05,8132.392229141513,LOSS,6.0,indices
FTSE100,SHORT,2024-10-08,8190.60009765625,8338.022155576271,7895.755981816208,801,False,False,2024-10-16,8338.022155576271,LOSS,6.0,indices
FTSE100,SHORT,2024-10-25,8248.7998046875,8385.692930773224,7975.013552516051,814,False,False,2024-12-03,8385.692930773224,LOSS,27.0,indices
FTSE100,LONG,2025-02-25,8668.7001953125,8532.660337075682,8940.779911786136,898,False,True,2025-03-11,8532.660337075682,LOSS,10.0,indices
FTSE100,LONG,2025-03-25,8663.7998046875,8504.97286702348,8981.45368001554,918,False,False,2025-04-03,8504.97286702348,LOSS,7.0,indices
FTSE100,LONG,2025-04-23,8403.2001953125,8082.984979785093,9043.630626367314,937,False,True,2025-07-23,9043.630626367314,WIN,63.0,indices
FTSE100,LONG,2025-09-01,9196.2998046875,9071.52284318368,9445.85372769514,1027,False,True,2025-10-01,9445.85372769514,WIN,22.0,indices
FTSE100,LONG,2025-10-16,9436.099609375,9303.388752768968,9701.521322587065,1060,False,True,2025-10-17,9303.388752768968,LOSS,1.0,indices
FTSE100,LONG,2025-10-20,9403.599609375,9259.209173704492,9692.380480716016,1062,False,False,2025-10-28,9692.380480716016,WIN,6.0,indices
FTSE100,LONG,2025-12-11,9703.2001953125,9556.950537020552,9995.699511896397,1100,False,False,2026-01-02,9995.699511896397,WIN,13.0,indices
FTSE100,SHORT,2026-04-27,10321.099609375,10576.866542253423,9809.565743618154,1192,False,False,2026-06-30,10576.866542253423,LOSS,44.0,indices
NIKKEI225,SHORT,2022-06-30,26393.0390625,27264.935592073572,24649.246003352855,221,False,False,2022-07-20,27264.935592073572,LOSS,13.0,indices
NIKKEI225,LONG,2022-10-20,27006.9609375,26162.55602312104,28695.77076625792,296,False,False,2022-12-23,26162.55602312104,LOSS,44.0,indices
NIKKEI225,SHORT,2023-01-19,26405.23046875,27110.600046307452,24994.491313635095,356,False,False,2023-01-24,27110.600046307452,LOSS,3.0,indices
NIKKEI225,LONG,2023-03-29,27883.779296875,27221.244959200743,29208.847972223513,403,False,False,2023-05-02,29208.847972223513,WIN,24.0,indices
NIKKEI225,LONG,2023-06-26,32698.810546875,31693.16119739311,34710.10924583878,463,False,True,2023-08-17,31693.16119739311,LOSS,36.0,indices
NIKKEI225,SHORT,2023-09-26,32315.05078125,33085.058605999184,30775.035131751632,526,False,False,2023-10-04,30775.035131751632,WIN,6.0,indices
NIKKEI225,SHORT,2023-10-19,31430.619140625,32388.37454567433,29515.10833052634,542,False,False,2023-11-06,32388.37454567433,LOSS,11.0,indices
NIKKEI225,SHORT,2023-12-08,32307.859375,33228.28379462646,30467.010535747075,576,False,False,2023-12-20,33228.28379462646,LOSS,8.0,indices
NIKKEI225,LONG,2024-03-12,38797.51171875,37704.400376921,40983.734402407994,637,False,True,2024-03-22,40983.734402407994,WIN,7.0,indices
NIKKEI225,SHORT,2024-05-30,38054.12890625,39145.63026495508,35871.126188839844,690,False,False,2024-06-11,39145.63026495508,LOSS,8.0,indices
NIKKEI225,SHORT,2024-06-19,38570.76171875,39540.60395898747,36631.07723827506,704,False,False,2024-06-26,39540.60395898747,LOSS,5.0,indices
NIKKEI225,SHORT,2024-11-18,38220.8515625,39513.28429309234,35635.98610131531,806,False,False,2024-12-05,39513.28429309234,LOSS,13.0,indices
NIKKEI225,SHORT,2024-12-24,39036.8515625,40003.0189807318,37104.516726036396,832,False,False,2024-12-27,40003.0189807318,LOSS,3.0,indices
NIKKEI225,LONG,2025-01-07,40083.30078125,38994.87953330558,42260.143277138835,838,False,False,2025-01-14,38994.87953330558,LOSS,4.0,indices
NIKKEI225,LONG,2025-01-29,39414.78125,38305.590117613785,41633.16351477243,853,False,False,2025-02-25,38305.590117613785,LOSS,17.0,indices
NIKKEI225,SHORT,2025-03-24,37608.48828125,38656.046732624265,35513.37137850147,888,False,True,2025-04-02,35513.37137850147,WIN,7.0,indices
NIKKEI225,LONG,2025-08-05,40549.5390625,39503.494787170566,42641.62761315887,980,False,True,2025-08-12,42641.62761315887,WIN,4.0,indices
NIKKEI225,LONG,2025-09-02,42310.48828125,41203.90617460415,44523.652494541704,999,False,False,2025-09-12,44523.652494541704,WIN,8.0,indices
NIKKEI225,LONG,2025-10-02,44936.73046875,43810.97686411796,47188.23767801408,1019,False,True,2025-10-06,47188.23767801408,WIN,2.0,indices
NIKKEI225,LONG,2025-11-17,50323.91015625,48539.05580849837,53893.61885175326,1049,False,True,2025-11-19,48539.05580849837,LOSS,2.0,indices
NIKKEI225,LONG,2025-12-03,49864.6796875,48030.949735828675,53532.13959084265,1060,False,False,2026-01-13,53532.13959084265,WIN,25.0,indices
NIKKEI225,SHORT,2026-03-19,53372.53125,56256.81548938564,47603.96277122872,1130,True,True,2026-04-08,56256.81548938564,LOSS,13.0,indices
NIKKEI225,LONG,2026-06-09,65416.62890625,62291.22485016201,71667.43701842598,1183,False,True,2026-06-19,71667.43701842598,WIN,8.0,indices
NIKKEI225,LONG,2026-07-03,69744.0703125,65835.24949098617,77561.71195552766,1201,False,False,2026-07-17,65835.24949098617,LOSS,10.0,indices
WTI_OIL,SHORT,2022-06-29,109.77999877929688,119.92525443670219,89.48948746448625,227,False,False,2022-08-04,89.48948746448625,WIN,25.0,commodities
WTI_OIL,SHORT,2022-08-25,92.5199966430664,101.15679703238338,75.24639586443246,267,False,False,2022-11-21,75.24639586443246,WIN,61.0,commodities
WTI_OIL,SHORT,2022-12-02,79.9800033569336,87.36847997344991,65.20305012390097,336,False,False,2023-03-17,65.20305012390097,WIN,71.0,commodities
WTI_OIL,LONG,2023-03-31,75.66999816894531,69.94911801196845,87.11175848289903,417,False,True,2023-05-03,69.94911801196845,LOSS,22.0,commodities
WTI_OIL,SHORT,2023-07-03,69.79000091552734,74.63563270720816,60.09873733216571,480,False,False,2023-07-11,74.63563270720816,LOSS,5.0,commodities
WTI_OIL,LONG,2023-08-17,80.38999938964844,76.12373936683034,88.92251943528464,512,False,False,2023-09-12,88.92251943528464,WIN,17.0,commodities
WTI_OIL,LONG,2023-10-03,89.2300033569336,84.40321107695613,98.88358791688853,544,False,True,2023-10-04,84.40321107695613,LOSS,1.0,commodities
WTI_OIL,LONG,2023-10-19,89.37000274658203,83.61122899185627,100.88755025603356,556,False,False,2023-10-24,83.61122899185627,LOSS,3.0,commodities
WTI_OIL,SHORT,2023-11-30,75.95999908447266,81.61041703011007,64.65916319319783,585,False,True,2024-03-14,81.61041703011007,LOSS,71.0,commodities
WTI_OIL,SHORT,2024-07-22,79.77999877929688,83.30218188362467,72.73563257064129,744,True,False,2024-08-05,72.73563257064129,WIN,10.0,commodities
WTI_OIL,SHORT,2024-08-19,74.37000274658203,79.00877444310645,65.0924593535332,764,False,False,2025-01-13,79.00877444310645,LOSS,101.0,commodities
WTI_OIL,SHORT,2025-04-21,63.08000183105469,68.4938984868294,52.252208519505274,932,False,True,2025-06-12,68.4938984868294,LOSS,37.0,commodities
WTI_OIL,LONG,2025-07-07,67.93000030517578,62.34933168912254,79.09133753728226,985,False,False,2025-08-13,62.34933168912254,LOSS,27.0,commodities
WTI_OIL,LONG,2025-09-25,64.9800033569336,61.914923506730396,71.11016305733999,1042,False,False,2025-10-01,61.914923506730396,LOSS,4.0,commodities
WTI_OIL,SHORT,2025-10-09,61.5099983215332,64.58239925881661,55.365196446966394,1052,False,False,2025-12-16,55.365196446966394,WIN,47.0,commodities
WTI_OIL,SHORT,2025-12-26,56.7400016784668,59.56535618604226,51.089292663315874,1106,False,False,2026-01-09,59.56535618604226,LOSS,9.0,commodities
WTI_OIL,LONG,2026-02-03,63.209999084472656,58.88718589410834,71.85562546520129,1131,False,True,2026-03-02,71.85562546520129,WIN,18.0,commodities
WTI_OIL,LONG,2026-03-24,92.3499984741211,76.04298184517307,124.96403173201713,1165,False,True,2026-06-16,76.04298184517307,LOSS,58.0,commodities
BRENT_OIL,SHORT,2022-06-30,114.80999755859375,124.06504263857663,96.299907398628,228,True,False,2022-07-14,96.299907398628,WIN,9.0,commodities
BRENT_OIL,SHORT,2022-07-26,104.4000015258789,114.24732115612476,84.70536226538721,245,False,True,2022-09-26,84.70536226538721,WIN,43.0,commodities
BRENT_OIL,SHORT,2022-10-18,90.02999877929688,97.29072718639412,75.50854196510238,304,False,False,2022-11-04,97.29072718639412,LOSS,13.0,commodities
BRENT_OIL,SHORT,2022-11-14,93.13999938964844,99.63645256443431,80.1470930400767,323,False,False,2022-12-06,80.1470930400767,WIN,15.0,commodities
BRENT_OIL,SHORT,2022-12-22,80.9800033569336,87.56292222674028,67.81416561732021,350,False,False,2023-01-18,87.56292222674028,LOSS,16.0,commodities
BRENT_OIL,SHORT,2023-02-02,82.16999816894531,87.72426100319602,71.0614725004439,377,False,False,2023-03-20,71.0614725004439,WIN,31.0,commodities
BRENT_OIL,LONG,2023-03-31,79.7699966430664,74.34830376853945,90.61338239212031,417,False,True,2023-05-03,74.34830376853945,LOSS,22.0,commodities
BRENT_OIL,LONG,2023-06-21,77.12000274658203,72.07075782528628,87.21849258917354,472,False,False,2023-06-28,72.07075782528628,LOSS,5.0,commodities
BRENT_OIL,SHORT,2023-07-03,74.6500015258789,79.286682553672,65.37663947029273,480,False,False,2023-07-11,79.286682553672,LOSS,5.0,commodities
BRENT_OIL,LONG,2023-08-17,84.12000274658203,80.1513619708764,92.0572842979933,512,False,False,2023-09-12,92.0572842979933,WIN,17.0,commodities
BRENT_OIL,LONG,2023-10-18,91.5,86.3055559702879,101.8888880594242,555,False,False,2023-11-01,86.3055559702879,LOSS,10.0,commodities
BRENT_OIL,SHORT,2024-01-02,75.88999938964844,80.68917268771304,66.29165279351923,607,False,False,2024-01-12,80.68917268771304,LOSS,8.0,commodities
BRENT_OIL,LONG,2024-04-26,89.5,85.69001396176252,97.11997207647497,687,False,False,2024-05-01,85.69001396176252,LOSS,3.0,commodities
BRENT_OIL,LONG,2024-06-14,82.62000274658203,79.24620904836098,89.36759014302413,721,False,False,2024-07-30,79.24620904836098,LOSS,30.0,commodities
BRENT_OIL,SHORT,2024-08-14,79.76000213623047,83.83197661460555,71.6160531794803,762,False,False,2024-09-06,71.6160531794803,WIN,16.0,commodities
BRENT_OIL,SHORT,2024-09-20,74.48999786376953,78.80424262913156,65.86150833304546,788,False,True,2024-10-04,78.80424262913156,LOSS,10.0,commodities
BRENT_OIL,SHORT,2024-10-23,74.95999908447266,80.06855267035264,64.74289191271268,811,False,False,2025-01-10,80.06855267035264,LOSS,54.0,commodities
BRENT_OIL,LONG,2025-01-24,78.5,74.9906187081994,85.51876258360119,874,False,True,2025-02-04,74.9906187081994,LOSS,7.0,commodities
BRENT_OIL,SHORT,2025-04-21,66.26000213623047,71.39426279919087,55.99148081030967,933,False,True,2025-06-13,71.39426279919087,LOSS,38.0,commodities
BRENT_OIL,LONG,2025-07-08,70.1500015258789,64.98771296494981,80.4745786477371,987,False,False,2025-10-02,64.98771296494981,LOSS,61.0,commodities
BRENT_OIL,SHORT,2025-11-06,63.380001068115234,66.4931643886201,57.1536744271055,1073,False,False,2026-01-14,66.4931643886201,LOSS,46.0,commodities
BRENT_OIL,LONG,2026-02-03,67.33000183105469,62.83417127370517,76.32166294575373,1132,False,True,2026-03-02,76.32166294575373,WIN,18.0,commodities
BRENT_OIL,LONG,2026-04-02,109.02999877929688,90.752444770451,145.5851067969886,1173,False,True,2026-04-08,90.752444770451,LOSS,3.0,commodities
BRENT_OIL,LONG,2026-05-14,105.72000122070312,92.07779275210274,133.0044181579039,1202,False,False,2026-05-29,92.07779275210274,LOSS,10.0,commodities
BRENT_OIL,SHORT,2026-07-09,76.30000305175781,84.33765700752335,60.22469514022674,1239,False,True,2026-07-14,84.33765700752335,LOSS,3.0,commodities
BRENT_OIL,SHORT,2026-08-04,78.69000244140625,89.38614287828962,57.29772156763951,1257,False,True,,,OPEN,,commodities
NATGAS,SHORT,2022-07-11,6.426000118255615,7.661659434919098,3.954681484928649,234,False,True,2022-07-20,7.661659434919098,LOSS,7.0,commodities
NATGAS,SHORT,2022-09-06,8.145000457763672,9.385225432843173,5.66455050760467,274,True,True,2022-10-19,5.66455050760467,WIN,31.0,commodities
NATGAS,SHORT,2022-11-01,5.714000225067139,6.78101215982876,3.579976355543897,314,False,True,2022-11-07,6.78101215982876,LOSS,4.0,commodities
NATGAS,SHORT,2022-11-14,5.933000087738037,7.099343891827544,3.6003124795590224,323,False,False,2022-11-23,7.099343891827544,LOSS,7.0,commodities
NATGAS,SHORT,2023-03-09,2.5429999828338623,3.0521811535905936,1.5246376413203997,401,False,True,2023-10-04,3.0521811535905936,LOSS,144.0,commodities
NATGAS,SHORT,2024-01-02,2.568000078201294,2.871468131232683,1.9610639721385157,607,False,True,2024-01-05,2.871468131232683,LOSS,3.0,commodities
NATGAS,SHORT,2024-01-25,2.571000099182129,3.045529176174167,1.6219419451980528,623,False,False,2024-02-14,1.6219419451980528,WIN,14.0,commodities
NATGAS,SHORT,2024-02-29,1.8600000143051147,2.1997940698806726,1.180411903153999,647,False,False,2024-05-06,2.1997940698806726,LOSS,46.0,commodities
NATGAS,LONG,2024-06-24,2.811000108718872,2.469056748196213,3.49488682976419,726,False,True,2024-07-02,2.469056748196213,LOSS,6.0,commodities
NATGAS,LONG,2024-08-14,2.2190001010894775,1.9632889200461185,2.7304224631761955,762,False,False,2024-08-26,1.9632889200461185,LOSS,8.0,commodities
NATGAS,LONG,2024-11-04,2.7809998989105225,2.416658833095779,3.5096820305400094,819,False,False,2024-11-22,3.5096820305400094,WIN,14.0,commodities
NATGAS,LONG,2024-12-05,3.0789999961853027,2.6659941160488256,3.905011756458257,841,False,False,2024-12-23,3.905011756458257,WIN,12.0,commodities
NATGAS,LONG,2025-01-06,3.671999931335449,3.060663304110995,4.894673185784358,861,False,True,2025-01-30,3.060663304110995,LOSS,17.0,commodities
NATGAS,LONG,2025-03-03,4.122000217437744,3.5550666268010636,5.255867398711105,899,False,False,2025-04-08,3.5550666268010636,LOSS,26.0,commodities
NATGAS,SHORT,2025-04-30,3.3259999752044678,3.7756994589078254,2.4266010077977525,940,False,True,2025-05-09,3.7756994589078254,LOSS,7.0,commodities
NATGAS,SHORT,2025-05-21,3.368000030517578,3.8000972188650266,2.503805653822681,955,False,False,2025-06-06,3.8000972188650266,LOSS,11.0,commodities
NATGAS,SHORT,2025-06-30,3.4560000896453857,3.9200789031486627,2.527842462638832,981,False,False,2025-10-30,3.9200789031486627,LOSS,87.0,commodities
NATGAS,LONG,2025-12-29,4.686999797821045,4.105486225249286,5.850026942964563,1108,False,True,2025-12-30,4.105486225249286,LOSS,1.0,commodities
NATGAS,SHORT,2026-03-09,3.119999885559082,3.803610051267373,1.7527795541425002,1155,False,False,,,OPEN,,commodities
