pair,direction,entry_date,entry_price,stop_loss,take_profit,entry_bar,rsi_divergence,volume_used,exit_date,exit_price,outcome,bars_held,asset_class
AUDCAD=X,LONG,2022-02-11,0.9117599725723267,0.8977034481869943,0.9398730213429913,135,False,False,2022-03-07,0.9398730213429913,WIN,16.0,forex
AUDCAD=X,SHORT,2022-04-19,0.9270049929618835,0.9421282472665169,0.8967584843526168,182,False,False,2022-05-12,0.8967584843526168,WIN,17.0,forex
AUDCAD=X,SHORT,2022-06-14,0.8944000005722046,0.9103879497216063,0.8624241022734012,222,False,False,2022-06-17,0.9103879497216063,LOSS,3.0,forex
AUDCAD=X,LONG,2022-07-28,0.8964800238609314,0.8817408275351751,0.9259584165124439,254,True,False,2022-09-08,0.8817408275351751,LOSS,30.0,forex
AUDCAD=X,SHORT,2022-10-05,0.8796229958534241,0.8951168343431475,0.8486353188739773,303,False,False,2022-11-15,0.8951168343431475,LOSS,29.0,forex
AUDCAD=X,SHORT,2023-03-30,0.9063420295715332,0.9211677403855202,0.8766906079435592,429,False,False,2023-06-28,0.8766906079435592,WIN,64.0,forex
AUDCAD=X,SHORT,2023-09-22,0.8638399839401245,0.8759321465937299,0.8396556586329138,555,False,False,2023-10-25,0.8759321465937299,LOSS,23.0,forex
AUDCAD=X,SHORT,2024-01-16,0.8930000066757202,0.9049479879542146,0.8691040441187314,637,False,False,2024-05-03,0.9049479879542146,LOSS,78.0,forex
AUDCAD=X,LONG,2024-06-04,0.9117349982261658,0.9018469293278758,0.9315111360227457,737,False,False,2024-07-25,0.9018469293278758,LOSS,37.0,forex
AUDCAD=X,SHORT,2024-11-13,0.9104599952697754,0.925750199661949,0.8798795864854281,853,False,False,2025-04-04,0.8798795864854281,WIN,101.0,forex
AUDCAD=X,SHORT,2025-06-16,0.881600022315979,0.8948373150945719,0.8551254367587933,1003,False,False,2025-06-26,0.8948373150945719,LOSS,8.0,forex
AUDCAD=X,LONG,2025-08-14,0.9010059833526611,0.8902537952641855,0.9225103595296125,1046,False,False,2025-09-12,0.9225103595296125,WIN,21.0,forex
AUDCAD=X,SHORT,2025-11-21,0.9087600111961365,0.9193325682992971,0.8876148969898152,1117,False,False,2025-12-03,0.9193325682992971,LOSS,8.0,forex
AUDCAD=X,LONG,2025-12-04,0.9214400053024292,0.911944520577941,0.9404309747514057,1126,False,False,2025-12-16,0.911944520577941,LOSS,8.0,forex
AUDCAD=X,LONG,2026-05-07,0.9865900278091431,0.9720109494964442,1.0157481844345408,1234,False,False,,,OPEN,,forex
AUDCHF=X,SHORT,2022-01-24,0.6558799743652344,0.6683299141597658,0.6309800947761715,121,False,False,2022-02-10,0.6683299141597658,LOSS,13.0,forex
AUDCHF=X,SHORT,2022-08-18,0.6589000225067139,0.6738159102714705,0.6290682469772007,269,False,False,2022-08-30,0.6738159102714705,LOSS,8.0,forex
AUDCHF=X,SHORT,2022-12-16,0.6220719814300537,0.6378815789009903,0.5904527864881806,355,False,False,2023-01-04,0.6378815789009903,LOSS,13.0,forex
AUDCHF=X,SHORT,2023-03-07,0.6264969706535339,0.6389927715179212,0.6015053689247594,412,False,False,2023-04-11,0.6015053689247594,WIN,25.0,forex
AUDCHF=X,SHORT,2023-05-26,0.5880799889564514,0.5998948325352635,0.5644503017988272,470,False,False,2023-06-02,0.5998948325352635,LOSS,5.0,forex
AUDCHF=X,LONG,2023-06-07,0.6058520078659058,0.5933131493120578,0.6309297249736017,478,False,False,2023-06-28,0.5933131493120578,LOSS,15.0,forex
AUDCHF=X,LONG,2023-09-15,0.5763999819755554,0.5672376825300587,0.5947245808665489,550,False,False,2023-10-13,0.5672376825300587,LOSS,20.0,forex
AUDCHF=X,SHORT,2023-10-16,0.569100022315979,0.5798710972699662,0.5475578724080046,571,False,False,2023-11-01,0.5798710972699662,LOSS,12.0,forex
AUDCHF=X,SHORT,2024-02-01,0.5657899975776672,0.5753975658744775,0.5465748609840466,649,False,False,2024-02-15,0.5753975658744775,LOSS,10.0,forex
AUDCHF=X,LONG,2024-03-11,0.5812399983406067,0.5725707195355296,0.5985785559507608,676,False,False,2024-04-04,0.5985785559507608,WIN,18.0,forex
AUDCHF=X,LONG,2024-07-01,0.6008729934692383,0.591344955114859,0.6199290701779969,756,True,False,2024-07-22,0.591344955114859,LOSS,15.0,forex
AUDCHF=X,SHORT,2024-09-09,0.5629199743270874,0.5768024563405425,0.5351550103001772,806,False,False,2024-09-19,0.5768024563405425,LOSS,8.0,forex
AUDCHF=X,SHORT,2024-10-29,0.5692200064659119,0.5797792507538284,0.5481015178900788,842,False,False,2024-11-07,0.5797792507538284,LOSS,7.0,forex
AUDCHF=X,LONG,2024-11-25,0.5823000073432922,0.5716941635874081,0.6035116948550605,861,False,False,2024-11-27,0.5716941635874081,LOSS,2.0,forex
AUDCHF=X,SHORT,2024-12-05,0.5683419704437256,0.5793260093112982,0.5463738927085804,869,False,False,2024-12-25,0.5463738927085804,WIN,14.0,forex
AUDCHF=X,LONG,2025-01-16,0.5687299966812134,0.5586809110150054,0.5888281680136294,898,False,False,2025-02-03,0.5586809110150054,LOSS,12.0,forex
AUDCHF=X,LONG,2025-02-11,0.5714139938354492,0.5622392281769681,0.5897635251524114,916,False,False,2025-02-27,0.5622392281769681,LOSS,12.0,forex
AUDCHF=X,SHORT,2025-06-16,0.5274999737739563,0.5396400730888492,0.5032197751441705,1003,False,False,2026-01-22,0.5396400730888492,LOSS,156.0,forex
AUDCHF=X,LONG,2026-02-03,0.5417600274085999,0.5294526728275851,0.5663747365706293,1167,False,False,2026-04-28,0.5663747365706293,WIN,60.0,forex
AUDCHF=X,LONG,2026-05-14,0.5668110251426697,0.5594688406988048,0.5814953940303995,1239,False,False,2026-05-19,0.5594688406988048,LOSS,3.0,forex
AUDCHF=X,SHORT,2026-05-25,0.5598099827766418,0.5674372357571267,0.5445554768156722,1246,False,False,2026-07-20,0.5674372357571267,LOSS,40.0,forex
AUDJPY=X,SHORT,2022-01-24,81.7770004272461,83.66793389789082,77.99513348595664,121,False,False,2022-02-10,83.66793389789082,LOSS,13.0,forex
AUDJPY=X,LONG,2022-03-03,84.24700164794922,82.22927536601495,88.28245421181776,149,False,False,2022-03-18,88.28245421181776,WIN,11.0,forex
AUDJPY=X,SHORT,2022-07-04,92.03299713134766,95.12556317183096,85.84786505038105,236,False,False,2022-07-19,95.12556317183096,LOSS,11.0,forex
AUDJPY=X,LONG,2022-07-20,95.30599975585938,92.35590254553259,101.20619417651295,248,False,False,2022-08-01,92.35590254553259,LOSS,8.0,forex
AUDJPY=X,LONG,2022-08-30,95.72799682617188,93.39321521043027,100.39756005765508,277,False,False,2022-09-26,93.39321521043027,LOSS,19.0,forex
AUDJPY=X,SHORT,2022-11-29,92.26799774169922,94.41182919753732,87.98033483002303,342,False,False,2022-12-20,87.98033483002303,WIN,15.0,forex
AUDJPY=X,SHORT,2023-03-08,90.51599884033203,92.52929625050929,86.48940401997751,413,False,False,2023-03-24,86.48940401997751,WIN,12.0,forex
AUDJPY=X,LONG,2023-06-05,92.49700164794922,90.14458532423367,97.20183429538031,476,False,False,2023-06-16,97.20183429538031,WIN,9.0,forex
AUDJPY=X,SHORT,2023-07-12,93.78199768066406,96.12842857738067,89.08913588723084,503,False,False,2023-09-29,96.12842857738067,LOSS,57.0,forex
AUDJPY=X,LONG,2023-11-01,95.89099884033203,94.00222157621532,99.66855336856545,583,False,False,2024-03-21,99.66855336856545,WIN,101.0,forex
AUDJPY=X,LONG,2024-06-19,105.12699890136719,103.2639366022133,108.85312349967495,748,False,False,2024-07-10,108.85312349967495,WIN,15.0,forex
AUDJPY=X,LONG,2024-11-07,101.33200073242188,99.07098531957378,105.85403155811807,849,False,False,2024-11-27,99.07098531957378,LOSS,14.0,forex
AUDJPY=X,SHORT,2025-01-17,96.47000122070312,98.98477501909574,91.4404536239179,899,False,False,2025-04-04,91.4404536239179,WIN,55.0,forex
AUDJPY=X,LONG,2025-07-04,95.15499877929688,93.52849924774628,98.40799784239806,1017,False,False,2025-09-12,98.40799784239806,WIN,50.0,forex
AUDJPY=X,LONG,2025-10-06,98.63300323486328,97.09002458019222,101.7189605442054,1083,False,False,2025-10-17,97.09002458019222,LOSS,9.0,forex
AUDJPY=X,LONG,2026-01-22,107.01699829101562,105.10073390152688,110.84952706999312,1159,False,False,2026-02-25,110.84952706999312,WIN,24.0,forex
AUDJPY=X,LONG,2026-06-03,114.75900268554688,113.0559421479557,118.16512376072922,1253,False,False,2026-06-08,113.0559421479557,LOSS,3.0,forex
AUDJPY=X,SHORT,2026-06-09,112.74600219726562,114.52588359357665,109.18623940464357,1257,True,False,2026-07-24,114.52588359357665,LOSS,33.0,forex
AUDNZD=X,LONG,2022-01-20,1.0642199516296387,1.053415413647357,1.085829027594202,119,False,False,2022-03-29,1.085829027594202,WIN,48.0,forex
AUDNZD=X,LONG,2022-07-26,1.1105899810791016,1.097005368687988,1.1377592058613288,252,False,False,2022-09-26,1.1377592058613288,WIN,44.0,forex
AUDNZD=X,LONG,2023-02-08,1.1015299558639526,1.0827230709797002,1.1391437256324575,393,False,False,2023-03-01,1.0827230709797002,LOSS,15.0,forex
AUDNZD=X,SHORT,2023-03-02,1.0808299779891968,1.097796037720326,1.0468978585269384,409,True,False,2023-06-06,1.097796037720326,LOSS,68.0,forex
AUDNZD=X,LONG,2023-07-26,1.0918300151824951,1.0760487555453038,1.1233925344568778,513,True,False,2023-08-01,1.0760487555453038,LOSS,4.0,forex
AUDNZD=X,LONG,2023-08-29,1.0880500078201294,1.0775567628087375,1.1090364978429132,537,False,False,2023-09-14,1.0775567628087375,LOSS,12.0,forex
AUDNZD=X,LONG,2023-09-15,1.089359998703003,1.074822816606174,1.1184343628966609,550,False,False,2023-09-26,1.074822816606174,LOSS,7.0,forex
AUDNZD=X,SHORT,2023-09-27,1.074869990348816,1.0878342342558833,1.048941502534681,558,False,False,2023-10-24,1.0878342342558833,LOSS,19.0,forex
AUDNZD=X,SHORT,2023-11-30,1.0749399662017822,1.0884077692489176,1.0480043601075115,604,False,False,2024-03-25,1.0884077692489176,LOSS,82.0,forex
AUDNZD=X,LONG,2024-04-25,1.0944980382919312,1.0852305063585073,1.113033102158779,709,False,False,2024-05-23,1.0852305063585073,LOSS,20.0,forex
AUDNZD=X,LONG,2024-06-21,1.0878900289535522,1.076929787673359,1.1098105115139387,750,False,False,2024-07-10,1.1098105115139387,WIN,13.0,forex
AUDNZD=X,LONG,2024-10-02,1.0948599576950073,1.0827596152497119,1.1190606425855982,823,False,False,2024-10-04,1.0827596152497119,LOSS,2.0,forex
AUDNZD=X,LONG,2024-11-08,1.1086299419403076,1.0959231177804032,1.1340435902601165,850,False,False,2024-12-05,1.0959231177804032,LOSS,19.0,forex
AUDNZD=X,SHORT,2025-01-30,1.1013489961624146,1.1102330172856363,1.083580953915971,908,False,False,2025-02-06,1.1102330172856363,LOSS,5.0,forex
AUDNZD=X,LONG,2025-02-11,1.1126799583435059,1.1035887926974808,1.130862289635556,916,False,False,2025-03-06,1.1035887926974808,LOSS,17.0,forex
AUDNZD=X,LONG,2025-07-07,1.0826599597930908,1.0739205728427068,1.1001387336938588,1018,False,False,2025-08-20,1.1001387336938588,WIN,32.0,forex
AUDNZD=X,LONG,2025-08-21,1.1042100191116333,1.0938851569682797,1.1248597433983405,1051,False,False,2025-09-18,1.1248597433983405,WIN,20.0,forex
AUDNZD=X,LONG,2025-12-29,1.1523900032043457,1.1417722038742277,1.1736256018645816,1142,False,False,2026-02-11,1.1736256018645816,WIN,31.0,forex
AUDNZD=X,LONG,2026-05-14,1.222762942314148,1.2101167406769182,1.2480553455886074,1239,False,False,2026-05-27,1.2101167406769182,LOSS,9.0,forex
AUDNZD=X,SHORT,2026-05-29,1.2048300504684448,1.2215762027562453,1.1713377458928438,1250,True,False,2026-06-19,1.2215762027562453,LOSS,15.0,forex
AUDUSD=X,SHORT,2022-01-25,0.715449869632721,0.7300253335263778,0.6862989418454073,122,True,False,2022-03-03,0.7300253335263778,LOSS,27.0,forex
AUDUSD=X,SHORT,2022-04-19,0.7357593774795532,0.7512568783492856,0.7047643757400885,182,False,False,2022-05-02,0.7047643757400885,WIN,9.0,forex
AUDUSD=X,SHORT,2022-07-12,0.6743316054344177,0.6942165402932842,0.6345617357166848,242,False,False,2022-07-22,0.6942165402932842,LOSS,8.0,forex
AUDUSD=X,LONG,2022-07-28,0.6994900107383728,0.6817835924423915,0.7349028473303354,254,False,False,2022-09-01,0.6817835924423915,LOSS,25.0,forex
AUDUSD=X,SHORT,2022-09-16,0.6687299013137817,0.6888754146659734,0.6284388746093985,290,False,False,2022-10-10,0.6888754146659734,LOSS,16.0,forex
AUDUSD=X,LONG,2022-12-14,0.6842299699783325,0.6618795974420992,0.7289307150507991,353,False,False,2023-03-07,0.6618795974420992,LOSS,59.0,forex
AUDUSD=X,LONG,2023-04-04,0.6788502335548401,0.6619952004846513,0.7125602996952176,432,False,False,2023-04-26,0.6619952004846513,LOSS,16.0,forex
AUDUSD=X,SHORT,2023-04-27,0.6608380675315857,0.6764695724656136,0.62957505766353,449,False,False,2023-05-08,0.6764695724656136,LOSS,7.0,forex
AUDUSD=X,SHORT,2023-09-06,0.6375396251678467,0.6519770311364371,0.6086648132306658,543,False,False,2023-11-06,0.6519770311364371,LOSS,43.0,forex
AUDUSD=X,SHORT,2024-02-14,0.6453399062156677,0.658142163326633,0.6197353919937372,658,False,False,2024-02-22,0.658142163326633,LOSS,6.0,forex
AUDUSD=X,LONG,2024-03-08,0.6621301770210266,0.6496735648163278,0.6870434014304243,675,False,False,2024-03-28,0.6496735648163278,LOSS,14.0,forex
AUDUSD=X,SHORT,2024-04-15,0.6475803256034851,0.6616999727999604,0.6193410312105345,701,False,False,2024-05-03,0.6616999727999604,LOSS,14.0,forex
AUDUSD=X,LONG,2024-07-04,0.6710900068283081,0.6599456403611528,0.6933787397626188,759,False,False,2024-07-24,0.6599456403611528,LOSS,14.0,forex
AUDUSD=X,SHORT,2024-12-09,0.639991819858551,0.6529666295829818,0.6140422004096895,871,False,False,2024-12-25,0.6529666295829818,LOSS,12.0,forex
AUDUSD=X,LONG,2025-01-23,0.6275002360343933,0.6142451721509768,0.6540103638012262,903,True,False,2025-02-03,0.6142451721509768,LOSS,7.0,forex
AUDUSD=X,LONG,2025-02-17,0.6356511116027832,0.6232687254205096,0.6604158839673304,920,True,False,2025-02-28,0.6232687254205096,LOSS,9.0,forex
AUDUSD=X,SHORT,2025-04-07,0.5987701416015625,0.6194248015833465,0.5574608216379946,955,False,False,2025-04-10,0.6194248015833465,LOSS,3.0,forex
AUDUSD=X,LONG,2025-05-26,0.6501189470291138,0.6338954883503762,0.6825658643865888,988,False,False,2026-01-22,0.6825658643865888,WIN,171.0,forex
AUDUSD=X,LONG,2026-01-23,0.6840506792068481,0.6726944151237193,0.7067632073731058,1160,False,False,2026-01-29,0.7067632073731058,WIN,4.0,forex
AUDUSD=X,LONG,2026-05-12,0.7246218919754028,0.7113685822127269,0.7511285115007547,1237,False,False,2026-05-19,0.7113685822127269,LOSS,5.0,forex
AUDUSD=X,LONG,2026-07-31,0.7025185227394104,0.6922492619751326,0.723057044267966,1295,False,False,,,OPEN,,forex
CADCHF=X,LONG,2022-01-10,0.7264099717140198,0.7149682953725555,0.7492933243969484,111,False,False,2022-03-28,0.7492933243969484,WIN,55.0,forex
CADCHF=X,LONG,2022-04-15,0.7475500106811523,0.734864479758544,0.7729210725263691,180,False,False,2022-05-13,0.7729210725263691,WIN,20.0,forex
CADCHF=X,SHORT,2022-08-02,0.7398999929428101,0.754037625515528,0.7116247277973742,257,False,False,2022-09-22,0.7116247277973742,WIN,37.0,forex
CADCHF=X,LONG,2022-11-01,0.7357500195503235,0.7227599713590193,0.7617301159329319,322,False,False,2022-11-11,0.7227599713590193,LOSS,8.0,forex
CADCHF=X,LONG,2023-01-12,0.6931399703025818,0.6802645675203425,0.7188907758670604,374,False,False,2023-01-18,0.6802645675203425,LOSS,4.0,forex
CADCHF=X,SHORT,2023-03-09,0.6817799806594849,0.6925906560969708,0.660158629784513,414,False,False,2023-03-13,0.660158629784513,WIN,2.0,forex
CADCHF=X,LONG,2023-06-02,0.6734899878501892,0.6616496221464571,0.6971707192576535,475,False,False,2023-07-12,0.6616496221464571,LOSS,28.0,forex
CADCHF=X,SHORT,2023-08-18,0.6483399868011475,0.6577413739408178,0.6295372125218068,530,False,False,2023-09-12,0.6577413739408178,LOSS,17.0,forex
CADCHF=X,LONG,2023-09-13,0.6577000021934509,0.64910645368196,0.6748870992164329,548,True,False,2023-09-25,0.6748870992164329,WIN,8.0,forex
CADCHF=X,SHORT,2023-12-28,0.6379500031471252,0.6490915776839157,0.6156668540735444,624,False,False,2024-02-08,0.6490915776839157,LOSS,30.0,forex
CADCHF=X,LONG,2024-03-19,0.6556599736213684,0.6484116982950545,0.6701565242739962,682,False,False,2024-04-02,0.6701565242739962,WIN,10.0,forex
CADCHF=X,SHORT,2024-09-17,0.6215800046920776,0.6329981496725237,0.5987437147311856,812,False,False,2024-10-04,0.6329981496725237,LOSS,13.0,forex
CADCHF=X,LONG,2024-10-07,0.6322699785232544,0.6213377185407394,0.6541344984882844,826,False,False,2024-10-31,0.6213377185407394,LOSS,18.0,forex
CADCHF=X,SHORT,2024-11-01,0.619629979133606,0.627926750829879,0.6030364357410598,845,False,False,2024-11-06,0.627926750829879,LOSS,3.0,forex
CADCHF=X,LONG,2024-11-08,0.6293200254440308,0.6200335952501932,0.6478928858317059,850,False,False,2024-12-06,0.6200335952501932,LOSS,20.0,forex
CADCHF=X,SHORT,2025-04-07,0.5978800058364868,0.6121420508206061,0.5693559158682482,955,False,False,2025-10-01,0.5693559158682482,WIN,125.0,forex
CADCHF=X,SHORT,2025-10-16,0.5670199990272522,0.575251675216522,0.5505566466487126,1091,False,False,2025-11-03,0.575251675216522,LOSS,12.0,forex
CADCHF=X,SHORT,2026-01-13,0.5745499730110168,0.5822200905622977,0.5592097379084551,1152,False,False,,,OPEN,,forex
CADJPY=X,SHORT,2022-02-22,89.8280029296875,91.23689237695422,87.01022403515407,142,False,False,2022-03-02,91.23689237695422,LOSS,6.0,forex
CADJPY=X,LONG,2022-03-03,91.33599853515625,89.64453734932123,94.7189209068263,149,False,False,2022-03-21,94.7189209068263,WIN,12.0,forex
CADJPY=X,LONG,2022-07-20,107.35800170898438,104.6283520085298,112.81730110989352,248,False,False,2022-07-28,104.6283520085298,LOSS,6.0,forex
CADJPY=X,LONG,2022-09-05,106.88400268554688,104.68273562679414,111.28653680305234,281,False,False,2022-09-22,104.68273562679414,LOSS,13.0,forex
CADJPY=X,LONG,2022-10-18,108.625,106.12560889419387,113.62378221161225,312,False,False,2022-11-10,106.12560889419387,LOSS,17.0,forex
CADJPY=X,SHORT,2022-11-14,105.19400024414062,108.05475968366805,99.47248136508577,331,False,False,2022-12-14,99.47248136508577,WIN,22.0,forex
CADJPY=X,SHORT,2023-01-19,95.24600219726562,98.38263480531896,88.97273698115896,379,False,False,2023-02-06,98.38263480531896,LOSS,12.0,forex
CADJPY=X,LONG,2023-02-14,99.20999908447266,96.36511521167547,104.89976683006702,397,False,False,2023-03-13,96.36511521167547,LOSS,19.0,forex
CADJPY=X,SHORT,2023-03-14,96.88999938964844,99.41286630387272,91.84426556119988,417,True,False,2023-04-12,99.41286630387272,LOSS,21.0,forex
CADJPY=X,LONG,2023-05-02,101.4739990234375,98.76879131077419,106.88441444876412,452,False,False,2023-05-04,98.76879131077419,LOSS,2.0,forex
CADJPY=X,LONG,2023-06-14,105.2726058959961,103.09292359100863,109.63197050597103,483,False,False,2023-09-18,109.63197050597103,WIN,68.0,forex
CADJPY=X,LONG,2023-09-19,109.4000015258789,107.66527041823065,112.86946374117542,552,False,False,2023-10-30,107.66527041823065,LOSS,29.0,forex
CADJPY=X,SHORT,2023-10-31,107.81900024414062,109.45300943222976,104.55098186796235,582,False,False,2023-11-03,109.45300943222976,LOSS,3.0,forex
CADJPY=X,LONG,2024-02-09,110.88500213623047,108.87373249101611,114.90754142665918,655,False,False,2024-03-11,108.87373249101611,LOSS,21.0,forex
CADJPY=X,LONG,2024-04-19,112.26000213623047,110.73813063169425,115.30374514530291,705,False,False,2024-04-29,115.30374514530291,WIN,6.0,forex
CADJPY=X,LONG,2024-11-15,111.26899719238281,109.10062700026785,115.60573757661274,855,False,False,2024-11-26,109.10062700026785,LOSS,7.0,forex
CADJPY=X,SHORT,2024-11-27,108.86799621582031,111.36484567939702,103.8742972886669,863,False,False,2024-12-25,103.8742972886669,WIN,20.0,forex
CADJPY=X,SHORT,2025-01-17,107.91000366210938,110.48621737102282,102.75757624428249,899,False,False,2025-03-04,102.75757624428249,WIN,32.0,forex
CADJPY=X,LONG,2025-05-02,105.03299713134766,102.38300544665634,110.33298050073029,972,False,False,2025-10-30,110.33298050073029,WIN,129.0,forex
CADJPY=X,SHORT,2026-04-01,114.03700256347656,115.85816086960422,110.39468595122125,1208,False,False,2026-04-16,115.85816086960422,LOSS,11.0,forex
CADJPY=X,LONG,2026-04-17,116.19000244140625,114.62473783844169,119.32053164733537,1220,False,False,2026-04-30,114.62473783844169,LOSS,9.0,forex
CADJPY=X,SHORT,2026-06-09,114.75399780273438,115.80598396555119,112.65002547710074,1257,False,False,2026-07-16,115.80598396555119,LOSS,27.0,forex
CHFJPY=X,LONG,2022-03-01,125.40799713134766,123.86948798000371,128.48501543403555,147,False,False,2022-03-22,128.48501543403555,WIN,15.0,forex
CHFJPY=X,SHORT,2022-08-02,138.4290008544922,141.7488364049654,131.78932975354576,257,False,False,2022-08-09,141.7488364049654,LOSS,5.0,forex
CHFJPY=X,LONG,2022-09-06,143.465087890625,140.71947704965072,148.95630957257356,282,False,False,2022-09-12,148.95630957257356,WIN,4.0,forex
CHFJPY=X,LONG,2022-10-18,149.60000610351562,146.02789157388324,156.7442351627804,312,False,False,2022-11-03,146.02789157388324,LOSS,12.0,forex
CHFJPY=X,SHORT,2022-11-29,146.1201629638672,149.29164401069056,139.77720087022044,342,False,False,2023-01-03,139.77720087022044,WIN,25.0,forex
CHFJPY=X,LONG,2023-03-13,146.88499450683594,144.27302397118913,152.10893557812955,416,False,False,2023-03-15,144.27302397118913,LOSS,2.0,forex
CHFJPY=X,LONG,2023-05-23,154.34725952148438,151.42452794355452,160.19272267734408,467,False,False,2023-06-23,160.19272267734408,WIN,23.0,forex
CHFJPY=X,LONG,2023-07-20,162.68800354003906,160.0123926713955,168.03922527732618,509,False,False,2023-07-28,160.0123926713955,LOSS,6.0,forex
CHFJPY=X,LONG,2023-08-11,165.17300415039062,161.88705729471621,171.74489786173945,525,False,False,2023-10-03,161.88705729471621,LOSS,37.0,forex
CHFJPY=X,LONG,2023-11-15,169.2480010986328,166.82204993623043,174.09990342343758,593,False,False,2023-11-21,166.82204993623043,LOSS,4.0,forex
CHFJPY=X,SHORT,2023-12-08,164.77789306640625,168.4465212869076,157.44063662540356,610,False,False,2023-12-27,168.4465212869076,LOSS,13.0,forex
CHFJPY=X,SHORT,2024-07-16,176.5749969482422,178.9974922174504,171.73000640982576,767,True,False,2024-07-31,171.73000640982576,WIN,11.0,forex
CHFJPY=X,LONG,2024-09-03,172.31199645996094,169.14413153093892,178.64772631800497,802,True,False,2024-09-05,169.14413153093892,LOSS,2.0,forex
CHFJPY=X,SHORT,2024-09-09,168.82080078125,172.12106948855094,162.2202633666481,806,False,False,2024-09-27,172.12106948855094,LOSS,14.0,forex
CHFJPY=X,SHORT,2024-11-22,173.86952209472656,176.91737477139313,167.77381674139343,860,False,False,2025-02-06,167.77381674139343,WIN,53.0,forex
CHFJPY=X,SHORT,2025-02-07,167.02780151367188,170.65184923224234,159.77970607653094,914,False,False,2025-03-19,170.65184923224234,LOSS,28.0,forex
CHFJPY=X,LONG,2025-06-09,176.1340789794922,173.6220386648058,181.15815960886493,998,False,False,2025-06-27,181.15815960886493,WIN,14.0,forex
CHFJPY=X,SHORT,2025-08-05,181.85299682617188,185.06504285951294,175.42890475948974,1039,True,False,2025-09-02,185.06504285951294,LOSS,20.0,forex
CHFJPY=X,LONG,2025-09-03,184.4552459716797,182.2259326756026,188.91387256383388,1060,False,False,2025-10-06,188.91387256383388,WIN,23.0,forex
CHFJPY=X,LONG,2025-12-12,195.70599365234375,193.01759665919224,201.08278763864678,1132,False,False,2026-01-23,201.08278763864678,WIN,28.0,forex
CHFJPY=X,SHORT,2026-03-30,200.32200622558594,203.28931687533301,194.38738492609178,1206,False,False,2026-04-14,203.28931687533301,LOSS,11.0,forex
CHFJPY=X,LONG,2026-05-25,203.1668243408203,200.72192519378433,208.05662263489228,1246,False,False,2026-06-08,200.72192519378433,LOSS,10.0,forex
CHFJPY=X,SHORT,2026-06-09,200.65687561035156,203.13991194069905,195.6908029496566,1257,False,False,2026-08-03,195.6908029496566,WIN,39.0,forex
EURAUD=X,LONG,2022-01-31,1.5938299894332886,1.5666691023470138,1.648151763605838,126,False,False,2022-02-23,1.5666691023470138,LOSS,17.0,forex
EURAUD=X,SHORT,2022-06-03,1.4789999723434448,1.5107239028996489,1.4155521112310367,215,False,False,2022-06-14,1.5107239028996489,LOSS,7.0,forex
EURAUD=X,LONG,2022-06-15,1.5153800249099731,1.4818635279122534,1.5824130189054126,223,False,False,2022-07-08,1.4818635279122534,LOSS,17.0,forex
EURAUD=X,SHORT,2022-08-15,1.4408600330352783,1.470596698319193,1.381386702467449,266,False,False,2022-08-18,1.470596698319193,LOSS,3.0,forex
EURAUD=X,SHORT,2022-08-24,1.4399399757385254,1.470950546156364,1.3779188349028484,273,False,False,2022-09-01,1.470950546156364,LOSS,6.0,forex
EURAUD=X,SHORT,2022-11-16,1.5298800468444824,1.561929892808051,1.4657803549173454,333,False,False,2022-11-28,1.561929892808051,LOSS,8.0,forex
EURAUD=X,SHORT,2022-12-01,1.5329300165176392,1.5647273245866677,1.469335400379582,344,False,False,2022-12-06,1.5647273245866677,LOSS,3.0,forex
EURAUD=X,LONG,2023-04-25,1.6492700576782227,1.6193523518942456,1.7091054692461767,447,False,False,2023-05-10,1.6193523518942456,LOSS,11.0,forex
EURAUD=X,SHORT,2023-06-07,1.6017099618911743,1.6332491753729386,1.5386315349276458,478,False,False,2023-06-23,1.6332491753729386,LOSS,12.0,forex
EURAUD=X,LONG,2023-08-02,1.6633800268173218,1.6264713413675786,1.737197397716808,518,False,False,2023-12-14,1.6264713413675786,LOSS,96.0,forex
EURAUD=X,LONG,2024-01-12,1.6393400430679321,1.6151442185137037,1.687731692176389,635,True,False,2024-06-14,1.6151442185137037,LOSS,110.0,forex
EURAUD=X,LONG,2024-07-18,1.6253299713134766,1.6089877563265678,1.6580144012872942,769,True,False,2024-07-25,1.6580144012872942,WIN,5.0,forex
EURAUD=X,LONG,2024-12-06,1.6406999826431274,1.613517928045429,1.6950640918385242,870,False,False,2025-03-04,1.6950640918385242,WIN,61.0,forex
EURAUD=X,LONG,2025-06-13,1.7768100500106812,1.7464717753365393,1.8374865993589649,1002,False,False,2026-01-05,1.7464717753365393,LOSS,144.0,forex
EURAUD=X,SHORT,2026-05-14,1.6151100397109985,1.633671588416756,1.5779869422994834,1239,False,False,2026-05-19,1.633671588416756,LOSS,3.0,forex
EURAUD=X,LONG,2026-06-08,1.6359299421310425,1.6180429586664373,1.6717039090602528,1256,False,False,,,OPEN,,forex
EURCAD=X,SHORT,2022-08-23,1.2968499660491943,1.3194916559471888,1.2515665862532055,272,False,False,2022-09-01,1.3194916559471888,LOSS,7.0,forex
EURCAD=X,LONG,2022-10-27,1.367650032043457,1.3424092323932706,1.41813163134383,319,False,False,2022-11-03,1.3424092323932706,LOSS,5.0,forex
EURCAD=X,LONG,2022-11-14,1.3699699640274048,1.3450634417866174,1.4197830085089795,331,False,False,2022-12-05,1.4197830085089795,WIN,15.0,forex
EURCAD=X,LONG,2023-01-19,1.4571800231933594,1.4343231352412011,1.5028937990976758,379,False,False,2023-02-10,1.4343231352412011,LOSS,16.0,forex
EURCAD=X,SHORT,2023-02-13,1.4261599779129028,1.4507823348545192,1.37691526402967,396,False,False,2023-03-01,1.4507823348545192,LOSS,12.0,forex
EURCAD=X,LONG,2023-03-07,1.4548799991607666,1.4335687307099583,1.4975025360623833,412,False,False,2023-04-25,1.4975025360623833,WIN,35.0,forex
EURCAD=X,SHORT,2023-06-05,1.4364299774169922,1.4589189897401715,1.3914519527706335,476,False,False,2023-07-10,1.4589189897401715,LOSS,25.0,forex
EURCAD=X,LONG,2023-07-11,1.4608399868011475,1.4409894896684978,1.5005409810664467,502,False,False,2023-09-14,1.4409894896684978,LOSS,47.0,forex
EURCAD=X,LONG,2024-01-16,1.4704400300979614,1.453648889930862,1.5040223104321604,637,False,False,2024-01-29,1.453648889930862,LOSS,9.0,forex
EURCAD=X,SHORT,2024-01-30,1.4527000188827515,1.4704161341612612,1.417267788325732,647,True,False,2024-02-28,1.4704161341612612,LOSS,21.0,forex
EURCAD=X,SHORT,2024-03-29,1.4606499671936035,1.4730606535589275,1.4358285944629556,690,False,False,2024-04-05,1.4730606535589275,LOSS,5.0,forex
EURCAD=X,LONG,2024-05-08,1.4758000373840332,1.4622076595756863,1.502984793000727,718,False,False,2024-06-21,1.4622076595756863,LOSS,32.0,forex
EURCAD=X,LONG,2024-10-31,1.510200023651123,1.4943066650146426,1.541986740924084,844,False,False,2024-11-06,1.4943066650146426,LOSS,4.0,forex
EURCAD=X,SHORT,2025-05-13,1.5504000186920166,1.5759070153473311,1.4993860253813875,979,False,False,2025-06-12,1.5759070153473311,LOSS,22.0,forex
EURCAD=X,LONG,2025-06-13,1.5771100521087646,1.5549315878051062,1.6214669807160815,1002,False,False,2025-08-22,1.6214669807160815,WIN,50.0,forex
EURCAD=X,LONG,2025-09-08,1.6203800439834595,1.6015760171255644,1.6579880976992496,1063,False,False,2026-03-02,1.6015760171255644,LOSS,123.0,forex
EURCAD=X,SHORT,2026-03-03,1.5987900495529175,1.6141468119226015,1.5680765248135495,1187,False,False,2026-03-09,1.5680765248135495,WIN,4.0,forex
EURCAD=X,LONG,2026-06-12,1.6172800064086914,1.6028927001165139,1.6460546189930465,1260,False,False,2026-07-17,1.6028927001165139,LOSS,25.0,forex
EURCHF=X,SHORT,2021-12-29,1.037500023841858,1.0454778363591615,1.0215443988072508,103,False,False,2022-01-10,1.0454778363591615,LOSS,8.0,forex
EURCHF=X,LONG,2022-01-11,1.0504800081253052,1.0404338518328857,1.070572320710144,112,False,False,2022-01-18,1.0404338518328857,LOSS,5.0,forex
EURCHF=X,SHORT,2022-06-17,1.0195300579071045,1.0433371547029173,0.9719158643154788,225,False,False,2022-07-28,0.9719158643154788,WIN,29.0,forex
EURCHF=X,SHORT,2022-08-23,0.9585300087928772,0.9733404917563094,0.9289090428660127,272,False,False,2022-08-30,0.9733404917563094,LOSS,5.0,forex
EURCHF=X,SHORT,2022-11-15,0.9734200239181519,0.9895802828726306,0.9410995060091945,332,False,False,2022-12-05,0.9895802828726306,LOSS,14.0,forex
EURCHF=X,LONG,2022-12-26,0.9909999966621399,0.9787213053523338,1.015557379281752,361,False,False,2023-03-13,0.9787213053523338,LOSS,55.0,forex
EURCHF=X,SHORT,2023-05-04,0.9777500033378601,0.9883124067719581,0.9566251964696642,454,False,False,2023-07-25,0.9566251964696642,WIN,58.0,forex
EURCHF=X,SHORT,2023-08-24,0.9532999992370605,0.9629979793639799,0.9339040389832218,534,False,False,2023-09-21,0.9629979793639799,LOSS,20.0,forex
EURCHF=X,LONG,2023-09-22,0.9643099904060364,0.954570121585096,0.9837897280479171,555,False,False,2023-10-12,0.954570121585096,LOSS,14.0,forex
EURCHF=X,SHORT,2023-12-01,0.952709972858429,0.964342148068056,0.929445622439175,605,False,False,2023-12-25,0.964342148068056,LOSS,16.0,forex
EURCHF=X,LONG,2024-03-19,0.9650300145149231,0.9567628024073666,0.9815644387300362,682,False,False,2024-03-27,0.9815644387300362,WIN,6.0,forex
EURCHF=X,LONG,2024-05-17,0.9846500158309937,0.9749664762217045,1.004017095049572,725,False,False,2024-06-03,0.9749664762217045,LOSS,11.0,forex
EURCHF=X,LONG,2024-09-23,0.9495400190353394,0.9377574705036772,0.9731051160986637,816,True,False,2024-10-01,0.9377574705036772,LOSS,6.0,forex
EURCHF=X,LONG,2024-11-04,0.9434199929237366,0.9337545487440008,0.9627508812832082,846,False,False,2024-11-19,0.9337545487440008,LOSS,11.0,forex
EURCHF=X,SHORT,2024-11-21,0.9319000244140625,0.941924992198087,0.9118500888460135,859,False,False,2024-12-30,0.941924992198087,LOSS,27.0,forex
EURCHF=X,LONG,2025-01-21,0.9441400170326233,0.9345460064489579,0.963328038199954,901,False,False,2025-02-28,0.9345460064489579,LOSS,28.0,forex
EURCHF=X,LONG,2025-06-11,0.9400799870491028,0.9305015080774389,0.9592369449924305,1000,False,False,2025-07-10,0.9305015080774389,LOSS,21.0,forex
EURCHF=X,LONG,2025-08-07,0.9400299787521362,0.9316276444086263,0.956834647439156,1041,False,False,2025-09-09,0.9316276444086263,LOSS,23.0,forex
EURCHF=X,SHORT,2025-10-07,0.930840015411377,0.936677664177848,0.9191647178784348,1084,False,False,2025-11-14,0.9191647178784348,WIN,28.0,forex
EURCHF=X,SHORT,2026-01-21,0.9259799718856812,0.9323768837927381,0.9131861480715673,1158,False,False,2026-02-09,0.9131861480715673,WIN,13.0,forex
EURCHF=X,SHORT,2026-06-01,0.9107400178909302,0.9175919208809357,0.8970362119109192,1251,False,False,2026-06-03,0.9175919208809357,LOSS,2.0,forex
EURCHF=X,LONG,2026-06-09,0.9201099872589111,0.9130461207673713,0.9342377202419907,1257,False,False,2026-07-29,0.9342377202419907,WIN,36.0,forex
EURGBP=X,LONG,2022-02-07,0.846340000629425,0.835166963380072,0.8686860751281311,131,False,False,2022-02-15,0.835166963380072,LOSS,6.0,forex
EURGBP=X,LONG,2022-06-15,0.8689000010490417,0.8534058471621356,0.899888308822854,223,False,False,2022-06-16,0.8534058471621356,LOSS,1.0,forex
EURGBP=X,SHORT,2022-07-08,0.8452399969100952,0.8602274841642825,0.8152650224017206,240,False,False,2022-08-31,0.8602274841642825,LOSS,38.0,forex
EURGBP=X,LONG,2022-12-19,0.870389997959137,0.8547649125939766,0.9016401686894577,356,False,False,2023-06-09,0.8547649125939766,LOSS,124.0,forex
EURGBP=X,SHORT,2023-07-12,0.8511999845504761,0.8612232653930244,0.8311534228653794,503,False,False,2023-07-19,0.8612232653930244,LOSS,5.0,forex
EURGBP=X,LONG,2023-09-19,0.8633800148963928,0.8551614481728531,0.8798171483434722,552,False,False,2023-12-11,0.8551614481728531,LOSS,59.0,forex
EURGBP=X,SHORT,2024-02-14,0.850409984588623,0.8574464107832364,0.8363371321993964,658,False,False,2024-02-20,0.8574464107832364,LOSS,4.0,forex
EURGBP=X,SHORT,2024-03-11,0.8512300252914429,0.8574569279063318,0.8387762200616651,676,False,False,2024-03-21,0.8574569279063318,LOSS,8.0,forex
EURGBP=X,LONG,2024-03-22,0.8578000068664551,0.8515550737726942,0.8702898730539768,685,False,False,2024-05-22,0.8515550737726942,LOSS,43.0,forex
EURGBP=X,SHORT,2024-09-23,0.8382200002670288,0.8458467313684276,0.8229665380642313,816,False,False,2024-12-11,0.8229665380642313,WIN,57.0,forex
EURGBP=X,LONG,2025-06-11,0.8466600179672241,0.8379234511956681,0.8641331515103361,1000,False,False,2025-07-02,0.8641331515103361,WIN,15.0,forex
EURGBP=X,LONG,2025-07-28,0.8748000264167786,0.8656448848600374,0.8931103095302608,1033,False,False,2025-07-29,0.8656448848600374,LOSS,1.0,forex
EURGBP=X,LONG,2025-09-22,0.871649980545044,0.8639913793355272,0.8869671829640775,1073,False,False,2026-02-03,0.8639913793355272,LOSS,94.0,forex
EURGBP=X,SHORT,2026-02-04,0.8625800013542175,0.8696185679884436,0.8485028680857654,1168,False,False,2026-02-05,0.8696185679884436,LOSS,1.0,forex
EURGBP=X,SHORT,2026-04-27,0.866159975528717,0.8717506687137037,0.8549785891587438,1226,False,False,2026-05-15,0.8717506687137037,LOSS,14.0,forex
EURGBP=X,LONG,2026-06-19,0.8678600192070007,0.8627968982953604,0.8779862610302813,1265,False,False,2026-06-22,0.8627968982953604,LOSS,1.0,forex
EURGBP=X,SHORT,2026-07-02,0.8565300107002258,0.8629681392256927,0.8436537536492921,1274,False,False,,,OPEN,,forex
EURJPY=X,LONG,2021-12-27,129.45899963378906,127.62862995666363,133.11973898803993,101,True,False,2022-02-10,133.11973898803993,WIN,33.0,forex
EURJPY=X,SHORT,2022-07-06,139.00799560546875,143.5691639047828,129.88565900684063,238,False,False,2022-09-07,143.5691639047828,LOSS,45.0,forex
EURJPY=X,SHORT,2022-11-16,143.9290008544922,147.5958154447838,136.59537167390897,333,False,False,2023-04-19,147.5958154447838,LOSS,110.0,forex
EURJPY=X,LONG,2023-06-14,151.23199462890625,148.88698573685247,155.92201241301382,483,False,False,2023-06-22,155.92201241301382,WIN,6.0,forex
EURJPY=X,SHORT,2023-07-28,152.43099975585938,155.74266243355225,145.80767440047362,515,False,False,2023-07-31,155.74266243355225,LOSS,1.0,forex
EURJPY=X,LONG,2023-08-11,159.06399536132812,155.69285070989272,165.80628466419893,525,False,False,2023-12-07,155.69285070989272,LOSS,84.0,forex
EURJPY=X,SHORT,2024-03-12,160.38900756835938,162.84366388393173,155.47969493721467,677,False,False,2024-03-19,162.84366388393173,LOSS,5.0,forex
EURJPY=X,LONG,2024-03-20,164.05499267578125,161.36030100074805,169.44437602584765,683,False,False,2024-04-29,169.44437602584765,WIN,28.0,forex
EURJPY=X,LONG,2024-06-25,171.375,168.9517031481596,176.2215937036808,752,False,False,2024-07-24,168.9517031481596,LOSS,21.0,forex
EURJPY=X,LONG,2024-10-31,166.3730010986328,163.39114910352703,172.33670508884438,844,False,False,2024-11-08,163.39114910352703,LOSS,6.0,forex
EURJPY=X,SHORT,2024-11-22,161.44200134277344,164.8731569078311,154.57969021265814,860,False,False,2025-05-12,164.8731569078311,LOSS,118.0,forex
EURJPY=X,LONG,2025-05-13,164.5469970703125,161.45652220438458,170.72794680216833,979,False,False,2025-05-23,161.45652220438458,LOSS,8.0,forex
EURJPY=X,LONG,2025-06-09,165.04400634765625,162.40043797026934,170.33114310243008,998,False,False,2025-07-03,170.33114310243008,WIN,18.0,forex
EURJPY=X,SHORT,2025-08-05,170.03500366210938,172.9617876051187,164.18143577609072,1039,False,False,2025-08-13,172.9617876051187,LOSS,6.0,forex
EURJPY=X,LONG,2025-09-03,172.81700134277344,170.7122546960075,177.0264946363053,1060,False,False,2025-10-08,177.0264946363053,WIN,25.0,forex
EURJPY=X,LONG,2025-12-10,182.36700439453125,180.09375782802016,186.91349752755343,1130,False,False,2026-04-13,186.91349752755343,WIN,86.0,forex
EURJPY=X,LONG,2026-06-03,185.90899658203125,184.16905838050997,189.38887298507382,1253,False,False,2026-06-08,184.16905838050997,LOSS,3.0,forex
EURJPY=X,LONG,2026-06-17,186.24099731445312,184.55124849251382,189.62049495833173,1263,False,False,2026-06-18,184.55124849251382,LOSS,1.0,forex
EURJPY=X,SHORT,2026-06-24,183.8820037841797,185.82869064680332,179.98863005893242,1268,False,False,2026-07-16,185.82869064680332,LOSS,16.0,forex
EURNOK=X,LONG,2022-01-25,10.140219688415527,9.939264999882377,10.542129065481827,122,False,False,2022-02-02,9.939264999882377,LOSS,6.0,forex
EURNOK=X,SHORT,2022-07-20,10.121390342712402,10.367885772460522,9.628399483216164,248,False,False,2022-08-24,9.628399483216164,WIN,25.0,forex
EURNOK=X,SHORT,2022-08-25,9.667699813842773,9.8742566252893,9.25458619094972,274,False,False,2022-08-31,9.8742566252893,LOSS,4.0,forex
EURNOK=X,SHORT,2022-10-28,10.238630294799805,10.479847523620709,9.756195837157996,320,False,False,2022-11-17,10.479847523620709,LOSS,14.0,forex
EURNOK=X,LONG,2022-11-18,10.483499526977539,10.222411155597072,11.005676269738473,335,False,False,2022-12-01,10.222411155597072,LOSS,9.0,forex
EURNOK=X,LONG,2023-01-04,10.6383695602417,10.40317147182457,11.10876573707596,368,False,False,2023-02-07,11.10876573707596,WIN,24.0,forex
EURNOK=X,LONG,2023-04-10,11.448869705200195,11.215772613600766,11.915063888399054,436,False,False,2023-05-03,11.915063888399054,WIN,17.0,forex
EURNOK=X,LONG,2023-08-15,11.42870044708252,11.158636555204518,11.968828230838522,527,False,False,2023-11-07,11.968828230838522,WIN,60.0,forex
EURNOK=X,SHORT,2023-11-21,11.70619010925293,11.951259718574867,11.216050890609054,597,False,False,2023-12-22,11.216050890609054,WIN,23.0,forex
EURNOK=X,LONG,2024-02-06,11.481459617614746,11.283000102740566,11.878378647363107,652,False,False,2024-06-20,11.283000102740566,LOSS,97.0,forex
EURNOK=X,SHORT,2024-06-21,11.285900115966797,11.468230841941825,10.921238664016741,750,False,False,2024-07-02,11.468230841941825,LOSS,7.0,forex
EURNOK=X,LONG,2024-09-09,11.87224006652832,11.644698265577633,12.327323668429695,806,False,False,2024-09-24,11.644698265577633,LOSS,11.0,forex
EURNOK=X,LONG,2024-10-17,11.856989860534668,11.656040211537539,12.258889158528927,834,False,False,2024-11-19,11.656040211537539,LOSS,23.0,forex
EURNOK=X,SHORT,2025-02-05,11.667799949645996,11.830464788657784,11.342470271622421,912,False,False,2025-03-05,11.830464788657784,LOSS,20.0,forex
EURNOK=X,LONG,2025-03-06,11.774100303649902,11.62666367960444,12.068973551740829,933,False,False,2025-03-11,11.62666367960444,LOSS,3.0,forex
EURNOK=X,SHORT,2025-03-13,11.574000358581543,11.734495033872113,11.253011008000403,938,False,False,2025-04-04,11.734495033872113,LOSS,16.0,forex
EURNOK=X,SHORT,2025-06-16,11.434499740600586,11.597308700140536,11.108881821520686,1003,False,False,2025-06-20,11.597308700140536,LOSS,4.0,forex
EURNOK=X,LONG,2025-08-11,11.969539642333984,11.795940086840309,12.316738753321335,1043,False,False,2025-08-22,11.795940086840309,LOSS,9.0,forex
EURNOK=X,LONG,2025-10-15,11.78380012512207,11.601539032517305,12.1483223103316,1090,False,False,2025-10-23,11.601539032517305,LOSS,6.0,forex
EURNOK=X,LONG,2025-12-15,11.873089790344238,11.72535563999779,12.168558091037134,1133,False,False,2026-01-06,11.72535563999779,LOSS,14.0,forex
EURNOK=X,SHORT,2026-01-22,11.63306999206543,11.778945711377606,11.341318553441077,1159,False,False,2026-02-10,11.341318553441077,WIN,13.0,forex
EURNOK=X,SHORT,2026-05-22,10.724149703979492,10.895473762709319,10.381501586519839,1245,False,False,2026-06-05,10.895473762709319,LOSS,10.0,forex
EURNOK=X,LONG,2026-06-08,10.89330005645752,10.749864460196418,11.180171248979722,1256,False,False,2026-06-24,11.180171248979722,WIN,12.0,forex
EURNZD=X,LONG,2022-01-07,1.6756700277328491,1.6504049875228917,1.726200108152764,110,False,False,2022-02-04,1.726200108152764,WIN,20.0,forex
EURNZD=X,LONG,2022-06-15,1.6763700246810913,1.6414241022144578,1.7462618696143584,223,False,False,2022-07-08,1.6414241022144578,LOSS,17.0,forex
EURNZD=X,SHORT,2022-08-11,1.6077200174331665,1.6385332670463364,1.5460935182068267,264,False,False,2022-08-31,1.6385332670463364,LOSS,14.0,forex
EURNZD=X,SHORT,2022-11-01,1.6971399784088135,1.7435294421767755,1.6043610508728894,322,False,False,2023-03-21,1.7435294421767755,LOSS,100.0,forex
EURNZD=X,LONG,2023-06-29,1.7970099449157715,1.7650146724896176,1.8610004897680792,494,False,False,2023-07-04,1.7650146724896176,LOSS,3.0,forex
EURNZD=X,SHORT,2023-09-15,1.801259994506836,1.8307278472089263,1.7423242891026551,550,False,False,2023-12-20,1.7423242891026551,WIN,68.0,forex
EURNZD=X,LONG,2024-01-16,1.7680000066757202,1.7413747681808285,1.8212504836655037,637,True,False,2024-06-14,1.7413747681808285,LOSS,108.0,forex
EURNZD=X,LONG,2024-07-02,1.7701599597930908,1.7504108934574554,1.8096580924643617,757,False,False,2024-07-19,1.8096580924643617,WIN,13.0,forex
EURNZD=X,LONG,2024-12-09,1.8094700574874878,1.7827671855297278,1.8628758014030078,871,False,False,2024-12-25,1.8628758014030078,WIN,12.0,forex
EURNZD=X,LONG,2025-01-31,1.8445500135421753,1.8224198674966698,1.8888103056331862,909,False,False,2025-02-10,1.8224198674966698,LOSS,6.0,forex
EURNZD=X,SHORT,2025-07-31,1.9344899654388428,1.961650483088233,1.8801689301400621,1036,True,False,2025-08-05,1.961650483088233,LOSS,3.0,forex
EURNZD=X,LONG,2025-08-07,1.9671200513839722,1.9390989468619269,2.023162260428063,1041,False,False,2025-09-25,2.023162260428063,WIN,35.0,forex
EURNZD=X,LONG,2025-11-07,2.0479800701141357,2.0180898790129302,2.1077604523165467,1107,False,False,2025-12-05,2.0180898790129302,LOSS,20.0,forex
EURNZD=X,LONG,2026-01-02,2.0406699180603027,2.0150505092378284,2.0919087357052515,1145,False,False,2026-01-16,2.0150505092378284,LOSS,10.0,forex
EURNZD=X,SHORT,2026-01-20,2.0089499950408936,2.034412474112073,1.958025036898535,1157,False,False,2026-02-03,1.958025036898535,WIN,10.0,forex
EURNZD=X,LONG,2026-03-23,1.982450008392334,1.9554477846139162,2.0364544559491695,1201,True,False,2026-05-29,1.9554477846139162,LOSS,49.0,forex
EURSEK=X,LONG,2022-06-14,10.61443042755127,10.430863610947913,10.981564060757982,222,False,False,2022-07-20,10.430863610947913,LOSS,26.0,forex
EURSEK=X,LONG,2022-08-17,10.508370399475098,10.344409829742787,10.836291538939719,268,True,False,2022-09-05,10.344409829742787,LOSS,13.0,forex
EURSEK=X,SHORT,2022-11-07,10.853440284729004,11.021803868349522,10.516713117487967,326,True,False,2022-12-07,10.516713117487967,WIN,22.0,forex
EURSEK=X,LONG,2022-12-19,11.015899658203125,10.649312669874249,11.749073634860878,356,False,False,2023-06-20,11.749073634860878,WIN,131.0,forex
EURSEK=X,LONG,2023-06-21,11.777230262756348,11.573619589657069,12.184451608954905,488,False,False,2023-07-12,11.573619589657069,LOSS,15.0,forex
EURSEK=X,SHORT,2023-09-26,11.717630386352539,11.933151914213699,11.28658733063022,557,False,False,2023-11-29,11.28658733063022,WIN,46.0,forex
EURSEK=X,SHORT,2024-02-13,11.201640129089355,11.384115172005641,10.836690043256784,657,False,False,2024-03-19,11.384115172005641,LOSS,25.0,forex
EURSEK=X,LONG,2024-03-20,11.330400466918945,11.173390034281143,11.64442133219455,683,False,False,2024-04-16,11.64442133219455,WIN,19.0,forex
EURSEK=X,SHORT,2024-05-27,11.564539909362793,11.71885916695382,11.25590139418074,731,False,False,2024-06-11,11.25590139418074,WIN,11.0,forex
EURSEK=X,SHORT,2024-09-25,11.279000282287598,11.457199015164948,10.922602816532898,818,False,False,2024-10-28,11.457199015164948,LOSS,23.0,forex
EURSEK=X,LONG,2024-10-29,11.512200355529785,11.37015737691707,11.796286312755214,842,False,False,2024-11-06,11.37015737691707,LOSS,6.0,forex
EURSEK=X,SHORT,2024-12-17,11.43805980682373,11.622710382660163,11.068758655150866,877,False,False,2024-12-25,11.068758655150866,WIN,6.0,forex
EURSEK=X,SHORT,2025-02-05,11.385089874267578,11.511319264841047,11.13263109312064,912,False,False,2025-02-21,11.13263109312064,WIN,12.0,forex
EURSEK=X,LONG,2025-06-04,10.94202995300293,10.776128043982903,11.273833771042984,995,False,False,2025-07-07,11.273833771042984,WIN,23.0,forex
EURSEK=X,SHORT,2025-08-25,11.131059646606445,11.236798016024137,10.919582907771062,1053,False,False,2025-09-10,10.919582907771062,WIN,12.0,forex
EURSEK=X,SHORT,2025-10-22,10.936579704284668,11.06734265581038,10.675053801233243,1095,False,False,2025-11-06,11.06734265581038,LOSS,11.0,forex
EURSEK=X,SHORT,2025-12-10,10.876259803771973,10.98852241262879,10.651734586058339,1130,False,False,2026-01-21,10.651734586058339,WIN,28.0,forex
EURSEK=X,SHORT,2026-04-21,10.746959686279297,10.921321320093563,10.398236418650765,1222,False,False,2026-05-12,10.921321320093563,LOSS,15.0,forex
EURSEK=X,LONG,2026-05-13,10.904970169067383,10.762433802292009,11.190042902618131,1238,False,False,2026-05-27,10.762433802292009,LOSS,10.0,forex
EURSEK=X,LONG,2026-07-24,11.09924030303955,10.98643116517114,11.324858578776372,1290,False,False,2026-07-30,10.98643116517114,LOSS,4.0,forex
EURSEK=X,SHORT,2026-07-31,10.990269660949707,11.115814843115006,10.73917929661911,1295,False,False,,,OPEN,,forex
EURUSD=X,LONG,2021-12-30,1.1360150575637817,1.1226601778405727,1.1627248170101998,104,True,False,2022-01-27,1.1226601778405727,LOSS,20.0,forex
EURUSD=X,SHORT,2022-07-06,1.0257673263549805,1.0505529141534184,0.9761961507581045,238,False,False,2022-09-23,0.9761961507581045,WIN,57.0,forex
EURUSD=X,LONG,2023-01-10,1.073318362236023,1.0516642458155863,1.1166265950768963,372,False,False,2023-07-13,1.1166265950768963,WIN,132.0,forex
EURUSD=X,SHORT,2023-08-23,1.0846692323684692,1.0998629765668895,1.0542817439716288,533,False,False,2023-09-27,1.0542817439716288,WIN,25.0,forex
EURUSD=X,LONG,2023-10-24,1.0669853687286377,1.051494205162562,1.0979676958607891,577,False,False,2023-11-28,1.0979676958607891,WIN,25.0,forex
EURUSD=X,SHORT,2024-01-17,1.087878942489624,1.1028042622678471,1.0580283029331778,638,False,False,2024-08-14,1.1028042622678471,LOSS,150.0,forex
EURUSD=X,LONG,2024-09-25,1.1191190481185913,1.105192451040567,1.1469722422746398,818,False,False,2024-10-02,1.105192451040567,LOSS,5.0,forex
EURUSD=X,SHORT,2024-12-19,1.0350252389907837,1.0516483721791732,1.0017789726140047,879,False,False,2025-01-24,1.0516483721791732,LOSS,25.0,forex
EURUSD=X,LONG,2025-04-04,1.1043744087219238,1.082124185422388,1.1488748553209955,954,False,False,2025-04-22,1.1488748553209955,WIN,10.0,forex
EURUSD=X,SHORT,2025-05-13,1.1095577478408813,1.1330292794507293,1.0626146846211855,979,False,False,2025-05-21,1.1330292794507293,LOSS,6.0,forex
EURUSD=X,SHORT,2025-07-31,1.1429355144500732,1.1636807614220153,1.1014450205061892,1036,False,False,2025-08-06,1.1636807614220153,LOSS,4.0,forex
EURUSD=X,LONG,2025-09-09,1.1769136190414429,1.1598266783759263,1.211087500372476,1064,False,False,2025-10-09,1.1598266783759263,LOSS,22.0,forex
EURUSD=X,SHORT,2025-10-10,1.156644344329834,1.1731196355811986,1.1236937618271048,1087,False,False,2025-12-11,1.1731196355811986,LOSS,44.0,forex
EURUSD=X,SHORT,2026-01-12,1.1623716354370117,1.1735242834249504,1.1400663394611343,1151,True,False,2026-01-20,1.1735242834249504,LOSS,6.0,forex
EURUSD=X,SHORT,2026-03-03,1.1697274446487427,1.186229708790741,1.136722916364746,1187,False,False,2026-06-24,1.136722916364746,WIN,81.0,forex
EURUSD=X,SHORT,2026-07-28,1.1369450092315674,1.1477026897395892,1.1154296482155237,1292,False,False,2026-07-30,1.1477026897395892,LOSS,2.0,forex
EURUSD=X,LONG,2026-07-31,1.1523525714874268,1.1403764876175044,1.1763047392272714,1295,True,False,,,OPEN,,forex
GBPAUD=X,LONG,2022-01-04,1.8734699487686157,1.849180257718507,1.9220493308688331,107,False,False,2022-02-28,1.849180257718507,LOSS,39.0,forex
GBPAUD=X,SHORT,2022-07-18,1.7447999715805054,1.7759167950850114,1.6825663245714932,246,False,False,2022-09-23,1.6825663245714932,WIN,49.0,forex
GBPAUD=X,SHORT,2022-09-26,1.652959942817688,1.695747264656105,1.5673852991408541,296,False,False,2022-09-29,1.695747264656105,LOSS,3.0,forex
GBPAUD=X,SHORT,2022-12-29,1.7822699546813965,1.8186544520796601,1.7095009598848692,364,True,False,2023-03-10,1.8186544520796601,LOSS,51.0,forex
GBPAUD=X,LONG,2023-04-07,1.8633699417114258,1.8294767954675304,1.9311562341992166,435,False,False,2023-07-11,1.9311562341992166,WIN,67.0,forex
GBPAUD=X,LONG,2023-07-31,1.9296300411224365,1.8928301873971212,2.0032297485730672,516,False,False,2023-09-29,1.8928301873971212,LOSS,44.0,forex
GBPAUD=X,LONG,2023-10-24,1.9328999519348145,1.9032813791564769,1.9921370974914896,577,False,False,2023-10-25,1.9032813791564769,LOSS,1.0,forex
GBPAUD=X,SHORT,2023-11-02,1.8968000411987305,1.9301364711684388,1.8301271812593138,584,False,False,2023-11-14,1.9301364711684388,LOSS,8.0,forex
GBPAUD=X,SHORT,2023-12-14,1.8936599493026733,1.9248311019289726,1.831317644050075,614,False,False,2024-01-17,1.9248311019289726,LOSS,24.0,forex
GBPAUD=X,LONG,2024-02-14,1.9507700204849243,1.9228689037921118,2.0065722538705493,658,False,False,2024-02-20,1.9228689037921118,LOSS,4.0,forex
GBPAUD=X,LONG,2024-02-29,1.9492700099945068,1.9241889961638883,1.999432037655744,669,False,False,2024-04-04,1.9241889961638883,LOSS,25.0,forex
GBPAUD=X,SHORT,2024-04-05,1.9186899662017822,1.9399639027875368,1.876142093030273,695,False,False,2024-04-16,1.9399639027875368,LOSS,7.0,forex
GBPAUD=X,SHORT,2024-06-19,1.907670021057129,1.930936358643765,1.861137345883857,748,False,False,2024-07-17,1.930936358643765,LOSS,20.0,forex
GBPAUD=X,LONG,2024-09-05,1.9569799900054932,1.9306643303754185,2.0096113092656425,804,False,False,2024-09-30,1.9306643303754185,LOSS,17.0,forex
GBPAUD=X,LONG,2025-02-27,2.0092999935150146,1.9804837039671292,2.0669325726107854,928,False,False,2025-03-31,2.0669325726107854,WIN,22.0,forex
GBPAUD=X,LONG,2025-04-01,2.0703001022338867,2.0393621155208876,2.132176075659885,951,False,False,2025-04-04,2.132176075659885,WIN,3.0,forex
GBPAUD=X,LONG,2025-04-07,2.1559898853302,2.10253915904946,2.2628913378916806,955,False,False,2025-04-08,2.10253915904946,LOSS,1.0,forex
GBPAUD=X,SHORT,2025-06-18,2.0722599029541016,2.1031408040519,2.0104981007585048,1005,False,False,2025-06-26,2.1031408040519,LOSS,6.0,forex
GBPAUD=X,LONG,2025-08-14,2.073430061340332,2.047447446876012,2.1253952902689717,1046,False,False,2025-09-10,2.047447446876012,LOSS,19.0,forex
GBPAUD=X,SHORT,2025-10-01,2.0333399772644043,2.0567207935646956,1.9865783446638217,1080,False,False,2025-10-10,2.0567207935646956,LOSS,7.0,forex
GBPAUD=X,LONG,2025-10-16,2.0595901012420654,2.0316429444543664,2.1154844148174634,1091,False,False,2025-10-28,2.0316429444543664,LOSS,8.0,forex
GBPAUD=X,SHORT,2026-05-13,1.870069980621338,1.891067101812264,1.8280757382394857,1238,False,False,2026-06-05,1.891067101812264,LOSS,17.0,forex
GBPAUD=X,LONG,2026-06-08,1.8933099508285522,1.8723587156903532,1.9352124211049504,1256,False,False,2026-07-02,1.9352124211049504,WIN,18.0,forex
GBPAUD=X,SHORT,2026-07-27,1.9086300134658813,1.9298294666640428,1.8662311070695585,1291,False,False,,,OPEN,,forex
GBPCAD=X,SHORT,2022-01-18,1.7078800201416016,1.7289746806209931,1.6656906991828184,117,True,False,2022-02-03,1.7289746806209931,LOSS,12.0,forex
GBPCAD=X,SHORT,2022-04-25,1.6320699453353882,1.6554437572240586,1.5853223215580474,186,False,False,2022-05-05,1.5853223215580474,WIN,8.0,forex
GBPCAD=X,LONG,2022-08-02,1.57368004322052,1.5471991644145293,1.6266418008325014,257,True,False,2022-08-19,1.5471991644145293,LOSS,13.0,forex
GBPCAD=X,SHORT,2022-08-22,1.5357999801635742,1.5612669347082753,1.4848660710741721,271,False,False,2022-09-23,1.4848660710741721,WIN,24.0,forex
GBPCAD=X,SHORT,2022-09-26,1.4660199880599976,1.5051047896119951,1.3878503849560024,296,False,False,2022-09-29,1.5051047896119951,LOSS,3.0,forex
GBPCAD=X,LONG,2023-01-19,1.666200041770935,1.632768890124783,1.7330623450632392,379,False,False,2023-02-02,1.632768890124783,LOSS,10.0,forex
GBPCAD=X,SHORT,2023-02-06,1.6137700080871582,1.646439349741916,1.5484313247776424,391,False,False,2023-02-28,1.646439349741916,LOSS,16.0,forex
GBPCAD=X,LONG,2023-03-10,1.6486599445343018,1.6149079821547705,1.7161638692933643,415,False,False,2023-07-13,1.7161638692933643,WIN,89.0,forex
GBPCAD=X,LONG,2023-08-17,1.722830057144165,1.6782225245435072,1.8120451223454808,529,False,False,2023-09-14,1.6782225245435072,LOSS,20.0,forex
GBPCAD=X,LONG,2023-10-30,1.6792500019073486,1.6569613001481456,1.7238274054257547,581,False,False,2023-11-28,1.7238274054257547,WIN,21.0,forex
GBPCAD=X,SHORT,2023-12-18,1.6956000328063965,1.7205703445653626,1.6456594092884642,616,False,False,2024-01-25,1.7205703445653626,LOSS,28.0,forex
GBPCAD=X,SHORT,2024-02-06,1.6972600221633911,1.7173531319576982,1.6570738025747769,652,True,False,2024-02-28,1.7173531319576982,LOSS,16.0,forex
GBPCAD=X,LONG,2024-02-29,1.718850016593933,1.700553314825167,1.7554434201314653,669,True,False,2024-04-22,1.700553314825167,LOSS,37.0,forex
GBPCAD=X,SHORT,2024-04-23,1.6918799877166748,1.710724080809086,1.6541918015318524,707,False,False,2024-04-25,1.710724080809086,LOSS,2.0,forex
GBPCAD=X,SHORT,2024-06-21,1.7323600053787231,1.748727181153263,1.6996256538296435,750,True,False,2024-07-08,1.748727181153263,LOSS,11.0,forex
GBPCAD=X,LONG,2024-09-17,1.7947700023651123,1.7742991334701022,1.8357117401551326,812,False,False,2024-10-03,1.7742991334701022,LOSS,12.0,forex
GBPCAD=X,LONG,2024-10-30,1.8100999593734741,1.787636859641228,1.8550261588379664,843,False,False,2024-11-06,1.787636859641228,LOSS,5.0,forex
GBPCAD=X,SHORT,2024-11-13,1.7762500047683716,1.8004899574070052,1.7277700994911043,853,False,False,2024-12-06,1.8004899574070052,LOSS,17.0,forex
GBPCAD=X,SHORT,2025-04-08,1.8129199743270874,1.8463073628378472,1.7461451973055677,956,False,False,2025-04-16,1.8463073628378472,LOSS,6.0,forex
GBPCAD=X,LONG,2025-05-20,1.8645600080490112,1.8366287218500283,1.920422580446977,984,False,False,2025-06-17,1.8366287218500283,LOSS,20.0,forex
GBPCAD=X,SHORT,2025-06-18,1.8375500440597534,1.8603878779564307,1.791874376266399,1005,False,False,2025-06-24,1.8603878779564307,LOSS,4.0,forex
GBPCAD=X,LONG,2025-06-25,1.8687800168991089,1.8433617045891761,1.9196166415189744,1010,False,False,2025-07-14,1.8433617045891761,LOSS,13.0,forex
GBPCAD=X,LONG,2025-08-12,1.850409984588623,1.829041639383115,1.893146674999639,1044,False,False,2026-03-02,1.829041639383115,LOSS,142.0,forex
GBPCAD=X,SHORT,2026-05-18,1.8311899900436401,1.8537086824448026,1.7861526052413152,1241,False,False,2026-05-22,1.8537086824448026,LOSS,4.0,forex
GBPCAD=X,LONG,2026-06-30,1.8832199573516846,1.865361934919964,1.9189360022151258,1272,False,False,,,OPEN,,forex
GBPCHF=X,LONG,2021-12-28,1.2324199676513672,1.214804893061898,1.2676501168303056,102,False,False,2022-03-04,1.214804893061898,LOSS,48.0,forex
GBPCHF=X,SHORT,2022-08-09,1.1536600589752197,1.1738806153828014,1.1132189461600563,262,False,False,2022-09-09,1.1132189461600563,WIN,23.0,forex
GBPCHF=X,SHORT,2022-12-20,1.128309965133667,1.1511753227264996,1.0825792499480018,357,False,False,2022-12-26,1.0825792499480018,WIN,4.0,forex
GBPCHF=X,LONG,2023-01-23,1.1410900354385376,1.1189534114252242,1.1853632834651644,381,False,False,2023-02-02,1.1189534114252242,LOSS,8.0,forex
GBPCHF=X,SHORT,2023-02-03,1.1159000396728516,1.1364294117290121,1.0748412955605304,390,True,False,2023-03-21,1.1364294117290121,LOSS,32.0,forex
GBPCHF=X,SHORT,2023-04-13,1.11899995803833,1.1368875872042277,1.083224699706535,439,False,False,2023-06-01,1.1368875872042277,LOSS,35.0,forex
GBPCHF=X,LONG,2023-06-02,1.1342400312423706,1.1184758084415378,1.1657684768440362,475,False,False,2023-07-19,1.1184758084415378,LOSS,33.0,forex
GBPCHF=X,LONG,2023-08-21,1.1241300106048584,1.1108001363870823,1.1507897590404106,531,True,False,2023-08-28,1.1108001363870823,LOSS,5.0,forex
GBPCHF=X,SHORT,2023-09-21,1.1086699962615967,1.1208373079394922,1.0843353729058056,554,False,False,2023-09-28,1.1208373079394922,LOSS,5.0,forex
GBPCHF=X,SHORT,2023-10-13,1.1058900356292725,1.1184731590272532,1.080723788833311,570,False,False,2023-10-20,1.080723788833311,WIN,5.0,forex
GBPCHF=X,SHORT,2024-04-22,1.1273599863052368,1.1423991849838573,1.0972815889479959,706,True,False,2024-04-25,1.1423991849838573,LOSS,3.0,forex
GBPCHF=X,LONG,2024-09-20,1.1259299516677856,1.10822146204789,1.1613469309075768,815,False,False,2025-04-04,1.10822146204789,LOSS,139.0,forex
GBPCHF=X,SHORT,2025-06-13,1.1021000146865845,1.1196546021126157,1.066990839834522,1002,False,False,2025-08-01,1.066990839834522,WIN,35.0,forex
GBPCHF=X,LONG,2025-08-11,1.0855300426483154,1.0701404788539153,1.1163091702371157,1043,True,False,2025-09-23,1.0701404788539153,LOSS,31.0,forex
GBPCHF=X,SHORT,2025-09-24,1.0701600313186646,1.080795429037419,1.0488892358811555,1075,False,False,2025-11-12,1.0488892358811555,WIN,35.0,forex
GBPCHF=X,LONG,2026-01-07,1.074139952659607,1.0638000974792798,1.0948196630202611,1148,False,False,2026-01-20,1.0638000974792798,LOSS,9.0,forex
GBPCHF=X,LONG,2026-03-19,1.0513700246810913,1.0385641615506105,1.076981750942053,1199,False,False,2026-07-06,1.076981750942053,WIN,77.0,forex
GBPCHF=X,LONG,2026-07-07,1.0783100128173828,1.0690227562838204,1.0968845258845077,1277,False,False,,,OPEN,,forex
GBPJPY=X,LONG,2022-02-11,157.23399353027344,154.89701416628844,161.90795225824343,135,False,False,2022-02-24,154.89701416628844,LOSS,9.0,forex
GBPJPY=X,SHORT,2022-03-02,153.1269989013672,155.67643112445126,148.02813445519905,148,True,False,2022-03-17,155.67643112445126,LOSS,11.0,forex
GBPJPY=X,SHORT,2022-07-06,161.89999389648438,166.78190069041372,152.13618030862568,238,False,False,2022-09-12,166.78190069041372,LOSS,48.0,forex
GBPJPY=X,LONG,2022-12-13,168.68699645996094,164.76893657816868,176.52311622354546,352,False,False,2022-12-20,164.76893657816868,LOSS,5.0,forex
GBPJPY=X,SHORT,2022-12-21,160.73699951171875,166.13999995054886,149.93099863405854,358,False,False,2023-04-04,166.13999995054886,LOSS,74.0,forex
GBPJPY=X,LONG,2023-05-29,173.91700744628906,170.5766660487691,180.59769024132896,471,False,False,2023-06-16,180.59769024132896,WIN,14.0,forex
GBPJPY=X,SHORT,2023-07-21,180.01400756835938,183.528220161311,172.98558238245613,510,False,False,2023-08-10,183.528220161311,LOSS,14.0,forex
GBPJPY=X,SHORT,2023-09-15,182.87399291992188,185.85751247478146,176.9069538102027,550,False,False,2023-11-06,185.85751247478146,LOSS,36.0,forex
GBPJPY=X,LONG,2024-02-14,189.72900390625,186.67367289333586,195.83966593207828,658,False,False,2024-04-26,195.83966593207828,WIN,52.0,forex
GBPJPY=X,LONG,2024-06-24,202.0189971923828,199.25353237596445,207.54992682521953,751,False,False,2024-07-10,207.54992682521953,WIN,12.0,forex
GBPJPY=X,SHORT,2024-11-22,194.05999755859375,198.4456419952062,185.28870868536887,860,False,False,2024-12-19,198.4456419952062,LOSS,19.0,forex
GBPJPY=X,SHORT,2025-01-13,192.6840057373047,197.95662722820654,182.13876275550098,895,False,False,2025-06-23,197.95662722820654,LOSS,113.0,forex
GBPJPY=X,LONG,2025-06-24,197.64500427246094,194.17632489517047,204.58236302704188,1009,False,False,2025-10-08,204.58236302704188,WIN,76.0,forex
GBPJPY=X,SHORT,2026-04-01,209.9409942626953,212.96077452418928,203.9014337397074,1208,True,False,2026-04-08,212.96077452418928,LOSS,5.0,forex
GBPJPY=X,LONG,2026-04-10,213.66600036621094,210.75405483210943,219.48989143441395,1215,False,False,2026-04-30,210.75405483210943,LOSS,14.0,forex
GBPJPY=X,SHORT,2026-06-22,213.2050018310547,215.75938558205485,208.09623432905437,1266,True,False,2026-07-02,215.75938558205485,LOSS,8.0,forex
GBPNZD=X,SHORT,2022-02-23,2.0154600143432617,2.0456716522287843,1.9550367385722165,143,False,False,2022-03-04,1.9550367385722165,WIN,7.0,forex
GBPNZD=X,LONG,2022-04-14,1.929069995880127,1.890630359536566,2.0059492685672486,179,True,False,2022-08-12,1.890630359536566,LOSS,86.0,forex
GBPNZD=X,LONG,2022-09-16,1.9222500324249268,1.8905097913639584,1.9857305145468636,290,False,False,2022-09-23,1.8905097913639584,LOSS,5.0,forex
GBPNZD=X,SHORT,2022-12-01,1.9122300148010254,1.9526806392464795,1.8313287659101172,344,False,False,2023-02-27,1.9526806392464795,LOSS,62.0,forex
GBPNZD=X,LONG,2023-06-29,2.081089973449707,2.0445343955412096,2.154201129266702,494,False,False,2023-08-21,2.154201129266702,WIN,37.0,forex
GBPNZD=X,SHORT,2023-12-01,2.0512800216674805,2.082970039733854,1.9878999855347335,605,False,False,2024-01-19,2.082970039733854,LOSS,35.0,forex
GBPNZD=X,LONG,2024-05-01,2.1242198944091797,2.0984783479341105,2.175702987359318,713,False,False,2024-05-03,2.0984783479341105,LOSS,2.0,forex
GBPNZD=X,SHORT,2024-06-04,2.067500114440918,2.0898184652966942,2.0228634127293654,737,False,False,2024-07-03,2.0898184652966942,LOSS,21.0,forex
GBPNZD=X,SHORT,2024-11-20,2.1443800926208496,2.1736465131089524,2.085847251644644,858,False,False,2024-12-05,2.1736465131089524,LOSS,11.0,forex
GBPNZD=X,LONG,2024-12-06,2.169029951095581,2.1396548557515174,2.2277801417837084,870,False,False,2024-12-19,2.2277801417837084,WIN,9.0,forex
GBPNZD=X,LONG,2025-02-27,2.224790096282959,2.1913790693904485,2.29161215006798,928,False,False,2025-04-04,2.29161215006798,WIN,26.0,forex
GBPNZD=X,LONG,2025-05-16,2.2651898860931396,2.2213824062397203,2.3528048457999784,982,False,False,2025-11-25,2.3528048457999784,WIN,137.0,forex
GBPNZD=X,LONG,2025-12-30,2.325589895248413,2.2985228723045266,2.379723941136186,1143,False,False,2026-01-21,2.2985228723045266,LOSS,15.0,forex
GBPNZD=X,SHORT,2026-01-22,2.298409938812256,2.3292626233728653,2.236704569691037,1159,False,False,2026-06-23,2.3292626233728653,LOSS,108.0,forex
GBPUSD=X,LONG,2021-12-27,1.3404303789138794,1.321414103146136,1.3784629304493663,101,True,False,2022-03-04,1.321414103146136,LOSS,49.0,forex
GBPUSD=X,SHORT,2022-04-25,1.2830876111984253,1.305783413357747,1.2376960068797818,186,False,False,2022-05-05,1.2376960068797818,WIN,8.0,forex
GBPUSD=X,SHORT,2022-08-19,1.193274736404419,1.2216863523752106,1.1364515044628356,270,False,False,2022-09-16,1.1364515044628356,WIN,20.0,forex
GBPUSD=X,LONG,2023-01-18,1.228471040725708,1.198769522901753,1.287874076373618,378,False,False,2023-02-07,1.198769522901753,LOSS,14.0,forex
GBPUSD=X,SHORT,2023-03-08,1.1827740669250488,1.2106108567357907,1.127100487303565,413,False,False,2023-03-10,1.2106108567357907,LOSS,2.0,forex
GBPUSD=X,LONG,2023-03-21,1.2276264429092407,1.198832826148247,1.285213676431228,422,False,False,2023-07-11,1.285213676431228,WIN,80.0,forex
GBPUSD=X,LONG,2023-07-12,1.2934770584106445,1.2725250095682714,1.3353811560953908,503,False,False,2023-08-02,1.2725250095682714,LOSS,15.0,forex
GBPUSD=X,SHORT,2023-08-25,1.2592872381210327,1.2803598661492177,1.2171419820646627,535,False,False,2023-09-26,1.2171419820646627,WIN,22.0,forex
GBPUSD=X,LONG,2023-11-06,1.237378716468811,1.2156775610979016,1.28078102721063,586,True,False,2023-12-28,1.28078102721063,WIN,38.0,forex
GBPUSD=X,SHORT,2024-02-05,1.2621959447860718,1.281861917750977,1.2228639988562615,651,False,False,2024-03-08,1.281861917750977,LOSS,24.0,forex
GBPUSD=X,SHORT,2024-06-21,1.2660471200942993,1.2812170455784857,1.2357072691259265,750,False,False,2024-07-05,1.2812170455784857,LOSS,10.0,forex
GBPUSD=X,LONG,2024-07-08,1.2806508541107178,1.2655583413505325,1.3108358796310884,761,False,False,2024-08-22,1.3108358796310884,WIN,33.0,forex
GBPUSD=X,LONG,2024-09-20,1.328179955482483,1.3089331235484971,1.3666736193504545,815,False,False,2024-10-04,1.3089331235484971,LOSS,10.0,forex
GBPUSD=X,SHORT,2024-11-07,1.2883278131484985,1.3087850908851568,1.247413257675182,849,False,False,2024-12-25,1.247413257675182,WIN,34.0,forex
GBPUSD=X,LONG,2025-04-03,1.3046314716339111,1.284853168772716,1.3441880773563013,953,False,False,2025-04-07,1.284853168772716,LOSS,2.0,forex
GBPUSD=X,LONG,2025-05-26,1.3535828590393066,1.3303620171195163,1.4000245428788873,988,False,False,2025-07-30,1.3303620171195163,LOSS,47.0,forex
GBPUSD=X,LONG,2025-09-16,1.3602666854858398,1.3414515663454025,1.3978969237667145,1069,False,False,2025-09-25,1.3414515663454025,LOSS,7.0,forex
GBPUSD=X,LONG,2025-11-28,1.3241175413131714,1.306889509765728,1.358573604408058,1122,False,False,2026-01-23,1.358573604408058,WIN,38.0,forex
GBPUSD=X,LONG,2026-01-26,1.3662508726119995,1.3473299408025428,1.404092736230913,1161,False,False,2026-02-19,1.3473299408025428,LOSS,18.0,forex
GBPUSD=X,SHORT,2026-03-30,1.3238370418548584,1.3470730898450203,1.2773649458745346,1206,False,False,2026-04-08,1.3470730898450203,LOSS,7.0,forex
GBPUSD=X,SHORT,2026-05-18,1.330849051475525,1.3514708909937252,1.2896053724391243,1241,True,False,2026-07-16,1.3514708909937252,LOSS,43.0,forex
HKDJPY=X,LONG,2021-12-27,14.65835952758789,14.486808303842317,15.001461975079039,101,False,False,2022-03-14,15.001461975079039,WIN,55.0,forex
HKDJPY=X,LONG,2022-07-12,17.501829147338867,17.13127683318868,18.242933775639244,242,False,False,2022-07-28,17.13127683318868,LOSS,12.0,forex
HKDJPY=X,SHORT,2022-07-29,17.120819091796875,17.525687557436438,16.31108216051775,255,False,False,2022-08-22,17.525687557436438,LOSS,16.0,forex
HKDJPY=X,LONG,2022-10-10,18.53302001953125,18.168871407969228,19.261317242655295,306,False,False,2022-10-21,19.261317242655295,WIN,9.0,forex
HKDJPY=X,SHORT,2022-12-21,16.9342098236084,17.63645779668625,15.529713877452693,358,False,False,2023-05-18,17.63645779668625,LOSS,106.0,forex
HKDJPY=X,LONG,2023-06-19,18.13599967956543,17.791077134033046,18.825844770630198,486,False,False,2023-07-12,17.791077134033046,LOSS,17.0,forex
HKDJPY=X,LONG,2023-09-06,18.8060302734375,18.470912976256603,19.476264867799294,543,False,False,2023-12-07,18.470912976256603,LOSS,66.0,forex
HKDJPY=X,SHORT,2024-03-08,18.9060001373291,19.210021194399673,18.29795802318796,675,False,False,2024-03-19,19.210021194399673,LOSS,7.0,forex
HKDJPY=X,LONG,2024-04-16,19.691999435424805,19.44090235005908,20.194193606156254,702,False,False,2024-04-29,20.194193606156254,WIN,9.0,forex
HKDJPY=X,LONG,2024-06-21,20.361949920654297,20.062677708612693,20.960494344737505,750,False,False,2024-07-17,20.062677708612693,LOSS,18.0,forex
HKDJPY=X,LONG,2024-11-07,19.843189239501953,19.405244879951805,20.71907795860225,849,False,False,2024-11-27,19.405244879951805,LOSS,14.0,forex
HKDJPY=X,SHORT,2024-11-28,19.4498291015625,19.90060057582995,18.548286153027597,864,False,False,2024-12-19,19.90060057582995,LOSS,15.0,forex
HKDJPY=X,SHORT,2025-01-21,19.952159881591797,20.344187784758642,19.168104075258107,901,True,False,2025-02-24,19.168104075258107,WIN,24.0,forex
HKDJPY=X,SHORT,2025-04-04,18.800189971923828,19.24615129258858,17.908267330594327,954,False,False,2025-09-25,19.24615129258858,LOSS,122.0,forex
HKDJPY=X,LONG,2025-09-26,19.255699157714844,18.943997156267173,19.879103160610185,1077,False,False,2025-10-01,18.943997156267173,LOSS,3.0,forex
HKDJPY=X,LONG,2025-12-22,20.260740280151367,19.93030821513766,20.92160441017878,1138,False,False,2026-01-26,19.93030821513766,LOSS,23.0,forex
HKDJPY=X,LONG,2026-04-30,20.440149307250977,20.126187822229728,21.068072277293474,1229,False,False,2026-05-01,20.126187822229728,LOSS,1.0,forex
HKDJPY=X,LONG,2026-06-19,20.580629348754883,20.427469671046296,20.886948704172056,1265,False,False,2026-07-23,20.886948704172056,WIN,24.0,forex
HKDJPY=X,LONG,2026-07-24,20.894100189208984,20.71619690550196,21.249906756623034,1290,False,False,2026-07-30,20.71619690550196,LOSS,4.0,forex
MXNJPY=X,SHORT,2022-01-26,5.525199890136719,5.6396409820550675,5.296317706300021,123,False,False,2022-02-10,5.6396409820550675,LOSS,11.0,forex
MXNJPY=X,LONG,2022-02-15,5.658699989318848,5.542768748975985,5.890562470004573,137,False,False,2022-03-04,5.542768748975985,LOSS,13.0,forex
MXNJPY=X,SHORT,2022-03-07,5.479153156280518,5.622779585213921,5.19190029841371,151,False,False,2022-03-14,5.622779585213921,LOSS,5.0,forex
MXNJPY=X,LONG,2022-05-30,6.498199939727783,6.320883797423074,6.852832224337202,211,False,False,2022-06-09,6.852832224337202,WIN,8.0,forex
MXNJPY=X,SHORT,2022-08-01,6.542300224304199,6.751574037188633,6.123752598535331,256,False,False,2022-08-16,6.751574037188633,LOSS,11.0,forex
MXNJPY=X,LONG,2022-10-10,7.252514839172363,7.100209940348675,7.55712463681974,306,False,False,2022-10-21,7.55712463681974,WIN,9.0,forex
MXNJPY=X,SHORT,2022-11-14,7.148600101470947,7.3858217107896165,6.674156882833609,331,True,False,2022-12-20,6.674156882833609,WIN,26.0,forex
MXNJPY=X,SHORT,2023-01-02,6.694399833679199,6.930413797559548,6.222371905918502,366,False,False,2023-01-06,6.930413797559548,LOSS,4.0,forex
MXNJPY=X,LONG,2023-02-10,6.9994001388549805,6.820187991789232,7.357824432986478,395,False,False,2023-02-21,7.357824432986478,WIN,7.0,forex
MXNJPY=X,LONG,2023-08-14,8.519200325012207,8.256249211986548,9.045102551063525,526,False,False,2023-10-04,8.256249211986548,LOSS,37.0,forex
MXNJPY=X,LONG,2023-11-02,8.47484302520752,8.205886567891545,9.012755939839469,584,False,False,2023-12-08,8.205886567891545,LOSS,26.0,forex
MXNJPY=X,LONG,2024-01-08,8.568300247192383,8.345800145096955,9.013300451383238,631,False,False,2024-03-20,9.013300451383238,WIN,52.0,forex
MXNJPY=X,SHORT,2024-11-27,7.400979042053223,7.662697920017886,6.877541286123895,863,False,False,2024-12-16,7.662697920017886,LOSS,13.0,forex
MXNJPY=X,LONG,2025-06-12,7.627600193023682,7.431858098981598,8.019084381107849,1001,False,False,2025-09-15,8.019084381107849,WIN,67.0,forex
MXNJPY=X,LONG,2025-09-16,8.02568531036377,7.897572396075123,8.281911138941062,1069,False,False,2025-10-08,8.281911138941062,WIN,16.0,forex
MXNJPY=X,LONG,2025-12-10,8.617500305175781,8.458599966328201,8.935300982870942,1130,False,False,2026-01-14,8.935300982870942,WIN,23.0,forex
MXNJPY=X,SHORT,2026-03-31,8.808699607849121,9.013008373752035,8.400082076043294,1207,False,False,2026-04-08,9.013008373752035,LOSS,6.0,forex
MXNJPY=X,LONG,2026-04-09,9.090097427368164,8.902605703214281,9.46508087567593,1214,False,False,2026-04-30,8.902605703214281,LOSS,15.0,forex
MXNJPY=X,LONG,2026-06-12,9.282400131225586,9.142106431064196,9.562987531548366,1260,False,False,2026-07-30,9.142106431064196,LOSS,34.0,forex
NZDCAD=X,SHORT,2022-01-07,0.8578529953956604,0.8705609531720457,0.8324370798428897,110,False,False,2022-03-04,0.8705609531720457,LOSS,40.0,forex
NZDCAD=X,SHORT,2022-04-11,0.8596000075340271,0.8736093998700372,0.831581222862007,176,False,False,2022-04-28,0.831581222862007,WIN,13.0,forex
NZDCAD=X,LONG,2022-08-02,0.8130000233650208,0.7981031574312727,0.8427937552325169,257,False,False,2022-08-29,0.7981031574312727,LOSS,19.0,forex
NZDCAD=X,SHORT,2022-09-14,0.7903100252151489,0.8047487500014143,0.7614325756426181,288,False,False,2022-11-11,0.8047487500014143,LOSS,42.0,forex
NZDCAD=X,LONG,2023-01-19,0.8697180151939392,0.8506769732986191,0.9078000989845794,379,False,False,2023-02-03,0.8506769732986191,LOSS,11.0,forex
NZDCAD=X,SHORT,2023-02-06,0.8476899862289429,0.8671895359660261,0.8086908867547764,391,False,False,2023-06-07,0.8086908867547764,WIN,87.0,forex
NZDCAD=X,SHORT,2023-06-29,0.8048409819602966,0.819828091931095,0.7748667620187,494,False,False,2023-07-04,0.819828091931095,LOSS,3.0,forex
NZDCAD=X,SHORT,2023-09-15,0.797789990901947,0.8098376812244672,0.7736946102569067,550,False,False,2023-09-29,0.8098376812244672,LOSS,10.0,forex
NZDCAD=X,LONG,2023-10-02,0.8137099742889404,0.8007224841965848,0.8396849544736518,561,False,False,2023-10-19,0.8007224841965848,LOSS,13.0,forex
NZDCAD=X,SHORT,2024-01-17,0.8282949924468994,0.8420256079971461,0.800833761346406,638,False,False,2024-06-03,0.8420256079971461,LOSS,98.0,forex
NZDCAD=X,SHORT,2024-07-19,0.8280199766159058,0.8377842014419118,0.8084915269638937,770,False,False,2024-08-20,0.8377842014419118,LOSS,22.0,forex
NZDCAD=X,LONG,2024-09-19,0.844980001449585,0.8322316531292026,0.8704766980903498,814,False,False,2024-10-09,0.8322316531292026,LOSS,14.0,forex
NZDCAD=X,SHORT,2024-11-13,0.8258699774742126,0.8386181559488112,0.8003736205250156,853,False,False,2024-12-25,0.8003736205250156,WIN,30.0,forex
NZDCAD=X,LONG,2025-01-23,0.815060019493103,0.8025335064408329,0.8401130455976433,903,True,False,2025-04-04,0.8025335064408329,LOSS,51.0,forex
NZDCAD=X,LONG,2025-06-03,0.829010009765625,0.813832925380829,0.8593641785352171,994,False,False,2025-06-23,0.813832925380829,LOSS,14.0,forex
NZDCAD=X,LONG,2025-06-26,0.8301849961280823,0.8162357484953221,0.8580834913936026,1011,False,False,2025-07-15,0.8162357484953221,LOSS,13.0,forex
NZDCAD=X,SHORT,2025-11-05,0.7955530285835266,0.8051626793082363,0.7763337271341073,1105,False,False,2025-12-04,0.8051626793082363,LOSS,21.0,forex
NZDCAD=X,SHORT,2026-01-02,0.7895600199699402,0.7992909542311918,0.770098151447437,1145,False,False,2026-01-07,0.7992909542311918,LOSS,3.0,forex
NZDCAD=X,LONG,2026-01-20,0.803600013256073,0.7934243564454018,0.8239513268774155,1157,False,False,2026-02-03,0.8239513268774155,WIN,10.0,forex
NZDCAD=X,SHORT,2026-03-02,0.8140000104904175,0.8247018744644585,0.7925962825423354,1186,True,False,2026-03-23,0.7925962825423354,WIN,15.0,forex
NZDCAD=X,LONG,2026-08-03,0.8263400197029114,0.8140688781333658,0.8508823028420025,1296,False,False,,,OPEN,,forex
NZDCHF=X,SHORT,2022-01-19,0.6208699941635132,0.6301077575738917,0.6023944673427561,118,False,False,2022-03-07,0.6301077575738917,LOSS,33.0,forex
NZDCHF=X,SHORT,2022-06-17,0.6147900223731995,0.6311996658885184,0.5819707353425616,225,False,False,2022-09-13,0.5819707353425616,WIN,62.0,forex
NZDCHF=X,LONG,2023-01-23,0.5967900156974792,0.5816554449559648,0.6270591571805082,381,False,False,2023-02-06,0.5816554449559648,LOSS,10.0,forex
NZDCHF=X,SHORT,2023-02-08,0.5825600028038025,0.5966116886514441,0.5544566311085193,393,False,False,2023-04-17,0.5544566311085193,WIN,48.0,forex
NZDCHF=X,SHORT,2023-06-29,0.5445500016212463,0.5551100888831865,0.5234298270973661,494,False,False,2023-07-04,0.5551100888831865,LOSS,3.0,forex
NZDCHF=X,SHORT,2023-07-12,0.5446799993515015,0.555926282725979,0.5221874326025464,503,False,False,2023-08-15,0.5221874326025464,WIN,24.0,forex
NZDCHF=X,LONG,2023-09-14,0.5288299918174744,0.5206309827569944,0.5452280099384343,549,False,False,2023-09-27,0.5452280099384343,WIN,9.0,forex
NZDCHF=X,LONG,2023-11-29,0.5389500260353088,0.5292041301203959,0.5584418178651347,603,False,False,2023-12-28,0.5292041301203959,LOSS,21.0,forex
NZDCHF=X,SHORT,2023-12-29,0.5341899991035461,0.5461767936100299,0.5102164100905786,625,False,False,2024-02-23,0.5461767936100299,LOSS,40.0,forex
NZDCHF=X,SHORT,2024-07-17,0.5420899987220764,0.5505098442672987,0.5252503076316319,768,False,False,2024-07-24,0.5252503076316319,WIN,5.0,forex
NZDCHF=X,SHORT,2024-12-06,0.5163000226020813,0.5253255303290613,0.49824900714812137,870,False,False,2025-04-04,0.49824900714812137,WIN,84.0,forex
NZDCHF=X,LONG,2025-08-12,0.48217999935150146,0.47459626170308383,0.49734747464833673,1044,True,False,2025-08-20,0.47459626170308383,LOSS,6.0,forex
NZDCHF=X,SHORT,2025-08-21,0.4685100018978119,0.47766215696037695,0.45020569177268177,1051,False,False,2025-10-17,0.45020569177268177,WIN,41.0,forex
NZDCHF=X,LONG,2026-01-16,0.46132999658584595,0.45334872937603005,0.47729253100547775,1155,False,False,2026-03-02,0.45334872937603005,LOSS,31.0,forex
NZDCHF=X,SHORT,2026-03-09,0.45688000321388245,0.46695815792801176,0.4367236937856238,1191,False,False,2026-05-29,0.46695815792801176,LOSS,59.0,forex
NZDJPY=X,LONG,2021-12-28,78.22699737548828,76.50595180407073,81.66908851832338,102,True,False,2022-01-21,76.50595180407073,LOSS,18.0,forex
NZDJPY=X,SHORT,2022-01-24,76.47699737548828,78.10503261671221,73.22092689304043,121,False,False,2022-02-23,78.10503261671221,LOSS,22.0,forex
NZDJPY=X,LONG,2022-02-24,77.78399658203125,76.01536566968747,81.32125840671881,144,False,False,2022-03-17,81.32125840671881,WIN,15.0,forex
NZDJPY=X,LONG,2022-04-20,87.24299621582031,85.09361714416089,91.54175435913916,183,False,False,2022-04-22,85.09361714416089,LOSS,2.0,forex
NZDJPY=X,SHORT,2022-07-04,83.83000183105469,86.15538186994979,79.17924175326448,236,False,False,2022-07-20,86.15538186994979,LOSS,12.0,forex
NZDJPY=X,LONG,2022-07-21,86.13700103759766,83.9283294928151,90.55434412716278,249,False,False,2022-07-29,83.9283294928151,LOSS,6.0,forex
NZDJPY=X,LONG,2022-09-06,85.72000122070312,83.93097811632032,89.29804742946874,282,False,False,2022-09-22,83.93097811632032,LOSS,12.0,forex
NZDJPY=X,LONG,2022-12-12,87.38500213623047,85.33320226041046,91.48860188787049,351,False,False,2022-12-20,85.33320226041046,LOSS,6.0,forex
NZDJPY=X,SHORT,2022-12-21,83.65499877929688,86.49527902530097,77.97443828728868,358,False,False,2023-01-02,77.97443828728868,WIN,8.0,forex
NZDJPY=X,LONG,2023-03-02,85.16999816894531,83.36651545722589,88.77696359238416,409,False,False,2023-03-10,83.36651545722589,LOSS,6.0,forex
NZDJPY=X,SHORT,2023-03-13,82.83999633789062,84.63937355749128,79.24124189868931,416,False,False,2023-05-01,84.63937355749128,LOSS,35.0,forex
NZDJPY=X,LONG,2023-05-02,84.75,82.49554406005558,89.25891187988884,452,False,False,2023-07-04,89.25891187988884,WIN,45.0,forex
NZDJPY=X,LONG,2023-09-14,87.21800231933594,85.74857871476793,90.15684952847195,549,False,False,2023-09-29,90.15684952847195,WIN,11.0,forex
NZDJPY=X,LONG,2024-02-09,91.14800262451172,89.6625487834521,94.11891030663097,655,False,False,2024-04-29,94.11891030663097,WIN,56.0,forex
NZDJPY=X,LONG,2024-06-21,97.2959976196289,95.7607542735797,100.3664843117273,750,False,False,2024-07-16,95.7607542735797,LOSS,17.0,forex
NZDJPY=X,LONG,2024-11-08,92.22000122070312,90.13075112110685,96.39850141989567,850,False,False,2024-11-21,90.13075112110685,LOSS,9.0,forex
NZDJPY=X,SHORT,2024-11-22,90.31400299072266,92.43549587262974,86.07101722690848,860,False,False,2025-02-03,86.07101722690848,WIN,50.0,forex
NZDJPY=X,LONG,2025-07-04,87.94999694824219,86.5164191406114,90.81715256350375,1017,False,False,2025-08-20,86.5164191406114,LOSS,33.0,forex
NZDJPY=X,LONG,2026-01-20,91.61000061035156,90.09659820197056,94.63680542711356,1157,False,False,2026-02-09,94.63680542711356,WIN,14.0,forex
NZDJPY=X,SHORT,2026-03-27,91.99500274658203,93.64771690887481,88.68957442199647,1205,True,False,2026-04-14,93.64771690887481,LOSS,12.0,forex
NZDJPY=X,LONG,2026-05-28,93.98999786376953,92.37144943403968,97.22709472322924,1249,False,False,2026-06-22,92.37144943403968,LOSS,17.0,forex
NZDUSD=X,SHORT,2022-01-24,0.6722598671913147,0.6850258675592574,0.6467278664554292,121,False,False,2022-03-07,0.6850258675592574,LOSS,30.0,forex
NZDUSD=X,SHORT,2022-07-12,0.6122311353683472,0.6276586335853289,0.5813761389343837,242,False,False,2022-07-22,0.6276586335853289,LOSS,8.0,forex
NZDUSD=X,LONG,2022-07-29,0.6295682787895203,0.6142998246666009,0.6601051870353589,255,False,False,2022-08-29,0.6142998246666009,LOSS,21.0,forex
NZDUSD=X,LONG,2023-01-18,0.6432895064353943,0.624054630358588,0.6817592585890069,378,False,False,2023-02-16,0.624054630358588,LOSS,21.0,forex
NZDUSD=X,SHORT,2023-03-08,0.6111199259757996,0.6273589859315492,0.5786418060643004,413,False,False,2023-03-20,0.6273589859315492,LOSS,8.0,forex
NZDUSD=X,LONG,2023-04-04,0.6302706599235535,0.6143649517865002,0.66208207619766,432,False,False,2023-04-21,0.6143649517865002,LOSS,13.0,forex
NZDUSD=X,SHORT,2023-04-24,0.614341139793396,0.6294929692364709,0.5840374809072462,446,False,False,2023-05-05,0.6294929692364709,LOSS,9.0,forex
NZDUSD=X,LONG,2023-05-08,0.6299212574958801,0.61560757876955,0.6585486149485404,456,False,False,2023-05-24,0.61560757876955,LOSS,12.0,forex
NZDUSD=X,LONG,2023-07-13,0.6305209994316101,0.6140153045498423,0.6635323891951457,504,False,False,2023-07-28,0.6140153045498423,LOSS,11.0,forex
NZDUSD=X,SHORT,2023-09-07,0.5870990753173828,0.5997290679329819,0.5618390900861847,544,False,False,2023-09-29,0.5997290679329819,LOSS,16.0,forex
NZDUSD=X,LONG,2023-10-02,0.5995886921882629,0.5881167835358074,0.622532509493174,561,False,False,2023-10-04,0.5881167835358074,LOSS,2.0,forex
NZDUSD=X,LONG,2023-10-10,0.6031108498573303,0.5908672082800517,0.6275981330118876,567,True,False,2023-10-13,0.5908672082800517,LOSS,3.0,forex
NZDUSD=X,SHORT,2024-02-14,0.6057815551757812,0.618222947651753,0.5808987702238377,658,False,False,2024-02-20,0.618222947651753,LOSS,4.0,forex
NZDUSD=X,LONG,2024-02-21,0.616819441318512,0.6050361896918834,0.640385944571769,663,False,False,2024-03-19,0.6050361896918834,LOSS,19.0,forex
NZDUSD=X,SHORT,2024-03-20,0.6048984527587891,0.6158008221663329,0.5830937139437014,683,False,False,2024-05-28,0.6158008221663329,LOSS,49.0,forex
NZDUSD=X,SHORT,2024-06-27,0.6080284118652344,0.6174257998338286,0.5892336359280459,754,False,False,2024-07-25,0.5892336359280459,WIN,20.0,forex
NZDUSD=X,SHORT,2024-12-11,0.58022141456604,0.5923132290183136,0.5560377856614929,873,False,False,2025-01-10,0.5560377856614929,WIN,21.0,forex
NZDUSD=X,LONG,2025-01-27,0.5692297220230103,0.5574974619602846,0.5926942421484616,905,False,False,2025-02-03,0.5574974619602846,LOSS,5.0,forex
NZDUSD=X,LONG,2025-02-17,0.5732991695404053,0.5616384745793541,0.5966205594625076,920,False,False,2025-02-28,0.5616384745793541,LOSS,9.0,forex
NZDUSD=X,LONG,2025-07-01,0.6092397570610046,0.5971889497918799,0.6333413715992542,1014,False,False,2025-07-15,0.5971889497918799,LOSS,10.0,forex
NZDUSD=X,LONG,2025-09-12,0.5977801084518433,0.5865304110202171,0.6202795033150956,1067,False,False,2025-09-19,0.5865304110202171,LOSS,5.0,forex
NZDUSD=X,SHORT,2025-11-05,0.5642401576042175,0.5734227815929065,0.5458749096268396,1105,False,False,2025-11-28,0.5734227815929065,LOSS,17.0,forex
NZDUSD=X,LONG,2025-12-01,0.5736411809921265,0.5642163868758967,0.592490769224586,1123,True,False,2026-01-23,0.592490769224586,WIN,37.0,forex
NZDUSD=X,LONG,2026-05-07,0.5953586101531982,0.5822662603389893,0.6215433097816161,1234,False,False,2026-05-19,0.5822662603389893,LOSS,8.0,forex
PLNJPY=X,LONG,2021-12-28,28.222000122070312,27.6637884375767,29.33842349105754,102,False,False,2022-02-09,29.33842349105754,WIN,31.0,forex
PLNJPY=X,LONG,2022-05-30,29.851999282836914,28.89505352112262,31.765890806265503,211,False,False,2022-07-06,28.89505352112262,LOSS,27.0,forex
PLNJPY=X,SHORT,2022-08-24,28.510000228881836,29.386429229864138,26.75714222691723,273,False,False,2022-08-30,29.386429229864138,LOSS,4.0,forex
PLNJPY=X,LONG,2022-09-01,29.573999404907227,28.716507644388436,31.288982925944808,279,False,False,2022-09-28,28.716507644388436,LOSS,19.0,forex
PLNJPY=X,SHORT,2022-12-02,30.320999145507812,31.179609537781843,28.60377836095975,345,False,False,2022-12-15,31.179609537781843,LOSS,9.0,forex
PLNJPY=X,LONG,2022-12-16,31.20400047302246,30.420174550516464,32.771652318034455,355,False,False,2022-12-20,30.420174550516464,LOSS,2.0,forex
PLNJPY=X,LONG,2023-05-23,33.297000885009766,32.46610385708085,34.95879494086759,467,False,False,2023-06-21,34.95879494086759,WIN,21.0,forex
PLNJPY=X,LONG,2023-08-01,35.52199935913086,34.58401656693788,37.39796494351681,517,False,False,2023-09-06,34.58401656693788,LOSS,26.0,forex
PLNJPY=X,SHORT,2023-09-07,34.650001525878906,35.56545924997695,32.81908607768281,544,False,False,2023-10-17,35.56545924997695,LOSS,28.0,forex
PLNJPY=X,SHORT,2024-01-02,26.21225929260254,28.445489403136257,21.745799071535103,627,False,False,2024-01-03,28.445489403136257,LOSS,1.0,forex
PLNJPY=X,LONG,2024-02-05,37.07099914550781,35.8040838280782,39.60482978036704,651,False,False,2024-04-29,39.60482978036704,WIN,60.0,forex
PLNJPY=X,SHORT,2024-09-09,36.882999420166016,37.901569830670375,34.845858599157296,806,False,False,2024-09-25,37.901569830670375,LOSS,12.0,forex
PLNJPY=X,LONG,2024-10-30,38.196998596191406,37.47676751978552,39.63746074900318,843,False,False,2024-11-12,37.47676751978552,LOSS,9.0,forex
PLNJPY=X,SHORT,2024-11-22,37.14699935913086,38.10958995632608,35.22181816474041,860,False,False,2024-12-16,38.10958995632608,LOSS,16.0,forex
PLNJPY=X,SHORT,2025-04-07,37.38999938964844,38.60710897026994,34.95578022840543,955,False,False,2025-05-09,38.60710897026994,LOSS,22.0,forex
PLNJPY=X,LONG,2025-05-12,38.6349983215332,37.70722868226303,40.49053760007355,978,False,False,2025-07-08,40.49053760007355,WIN,41.0,forex
PLNJPY=X,LONG,2025-07-28,40.88999938964844,40.213831300729005,42.2423355674873,1033,False,False,2025-07-29,40.213831300729005,LOSS,1.0,forex
PLNJPY=X,SHORT,2025-08-04,39.95100021362305,40.768606137905415,38.31578836505831,1038,False,False,2025-09-08,40.768606137905415,LOSS,25.0,forex
PLNJPY=X,LONG,2025-09-09,40.7869987487793,40.19558916693839,41.96981791246111,1064,False,False,2025-10-24,41.96981791246111,WIN,33.0,forex
PLNJPY=X,LONG,2025-12-10,43.12699890136719,42.47372293193839,44.43355084022478,1130,False,False,2026-01-23,44.43355084022478,WIN,30.0,forex
PLNJPY=X,LONG,2026-04-08,43.48400115966797,42.73387464362845,44.98425419174701,1213,False,False,2026-06-24,42.73387464362845,LOSS,55.0,forex
SGDJPY=X,LONG,2022-02-04,85.52400207519531,84.46828336140928,87.63543950276738,130,False,False,2022-03-04,84.46828336140928,LOSS,20.0,forex
SGDJPY=X,LONG,2022-07-15,99.04000091552734,96.69294121447042,103.73412031764119,245,False,False,2022-07-29,96.69294121447042,LOSS,10.0,forex
SGDJPY=X,LONG,2022-10-13,102.26499938964844,100.59690157272061,105.60119502350409,309,False,False,2022-10-21,105.60119502350409,WIN,6.0,forex
SGDJPY=X,SHORT,2022-11-14,101.52200317382812,103.94606932420781,96.67387087306875,331,False,False,2022-12-26,96.67387087306875,WIN,30.0,forex
SGDJPY=X,LONG,2023-02-20,100.44300079345703,98.39712246095003,104.53475745847103,401,False,False,2023-03-13,98.39712246095003,LOSS,15.0,forex
SGDJPY=X,SHORT,2023-03-14,98.78600311279297,100.82988607261724,94.69823719314442,417,False,False,2023-04-18,100.82988607261724,LOSS,25.0,forex
SGDJPY=X,LONG,2023-05-01,102.13700103759766,99.98800707199935,106.43498896879427,451,False,False,2023-06-27,106.43498896879427,WIN,41.0,forex
SGDJPY=X,LONG,2023-08-28,108.09400177001953,106.1579432054893,111.96611889907999,536,False,False,2023-10-03,106.1579432054893,LOSS,26.0,forex
SGDJPY=X,LONG,2023-10-27,109.85199737548828,108.49366032465953,112.56867147714578,580,False,False,2023-12-07,108.49366032465953,LOSS,29.0,forex
SGDJPY=X,LONG,2024-02-13,111.08799743652344,109.40995336569634,114.44408557817763,657,False,False,2024-03-08,109.40995336569634,LOSS,18.0,forex
SGDJPY=X,SHORT,2024-03-11,110.23699951171875,112.41488638442101,105.88122576631423,676,False,False,2024-03-20,112.41488638442101,LOSS,7.0,forex
SGDJPY=X,LONG,2024-04-17,113.35099792480469,112.02326854031001,116.00645669379404,703,False,False,2024-04-26,112.02326854031001,LOSS,7.0,forex
SGDJPY=X,LONG,2024-06-19,116.83200073242188,115.40637337170605,119.68325545385352,748,False,False,2024-07-10,119.68325545385352,WIN,15.0,forex
SGDJPY=X,SHORT,2024-11-26,114.41799926757812,116.35740553440579,110.5391867339228,862,True,False,2024-12-03,110.5391867339228,WIN,5.0,forex
SGDJPY=X,SHORT,2025-01-17,113.6449966430664,116.34906386767445,108.23686219385033,899,False,False,2025-04-04,108.23686219385033,WIN,55.0,forex
SGDJPY=X,LONG,2025-06-17,112.9540023803711,111.08020721433533,116.70159271244262,1004,False,False,2025-10-07,116.70159271244262,WIN,80.0,forex
SGDJPY=X,LONG,2026-04-10,124.94499969482422,123.74493046684191,127.34513815078884,1215,False,False,2026-04-30,123.74493046684191,LOSS,14.0,forex
SGDJPY=X,SHORT,2026-05-01,123.3030014038086,124.89640155775409,120.1162010959176,1230,False,False,2026-05-27,124.89640155775409,LOSS,18.0,forex
SGDJPY=X,LONG,2026-06-30,125.25199890136719,124.34123322349616,127.07353025710924,1272,False,False,2026-07-30,124.34123322349616,LOSS,22.0,forex
TRYJPY=X,SHORT,2022-02-22,8.369999885559082,8.726671186341354,7.656657283994537,142,False,False,2022-04-19,8.726671186341354,LOSS,40.0,forex
TRYJPY=X,SHORT,2022-05-12,8.486000061035156,8.774017486363084,7.909965210379301,199,True,False,2022-05-24,7.909965210379301,WIN,8.0,forex
TRYJPY=X,LONG,2022-09-01,7.651000022888184,7.451790085561022,8.049419897542506,279,False,False,2022-10-19,8.049419897542506,WIN,34.0,forex
TRYJPY=X,SHORT,2022-11-11,7.629000186920166,7.907779065572184,7.0714424296161305,330,False,False,2022-12-20,7.0714424296161305,WIN,27.0,forex
TRYJPY=X,SHORT,2023-03-16,6.986999988555908,7.218394717853314,6.524210529961097,419,True,False,2023-05-12,6.524210529961097,WIN,41.0,forex
TRYJPY=X,SHORT,2023-05-31,6.764999866485596,7.179964586881151,5.9350704256944855,473,False,False,2023-06-09,5.9350704256944855,WIN,7.0,forex
TRYJPY=X,SHORT,2023-10-04,5.413000106811523,5.58089996867193,5.077200383090711,563,False,False,2023-11-29,5.077200383090711,WIN,40.0,forex
TRYJPY=X,SHORT,2024-03-01,4.793000221252441,4.916779436042673,4.545441791671978,670,False,False,2024-03-13,4.545441791671978,WIN,8.0,forex
TRYJPY=X,LONG,2024-04-29,4.855999946594238,4.700095853227897,5.16780813332692,711,False,False,2024-05-03,4.700095853227897,LOSS,4.0,forex
TRYJPY=X,LONG,2024-11-07,4.507999897003174,4.393664368612884,4.736670953783754,849,False,False,2024-11-27,4.393664368612884,LOSS,14.0,forex
TRYJPY=X,SHORT,2024-11-28,4.364999771118164,4.484453549972074,4.1260922134103435,864,False,False,2024-12-19,4.484453549972074,LOSS,15.0,forex
TRYJPY=X,SHORT,2025-01-17,4.368000030517578,4.466951213393145,4.170097664766445,899,False,False,2025-02-19,4.170097664766445,WIN,23.0,forex
TRYJPY=X,SHORT,2025-07-01,3.6070001125335693,3.692691731403178,3.435616874794352,1014,False,False,2025-07-15,3.692691731403178,LOSS,10.0,forex
TRYJPY=X,LONG,2025-07-16,3.694000005722046,3.609250477939564,3.8634990612870093,1025,False,False,2025-07-24,3.609250477939564,LOSS,6.0,forex
TRYJPY=X,LONG,2025-08-01,3.7060000896453857,3.622829477969464,3.8723413129972295,1037,False,False,2025-08-04,3.622829477969464,LOSS,1.0,forex
TRYJPY=X,SHORT,2025-09-01,3.572999954223633,3.6350178171555108,3.448964228359877,1058,False,False,2025-10-08,3.6350178171555108,LOSS,27.0,forex
TRYJPY=X,LONG,2025-11-20,3.7039999961853027,3.641204432344071,3.8295911238677665,1116,False,False,2025-12-04,3.641204432344071,LOSS,10.0,forex
TRYJPY=X,LONG,2026-01-14,3.684999942779541,3.632373692180834,3.7902524439769554,1153,False,False,2026-01-23,3.632373692180834,LOSS,7.0,forex
TRYJPY=X,SHORT,2026-01-26,3.575000047683716,3.6391935805362037,3.44661298197874,1161,False,False,2026-04-30,3.44661298197874,WIN,68.0,forex
TRYJPY=X,SHORT,2026-05-01,3.470088005065918,3.530090668898807,3.35008267740014,1230,False,False,2026-07-30,3.35008267740014,WIN,64.0,forex
TRYJPY=X,SHORT,2026-07-31,3.362942934036255,3.423606758949772,3.241615284209221,1295,False,False,,,OPEN,,forex
USDCAD=X,SHORT,2022-01-10,1.2646900415420532,1.2840529767757412,1.2259641710746774,111,True,False,2022-02-24,1.2840529767757412,LOSS,33.0,forex
USDCAD=X,LONG,2022-02-25,1.2809499502182007,1.264282019494619,1.3142858116653642,145,False,False,2022-03-03,1.264282019494619,LOSS,4.0,forex
USDCAD=X,LONG,2022-03-09,1.2889000177383423,1.2684938794269434,1.3297122943611401,153,False,False,2022-03-17,1.2684938794269434,LOSS,6.0,forex
USDCAD=X,LONG,2022-08-22,1.300029993057251,1.2783564820538629,1.3433770150640272,271,False,False,2022-09-22,1.3433770150640272,WIN,23.0,forex
USDCAD=X,SHORT,2023-01-05,1.3485100269317627,1.3733882158866815,1.2987536490219251,369,False,False,2023-03-07,1.3733882158866815,LOSS,43.0,forex
USDCAD=X,SHORT,2023-07-14,1.3112499713897705,1.3293558559313028,1.275038202306706,505,False,False,2023-08-01,1.3293558559313028,LOSS,12.0,forex
USDCAD=X,LONG,2023-08-03,1.33433997631073,1.3165121998251483,1.3699955292818933,519,False,False,2023-10-03,1.3699955292818933,WIN,43.0,forex
USDCAD=X,LONG,2024-02-06,1.3543000221252441,1.3378504844567396,1.3871990974622532,652,False,False,2024-08-02,1.3871990974622532,WIN,128.0,forex
USDCAD=X,LONG,2025-01-20,1.4474300146102905,1.4283180780822706,1.4856538876663303,900,False,False,2025-02-05,1.4283180780822706,LOSS,12.0,forex
USDCAD=X,SHORT,2025-04-03,1.4216500520706177,1.4422800148063248,1.3803901265992033,953,False,False,2025-04-22,1.3803901265992033,WIN,11.0,forex
USDCAD=X,LONG,2025-05-15,1.3978999853134155,1.3794834352376237,1.4347330854649991,981,True,False,2025-05-23,1.3794834352376237,LOSS,6.0,forex
USDCAD=X,LONG,2025-07-30,1.3773900270462036,1.3618081142876748,1.4085538525632613,1035,False,False,2025-11-04,1.4085538525632613,WIN,69.0,forex
USDCAD=X,LONG,2025-11-05,1.4100899696350098,1.3970660899587881,1.436137728987453,1105,False,False,2025-11-28,1.3970660899587881,LOSS,17.0,forex
USDCAD=X,LONG,2026-05-18,1.3761299848556519,1.3645342997333305,1.3993213551002945,1241,False,False,2026-06-11,1.3993213551002945,WIN,18.0,forex
USDCAD=X,SHORT,2026-07-16,1.4037100076675415,1.4161955614549842,1.3787389000926562,1284,False,False,,,OPEN,,forex
USDCHF=X,SHORT,2021-12-30,0.9136000275611877,0.9246295619214271,0.891540958840709,104,False,False,2022-01-10,0.9246295619214271,LOSS,7.0,forex
USDCHF=X,LONG,2022-03-09,0.9295600056648254,0.915485795862397,0.9577084252696824,153,False,False,2022-04-22,0.9577084252696824,WIN,32.0,forex
USDCHF=X,LONG,2022-08-31,0.9739199876785278,0.955805619412452,1.0101487242106795,278,False,False,2022-09-09,0.955805619412452,LOSS,7.0,forex
USDCHF=X,LONG,2022-11-04,1.0134199857711792,0.9892362032596863,1.061787550794165,325,False,False,2022-11-07,0.9892362032596863,LOSS,1.0,forex
USDCHF=X,SHORT,2022-11-10,0.9835000038146973,1.01049208229509,0.9295158468539118,329,False,False,2022-12-13,0.9295158468539118,WIN,23.0,forex
USDCHF=X,SHORT,2022-12-14,0.9289799928665161,0.9512569324417689,0.8844261137160105,353,False,False,2023-05-04,0.8844261137160105,WIN,101.0,forex
USDCHF=X,LONG,2023-05-19,0.9048699736595154,0.8895210188452572,0.9355678832880316,465,False,False,2023-07-07,0.8895210188452572,LOSS,35.0,forex
USDCHF=X,SHORT,2023-07-10,0.8888999819755554,0.9027370276854905,0.8612258905556853,501,False,False,2023-07-13,0.8612258905556853,WIN,3.0,forex
USDCHF=X,LONG,2023-08-25,0.8851000070571899,0.8715905986451775,0.9121188238812148,535,False,False,2023-09-25,0.9121188238812148,WIN,21.0,forex
USDCHF=X,SHORT,2023-11-15,0.8891000151634216,0.9039659931659135,0.8593680591584378,593,False,False,2023-12-19,0.8593680591584378,WIN,24.0,forex
USDCHF=X,LONG,2024-02-14,0.8874099850654602,0.8714869244187587,0.9192561063588631,658,False,False,2024-05-01,0.9192561063588631,WIN,55.0,forex
USDCHF=X,SHORT,2024-05-16,0.9005299806594849,0.912202337657667,0.8771852666631206,724,False,False,2024-05-22,0.912202337657667,LOSS,4.0,forex
USDCHF=X,SHORT,2024-09-30,0.840499997138977,0.8549977934923128,0.8115044044323056,821,False,False,2024-10-04,0.8549977934923128,LOSS,4.0,forex
USDCHF=X,LONG,2024-10-07,0.8586900234222412,0.8438188649187514,0.8884323404292209,826,True,False,2024-11-14,0.8884323404292209,WIN,28.0,forex
USDCHF=X,LONG,2024-12-13,0.892009973526001,0.878003552092916,0.9200228163921709,875,False,False,2025-03-07,0.878003552092916,LOSS,59.0,forex
USDCHF=X,SHORT,2025-04-04,0.8592100143432617,0.8772564340766287,0.8231171748765278,954,False,False,2025-04-11,0.8231171748765278,WIN,5.0,forex
USDCHF=X,LONG,2025-07-31,0.8132100105285645,0.7985604010260351,0.8425092295336232,1036,True,False,2025-09-01,0.7985604010260351,LOSS,22.0,forex
USDCHF=X,SHORT,2025-09-02,0.8001499772071838,0.8117575962478079,0.7769347391259358,1059,False,False,2025-11-05,0.8117575962478079,LOSS,46.0,forex
USDCHF=X,LONG,2026-01-12,0.8015260100364685,0.7916788673176459,0.8212202954741137,1151,False,False,2026-01-20,0.7916788673176459,LOSS,6.0,forex
USDCHF=X,LONG,2026-03-04,0.7819200158119202,0.767338107328619,0.8110838327785226,1188,False,False,2026-06-24,0.8110838327785226,WIN,80.0,forex
USDCHF=X,LONG,2026-07-23,0.8141999840736389,0.8035962580345581,0.8354074361518005,1289,False,False,,,OPEN,,forex
USDHUF=X,SHORT,2022-01-05,321.3900146484375,328.30133924927617,307.56736544676016,108,False,False,2022-02-04,307.56736544676016,WIN,22.0,forex
USDHUF=X,LONG,2022-06-13,378.8399963378906,363.3953374523092,409.72931410905346,221,False,False,2022-07-12,409.72931410905346,WIN,21.0,forex
USDHUF=X,LONG,2022-08-19,402.510009765625,384.8278541111316,437.87432107461177,270,False,False,2022-10-10,437.87432107461177,WIN,36.0,forex
USDHUF=X,SHORT,2022-12-05,387.8599853515625,404.26741300274233,355.04513004920284,346,False,False,2023-01-25,355.04513004920284,WIN,37.0,forex
USDHUF=X,SHORT,2023-02-15,351.55499267578125,366.2657690200929,322.133439987158,398,False,False,2023-03-13,366.2657690200929,LOSS,18.0,forex
USDHUF=X,LONG,2023-03-14,366.2200012207031,351.11882976806487,396.42234412597963,417,False,False,2023-03-23,351.11882976806487,LOSS,7.0,forex
USDHUF=X,LONG,2023-05-19,347.75201416015625,337.41376014573996,368.42852218898884,465,False,False,2023-06-21,337.41376014573996,LOSS,23.0,forex
USDHUF=X,SHORT,2023-06-22,336.05999755859375,343.3013862462374,321.5772201833064,489,False,False,2023-07-03,343.3013862462374,LOSS,7.0,forex
USDHUF=X,LONG,2023-07-06,351.30999755859375,342.57542239495234,368.77914788587657,499,False,False,2023-07-12,342.57542239495234,LOSS,4.0,forex
USDHUF=X,LONG,2023-09-06,361.239990234375,349.2193265960168,385.2813175110914,543,False,False,2023-11-14,349.2193265960168,LOSS,49.0,forex
USDHUF=X,LONG,2023-12-12,355.8399963378906,347.7648814804562,371.99022605275945,612,True,False,2023-12-14,347.7648814804562,LOSS,2.0,forex
USDHUF=X,LONG,2024-01-19,351.42999267578125,344.08773581038037,366.114506406583,640,False,False,2024-03-22,366.114506406583,WIN,45.0,forex
USDHUF=X,LONG,2024-03-25,367.2929992675781,359.21852120854635,383.4419553856417,686,False,False,2024-04-04,359.21852120854635,LOSS,8.0,forex
USDHUF=X,LONG,2024-10-03,361.9599914550781,354.44727532312123,376.9854237189919,824,False,False,2024-10-30,376.9854237189919,WIN,19.0,forex
USDHUF=X,LONG,2024-12-19,398.98199462890625,389.2565230353967,418.43293781592536,879,False,False,2025-01-24,389.2565230353967,LOSS,25.0,forex
USDHUF=X,SHORT,2025-04-11,359.5559997558594,371.37065157611613,335.92669611534586,959,False,False,2025-09-05,335.92669611534586,WIN,103.0,forex
USDHUF=X,SHORT,2025-09-08,334.80999755859375,341.86487951922095,320.70023363733935,1063,False,False,2026-01-26,320.70023363733935,WIN,98.0,forex
USDHUF=X,SHORT,2026-06-16,301.64599609375,308.8950130265342,287.14796222818165,1262,False,False,2026-06-19,308.8950130265342,LOSS,3.0,forex
USDHUF=X,LONG,2026-06-24,311.5369873046875,303.09512523221366,328.4207114496352,1268,False,False,,,OPEN,,forex
USDILS=X,LONG,2022-03-07,3.281019926071167,3.200296358671575,3.442467060870351,151,False,False,2022-03-29,3.200296358671575,LOSS,16.0,forex
USDILS=X,LONG,2022-04-25,3.267849922180176,3.2025183453491324,3.3985130758422626,186,False,False,2022-05-05,3.3985130758422626,WIN,8.0,forex
USDILS=X,LONG,2022-06-13,3.393160104751587,3.307893853062974,3.5636926081288127,221,False,False,2022-06-24,3.307893853062974,LOSS,9.0,forex
USDILS=X,SHORT,2022-11-11,3.476900100708008,3.5837970184380565,3.2631062652479104,330,False,False,2023-02-21,3.5837970184380565,LOSS,72.0,forex
USDILS=X,LONG,2023-05-15,3.6721999645233154,3.6011508665744274,3.8142981604210915,461,False,False,2023-06-09,3.6011508665744274,LOSS,19.0,forex
USDILS=X,LONG,2023-10-05,3.851720094680786,3.784158133549105,3.986844016944149,564,False,False,2023-10-16,3.986844016944149,WIN,7.0,forex
USDILS=X,SHORT,2023-12-15,3.6647000312805176,3.7500711548547874,3.493957784131978,615,False,False,2024-01-10,3.7500711548547874,LOSS,18.0,forex
USDILS=X,SHORT,2024-02-28,3.6073200702667236,3.698713093421949,3.424534023956273,668,False,False,2024-04-02,3.698713093421949,LOSS,24.0,forex
USDILS=X,LONG,2024-04-08,3.7622900009155273,3.667644089725405,3.951581823295772,696,False,False,2024-05-16,3.667644089725405,LOSS,28.0,forex
USDILS=X,LONG,2024-06-10,3.7614400386810303,3.6768823820361605,3.93055535197077,741,False,False,2024-07-08,3.6768823820361605,LOSS,20.0,forex
USDILS=X,SHORT,2024-10-31,3.7002201080322266,3.795849534396409,3.508961255303862,844,False,False,2025-04-07,3.795849534396409,LOSS,111.0,forex
USDILS=X,LONG,2025-08-01,3.3908801078796387,3.3231723984253354,3.526295526788245,1037,False,False,2025-08-28,3.3231723984253354,LOSS,19.0,forex
USDILS=X,SHORT,2025-09-30,3.31358003616333,3.3738151033078236,3.193109901874343,1079,False,False,2025-11-12,3.193109901874343,WIN,31.0,forex
USDILS=X,SHORT,2026-01-27,3.115449905395508,3.169170353954841,3.008009008276842,1162,False,False,2026-03-30,3.169170353954841,LOSS,44.0,forex
USDILS=X,SHORT,2026-04-10,3.0663599967956543,3.149133734753587,2.9008125208797892,1215,False,False,2026-05-06,2.9008125208797892,WIN,18.0,forex
USDJPY=X,LONG,2022-03-11,116.17900085449219,114.67724851317347,119.18250553712963,155,False,False,2022-03-18,119.18250553712963,WIN,5.0,forex
USDJPY=X,LONG,2022-07-12,137.38800048828125,134.4721495452785,143.21970237428673,242,False,False,2022-07-28,134.4721495452785,LOSS,12.0,forex
USDJPY=X,SHORT,2022-07-29,134.39700317382812,137.5717744040178,128.0474607134488,255,False,False,2022-08-22,137.5717744040178,LOSS,16.0,forex
USDJPY=X,LONG,2022-10-10,145.48199462890625,142.60658853708796,151.23280681254283,306,False,False,2022-10-21,151.23280681254283,WIN,9.0,forex
USDJPY=X,SHORT,2023-03-16,132.9290008544922,136.74049315401862,125.30601625543932,419,True,False,2023-05-01,136.74049315401862,LOSS,32.0,forex
USDJPY=X,LONG,2023-05-02,137.52099609375,134.33735530349654,143.88827767425693,452,False,False,2023-05-04,134.33735530349654,LOSS,2.0,forex
USDJPY=X,LONG,2023-05-18,137.61399841308594,134.47341133236068,143.89517257453645,464,False,False,2023-06-27,143.89517257453645,WIN,28.0,forex
USDJPY=X,LONG,2023-09-06,147.4709930419922,144.8141166524202,152.78474582113614,543,False,False,2023-12-07,144.8141166524202,LOSS,66.0,forex
USDJPY=X,SHORT,2024-03-08,147.8679962158203,150.2598548529109,143.08427894163913,675,False,False,2024-03-19,150.2598548529109,LOSS,7.0,forex
USDJPY=X,LONG,2024-04-15,153.2830047607422,151.41674633865003,157.0155216049265,701,False,False,2024-04-26,157.0155216049265,WIN,9.0,forex
USDJPY=X,LONG,2024-06-21,158.93099975585938,156.62006950237972,163.55286026281868,750,False,False,2024-07-17,156.62006950237972,LOSS,18.0,forex
USDJPY=X,LONG,2024-11-14,155.4290008544922,152.0273023466249,162.23239787022675,854,False,False,2024-11-27,152.0273023466249,LOSS,9.0,forex
USDJPY=X,SHORT,2024-12-02,149.8979949951172,153.47262588422586,142.74873321689984,866,False,False,2024-12-13,153.47262588422586,LOSS,9.0,forex
USDJPY=X,SHORT,2025-01-21,155.24899291992188,158.60173782209696,148.5435031155717,901,False,False,2025-03-04,148.5435031155717,WIN,30.0,forex
USDJPY=X,LONG,2025-06-23,146.2239990234375,143.00430616039154,152.66338474952943,1008,False,False,2025-07-01,143.00430616039154,LOSS,6.0,forex
USDJPY=X,LONG,2025-07-09,146.8489990234375,143.80457304320515,152.9378509839022,1020,False,False,2025-10-08,152.9378509839022,WIN,65.0,forex
USDJPY=X,LONG,2025-12-22,157.67599487304688,155.0804683409456,162.86704793724942,1138,False,False,2026-01-26,155.0804683409456,LOSS,23.0,forex
USDJPY=X,LONG,2026-04-30,160.1840057373047,157.76303956757974,165.02593807675458,1229,False,False,2026-05-01,157.76303956757974,LOSS,1.0,forex
USDJPY=X,SHORT,2026-05-04,156.8459930419922,159.76153892781372,151.01490127034913,1231,False,False,2026-06-02,159.76153892781372,LOSS,21.0,forex
USDJPY=X,LONG,2026-06-19,161.28900146484375,160.07424289568178,163.7185186031677,1265,False,False,2026-07-23,163.7185186031677,WIN,24.0,forex
USDJPY=X,LONG,2026-07-24,163.83200073242188,162.43881977494647,166.6183626473727,1290,False,False,2026-07-30,162.43881977494647,LOSS,4.0,forex
USDMXN=X,LONG,2022-01-27,20.71540069580078,20.339358083932286,21.467485919537772,124,False,False,2022-02-16,20.339358083932286,LOSS,14.0,forex
USDMXN=X,SHORT,2022-02-17,20.286399841308594,20.65581467813613,19.547570167653518,139,False,False,2022-02-24,20.65581467813613,LOSS,5.0,forex
USDMXN=X,LONG,2022-03-07,20.96925926208496,20.475352522014674,21.957072742225535,151,False,False,2022-03-18,20.475352522014674,LOSS,9.0,forex
USDMXN=X,SHORT,2022-08-11,20.015100479125977,20.56036046159709,18.924580514183752,264,False,False,2022-09-28,20.56036046159709,LOSS,34.0,forex
USDMXN=X,SHORT,2022-10-28,19.840309143066406,20.185057988696144,19.15081145180693,320,False,False,2022-11-29,19.15081145180693,WIN,22.0,forex
USDMXN=X,SHORT,2023-05-08,17.76626968383789,18.124396046442772,17.050016958628127,456,False,False,2023-06-27,17.050016958628127,WIN,36.0,forex
USDMXN=X,SHORT,2023-07-13,16.89642906188965,17.234195813069846,16.220895559529254,504,False,False,2023-08-03,17.234195813069846,LOSS,15.0,forex
USDMXN=X,SHORT,2023-12-25,16.978370666503906,17.336869549650597,16.261372900210525,621,False,False,2024-01-17,17.336869549650597,LOSS,17.0,forex
USDMXN=X,LONG,2024-01-19,17.168359756469727,16.82244543641302,17.86018839658314,640,False,False,2024-03-08,16.82244543641302,LOSS,35.0,forex
USDMXN=X,SHORT,2024-03-11,16.803619384765625,17.027005927530126,16.356846299236622,676,False,False,2024-04-08,16.356846299236622,WIN,20.0,forex
USDMXN=X,LONG,2024-10-17,19.898700714111328,19.32896158373012,21.038178974873745,834,False,False,2025-02-03,21.038178974873745,WIN,76.0,forex
USDMXN=X,LONG,2025-03-04,20.72570037841797,20.228512221866353,21.7200766915212,931,False,False,2025-03-06,20.228512221866353,LOSS,2.0,forex
USDMXN=X,SHORT,2025-03-14,20.082849502563477,20.567846840953393,19.112854825783643,939,False,False,2025-04-07,20.567846840953393,LOSS,16.0,forex
USDMXN=X,SHORT,2025-05-20,19.284900665283203,19.710812773754434,18.433076448340742,984,False,False,2025-09-15,18.433076448340742,WIN,84.0,forex
USDMXN=X,SHORT,2025-09-16,18.361520767211914,18.642658037864905,17.799246225905932,1069,False,False,2025-11-04,18.642658037864905,LOSS,35.0,forex
USDMXN=X,LONG,2025-11-05,18.675500869750977,18.405079646188813,19.216343316875303,1105,False,False,2025-11-10,18.405079646188813,LOSS,3.0,forex
USDMXN=X,SHORT,2026-01-14,17.82360076904297,18.036494782743585,17.397812741641737,1153,False,False,2026-01-26,17.397812741641737,WIN,8.0,forex
USDMXN=X,LONG,2026-06-08,17.46269989013672,17.18812217288225,18.01185532464566,1256,False,False,2026-06-12,17.18812217288225,LOSS,4.0,forex
USDMXN=X,LONG,2026-06-24,17.553600311279297,17.266119303773706,18.128562326290478,1268,False,False,2026-08-04,17.266119303773706,LOSS,29.0,forex
USDMXN=X,SHORT,2026-08-05,17.2549991607666,17.49976300395992,16.765471474379964,1298,False,False,,,OPEN,,forex
USDNOK=X,LONG,2022-01-25,8.960909843444824,8.681600065037687,9.519529400259099,122,False,False,2022-03-24,8.681600065037687,LOSS,42.0,forex
USDNOK=X,LONG,2022-09-01,9.950130462646484,9.603526952509792,10.643337482919868,279,False,False,2022-09-12,9.603526952509792,LOSS,7.0,forex
USDNOK=X,SHORT,2022-10-26,10.3996000289917,10.863635358573188,9.471529369828723,318,False,False,2023-03-16,10.863635358573188,LOSS,101.0,forex
USDNOK=X,LONG,2023-04-26,10.665410041809082,10.34693648869104,11.302357148045164,448,False,False,2023-07-12,10.34693648869104,LOSS,55.0,forex
USDNOK=X,LONG,2023-08-14,10.430500030517578,10.05329740650456,11.184905278543614,526,False,False,2023-10-24,11.184905278543614,WIN,51.0,forex
USDNOK=X,LONG,2024-02-05,10.617500305175781,10.341620641981073,11.169259631565197,651,False,False,2024-03-08,10.341620641981073,LOSS,24.0,forex
USDNOK=X,LONG,2024-03-18,10.62279987335205,10.394293375159082,11.079812869737989,681,False,False,2024-04-19,11.079812869737989,WIN,24.0,forex
USDNOK=X,LONG,2024-07-15,10.739100456237793,10.51472743233234,11.1878465040487,766,False,False,2024-08-20,10.51472743233234,LOSS,26.0,forex
USDNOK=X,LONG,2024-11-13,11.079950332641602,10.813412386405549,11.613026225113707,853,False,False,2024-12-25,10.813412386405549,LOSS,30.0,forex
USDNOK=X,SHORT,2025-01-27,11.216890335083008,11.508548173376022,10.633574658496979,905,False,False,2025-03-12,10.633574658496979,WIN,32.0,forex
USDNOK=X,SHORT,2025-05-21,10.245980262756348,10.52328187633054,9.691377035607964,985,False,False,2026-01-27,9.691377035607964,WIN,177.0,forex
USDNOK=X,LONG,2026-06-05,9.336600303649902,9.18077815000913,9.648244610931446,1255,False,False,2026-06-18,9.648244610931446,WIN,9.0,forex
USDPLN=X,SHORT,2021-12-30,4.044839859008789,4.11328555368002,3.9079484696663265,104,False,False,2022-01-28,4.11328555368002,LOSS,21.0,forex
USDPLN=X,SHORT,2022-05-24,4.315159797668457,4.455803279853619,4.033872833298133,207,False,False,2022-06-13,4.455803279853619,LOSS,14.0,forex
USDPLN=X,LONG,2022-08-22,4.72941780090332,4.565948349798188,5.056356703113584,271,False,False,2022-09-28,5.056356703113584,WIN,27.0,forex
USDPLN=X,SHORT,2022-10-26,4.784200191497803,4.965012086087819,4.42257640231777,318,True,False,2022-12-05,4.42257640231777,WIN,28.0,forex
USDPLN=X,SHORT,2022-12-15,4.380910873413086,4.508537304088713,4.125658012061832,354,False,False,2023-05-10,4.125658012061832,WIN,104.0,forex
USDPLN=X,LONG,2023-05-29,4.2217020988464355,4.126721504754731,4.411663287029844,471,False,False,2023-06-09,4.126721504754731,LOSS,9.0,forex
USDPLN=X,SHORT,2023-07-13,3.9818999767303467,4.086588492675073,3.772522944840894,504,False,False,2023-08-03,4.086588492675073,LOSS,15.0,forex
USDPLN=X,LONG,2023-09-06,4.184977054595947,4.081956719846009,4.391017724095823,543,False,False,2023-09-27,4.391017724095823,WIN,15.0,forex
USDPLN=X,SHORT,2023-11-13,4.13520622253418,4.233802582436931,3.9380135027286762,591,False,False,2023-11-28,3.9380135027286762,WIN,11.0,forex
USDPLN=X,SHORT,2023-12-15,3.91587495803833,4.007441896090732,3.7327410819335256,615,False,False,2024-01-16,4.007441896090732,LOSS,22.0,forex
USDPLN=X,LONG,2024-01-17,4.035556793212891,3.9433972680496874,4.219875843539297,638,False,False,2024-03-06,3.9433972680496874,LOSS,35.0,forex
USDPLN=X,SHORT,2024-03-07,3.9416539669036865,4.012514117617416,3.799933665476228,674,False,False,2024-04-12,4.012514117617416,LOSS,26.0,forex
USDPLN=X,LONG,2024-04-16,4.047603130340576,3.9572192153020533,4.228370960417622,702,False,False,2024-05-14,3.9572192153020533,LOSS,20.0,forex
USDPLN=X,LONG,2024-06-11,4.015500068664551,3.922970760951871,4.20055868408991,742,True,False,2024-07-10,3.922970760951871,LOSS,21.0,forex
USDPLN=X,LONG,2024-08-02,3.9865949153900146,3.9119754773838706,4.135833791402303,780,False,False,2024-08-05,3.9119754773838706,LOSS,1.0,forex
USDPLN=X,SHORT,2024-08-14,3.896256923675537,3.9758614167006137,3.737047937625384,788,False,False,2024-10-17,3.9758614167006137,LOSS,46.0,forex
USDPLN=X,SHORT,2025-04-11,3.7815310955047607,3.9080999858871883,3.5283933147399056,959,False,False,2026-01-27,3.5283933147399056,WIN,203.0,forex
USDPLN=X,LONG,2026-03-03,3.620699882507324,3.5482129139099725,3.7656738197020276,1187,False,False,2026-06-24,3.7656738197020276,WIN,81.0,forex
USDSEK=X,SHORT,2022-01-13,8.933250427246094,9.11134410588313,8.57706306997202,114,False,False,2022-01-18,9.11134410588313,LOSS,3.0,forex
USDSEK=X,LONG,2022-06-14,10.185720443725586,9.867114565457952,10.822932200260855,222,False,False,2022-07-14,9.867114565457952,LOSS,22.0,forex
USDSEK=X,LONG,2022-08-18,10.391599655151367,10.061386639658728,11.052025686136645,269,False,False,2022-09-22,11.052025686136645,WIN,25.0,forex
USDSEK=X,LONG,2022-09-23,11.064499855041504,10.704137909961778,11.785223745200955,295,False,False,2022-10-25,10.704137909961778,LOSS,22.0,forex
USDSEK=X,SHORT,2022-10-27,10.840229988098145,11.343775147917302,9.833139668459829,319,False,False,2023-12-25,9.833139668459829,WIN,302.0,forex
USDSEK=X,LONG,2024-02-14,10.580060005187988,10.335622902764726,11.068934210034513,658,False,False,2024-02-20,10.335622902764726,LOSS,4.0,forex
USDSEK=X,SHORT,2024-02-23,10.315899848937988,10.532501335353773,9.882696876106419,665,False,False,2024-03-22,10.532501335353773,LOSS,20.0,forex
USDSEK=X,SHORT,2024-05-16,10.64719009399414,10.884478604613523,10.172613072755375,724,False,False,2024-08-21,10.172613072755375,WIN,69.0,forex
USDSEK=X,LONG,2024-12-19,11.13070011138916,10.871642467939035,11.648815398289411,879,False,False,2024-12-25,10.871642467939035,LOSS,4.0,forex
USDSEK=X,LONG,2025-01-03,11.142080307006836,10.872157107676973,11.681926705666562,889,False,False,2025-02-07,10.872157107676973,LOSS,25.0,forex
USDSEK=X,SHORT,2025-04-03,9.861300468444824,10.15136702443554,9.281167356463392,953,False,False,2025-05-07,9.281167356463392,WIN,22.0,forex
USDSEK=X,SHORT,2025-05-26,9.505999565124512,9.844347657076181,8.829303381221173,988,False,False,2026-01-27,8.829303381221173,WIN,174.0,forex
USDSEK=X,LONG,2026-05-14,9.321080207824707,9.123318072265743,9.716604478942635,1239,False,False,2026-06-23,9.716604478942635,WIN,28.0,forex
USDSEK=X,LONG,2026-07-24,9.756489753723145,9.592098351977222,10.085272557214989,1290,False,False,2026-07-30,9.592098351977222,LOSS,4.0,forex
USDSEK=X,SHORT,2026-07-31,9.5381498336792,9.721384674859333,9.171680151318931,1295,False,False,,,OPEN,,forex
USDTRY=X,LONG,2022-02-23,13.762280464172363,13.265309426326503,14.756222539864083,143,False,False,2022-03-10,14.756222539864083,WIN,11.0,forex
USDTRY=X,LONG,2022-04-27,14.799699783325195,14.589851033021079,15.219397283933429,188,False,False,2022-05-10,15.219397283933429,WIN,9.0,forex
USDTRY=X,LONG,2022-08-19,18.07670021057129,17.793658449521335,18.642783732671198,270,False,False,2022-10-11,18.642783732671198,WIN,37.0,forex
USDTRY=X,SHORT,2022-11-11,18.482650756835938,18.675805027336953,18.096342215833907,330,True,False,2022-12-22,18.675805027336953,LOSS,29.0,forex
USDTRY=X,LONG,2022-12-23,18.66963005065918,18.55809721230291,18.892695727371716,360,False,False,2023-01-09,18.55809721230291,LOSS,11.0,forex
USDTRY=X,LONG,2023-02-23,18.875200271606445,18.772733267038866,19.080134280741603,404,False,False,2023-03-06,18.772733267038866,LOSS,7.0,forex
USDTRY=X,LONG,2023-03-08,18.918100357055664,18.774498242146844,19.205304586873304,413,False,False,2023-03-10,18.774498242146844,LOSS,2.0,forex
USDTRY=X,LONG,2023-08-18,27.125,26.6244141707701,28.126171658459803,530,False,False,2023-08-24,26.6244141707701,LOSS,4.0,forex
USDTRY=X,LONG,2023-09-27,27.34280014038086,26.873101599716822,28.282197221708934,558,False,False,2023-10-30,28.282197221708934,WIN,23.0,forex
USDTRY=X,LONG,2023-12-19,29.0386905670166,28.733512163054538,29.64904737494073,617,False,False,2023-12-29,29.64904737494073,WIN,8.0,forex
USDTRY=X,LONG,2024-02-06,30.536800384521484,30.17367999903852,31.263041155487414,652,False,False,2024-02-27,31.263041155487414,WIN,15.0,forex
USDTRY=X,SHORT,2024-05-13,32.18122863769531,32.678964306831844,31.18575729942225,721,False,False,2024-06-14,32.678964306831844,LOSS,24.0,forex
USDTRY=X,LONG,2024-09-24,34.14970016479492,33.81655764920373,34.815985195977305,817,False,False,2024-12-09,34.815985195977305,WIN,54.0,forex
USDTRY=X,LONG,2025-03-20,37.99319839477539,37.07671617811155,39.826162828103065,943,False,False,2025-06-27,39.826162828103065,WIN,69.0,forex
USDTRY=X,LONG,2025-08-15,40.846900939941406,40.63724779597955,41.266207227865124,1047,False,False,2025-09-09,41.266207227865124,WIN,17.0,forex
USDTRY=X,LONG,2025-09-25,41.469600677490234,41.318623062238736,41.77155590799323,1076,False,False,2025-10-10,41.77155590799323,WIN,11.0,forex
USDTRY=X,LONG,2025-11-07,42.16474151611328,41.996428417196654,42.501367713946536,1107,False,False,2025-11-28,42.501367713946536,WIN,15.0,forex
USDTRY=X,LONG,2025-12-11,42.61159896850586,42.44390499693159,42.94698691165439,1131,False,False,2025-12-30,42.94698691165439,WIN,12.0,forex
USDZAR=X,SHORT,2021-12-27,15.519700050354004,15.99036165238797,14.578376846286073,101,True,False,2021-12-30,15.99036165238797,LOSS,3.0,forex
USDZAR=X,SHORT,2022-02-17,15.001199722290039,15.486646780791016,14.030305605288085,139,False,False,2022-02-24,15.486646780791016,LOSS,5.0,forex
USDZAR=X,LONG,2022-04-21,15.0246000289917,14.546357565824302,15.981084955326494,184,False,False,2022-04-27,15.981084955326494,WIN,4.0,forex
USDZAR=X,SHORT,2022-08-11,16.17176055908203,16.783769771719943,14.947742133806209,264,False,False,2022-08-18,16.783769771719943,LOSS,5.0,forex
USDZAR=X,LONG,2022-08-22,17.007410049438477,16.393196022894582,18.235838102526266,271,False,False,2022-10-12,18.235838102526266,WIN,37.0,forex
USDZAR=X,LONG,2022-10-13,18.275400161743164,17.605938775667763,19.614322933893966,309,False,False,2022-11-10,17.605938775667763,LOSS,20.0,forex
USDZAR=X,SHORT,2022-11-11,17.340900421142578,18.114108887200388,15.794483489026959,330,False,False,2023-02-16,18.114108887200388,LOSS,69.0,forex
USDZAR=X,LONG,2023-05-10,18.596149444580078,18.014215049393776,19.760018234952682,458,False,False,2023-05-25,19.760018234952682,WIN,11.0,forex
USDZAR=X,LONG,2023-10-04,19.298099517822266,18.680037967366204,20.53422261873439,563,False,False,2023-10-31,18.680037967366204,LOSS,19.0,forex
USDZAR=X,SHORT,2023-11-01,18.617799758911133,19.204939612797226,17.443520051138947,583,False,False,2024-01-23,19.204939612797226,LOSS,59.0,forex
USDZAR=X,LONG,2024-02-23,19.14780044555664,18.608363849288793,20.226673638092336,665,False,False,2024-03-08,18.608363849288793,LOSS,10.0,forex
USDZAR=X,SHORT,2024-03-12,18.652700424194336,19.14436649496406,17.669368282654887,677,False,False,2024-04-18,19.14436649496406,LOSS,27.0,forex
USDZAR=X,LONG,2024-08-06,18.464399337768555,17.967755579481125,19.457686854343414,782,False,False,2024-08-16,17.967755579481125,LOSS,8.0,forex
USDZAR=X,SHORT,2024-08-19,17.84984016418457,18.292672043184,16.964176406185707,791,False,False,2024-11-14,18.292672043184,LOSS,63.0,forex
USDZAR=X,SHORT,2025-03-07,18.12347984313965,18.677415038534168,17.01560945235061,934,False,False,2025-04-02,18.677415038534168,LOSS,18.0,forex
USDZAR=X,LONG,2025-04-03,18.94409942626953,18.442045797732433,19.948206683343727,953,False,False,2025-05-02,18.442045797732433,LOSS,19.0,forex
USDZAR=X,LONG,2025-06-23,18.061199188232422,17.656576711623604,18.870444141450058,1008,True,False,2025-06-26,17.656576711623604,LOSS,3.0,forex
USDZAR=X,SHORT,2025-09-09,17.46240997314453,17.83702889806761,16.71317212329837,1064,False,False,2025-12-17,16.71317212329837,WIN,71.0,forex
USDZAR=X,LONG,2026-07-24,16.815940856933594,16.3762538762355,17.695314818329784,1290,False,False,2026-08-04,16.3762538762355,LOSS,7.0,forex
ZARJPY=X,LONG,2021-12-27,7.333899974822998,7.09865217248709,7.804395579494814,101,False,False,2022-03-11,7.804395579494814,WIN,54.0,forex
ZARJPY=X,SHORT,2022-08-02,7.951600074768066,8.220012108721106,7.414776006861988,257,False,False,2022-08-11,8.220012108721106,LOSS,7.0,forex
ZARJPY=X,LONG,2022-09-07,8.2524995803833,8.011344474083964,8.734809792981974,283,False,False,2022-09-22,8.011344474083964,LOSS,11.0,forex
ZARJPY=X,LONG,2022-10-18,8.227499961853027,7.98784778070353,8.706804324152023,312,False,False,2022-12-01,7.98784778070353,LOSS,32.0,forex
ZARJPY=X,SHORT,2023-03-14,7.292399883270264,7.5016391909291125,6.873921267952566,417,False,False,2023-03-31,7.5016391909291125,LOSS,13.0,forex
ZARJPY=X,LONG,2023-09-25,7.9166998863220215,7.695183994375169,8.359731670215726,556,False,False,2023-10-03,7.695183994375169,LOSS,6.0,forex
ZARJPY=X,SHORT,2023-10-06,7.598999977111816,7.8518912494131206,7.093217432509208,565,False,False,2023-10-11,7.8518912494131206,LOSS,3.0,forex
ZARJPY=X,LONG,2024-01-29,7.868500232696533,7.666291727047303,8.272917243994993,646,False,False,2024-04-26,8.272917243994993,WIN,64.0,forex
ZARJPY=X,SHORT,2024-07-18,8.544699668884277,8.837569475002082,7.958960056648667,769,True,False,2024-08-05,7.958960056648667,WIN,12.0,forex
ZARJPY=X,SHORT,2024-09-09,7.984499931335449,8.268586487262464,7.416326819481419,806,False,False,2024-09-23,8.268586487262464,LOSS,10.0,forex
ZARJPY=X,LONG,2024-10-23,8.61400032043457,8.368547960326467,9.104905040650777,838,False,False,2024-11-27,8.368547960326467,LOSS,25.0,forex
ZARJPY=X,SHORT,2025-02-03,8.160099983215332,8.40076599712081,7.678767955404375,910,False,False,2025-04-04,7.678767955404375,WIN,44.0,forex
ZARJPY=X,LONG,2025-06-09,8.135000228881836,7.92101105341015,8.562978579825208,998,False,False,2025-09-23,8.562978579825208,WIN,76.0,forex
ZARJPY=X,LONG,2025-12-10,9.189599990844727,9.018321304605287,9.532157363323606,1130,False,False,2026-01-05,9.532157363323606,WIN,16.0,forex
ZARJPY=X,LONG,2026-05-25,9.715299606323242,9.482673243470282,10.180552332029162,1246,False,False,2026-08-03,9.482673243470282,LOSS,50.0,forex
1INCH-USD,LONG,2022-07-19,0.7352460026741028,0.6225617337009042,0.9606145406205,347,False,True,2022-07-26,0.6225617337009042,LOSS,7.0,crypto
1INCH-USD,SHORT,2022-09-13,0.6016049981117249,0.6850053828542579,0.4348042286266587,403,False,True,2022-12-08,0.4348042286266587,WIN,86.0,crypto
1INCH-USD,LONG,2023-01-09,0.4218280017375946,0.39233411540094915,0.4808157744108855,521,True,True,2023-01-14,0.4808157744108855,WIN,5.0,crypto
1INCH-USD,SHORT,2023-05-31,0.38055700063705444,0.4077690477130435,0.3261329064850763,663,False,True,2023-06-05,0.3261329064850763,WIN,5.0,crypto
1INCH-USD,LONG,2023-07-13,0.3495660126209259,0.3146039734624743,0.4194900909378291,706,False,True,2023-07-16,0.4194900909378291,WIN,3.0,crypto
1INCH-USD,SHORT,2023-08-15,0.28662100434303284,0.3143868863235294,0.2310892403820397,739,False,True,2023-08-17,0.2310892403820397,WIN,2.0,crypto
1INCH-USD,SHORT,2024-04-12,0.47437000274658203,0.5673633433861218,0.28838332146750245,980,False,True,2024-08-04,0.28838332146750245,WIN,114.0,crypto
1INCH-USD,LONG,2024-10-20,0.29092898964881897,0.261117137598325,0.3505526937498069,1171,False,True,2024-10-23,0.261117137598325,LOSS,3.0,crypto
1INCH-USD,LONG,2025-07-08,0.2056100070476532,0.18300632469886322,0.25081737174523316,1432,False,True,2025-07-11,0.25081737174523316,WIN,3.0,crypto
1INCH-USD,LONG,2026-03-16,0.10461100190877914,0.09488826938527051,0.12405646695579642,1683,False,True,2026-03-19,0.09488826938527051,LOSS,3.0,crypto
1INCH-USD,LONG,2026-04-16,0.09780500084161758,0.09036539154271955,0.11268421943941365,1714,False,True,2026-05-17,0.09036539154271955,LOSS,31.0,crypto
1INCH-USD,LONG,2026-07-21,0.08212299644947052,0.0757644802072136,0.09484002893398435,1810,False,True,,,OPEN,,crypto
AAVE-USD,LONG,2022-03-17,156.00694274902344,133.9987775439132,200.0232731592439,223,True,True,2022-03-29,200.0232731592439,WIN,12.0,crypto
AAVE-USD,LONG,2022-07-09,81.89856719970703,66.78753554268968,112.12063051374173,337,False,True,2022-07-12,66.78753554268968,LOSS,3.0,crypto
AAVE-USD,LONG,2022-08-10,110.82759857177734,94.0075152638495,144.46776518763303,369,False,True,2022-08-19,94.0075152638495,LOSS,9.0,crypto
AAVE-USD,SHORT,2022-10-13,71.10077667236328,78.48858695614044,56.32515610480897,433,False,True,2022-10-17,78.48858695614044,LOSS,4.0,crypto
AAVE-USD,LONG,2022-10-18,82.48274993896484,74.97205626221209,97.50413729247035,438,False,True,2022-11-05,97.50413729247035,WIN,18.0,crypto
AAVE-USD,LONG,2023-01-08,59.30512237548828,54.4712080739502,68.97295097856444,520,True,True,2023-01-13,68.97295097856444,WIN,5.0,crypto
AAVE-USD,SHORT,2023-06-05,59.97867202758789,64.83795657517909,50.26010293240549,668,False,True,2023-06-10,50.26010293240549,WIN,5.0,crypto
AAVE-USD,LONG,2023-09-19,61.86284255981445,56.96705038801819,71.65442690340699,774,False,True,2023-10-01,71.65442690340699,WIN,12.0,crypto
AAVE-USD,LONG,2023-10-22,79.3535385131836,72.23651930014208,93.58757693926663,807,False,True,2023-11-02,93.58757693926663,WIN,11.0,crypto
AAVE-USD,LONG,2023-12-15,108.33185577392578,95.44948340453999,134.09660051269736,861,False,True,2023-12-18,95.44948340453999,LOSS,3.0,crypto
AAVE-USD,SHORT,2024-04-12,100.09493255615234,120.55796649171265,59.168864685031735,980,False,True,2024-08-19,120.55796649171265,LOSS,129.0,crypto
AAVE-USD,SHORT,2025-02-25,204.97621154785156,250.75418401622272,113.42026661110924,1299,False,True,2025-05-20,250.75418401622272,LOSS,84.0,crypto
AAVE-USD,LONG,2025-06-10,308.1923522949219,271.4576043979205,381.66184808892467,1404,False,True,2025-06-13,271.4576043979205,LOSS,3.0,crypto
AAVE-USD,SHORT,2025-09-22,270.43133544921875,299.60122191252844,212.09156252259936,1508,False,True,2025-10-06,299.60122191252844,LOSS,14.0,crypto
AAVE-USD,SHORT,2025-10-10,226.31063842773438,278.0464254285689,122.8390644260653,1526,False,True,2026-01-31,122.8390644260653,WIN,113.0,crypto
AAVE-USD,LONG,2026-03-16,122.23628997802734,107.5998625632345,151.50914480761304,1683,True,True,2026-03-22,107.5998625632345,LOSS,6.0,crypto
AAVE-USD,LONG,2026-04-15,105.51679992675781,93.11097577132797,130.3284482376175,1713,True,True,2026-04-19,93.11097577132797,LOSS,4.0,crypto
ADA-USD,LONG,2022-03-22,0.9764400124549866,0.8691534653613193,1.191013106642321,228,True,True,2022-03-28,1.191013106642321,WIN,6.0,crypto
ADA-USD,LONG,2022-07-19,0.5157679915428162,0.4522088490269117,0.642886276574625,347,False,True,2022-07-26,0.4522088490269117,LOSS,7.0,crypto
ADA-USD,SHORT,2022-12-16,0.2640700042247772,0.29022173763774767,0.21176653739883633,497,False,True,2023-01-08,0.29022173763774767,LOSS,23.0,crypto
ADA-USD,LONG,2023-03-21,0.37123599648475647,0.329057116054464,0.45559375734534135,592,False,True,2023-04-15,0.45559375734534135,WIN,25.0,crypto
ADA-USD,SHORT,2023-06-05,0.3520149886608124,0.37660123935870177,0.3028424872650336,668,False,True,2023-06-09,0.3028424872650336,WIN,4.0,crypto
ADA-USD,LONG,2023-07-13,0.3576579988002777,0.32462383969572217,0.4237263170093888,706,False,True,2023-07-14,0.32462383969572217,LOSS,1.0,crypto
ADA-USD,LONG,2023-10-02,0.2595129907131195,0.24556615093876688,0.28740667026182476,787,False,True,2023-10-11,0.24556615093876688,LOSS,9.0,crypto
ADA-USD,LONG,2024-05-20,0.5017579793930054,0.4553288261695823,0.5946162858398515,1018,False,True,2024-05-23,0.4553288261695823,LOSS,3.0,crypto
ADA-USD,SHORT,2024-06-11,0.4218910038471222,0.4581052960739276,0.3494624193935114,1040,False,True,2024-07-05,0.3494624193935114,WIN,24.0,crypto
ADA-USD,SHORT,2024-10-25,0.3244119882583618,0.356354960453375,0.26052604386833544,1176,False,True,2024-10-30,0.356354960453375,LOSS,5.0,crypto
ADA-USD,LONG,2024-11-07,0.40501299500465393,0.3674952088952928,0.4800485672233762,1189,False,True,2024-11-09,0.4800485672233762,WIN,2.0,crypto
ADA-USD,LONG,2025-05-08,0.7666040062904358,0.6832990707621288,0.9332138773470497,1371,False,True,2025-05-31,0.6832990707621288,LOSS,23.0,crypto
ADA-USD,LONG,2025-07-09,0.6234890222549438,0.5624829951258121,0.7455010765132073,1433,True,True,2025-07-11,0.7455010765132073,WIN,2.0,crypto
ADA-USD,LONG,2025-09-13,0.929843008518219,0.8482746811007861,1.0929796633530848,1499,False,True,2025-09-22,0.8482746811007861,LOSS,9.0,crypto
ADA-USD,SHORT,2025-10-10,0.6348350048065186,0.7806659334934658,0.34317314743262406,1526,True,True,2025-12-25,0.34317314743262406,WIN,76.0,crypto
ADA-USD,LONG,2026-01-05,0.4218739867210388,0.3768636242260839,0.5118947117109487,1613,True,True,2026-01-18,0.3768636242260839,LOSS,13.0,crypto
ALGO-USD,LONG,2022-03-22,0.8246020078659058,0.7273498396231944,1.0191063443513284,228,True,True,2022-04-11,0.7273498396231944,LOSS,20.0,crypto
ALGO-USD,LONG,2022-07-18,0.3602429926395416,0.3198748242225907,0.4409793294734434,346,True,True,2022-07-25,0.3198748242225907,LOSS,7.0,crypto
ALGO-USD,LONG,2022-10-30,0.3592570126056671,0.3278276262134663,0.4221157853900688,450,False,True,2022-11-04,0.4221157853900688,WIN,5.0,crypto
ALGO-USD,SHORT,2022-12-15,0.2105019986629486,0.23685867962229937,0.1577886367442471,496,False,True,2023-01-14,0.23685867962229937,LOSS,30.0,crypto
ALGO-USD,LONG,2023-02-07,0.27915799617767334,0.2496741802264804,0.3381256280800592,550,False,True,2023-02-09,0.2496741802264804,LOSS,2.0,crypto
ALGO-USD,SHORT,2023-04-20,0.19065499305725098,0.21330421711145725,0.14535654494883843,622,False,True,2023-06-01,0.14535654494883843,WIN,42.0,crypto
ALGO-USD,SHORT,2023-08-16,0.10251200199127197,0.11137597338799368,0.08478405919782855,740,False,True,2023-10-30,0.11137597338799368,LOSS,75.0,crypto
ALGO-USD,LONG,2024-02-12,0.18323299288749695,0.1669542496725744,0.21579047931734202,920,True,True,2024-02-28,0.21579047931734202,WIN,16.0,crypto
ALGO-USD,SHORT,2024-06-07,0.1747180074453354,0.19394679095051026,0.13626044043498564,1036,False,True,2024-06-18,0.13626044043498564,WIN,11.0,crypto
ALGO-USD,LONG,2025-07-10,0.21178899705410004,0.19003487945516204,0.25529723225197604,1434,True,True,2025-07-13,0.25529723225197604,WIN,3.0,crypto
ALGO-USD,SHORT,2025-09-22,0.2140509933233261,0.23926373837375572,0.16362550322246688,1508,False,True,2025-10-10,0.16362550322246688,WIN,18.0,crypto
ALGO-USD,SHORT,2025-11-03,0.1599469929933548,0.18520840259618565,0.10942417378769309,1550,False,True,2025-11-07,0.18520840259618565,LOSS,4.0,crypto
ALGO-USD,LONG,2026-01-04,0.13582900166511536,0.12264573488414501,0.16219553522705604,1612,False,True,2026-01-19,0.12264573488414501,LOSS,15.0,crypto
ANKR-USD,LONG,2021-11-26,0.17461000382900238,0.13902124368478938,0.24578752411742838,112,False,True,2021-12-02,0.13902124368478938,LOSS,6.0,crypto
ANKR-USD,LONG,2022-07-19,0.03153499960899353,0.027512933933897376,0.03957913095918584,347,False,True,2022-07-25,0.027512933933897376,LOSS,6.0,crypto
ANKR-USD,SHORT,2023-06-08,0.023691000416874886,0.026193859575024767,0.018685282100575122,671,False,True,2023-06-10,0.018685282100575122,WIN,2.0,crypto
ANKR-USD,LONG,2023-07-29,0.02716200053691864,0.024662556884193765,0.03216088784236839,722,False,True,2023-08-01,0.024662556884193765,LOSS,3.0,crypto
ANKR-USD,LONG,2023-09-20,0.019514000043272972,0.01804374809468099,0.022454503940456935,775,False,True,2023-10-24,0.022454503940456935,WIN,34.0,crypto
ANKR-USD,LONG,2024-02-14,0.026583999395370483,0.024323193551904064,0.031105611082303322,922,False,True,2024-02-20,0.031105611082303322,WIN,6.0,crypto
ANKR-USD,SHORT,2024-06-07,0.04079100117087364,0.046051322663982965,0.030270358184654997,1036,False,True,2024-06-18,0.030270358184654997,WIN,11.0,crypto
ANKR-USD,LONG,2024-09-19,0.027861999347805977,0.025156987357693717,0.033272023328030496,1140,False,True,2024-10-02,0.025156987357693717,LOSS,13.0,crypto
ANKR-USD,SHORT,2024-10-25,0.024421000853180885,0.027509597581472263,0.01824380739659813,1176,False,True,2024-11-09,0.027509597581472263,LOSS,15.0,crypto
ANKR-USD,LONG,2025-03-25,0.020221000537276268,0.017155039951652434,0.026352921708523935,1327,False,True,2025-03-31,0.017155039951652434,LOSS,6.0,crypto
ANKR-USD,SHORT,2025-06-20,0.014374000020325184,0.01607064673677758,0.01098070658742039,1414,False,True,2025-07-11,0.01607064673677758,LOSS,21.0,crypto
ANKR-USD,LONG,2025-07-12,0.016690000891685486,0.015070269435367463,0.01992946380432153,1436,False,True,2025-08-02,0.015070269435367463,LOSS,21.0,crypto
ANKR-USD,SHORT,2025-10-10,0.009986000135540962,0.011963857392464975,0.0060302856216929365,1526,False,True,2025-10-13,0.011963857392464975,LOSS,3.0,crypto
ANKR-USD,LONG,2026-01-05,0.0072559998370707035,0.006604899930626203,0.008558199649959705,1613,False,True,2026-01-19,0.006604899930626203,LOSS,14.0,crypto
ANKR-USD,LONG,2026-03-17,0.004734000191092491,0.004194712468854218,0.005812575635569037,1684,False,True,2026-03-18,0.005812575635569037,WIN,1.0,crypto
API3-USD,LONG,2022-02-13,4.565622806549072,3.427799691278076,6.841269037091065,191,True,True,2022-02-19,6.841269037091065,WIN,6.0,crypto
API3-USD,LONG,2022-03-26,6.0631279945373535,4.796582279600798,8.596219424410464,232,False,True,2022-04-08,4.796582279600798,LOSS,13.0,crypto
API3-USD,LONG,2022-08-04,2.2123260498046875,1.8547702772248487,2.927437594964365,363,False,True,2022-08-20,1.8547702772248487,LOSS,16.0,crypto
API3-USD,LONG,2022-10-28,1.783761978149414,1.633351310723181,2.0845833130018803,448,False,True,2022-11-03,2.0845833130018803,WIN,6.0,crypto
API3-USD,LONG,2023-09-27,1.1544289588928223,1.0251615405032561,1.4129637956719545,782,False,True,2023-10-04,1.0251615405032561,LOSS,7.0,crypto
API3-USD,LONG,2023-10-24,1.2053170204162598,1.0871218823433018,1.4417072965621758,809,True,True,2023-11-01,1.4417072965621758,WIN,8.0,crypto
API3-USD,LONG,2024-08-23,1.7465900182724,1.4822645726241084,2.275240909568983,1113,True,True,2024-08-27,1.4822645726241084,LOSS,4.0,crypto
API3-USD,LONG,2024-10-20,1.8284660577774048,1.5371911093323156,2.411015954667583,1171,False,True,2024-10-25,1.5371911093323156,LOSS,5.0,crypto
API3-USD,LONG,2025-05-09,0.8717430233955383,0.735266762539624,1.144695545107367,1372,False,True,2025-05-30,0.735266762539624,LOSS,21.0,crypto
API3-USD,LONG,2025-07-11,0.7066199779510498,0.6186285952208629,0.8826027434114236,1435,True,True,2025-07-21,0.8826027434114236,WIN,10.0,crypto
API3-USD,LONG,2025-08-18,0.8666319847106934,0.7310719209656624,1.1377521122007552,1473,False,True,2025-08-19,1.1377521122007552,WIN,1.0,crypto
API3-USD,SHORT,2026-07-27,0.21090400218963623,0.23603859498267674,0.16063481660355522,1816,False,True,,,OPEN,,crypto
APT-USD,LONG,2022-04-11,0.029258999973535538,0.024923498608524358,0.0379300027035579,142,False,True,2022-05-04,0.024923498608524358,LOSS,23.0,crypto
APT-USD,SHORT,2022-07-02,0.005413999781012535,0.00611143820979556,0.004019122923446486,224,False,True,2022-07-13,0.00611143820979556,LOSS,11.0,crypto
APT-USD,SHORT,2022-12-16,0.0014440000522881746,0.001517484980402219,0.001297030196060086,391,False,True,2023-01-24,0.001297030196060086,WIN,39.0,crypto
APT-USD,SHORT,2024-02-21,0.0009869999485090375,0.0012706990621908312,0.00041960172114545013,823,False,True,2024-02-27,0.0012706990621908312,LOSS,6.0,crypto
APT-USD,SHORT,2024-04-27,0.0007849999819882214,0.0008603112819322221,0.0006343773821002199,889,False,True,2024-07-05,0.0006343773821002199,WIN,67.0,crypto
APT-USD,SHORT,2024-08-28,0.00039599998854100704,0.0004050273262826245,0.00037794531305777217,1010,False,True,2024-08-30,0.00037794531305777217,WIN,2.0,crypto
APT-USD,SHORT,2024-10-28,0.00036299999919719994,0.0003746043687032498,0.00033979126018510023,1071,False,True,2024-10-31,0.00033979126018510023,WIN,3.0,crypto
APT-USD,SHORT,2025-01-18,0.00016500000492669642,0.00018003120188812274,0.00013493761100384378,1153,False,True,2025-01-19,0.00018003120188812274,LOSS,1.0,crypto
APT-USD,SHORT,2025-04-04,0.00013699999544769526,0.00013870580997982592,0.00013358836638343392,1229,False,True,2025-04-28,0.00013358836638343392,WIN,24.0,crypto
ARB-USD,SHORT,2021-11-18,0.0045540002174675465,0.0050479779428934494,0.0035660447666157405,104,False,False,2021-11-23,0.0035660447666157405,WIN,5.0,crypto
ARB-USD,SHORT,2022-03-22,0.0012710000155493617,0.0015593676531463281,0.0006942647403554289,228,False,False,2022-05-19,0.0006942647403554289,WIN,58.0,crypto
ARB-USD,SHORT,2022-06-12,0.0002680000034160912,0.000335848666327147,0.00013230267759397956,310,False,False,2022-09-30,0.000335848666327147,LOSS,110.0,crypto
ARB-USD,LONG,2022-10-25,0.0004020000051241368,0.000378525450627301,0.00044894911411780844,445,False,False,2022-11-08,0.000378525450627301,LOSS,14.0,crypto
ARB-USD,LONG,2022-12-13,0.00035600000410340726,0.0003391477401557275,0.0003897045319987668,494,False,False,2022-12-16,0.0003391477401557275,LOSS,3.0,crypto
ARB-USD,LONG,2023-01-08,0.0003420000139158219,0.00033225515603202443,0.0003614897296834169,520,False,False,2023-01-12,0.0003614897296834169,WIN,4.0,crypto
ARB-USD,SHORT,2023-06-22,0.00038899999344721437,0.0005289788487811396,0.0001090422827793639,685,False,False,2023-06-23,0.0005289788487811396,LOSS,1.0,crypto
ARB-USD,LONG,2023-06-27,0.0009769999887794256,0.0007280643061914824,0.001474871353955312,690,False,False,2023-06-29,0.0007280643061914824,LOSS,2.0,crypto
ARB-USD,SHORT,2023-08-19,1.0398850440979004,1.155816237218427,0.808022657856847,743,True,False,2023-09-11,0.808022657856847,WIN,23.0,crypto
ARB-USD,LONG,2023-09-30,0.9035030007362366,0.8398125973729107,1.0308838074628883,785,False,False,2023-10-09,0.8398125973729107,LOSS,9.0,crypto
ARB-USD,LONG,2023-10-24,0.9117059707641602,0.8492329404141814,1.0366520314641177,809,True,False,2023-11-04,1.0366520314641177,WIN,11.0,crypto
ARB-USD,SHORT,2023-12-07,0.0004330000083427876,0.2527269921881233,-0.5041549843512182,853,False,False,,,OPEN,,crypto
ARK-USD,LONG,2021-11-27,2.133618116378784,1.8143848919499002,2.7720845652365522,113,False,True,2021-11-28,1.8143848919499002,LOSS,1.0,crypto
ARK-USD,LONG,2022-03-26,0.9824519753456116,0.8900436302562317,1.1672686655243714,232,False,True,2022-03-28,1.1672686655243714,WIN,2.0,crypto
ARK-USD,LONG,2022-09-12,0.49762099981307983,0.4245650154426619,0.6437329685539157,402,False,True,2022-09-13,0.4245650154426619,LOSS,1.0,crypto
ARK-USD,LONG,2023-04-05,0.36263400316238403,0.3255290685942487,0.43684387229865473,607,False,True,2023-04-07,0.43684387229865473,WIN,2.0,crypto
ARK-USD,SHORT,2023-06-05,0.2476229965686798,0.2672638180170222,0.20834135367199502,668,False,True,2023-06-26,0.2672638180170222,LOSS,21.0,crypto
ARK-USD,LONG,2023-07-11,0.27449101209640503,0.23743487962311685,0.3486032770429814,704,False,True,2023-07-14,0.3486032770429814,WIN,3.0,crypto
ARK-USD,LONG,2023-10-28,0.5387330055236816,0.45483303291443156,0.7065329507421818,813,False,True,2023-10-29,0.7065329507421818,WIN,1.0,crypto
ARK-USD,SHORT,2024-01-03,0.8512769937515259,1.004226116009188,0.5453787492362014,880,False,True,2024-01-25,1.004226116009188,LOSS,22.0,crypto
ARK-USD,LONG,2024-02-16,0.9648060202598572,0.8435500711505044,1.2073179184785627,924,False,True,2024-02-22,0.8435500711505044,LOSS,6.0,crypto
ARK-USD,LONG,2024-03-01,1.0174779891967773,0.8885799314602032,1.2752741046699256,938,False,True,2024-03-13,1.2752741046699256,WIN,12.0,crypto
ARK-USD,SHORT,2024-06-08,0.766381025314331,0.8661738926149111,0.566795290713171,1037,False,True,2024-06-09,0.8661738926149111,LOSS,1.0,crypto
ARK-USD,LONG,2024-09-20,0.5196880102157593,0.45969663065790467,0.6396707693314685,1141,False,True,2024-09-21,0.45969663065790467,LOSS,1.0,crypto
ARK-USD,LONG,2025-01-06,0.6264190077781677,0.5083521442845166,0.86255273476547,1249,False,True,2025-01-20,0.5083521442845166,LOSS,14.0,crypto
ARK-USD,LONG,2025-07-02,0.3889549970626831,0.34501576218978736,0.4768334668084746,1426,False,True,2025-07-12,0.4768334668084746,WIN,10.0,crypto
ARK-USD,LONG,2025-09-14,0.4916599988937378,0.4504063273723832,0.574167341936447,1500,False,True,2025-09-16,0.4504063273723832,LOSS,2.0,crypto
ARK-USD,SHORT,2025-10-10,0.362868994474411,0.42030830123787516,0.2479903809474827,1526,True,True,2025-12-18,0.2479903809474827,WIN,69.0,crypto
ARK-USD,LONG,2026-03-17,0.18832699954509735,0.16810399003921167,0.2287730185568687,1684,False,True,2026-03-22,0.16810399003921167,LOSS,5.0,crypto
ARK-USD,LONG,2026-04-28,0.18311800062656403,0.16995097470017478,0.2094520524793425,1726,False,True,2026-05-15,0.16995097470017478,LOSS,17.0,crypto
ATOM-USD,LONG,2022-02-28,31.4260196685791,25.68525119107096,42.90755662359538,206,False,True,2022-04-11,25.68525119107096,LOSS,42.0,crypto
ATOM-USD,LONG,2022-07-21,11.072611808776855,9.423769714795586,14.370295996739394,349,False,True,2022-07-25,9.423769714795586,LOSS,4.0,crypto
ATOM-USD,LONG,2022-08-24,13.0164213180542,11.259473276020362,16.530317402121874,383,False,True,2022-08-27,11.259473276020362,LOSS,3.0,crypto
ATOM-USD,LONG,2022-10-28,13.563467979431152,12.10301115805223,16.484381622188998,448,False,True,2022-11-08,12.10301115805223,LOSS,11.0,crypto
ATOM-USD,LONG,2023-01-03,10.16102123260498,9.46773788767379,11.547587922467361,515,False,True,2023-01-11,11.547587922467361,WIN,8.0,crypto
ATOM-USD,LONG,2023-04-14,12.262309074401855,11.229755462917336,14.327416297370895,616,False,True,2023-04-21,11.229755462917336,LOSS,7.0,crypto
ATOM-USD,SHORT,2023-06-05,10.017903327941895,10.706567215525347,8.64057555277499,668,False,True,2023-06-10,8.64057555277499,WIN,5.0,crypto
ATOM-USD,SHORT,2023-10-10,6.681615829467773,7.198233056036894,5.648381376329532,795,False,True,2023-10-24,7.198233056036894,LOSS,14.0,crypto
ATOM-USD,LONG,2024-02-09,10.019989967346191,9.205163744111312,11.64964241381595,917,False,True,2024-02-28,11.64964241381595,WIN,19.0,crypto
ATOM-USD,SHORT,2024-06-07,8.098858833312988,8.81815452368794,6.660267452563083,1036,False,True,2024-06-18,6.660267452563083,WIN,11.0,crypto
ATOM-USD,SHORT,2024-07-03,6.372374057769775,6.969441969611809,5.178238234085708,1062,False,True,2024-07-05,5.178238234085708,WIN,2.0,crypto
ATOM-USD,LONG,2024-10-21,4.900990009307861,4.4665110118095175,5.769948004304549,1172,False,True,2024-10-25,4.4665110118095175,LOSS,4.0,crypto
ATOM-USD,LONG,2025-05-09,4.935945987701416,4.469552748774413,5.868732465555421,1372,False,True,2025-05-30,4.469552748774413,LOSS,21.0,crypto
ATOM-USD,LONG,2025-07-10,4.616069793701172,4.225027009096314,5.398155362910888,1434,False,True,2025-07-31,4.225027009096314,LOSS,21.0,crypto
ATOM-USD,SHORT,2025-09-22,4.161651134490967,4.527199753656388,3.4305538961601236,1508,False,True,2025-10-10,3.4305538961601236,WIN,18.0,crypto
ATOM-USD,LONG,2026-05-11,2.0437920093536377,1.8932697142841795,2.344836599492554,1739,False,True,2026-06-01,1.8932697142841795,LOSS,21.0,crypto
AVAX-USD,LONG,2022-02-08,86.62419891357422,72.05725396323324,115.75808881425618,186,False,True,2022-02-21,72.05725396323324,LOSS,13.0,crypto
AVAX-USD,LONG,2022-07-18,24.08971405029297,20.26850190731424,31.73213833625043,346,False,True,2022-07-26,20.26850190731424,LOSS,8.0,crypto
AVAX-USD,SHORT,2022-10-13,15.671713829040527,17.184706381899385,12.645728723322812,433,False,True,2022-10-26,17.184706381899385,LOSS,13.0,crypto
AVAX-USD,LONG,2022-10-28,18.340309143066406,16.777691135376386,21.465545158446446,448,True,True,2022-11-08,16.777691135376386,LOSS,11.0,crypto
AVAX-USD,LONG,2023-04-12,18.491119384765625,16.96874454998577,21.53586905432533,614,False,True,2023-04-21,16.96874454998577,LOSS,9.0,crypto
AVAX-USD,SHORT,2023-06-05,13.897244453430176,14.966327421324516,11.759078517641495,668,False,True,2023-06-10,11.759078517641495,WIN,5.0,crypto
AVAX-USD,LONG,2023-10-04,10.09360408782959,9.37358031198273,11.53365163952331,789,True,True,2023-10-07,11.53365163952331,WIN,3.0,crypto
AVAX-USD,LONG,2024-05-20,40.13941955566406,35.1346382091366,50.148982248718994,1018,False,True,2024-06-02,35.1346382091366,LOSS,13.0,crypto
AVAX-USD,SHORT,2024-06-07,33.507789611816406,37.608542528920964,25.30628377760729,1036,False,True,2024-06-22,25.30628377760729,WIN,15.0,crypto
AVAX-USD,LONG,2024-07-21,32.60565948486328,28.844540541310753,40.12789737196834,1080,False,True,2024-07-24,28.844540541310753,LOSS,3.0,crypto
AVAX-USD,LONG,2024-09-19,26.65570831298828,23.82426177535959,32.31860138824566,1140,False,True,2024-11-03,23.82426177535959,LOSS,45.0,crypto
AVAX-USD,SHORT,2025-02-24,21.88091278076172,26.249547630844127,13.143643080596902,1298,False,True,2025-05-12,26.249547630844127,LOSS,77.0,crypto
AVAX-USD,LONG,2025-07-09,19.5084285736084,17.408045979257587,23.709193762310022,1433,True,True,2025-07-17,23.709193762310022,WIN,8.0,crypto
AVAX-USD,LONG,2025-08-23,26.21869468688965,22.948987721681714,32.75810861730552,1478,False,True,2025-09-01,22.948987721681714,LOSS,9.0,crypto
AVAX-USD,LONG,2025-09-10,29.427661895751953,26.474882129814993,35.33322142762587,1496,False,True,2025-09-19,35.33322142762587,WIN,9.0,crypto
AVAX-USD,LONG,2026-01-02,13.79994010925293,12.446462713867293,16.506894900024204,1610,False,True,2026-01-20,12.446462713867293,LOSS,18.0,crypto
AVAX-USD,LONG,2026-04-16,9.72756290435791,8.756056752242063,11.670575208589604,1714,False,True,2026-05-28,8.756056752242063,LOSS,42.0,crypto
AXS-USD,SHORT,2021-12-04,118.01679229736328,141.5552385381259,70.93989981583803,120,False,True,2022-01-07,70.93989981583803,WIN,34.0,crypto
AXS-USD,LONG,2022-03-23,58.11574935913086,50.264216385767696,73.81881530585719,229,False,True,2022-03-25,73.81881530585719,WIN,2.0,crypto
AXS-USD,LONG,2022-07-19,16.851179122924805,14.377213648756301,21.79911007126181,347,False,True,2022-08-19,14.377213648756301,LOSS,31.0,crypto
AXS-USD,SHORT,2022-10-13,11.098069190979004,12.324043585572412,8.646120401792189,433,False,True,2022-10-24,8.646120401792189,WIN,11.0,crypto
AXS-USD,LONG,2022-12-05,8.77261734008789,7.442663163119734,11.432525694024203,486,False,True,2022-12-13,7.442663163119734,LOSS,8.0,crypto
AXS-USD,LONG,2023-04-14,9.046415328979492,8.210380628925217,10.718484729088043,616,False,True,2023-04-20,8.210380628925217,LOSS,6.0,crypto
AXS-USD,SHORT,2023-06-05,6.6032280921936035,7.229588106717549,5.350508063145712,668,False,True,2023-06-10,5.350508063145712,WIN,5.0,crypto
AXS-USD,LONG,2023-10-23,4.67191219329834,4.360255951118574,5.295224677657872,808,False,True,2023-10-29,5.295224677657872,WIN,6.0,crypto
AXS-USD,LONG,2024-02-12,7.84188985824585,7.130683754683361,9.264302065370828,920,False,True,2024-02-28,9.264302065370828,WIN,16.0,crypto
AXS-USD,LONG,2024-05-20,7.843165874481201,6.944870379427597,9.63975686458841,1018,True,True,2024-06-11,6.944870379427597,LOSS,22.0,crypto
AXS-USD,LONG,2024-10-20,5.1802191734313965,4.671476817500044,6.197703885294102,1171,False,True,2024-10-25,4.671476817500044,LOSS,5.0,crypto
AXS-USD,SHORT,2025-02-25,3.6705079078674316,4.3330618956622615,2.345399932277772,1299,False,True,2025-04-07,2.345399932277772,WIN,41.0,crypto
AXS-USD,LONG,2025-05-09,2.8748199939727783,2.5482049603583876,3.5280500612015597,1372,False,True,2025-05-14,3.5280500612015597,WIN,5.0,crypto
AXS-USD,LONG,2025-07-11,2.4584178924560547,2.1818544125671395,3.011544852233885,1435,False,True,2025-08-01,2.1818544125671395,LOSS,21.0,crypto
AXS-USD,SHORT,2025-09-22,2.207242012023926,2.4755693257113767,1.670587384649024,1508,False,True,2025-10-10,1.670587384649024,WIN,18.0,crypto
AXS-USD,LONG,2026-01-06,0.9985079765319824,0.8842453251409726,1.227033279314002,1614,True,True,2026-01-14,1.227033279314002,WIN,8.0,crypto
AXS-USD,LONG,2026-04-25,1.5806699991226196,1.3916995083931993,1.9586109805814602,1723,False,True,2026-04-26,1.3916995083931993,LOSS,1.0,crypto
AXS-USD,SHORT,2026-06-04,1.0212019681930542,1.183421646217592,0.6967626121439787,1763,False,True,2026-06-20,1.183421646217592,LOSS,16.0,crypto
BAND-USD,LONG,2022-01-05,6.290748119354248,5.276051233013166,8.320141892036412,152,False,True,2022-01-07,5.276051233013166,LOSS,2.0,crypto
BAND-USD,LONG,2022-03-24,4.13145112991333,3.6073250958672496,5.179703198005491,230,True,True,2022-03-31,5.179703198005491,WIN,7.0,crypto
BAND-USD,SHORT,2022-04-30,2.9666619300842285,3.5645434407643433,1.770898908723999,267,False,True,2022-05-11,1.770898908723999,WIN,11.0,crypto
BAND-USD,LONG,2022-07-19,1.6145390272140503,1.368851845046182,2.105913391549787,347,False,True,2022-07-26,1.368851845046182,LOSS,7.0,crypto
BAND-USD,LONG,2022-10-29,1.1959890127182007,1.083972305057028,1.420022428040546,449,True,True,2022-11-03,1.420022428040546,WIN,5.0,crypto
BAND-USD,LONG,2023-04-10,1.9601249694824219,1.7228448503298375,2.4346852077875907,612,False,True,2023-04-21,1.7228448503298375,LOSS,11.0,crypto
BAND-USD,SHORT,2023-06-05,1.2840139865875244,1.420114819977769,1.0118123198070355,668,False,True,2023-06-10,1.0118123198070355,WIN,5.0,crypto
BAND-USD,LONG,2023-07-20,1.3413779735565186,1.1856367634353149,1.652860393798926,713,False,True,2023-07-24,1.1856367634353149,LOSS,4.0,crypto
BAND-USD,SHORT,2023-08-15,1.1011220216751099,1.2006159310285707,0.9021342029681882,739,False,True,2023-08-17,0.9021342029681882,WIN,2.0,crypto
BAND-USD,LONG,2023-12-05,1.5577150583267212,1.3917176974389103,1.889709780102343,851,False,True,2023-12-14,1.889709780102343,WIN,9.0,crypto
BAND-USD,LONG,2024-02-02,1.802597999572754,1.5582095693158855,2.2913748600864907,910,False,True,2024-03-01,2.2913748600864907,WIN,28.0,crypto
BAND-USD,SHORT,2024-04-12,1.7846109867095947,2.1324368349588085,1.088959290211167,980,False,True,2024-06-23,1.088959290211167,WIN,72.0,crypto
BAND-USD,LONG,2024-09-20,1.2388110160827637,1.1093828279263265,1.497667392395638,1141,False,True,2024-10-01,1.1093828279263265,LOSS,11.0,crypto
BAND-USD,LONG,2024-10-20,1.2287909984588623,1.1054130057080338,1.4755469839605193,1171,False,True,2024-10-25,1.1054130057080338,LOSS,5.0,crypto
BAND-USD,LONG,2025-07-11,0.6696979999542236,0.5906422727144527,0.8278094544337655,1435,False,True,2025-08-20,0.8278094544337655,WIN,40.0,crypto
BAND-USD,SHORT,2025-10-10,0.48722100257873535,0.608455344241588,0.2447523192530301,1526,False,True,2025-10-13,0.608455344241588,LOSS,3.0,crypto
BAND-USD,SHORT,2025-11-04,0.44718700647354126,0.5355134122214082,0.2705341949778073,1551,False,True,2026-01-29,0.2705341949778073,WIN,86.0,crypto
BAND-USD,LONG,2026-04-17,0.23281599581241608,0.20000704740148229,0.29843389263428366,1715,False,True,2026-05-17,0.20000704740148229,LOSS,30.0,crypto
BAND-USD,SHORT,2026-06-05,0.16971899569034576,0.19614171292281982,0.11687356122539766,1764,False,True,,,OPEN,,crypto
BAT-USD,LONG,2022-03-16,0.8217689990997314,0.7072253197587326,1.0508563577817291,222,False,True,2022-04-11,0.7072253197587326,LOSS,26.0,crypto
BAT-USD,SHORT,2022-04-30,0.5702260136604309,0.6680011404433298,0.3746757600946331,267,False,True,2022-05-11,0.3746757600946331,WIN,11.0,crypto
BAT-USD,LONG,2022-08-05,0.42914101481437683,0.3734990419126676,0.5404249606177953,364,False,True,2022-08-19,0.3734990419126676,LOSS,14.0,crypto
BAT-USD,LONG,2022-10-29,0.3038659989833832,0.2787170306164737,0.35416393571720217,449,False,True,2022-11-08,0.2787170306164737,LOSS,10.0,crypto
BAT-USD,LONG,2023-03-31,0.2683640122413635,0.23468361948893285,0.3357247977462249,602,False,True,2023-05-01,0.23468361948893285,LOSS,31.0,crypto
BAT-USD,SHORT,2023-05-11,0.21244700253009796,0.23645003589386876,0.16444093580255636,643,False,True,2023-06-10,0.16444093580255636,WIN,30.0,crypto
BAT-USD,LONG,2023-08-08,0.21418200433254242,0.19618949927108745,0.25016701445545236,732,False,True,2023-08-16,0.19618949927108745,LOSS,8.0,crypto
BAT-USD,LONG,2024-02-12,0.23565199971199036,0.217382782715568,0.2721904337048351,920,False,True,2024-02-26,0.2721904337048351,WIN,14.0,crypto
BAT-USD,SHORT,2024-05-14,0.22242599725723267,0.25093772328849384,0.16540254519471032,1012,False,True,2024-05-20,0.25093772328849384,LOSS,6.0,crypto
BAT-USD,SHORT,2024-06-07,0.22924299538135529,0.2517994904676339,0.18413000520879808,1036,False,True,2024-06-18,0.18413000520879808,WIN,11.0,crypto
BAT-USD,LONG,2024-09-19,0.18235500156879425,0.16755255314082865,0.21195989842472546,1140,False,True,2024-10-01,0.16755255314082865,LOSS,12.0,crypto
BAT-USD,SHORT,2026-02-27,0.1069749966263771,0.1253250721432497,0.07027484559263192,1666,False,True,2026-05-31,0.1253250721432497,LOSS,93.0,crypto
BCH-USD,LONG,2022-10-29,118.45816802978516,109.95621709158414,135.4620699061872,449,False,True,2022-11-08,109.95621709158414,LOSS,10.0,crypto
BCH-USD,LONG,2023-01-09,107.11087036132812,101.6325659052354,118.06747927351358,521,False,True,2023-01-12,118.06747927351358,WIN,3.0,crypto
BCH-USD,SHORT,2023-06-10,103.61753845214844,112.00635327603908,86.83990880436716,673,False,True,2023-06-21,112.00635327603908,LOSS,11.0,crypto
BCH-USD,LONG,2023-10-23,260.6100769042969,238.66723087739985,304.49576895809093,808,False,True,2023-10-27,238.66723087739985,LOSS,4.0,crypto
BCH-USD,SHORT,2023-11-21,217.1041717529297,237.09960974979268,177.1132957592037,837,False,True,2023-12-04,237.09960974979268,LOSS,13.0,crypto
BCH-USD,LONG,2024-02-11,276.5019226074219,255.92865614588203,317.64845553050156,919,False,True,2024-02-29,317.64845553050156,WIN,18.0,crypto
BCH-USD,LONG,2024-05-20,516.750732421875,459.1950685850671,631.8620600954908,1018,False,True,2024-05-31,459.1950685850671,LOSS,11.0,crypto
BCH-USD,LONG,2025-01-17,489.7207336425781,433.941877465519,601.2784459966964,1260,False,True,2025-01-19,433.941877465519,LOSS,2.0,crypto
BCH-USD,SHORT,2025-02-24,291.61492919921875,332.26299279101585,210.31880201562456,1298,False,True,2025-03-02,332.26299279101585,LOSS,6.0,crypto
BCH-USD,LONG,2025-05-08,421.6309814453125,378.4113700524968,508.0702042309439,1371,False,True,2025-05-19,378.4113700524968,LOSS,11.0,crypto
BCH-USD,LONG,2025-06-10,437.98931884765625,400.6566400490885,512.6546764447918,1404,False,True,2025-06-13,400.6566400490885,LOSS,3.0,crypto
BCH-USD,LONG,2025-07-20,547.8762817382812,502.4536095322777,638.7216261502883,1444,False,True,2025-07-23,502.4536095322777,LOSS,3.0,crypto
BCH-USD,LONG,2025-07-25,556.8209228515625,504.8527800458496,660.7572084629883,1449,False,True,2025-10-10,504.8527800458496,LOSS,77.0,crypto
BCH-USD,LONG,2025-11-22,556.4970703125,478.10753512560404,713.2761406862919,1569,False,True,2026-02-05,478.10753512560404,LOSS,75.0,crypto
BCH-USD,LONG,2026-05-06,465.63238525390625,439.3006701875176,518.2958153866836,1734,False,True,2026-05-12,439.3006701875176,LOSS,6.0,crypto
BNB-USD,SHORT,2022-01-05,475.05694580078125,528.3921111920487,368.3866150182464,152,False,True,2022-01-22,368.3866150182464,WIN,17.0,crypto
BNB-USD,LONG,2022-10-26,290.3769836425781,275.10810872913095,320.9147334694725,446,False,True,2022-10-31,320.9147334694725,WIN,5.0,crypto
BNB-USD,SHORT,2022-12-13,271.9516906738281,295.4445739864882,224.965924048508,494,False,True,2022-12-17,224.965924048508,WIN,4.0,crypto
BNB-USD,SHORT,2023-02-13,294.475341796875,320.6720127067827,242.08199997705958,556,True,True,2023-02-16,320.6720127067827,LOSS,3.0,crypto
BNB-USD,LONG,2023-04-14,329.1738586425781,312.3669856348543,362.78760465802577,616,False,True,2023-05-08,312.3669856348543,LOSS,24.0,crypto
BNB-USD,SHORT,2023-06-05,276.8892517089844,291.70164420559314,247.26446671576684,668,False,True,2023-06-10,247.26446671576684,WIN,5.0,crypto
BNB-USD,LONG,2024-05-21,618.4204711914062,575.4289800516426,704.4034534709335,1019,False,True,2024-06-05,704.4034534709335,WIN,15.0,crypto
BNB-USD,LONG,2024-11-09,624.3746948242188,584.2578102047139,704.6084640632284,1191,False,True,2024-12-03,704.6084640632284,WIN,24.0,crypto
BNB-USD,LONG,2025-05-09,666.8784790039062,634.1941746587523,732.2470876942141,1372,False,True,2025-05-19,634.1941746587523,LOSS,10.0,crypto
BNB-USD,SHORT,2025-12-18,829.3011474609375,901.1518904309213,685.5996615209699,1595,False,True,2026-01-04,901.1518904309213,LOSS,17.0,crypto
BNB-USD,LONG,2026-05-06,647.57373046875,617.5445694772968,707.6320524516564,1734,False,True,2026-05-30,707.6320524516564,WIN,24.0,crypto
BNT-USD,LONG,2022-03-22,2.4643619060516357,2.267446976208429,2.8581917657380496,228,False,True,2022-04-11,2.267446976208429,LOSS,20.0,crypto
BNT-USD,LONG,2022-10-27,0.4515700042247772,0.41924769593362415,0.5162146208070834,447,True,True,2022-11-08,0.41924769593362415,LOSS,12.0,crypto
BNT-USD,LONG,2023-04-09,0.6070070266723633,0.5491642825974498,0.7226925148221903,611,False,True,2023-04-10,0.5491642825974498,LOSS,1.0,crypto
BNT-USD,SHORT,2023-05-11,0.416702002286911,0.4694920832814242,0.3111218402978846,643,False,True,2023-08-04,0.4694920832814242,LOSS,85.0,crypto
BNT-USD,LONG,2023-10-08,0.583329975605011,0.5198327310243949,0.7103244647662432,793,False,True,2023-10-09,0.5198327310243949,LOSS,1.0,crypto
BNT-USD,LONG,2024-05-20,0.7908899784088135,0.7171314017556414,0.9384071317151577,1018,True,True,2024-06-07,0.7171314017556414,LOSS,18.0,crypto
BNT-USD,SHORT,2024-11-03,0.4715310037136078,0.5163762194501517,0.38184057224052004,1185,False,True,2024-11-06,0.5163762194501517,LOSS,3.0,crypto
BNT-USD,SHORT,2025-02-25,0.4646500051021576,0.5382132477328675,0.3175235198407378,1299,False,True,2025-05-08,0.5382132477328675,LOSS,72.0,crypto
BNT-USD,LONG,2026-03-13,0.30199599266052246,0.2701114186015143,0.36576514077853883,1680,False,True,2026-03-29,0.2701114186015143,LOSS,16.0,crypto
BTC-USD,SHORT,2022-05-05,36575.140625,39857.24159617176,30010.938682656473,272,False,True,2022-05-10,30010.938682656473,WIN,5.0,crypto
BTC-USD,SHORT,2022-08-19,20877.552734375,22835.503351185624,16961.651500753753,378,False,True,2022-11-09,16961.651500753753,WIN,82.0,crypto
BTC-USD,SHORT,2023-06-05,25760.09765625,27339.216659458354,22601.85964983329,668,False,True,2023-06-20,27339.216659458354,LOSS,15.0,crypto
BTC-USD,LONG,2023-07-13,31476.048828125,29798.723746698644,34830.69899097771,706,False,True,2023-07-17,29798.723746698644,LOSS,4.0,crypto
BTC-USD,SHORT,2023-08-17,26664.55078125,28048.96863634479,23895.71507106042,741,False,True,2023-08-29,28048.96863634479,LOSS,12.0,crypto
BTC-USD,LONG,2024-01-02,44957.96875,42130.15536537187,50613.595519256254,879,False,True,2024-01-03,42130.15536537187,LOSS,1.0,crypto
BTC-USD,LONG,2024-01-08,46970.50390625,43522.38036027161,53866.750998206786,885,False,True,2024-01-12,43522.38036027161,LOSS,4.0,crypto
BTC-USD,SHORT,2024-04-13,63821.47265625,70964.85084042847,49534.71628789307,981,True,True,2024-05-20,70964.85084042847,LOSS,37.0,crypto
BTC-USD,SHORT,2024-06-18,65140.74609375,69062.98706111622,57296.26415901756,1047,False,True,2024-07-04,57296.26415901756,WIN,16.0,crypto
BTC-USD,LONG,2024-10-15,67041.109375,62723.65865161095,75676.0108217781,1166,False,True,2024-11-06,75676.0108217781,WIN,22.0,crypto
BTC-USD,LONG,2024-11-07,75904.859375,70850.39234863105,86013.7934277379,1189,False,True,2024-11-11,86013.7934277379,WIN,4.0,crypto
BTC-USD,SHORT,2025-02-25,88736.171875,95517.62451836579,75173.26658826842,1299,False,True,2025-04-07,75173.26658826842,WIN,41.0,crypto
BTC-USD,LONG,2026-01-05,93882.5546875,88991.95301207196,103663.75803835609,1613,True,True,2026-01-20,88991.95301207196,LOSS,15.0,crypto
BTC-USD,LONG,2026-05-04,79827.90625,75553.43780699665,88376.8431360067,1732,False,True,2026-05-22,75553.43780699665,LOSS,18.0,crypto
CAKE-USD,SHORT,2022-06-13,3.2416269779205322,3.9310339797057026,1.8628129743501916,311,False,True,2022-07-29,3.9310339797057026,LOSS,46.0,crypto
CAKE-USD,LONG,2022-10-31,4.738883018493652,4.423361206978958,5.3699266415230404,451,False,True,2022-11-08,4.423361206978958,LOSS,8.0,crypto
CAKE-USD,SHORT,2022-12-13,3.7674388885498047,4.056897944296201,3.188520777057011,494,False,True,2022-12-17,3.188520777057011,WIN,4.0,crypto
CAKE-USD,SHORT,2023-09-11,1.1391079425811768,1.2016510169661139,1.0140217938113025,766,False,True,2023-09-18,1.2016510169661139,LOSS,7.0,crypto
CAKE-USD,LONG,2023-10-02,1.2394659519195557,1.1886845444729643,1.3410287668127383,787,True,True,2023-10-03,1.1886845444729643,LOSS,1.0,crypto
CAKE-USD,LONG,2024-02-15,2.7958180904388428,2.5599726019194398,3.267509067477649,923,True,True,2024-02-23,3.267509067477649,WIN,8.0,crypto
CAKE-USD,LONG,2024-05-21,2.8466010093688965,2.5585325407749875,3.4227379465567145,1019,False,True,2024-06-02,2.5585325407749875,LOSS,12.0,crypto
CAKE-USD,LONG,2024-06-05,3.1986989974975586,2.886997930798479,3.8221011308957173,1034,False,True,2024-06-07,2.886997930798479,LOSS,2.0,crypto
CAKE-USD,LONG,2024-09-19,1.8453229665756226,1.6702674882786843,2.195433923169499,1140,False,True,2024-09-27,2.195433923169499,WIN,8.0,crypto
CAKE-USD,SHORT,2024-10-25,1.7579749822616577,1.9482454323225706,1.3774340821398319,1176,False,True,2024-11-09,1.9482454323225706,LOSS,15.0,crypto
CAKE-USD,LONG,2025-05-09,2.4355340003967285,2.1829046920349815,2.9407926171202226,1372,False,True,2025-05-17,2.1829046920349815,LOSS,8.0,crypto
CAKE-USD,LONG,2025-05-27,2.779207944869995,2.4521503539009655,3.4333231268080544,1390,False,True,2025-05-30,2.4521503539009655,LOSS,3.0,crypto
CAKE-USD,LONG,2025-07-10,2.487952947616577,2.2763315090099563,2.911195824829819,1434,False,True,2025-07-12,2.2763315090099563,LOSS,2.0,crypto
CAKE-USD,LONG,2025-07-16,2.500823974609375,2.2648766299535645,2.972718663920996,1440,False,True,2025-07-23,2.972718663920996,WIN,7.0,crypto
CAKE-USD,LONG,2025-09-17,2.691977024078369,2.470680205026504,3.1345706621820995,1503,False,True,2025-09-21,3.1345706621820995,WIN,4.0,crypto
CAKE-USD,LONG,2026-04-07,1.5174510478973389,1.3990205299014769,1.754312083889063,1705,False,True,2026-05-18,1.3990205299014769,LOSS,41.0,crypto
CAKE-USD,LONG,2026-07-05,1.467615008354187,1.3487705014510085,1.705304022160544,1794,True,True,2026-07-08,1.3487705014510085,LOSS,3.0,crypto
CAKE-USD,LONG,2026-07-30,1.4533079862594604,1.3705385653527655,1.6188468280728503,1819,False,True,,,OPEN,,crypto
CELO-USD,LONG,2022-07-19,1.0240329504013062,0.8936763270162668,1.284746197171385,347,False,True,2022-07-25,0.8936763270162668,LOSS,6.0,crypto
CELO-USD,SHORT,2022-10-13,0.7378399968147278,0.8074175226846797,0.598684945074824,433,False,True,2022-11-08,0.598684945074824,WIN,26.0,crypto
CELO-USD,LONG,2023-02-20,0.902521014213562,0.774434498153532,1.158694046333622,563,False,True,2023-02-24,0.774434498153532,LOSS,4.0,crypto
CELO-USD,LONG,2023-10-23,0.46027299761772156,0.43160619936054717,0.5176065941320703,808,False,True,2023-11-01,0.5176065941320703,WIN,9.0,crypto
CELO-USD,LONG,2024-09-19,0.5091720223426819,0.4613754774426607,0.6047651121427242,1140,False,True,2024-09-25,0.6047651121427242,WIN,6.0,crypto
CELO-USD,SHORT,2025-02-25,0.39018499851226807,0.4535681563078015,0.2634186829212012,1299,False,True,2025-04-07,0.2634186829212012,WIN,41.0,crypto
CELO-USD,LONG,2025-07-08,0.30024099349975586,0.2657410433050783,0.36924089388911097,1432,True,True,2025-07-20,0.36924089388911097,WIN,12.0,crypto
CELO-USD,SHORT,2025-09-22,0.2716589868068695,0.3056574538526513,0.2036620527153059,1508,False,True,2025-10-03,0.3056574538526513,LOSS,11.0,crypto
CELO-USD,LONG,2026-03-19,0.08355700224637985,0.07395456222626123,0.10276188228661709,1686,False,True,2026-03-29,0.07395456222626123,LOSS,10.0,crypto
CELO-USD,LONG,2026-04-05,0.08746100217103958,0.07782180153976585,0.10673940343358704,1703,False,True,2026-04-13,0.07782180153976585,LOSS,8.0,crypto
CELO-USD,LONG,2026-04-24,0.09492599964141846,0.08548214285731767,0.11381371320962003,1722,False,True,2026-04-29,0.08548214285731767,LOSS,5.0,crypto
CHZ-USD,LONG,2022-03-25,0.2478480041027069,0.2172879104740735,0.3089681913599737,231,False,True,2022-03-29,0.3089681913599737,WIN,4.0,crypto
CHZ-USD,LONG,2022-07-28,0.12057600170373917,0.10523035033141362,0.15126730444839026,356,False,True,2022-08-01,0.15126730444839026,WIN,4.0,crypto
CHZ-USD,LONG,2022-10-30,0.2248460054397583,0.19592881559533812,0.28268038512859867,450,False,True,2022-11-06,0.28268038512859867,WIN,7.0,crypto
CHZ-USD,LONG,2023-01-10,0.1201540008187294,0.10661802833590937,0.14722594578436946,522,False,True,2023-01-24,0.14722594578436946,WIN,14.0,crypto
CHZ-USD,LONG,2023-02-07,0.16152499616146088,0.1417162324624938,0.20114252355939505,550,False,True,2023-02-09,0.1417162324624938,LOSS,2.0,crypto
CHZ-USD,LONG,2023-04-05,0.12921300530433655,0.11665685067054239,0.15432531457192486,607,False,True,2023-05-08,0.11665685067054239,LOSS,33.0,crypto
CHZ-USD,SHORT,2023-06-05,0.09381700307130814,0.10203687056205839,0.07737726808980763,668,False,True,2023-06-10,0.07737726808980763,WIN,5.0,crypto
CHZ-USD,LONG,2023-07-13,0.08449999988079071,0.07677162238067567,0.09995675488102079,706,False,True,2023-07-24,0.07677162238067567,LOSS,11.0,crypto
CHZ-USD,LONG,2023-09-30,0.061716001480817795,0.0580242879911371,0.06909942846017919,785,True,True,2023-10-09,0.0580242879911371,LOSS,9.0,crypto
CHZ-USD,LONG,2024-02-16,0.11705700308084488,0.10544630856022374,0.14027839212208715,924,False,True,2024-02-27,0.14027839212208715,WIN,11.0,crypto
CHZ-USD,SHORT,2024-04-12,0.12024900317192078,0.1458728520654521,0.0690013053848581,980,False,True,2024-05-28,0.1458728520654521,LOSS,46.0,crypto
CHZ-USD,SHORT,2025-02-21,0.05110200121998787,0.06112488417875592,0.031056235302451773,1295,False,True,2025-06-22,0.031056235302451773,WIN,121.0,crypto
CHZ-USD,LONG,2025-07-10,0.039900001138448715,0.03618314910765185,0.047333705200042445,1434,True,True,2025-10-10,0.03618314910765185,LOSS,92.0,crypto
CHZ-USD,LONG,2025-12-06,0.03184499964118004,0.028567890980147087,0.03839921696324594,1583,False,True,2025-12-18,0.028567890980147087,LOSS,12.0,crypto
CHZ-USD,LONG,2026-03-30,0.04258099943399429,0.03787445117338397,0.05199409595521494,1697,False,True,2026-04-06,0.03787445117338397,LOSS,7.0,crypto
CHZ-USD,LONG,2026-04-20,0.04671899974346161,0.041096153435243796,0.057964692359897235,1718,False,True,2026-04-30,0.041096153435243796,LOSS,10.0,crypto
CRO-USD,SHORT,2022-05-01,0.3134540021419525,0.35469066383780384,0.23098067875024986,268,False,True,2022-05-09,0.23098067875024986,WIN,8.0,crypto
CRO-USD,LONG,2022-07-18,0.13222399353981018,0.11767778637025546,0.16131640787891963,346,True,True,2022-07-26,0.11767778637025546,LOSS,8.0,crypto
CRO-USD,LONG,2022-10-26,0.1123799979686737,0.1041664546198462,0.12880708466632873,446,False,True,2022-11-08,0.1041664546198462,LOSS,13.0,crypto
CRO-USD,LONG,2023-04-14,0.07059100270271301,0.06661217760530706,0.07854865289752491,616,False,True,2023-04-24,0.06661217760530706,LOSS,10.0,crypto
CRO-USD,SHORT,2023-06-10,0.05419899895787239,0.058339003947644755,0.04591898897832766,673,False,True,2023-06-23,0.058339003947644755,LOSS,13.0,crypto
CRO-USD,LONG,2023-07-13,0.06016499921679497,0.057402350095197084,0.06569029745999073,706,False,True,2023-08-09,0.057402350095197084,LOSS,27.0,crypto
CRO-USD,LONG,2024-02-09,0.08819899708032608,0.08149900107312719,0.10159898909472387,917,False,True,2024-02-27,0.10159898909472387,WIN,18.0,crypto
CRO-USD,SHORT,2024-04-13,0.12630900740623474,0.15002369405752977,0.07887963410364468,981,False,True,2024-07-05,0.07887963410364468,WIN,83.0,crypto
CRO-USD,LONG,2025-03-24,0.09403900057077408,0.0794111666542041,0.12329466840391404,1326,False,True,2025-04-07,0.0794111666542041,LOSS,14.0,crypto
CRO-USD,LONG,2025-05-08,0.09830799698829651,0.08945528339337158,0.11601342417814636,1371,False,True,2025-06-13,0.08945528339337158,LOSS,36.0,crypto
CRO-USD,SHORT,2025-10-10,0.14762400090694427,0.18779623082858374,0.06727954106366535,1526,False,True,2026-05-23,0.06727954106366535,WIN,225.0,crypto
CRV-USD,LONG,2021-11-23,5.0678181648254395,4.062349023754823,7.078756446966672,109,False,True,2021-12-03,4.062349023754823,LOSS,10.0,crypto
CRV-USD,SHORT,2022-10-13,0.8012199997901917,0.9062375877960628,0.5911848237784494,433,False,True,2022-10-18,0.9062375877960628,LOSS,5.0,crypto
CRV-USD,LONG,2022-11-04,1.0236220359802246,0.9049014322540648,1.2610632434325442,455,False,True,2022-11-08,0.9049014322540648,LOSS,4.0,crypto
CRV-USD,LONG,2023-01-09,0.6441550254821777,0.5809985679417472,0.7704679405630388,521,True,True,2023-01-13,0.7704679405630388,WIN,4.0,crypto
CRV-USD,SHORT,2023-06-05,0.7765009999275208,0.8427400639562879,0.6440228718699865,668,False,True,2023-06-10,0.6440228718699865,WIN,5.0,crypto
CRV-USD,LONG,2023-09-22,0.49059098958969116,0.44312277684775747,0.5855274150735585,777,False,True,2023-10-10,0.44312277684775747,LOSS,18.0,crypto
CRV-USD,SHORT,2024-05-14,0.40027499198913574,0.45229452954299587,0.2962359168814155,1012,False,True,2024-05-20,0.45229452954299587,LOSS,6.0,crypto
CRV-USD,LONG,2024-05-21,0.4826430082321167,0.4300943409436063,0.5877403428091375,1019,True,True,2024-06-07,0.4300943409436063,LOSS,17.0,crypto
CRV-USD,LONG,2024-09-27,0.3184329867362976,0.2804965392703616,0.3943058816681696,1148,False,True,2024-09-30,0.2804965392703616,LOSS,3.0,crypto
CRV-USD,SHORT,2025-03-03,0.41282299160957336,0.5268450617532064,0.1847788513223072,1305,False,True,2025-03-25,0.5268450617532064,LOSS,22.0,crypto
CRV-USD,LONG,2025-04-11,0.6062830090522766,0.49160478823367604,0.8356394506894778,1344,False,True,2025-05-23,0.8356394506894778,WIN,42.0,crypto
CRV-USD,LONG,2025-07-11,0.6308259963989258,0.5521460933801369,0.7881858024365036,1435,True,True,2025-07-16,0.7881858024365036,WIN,5.0,crypto
CRV-USD,SHORT,2025-09-22,0.6988270282745361,0.8048489753688024,0.4867831340860036,1508,False,True,2025-10-10,0.4867831340860036,WIN,18.0,crypto
CRV-USD,LONG,2026-04-16,0.2329850047826767,0.207838740145594,0.2832775340568421,1714,False,True,2026-05-11,0.2832775340568421,WIN,25.0,crypto
CTSI-USD,LONG,2022-06-05,0.2192160040140152,0.17319937170255323,0.31124926863693914,303,False,True,2022-06-13,0.17319937170255323,LOSS,8.0,crypto
CTSI-USD,LONG,2022-07-17,0.16601699590682983,0.13975881891253347,0.21853334989542256,345,False,True,2022-08-26,0.13975881891253347,LOSS,40.0,crypto
CTSI-USD,SHORT,2022-10-13,0.13437800109386444,0.14752757383503068,0.10807885561153197,433,False,True,2022-11-03,0.14752757383503068,LOSS,21.0,crypto
CTSI-USD,LONG,2023-01-09,0.11264000087976456,0.10349499620193596,0.13093001023542175,521,False,True,2023-01-14,0.13093001023542175,WIN,5.0,crypto
CTSI-USD,LONG,2023-07-10,0.17764399945735931,0.15440468083964018,0.22412263669279758,703,False,True,2023-07-17,0.15440468083964018,LOSS,7.0,crypto
CTSI-USD,LONG,2023-08-14,0.15735900402069092,0.14624156072673145,0.17959389060860986,738,True,True,2023-08-15,0.14624156072673145,LOSS,1.0,crypto
CTSI-USD,LONG,2024-05-24,0.2260960042476654,0.19683789092737322,0.2846122308882498,1022,True,True,2024-06-11,0.19683789092737322,LOSS,18.0,crypto
CTSI-USD,SHORT,2024-07-04,0.1350249946117401,0.15739364305008663,0.09028769773504708,1063,False,True,2024-07-15,0.15739364305008663,LOSS,11.0,crypto
CTSI-USD,LONG,2024-09-20,0.1383260041475296,0.12378833234587497,0.16740134775083887,1141,False,True,2024-10-01,0.12378833234587497,LOSS,11.0,crypto
CTSI-USD,LONG,2024-10-20,0.1395149976015091,0.12398702395640439,0.1705709448917185,1171,False,True,2024-10-25,0.12398702395640439,LOSS,5.0,crypto
CTSI-USD,LONG,2025-07-11,0.06870599836111069,0.06050321811944005,0.08511155884445196,1435,True,True,2025-07-23,0.08511155884445196,WIN,12.0,crypto
CVX-USD,LONG,2021-12-17,33.44784164428711,25.92641579822087,48.49069333641959,133,False,True,2021-12-23,48.49069333641959,WIN,6.0,crypto
CVX-USD,SHORT,2022-09-21,4.492178916931152,5.189533221004146,3.097470308785166,411,False,True,2022-10-04,5.189533221004146,LOSS,13.0,crypto
CVX-USD,LONG,2022-10-05,5.521490097045898,4.925028439277837,6.7144134125820205,425,False,True,2022-10-20,4.925028439277837,LOSS,15.0,crypto
CVX-USD,LONG,2022-10-26,5.893208026885986,5.283690601560649,7.11224287753666,446,False,True,2022-10-31,5.283690601560649,LOSS,5.0,crypto
CVX-USD,SHORT,2022-11-08,4.382718086242676,5.046468571502605,3.055217115722817,459,False,True,2022-11-13,5.046468571502605,LOSS,5.0,crypto
CVX-USD,LONG,2023-04-14,6.019270896911621,5.49469249992581,7.068427690883244,616,False,True,2023-04-20,5.49469249992581,LOSS,6.0,crypto
CVX-USD,LONG,2023-09-22,2.8703999519348145,2.6398145395818817,3.33157077664068,777,False,True,2023-10-11,2.6398145395818817,LOSS,19.0,crypto
CVX-USD,LONG,2023-12-05,3.9682419300079346,3.5937467211774736,4.7172323476688565,851,False,True,2023-12-13,3.5937467211774736,LOSS,8.0,crypto
CVX-USD,SHORT,2024-01-03,3.157676935195923,3.595750386276201,2.2815300330353665,880,False,True,2024-02-15,3.595750386276201,LOSS,43.0,crypto
CVX-USD,SHORT,2024-05-06,2.3972270488739014,2.815571720421501,1.5605377057787022,1004,False,True,2024-05-23,2.815571720421501,LOSS,17.0,crypto
CVX-USD,LONG,2025-03-26,2.4300689697265625,2.0631066007958796,3.1639937075879283,1328,False,True,2025-03-30,2.0631066007958796,LOSS,4.0,crypto
CVX-USD,LONG,2025-07-10,3.01021409034729,2.6230350371755735,3.784572196690723,1434,True,True,2025-07-14,3.784572196690723,WIN,4.0,crypto
CVX-USD,SHORT,2025-12-31,1.6063920259475708,1.819371387920731,1.1804333020012505,1608,False,True,2026-01-03,1.819371387920731,LOSS,3.0,crypto
CVX-USD,LONG,2026-05-10,1.865686058998108,1.701521260511677,2.19401565597097,1738,False,True,2026-05-16,1.701521260511677,LOSS,6.0,crypto
DASH-USD,LONG,2022-03-20,115.19500732421875,100.44471180345676,144.69559836574274,226,False,True,2022-04-11,100.44471180345676,LOSS,22.0,crypto
DASH-USD,LONG,2022-07-19,50.19349670410156,44.30107627351531,61.978337565274074,347,True,True,2022-07-26,44.30107627351531,LOSS,7.0,crypto
DASH-USD,LONG,2023-01-29,56.81143569946289,51.34518778388378,67.74393153062111,541,False,True,2023-02-14,67.74393153062111,WIN,16.0,crypto
DASH-USD,LONG,2024-09-20,25.125558853149414,23.275533428092757,28.825609703262728,1141,False,True,2024-10-01,23.275533428092757,LOSS,11.0,crypto
DASH-USD,LONG,2025-07-11,21.80856704711914,20.127445746378722,25.170809648599977,1435,False,True,2025-07-20,25.170809648599977,WIN,9.0,crypto
DASH-USD,LONG,2026-01-13,59.18405532836914,49.49525628237771,78.561653420352,1621,False,True,2026-01-14,78.561653420352,WIN,1.0,crypto
DASH-USD,LONG,2026-05-04,47.607330322265625,41.655252188434645,59.511486589927586,1732,False,True,2026-05-16,41.655252188434645,LOSS,12.0,crypto
DGB-USD,SHORT,2022-01-05,0.030976999551057816,0.03632671700487493,0.02027756464342359,152,False,True,2022-01-22,0.02027756464342359,WIN,17.0,crypto
DGB-USD,SHORT,2022-10-13,0.00868299975991249,0.009487745100533924,0.007073509078669625,433,False,True,2022-11-04,0.009487745100533924,LOSS,22.0,crypto
DGB-USD,LONG,2022-12-13,0.00796900037676096,0.007023199958264531,0.009860601213753817,494,False,True,2022-12-14,0.009860601213753817,WIN,1.0,crypto
DGB-USD,LONG,2023-04-14,0.01014699973165989,0.009336152441260927,0.011768694312457813,616,False,True,2023-04-21,0.009336152441260927,LOSS,7.0,crypto
DGB-USD,SHORT,2023-06-05,0.0073540001176297665,0.007963596938890045,0.0061348064751092085,668,False,True,2023-06-15,0.0061348064751092085,WIN,10.0,crypto
DGB-USD,SHORT,2023-08-15,0.007567000109702349,0.008021611048200655,0.006657778232705736,739,False,True,2023-08-17,0.006657778232705736,WIN,2.0,crypto
DGB-USD,LONG,2023-10-16,0.006792000029236078,0.006413702782883233,0.007548594521941768,801,False,True,2023-10-19,0.006413702782883233,LOSS,3.0,crypto
DGB-USD,LONG,2024-02-14,0.008387000299990177,0.007749061610582324,0.009662877678805883,922,False,True,2024-02-18,0.009662877678805883,WIN,4.0,crypto
DGB-USD,LONG,2025-03-06,0.009132999926805496,0.007435910302381468,0.012527179175653552,1308,False,True,2025-06-21,0.007435910302381468,LOSS,107.0,crypto
DGB-USD,LONG,2025-07-11,0.008321000263094902,0.007539038942261273,0.00988492290476216,1435,False,True,2025-07-18,0.00988492290476216,WIN,7.0,crypto
DGB-USD,SHORT,2025-09-22,0.007573000155389309,0.008377073015550511,0.005964854435066905,1508,False,True,2025-10-03,0.008377073015550511,LOSS,11.0,crypto
DGB-USD,LONG,2026-01-05,0.006312000099569559,0.0055455257602745455,0.007844948778159586,1613,False,True,2026-01-13,0.0055455257602745455,LOSS,8.0,crypto
DGB-USD,LONG,2026-01-17,0.006771999876946211,0.0059397716921250066,0.00843645624658862,1625,False,True,2026-01-24,0.0059397716921250066,LOSS,7.0,crypto
DODO-USD,SHORT,2021-12-04,1.0251150131225586,1.3752728850335414,0.324799269300593,120,False,True,2022-04-30,0.324799269300593,WIN,147.0,crypto
DODO-USD,LONG,2022-07-09,0.1463260054588318,0.11718766811595191,0.20460268014459154,337,False,True,2022-08-01,0.20460268014459154,WIN,23.0,crypto
DODO-USD,LONG,2022-10-02,0.1434909999370575,0.12232309515239774,0.185826809506377,422,False,True,2022-10-10,0.12232309515239774,LOSS,8.0,crypto
DODO-USD,LONG,2023-01-10,0.10559400171041489,0.09664220209681774,0.12349760093760917,522,False,True,2023-01-15,0.12349760093760917,WIN,5.0,crypto
DODO-USD,LONG,2023-08-07,0.13549299538135529,0.12166840895780523,0.1631421682284554,731,True,True,2023-08-08,0.1631421682284554,WIN,1.0,crypto
DODO-USD,LONG,2023-10-01,0.10450299829244614,0.0939197525031339,0.1256694898710706,786,False,True,2023-10-11,0.0939197525031339,LOSS,10.0,crypto
DODO-USD,LONG,2023-11-29,0.13911600410938263,0.12320426058666656,0.17093949115481477,845,False,True,2023-12-05,0.17093949115481477,WIN,6.0,crypto
DODO-USD,LONG,2024-02-13,0.17342500388622284,0.15647418361729756,0.2073266444240734,921,False,True,2024-02-23,0.2073266444240734,WIN,10.0,crypto
DODO-USD,LONG,2024-06-03,0.19980399310588837,0.17679731919781336,0.24581734092203839,1032,False,True,2024-06-10,0.17679731919781336,LOSS,7.0,crypto
DODO-USD,LONG,2024-09-20,0.14470799267292023,0.12383582687273982,0.18645232427328104,1141,False,True,2024-10-01,0.12383582687273982,LOSS,11.0,crypto
DODO-USD,LONG,2024-10-20,0.1315699964761734,0.11206387005400018,0.17058224932051985,1171,False,True,2024-10-25,0.11206387005400018,LOSS,5.0,crypto
DODO-USD,LONG,2025-07-10,0.0433650016784668,0.03837284928714884,0.05334930646110271,1434,False,True,2025-07-16,0.05334930646110271,WIN,6.0,crypto
DODO-USD,LONG,2025-09-13,0.05103899911046028,0.04603502469512898,0.06104694794112288,1499,False,True,2025-09-15,0.04603502469512898,LOSS,2.0,crypto
DODO-USD,LONG,2026-06-24,0.01840200088918209,0.01506529783847148,0.025075406990603313,1783,False,True,2026-07-12,0.025075406990603313,WIN,18.0,crypto
DOGE-USD,LONG,2022-03-23,0.12972700595855713,0.11756318492090048,0.15405464803387042,229,False,True,2022-04-04,0.15405464803387042,WIN,12.0,crypto
DOGE-USD,LONG,2022-08-14,0.08168700337409973,0.07344063399897376,0.09817974212435168,373,False,True,2022-08-19,0.07344063399897376,LOSS,5.0,crypto
DOGE-USD,LONG,2022-10-04,0.06596200168132782,0.060019956067904674,0.07784609290817411,424,False,True,2022-10-10,0.060019956067904674,LOSS,6.0,crypto
DOGE-USD,LONG,2022-10-26,0.07280000299215317,0.06696035375483063,0.08447930146679825,446,False,True,2022-10-27,0.08447930146679825,WIN,1.0,crypto
DOGE-USD,LONG,2023-01-31,0.09616699814796448,0.08637374075025149,0.11575351294339045,543,False,True,2023-02-09,0.08637374075025149,LOSS,9.0,crypto
DOGE-USD,LONG,2023-04-01,0.08405099809169769,0.07531896789640903,0.10151505848227502,603,False,True,2023-04-03,0.10151505848227502,WIN,2.0,crypto
DOGE-USD,SHORT,2023-06-05,0.06657300144433975,0.07115629562426311,0.05740641308449304,668,False,True,2023-06-06,0.07115629562426311,LOSS,1.0,crypto
DOGE-USD,SHORT,2023-06-10,0.06185999885201454,0.0683420895106066,0.04889581753483044,673,False,True,2023-06-22,0.0683420895106066,LOSS,12.0,crypto
DOGE-USD,LONG,2023-07-13,0.0705069974064827,0.06539080671896294,0.08073937878152221,706,False,True,2023-07-25,0.08073937878152221,WIN,12.0,crypto
DOGE-USD,LONG,2024-02-14,0.08554299920797348,0.07953484236898645,0.09755931288594755,922,False,True,2024-02-27,0.09755931288594755,WIN,13.0,crypto
DOGE-USD,SHORT,2024-07-04,0.10488700121641159,0.11913926615438436,0.07638247134046605,1063,False,True,2024-07-15,0.11913926615438436,LOSS,11.0,crypto
DOGE-USD,SHORT,2025-02-25,0.2123890072107315,0.251479662764465,0.13420769610326455,1299,False,True,2025-04-07,0.13420769610326455,WIN,41.0,crypto
DOGE-USD,LONG,2025-04-23,0.17860500514507294,0.1565320971099136,0.22275082121539164,1356,False,True,2025-05-10,0.22275082121539164,WIN,17.0,crypto
DOGE-USD,LONG,2025-07-09,0.18075500428676605,0.1615802248472574,0.21910456316578336,1433,True,True,2025-07-16,0.21910456316578336,WIN,7.0,crypto
DOGE-USD,LONG,2025-09-08,0.24188099801540375,0.2161021178895793,0.2934387582670526,1494,False,True,2025-09-13,0.2934387582670526,WIN,5.0,crypto
DOGE-USD,SHORT,2025-11-03,0.16724300384521484,0.19361030824099826,0.11450839505364802,1550,False,True,2026-01-29,0.11450839505364802,WIN,87.0,crypto
DOGE-USD,LONG,2026-03-16,0.10314100235700607,0.09180399033263957,0.12581502640573908,1683,True,True,2026-03-21,0.09180399033263957,LOSS,5.0,crypto
DOGE-USD,LONG,2026-04-16,0.09919600188732147,0.09150092168274905,0.11458616229646632,1714,False,True,2026-05-05,0.11458616229646632,WIN,19.0,crypto
DOGE-USD,SHORT,2026-07-23,0.06913299858570099,0.0742426651004101,0.058913665556282774,1812,False,True,,,OPEN,,crypto
DOT-USD,SHORT,2021-12-04,29.368837356567383,36.79927943368919,14.507953202323762,120,False,True,2022-02-24,14.507953202323762,WIN,82.0,crypto
DOT-USD,LONG,2022-03-23,21.003955841064453,18.695328980763808,25.621209561665744,229,False,True,2022-04-11,18.695328980763808,LOSS,19.0,crypto
DOT-USD,LONG,2022-07-19,7.802577972412109,6.794653724958758,9.818426467318812,347,False,True,2022-07-25,6.794653724958758,LOSS,6.0,crypto
DOT-USD,SHORT,2022-10-21,5.834850788116455,6.284455105810633,4.9356421527281,441,False,True,2022-10-25,6.284455105810633,LOSS,4.0,crypto
DOT-USD,LONG,2023-04-14,6.7340312004089355,6.220833723733606,7.760426153759594,616,False,True,2023-04-20,6.220833723733606,LOSS,6.0,crypto
DOT-USD,SHORT,2023-06-05,5.073203086853027,5.393148439218812,4.433312382121459,668,False,True,2023-06-10,4.433312382121459,WIN,5.0,crypto
DOT-USD,LONG,2024-02-14,7.658267021179199,7.000532775710559,8.97373551211648,922,False,True,2024-03-02,8.97373551211648,WIN,17.0,crypto
DOT-USD,SHORT,2024-06-07,6.657766819000244,7.3677242063460735,5.237852044308585,1036,True,True,2024-07-05,5.237852044308585,WIN,28.0,crypto
DOT-USD,LONG,2024-09-24,4.640799045562744,4.241089859981215,5.440217416725803,1145,False,True,2024-10-01,4.241089859981215,LOSS,7.0,crypto
DOT-USD,LONG,2025-05-08,4.441946029663086,4.025447796818396,5.274942495352466,1371,False,True,2025-05-10,5.274942495352466,WIN,2.0,crypto
DOT-USD,LONG,2025-07-10,3.8834149837493896,3.5048060311545908,4.640632888938987,1434,False,True,2025-07-21,4.640632888938987,WIN,11.0,crypto
DOT-USD,SHORT,2025-10-10,2.962415933609009,3.772206005446635,1.3428357899337566,1526,False,True,2026-02-05,1.3428357899337566,WIN,118.0,crypto
DOT-USD,SHORT,2026-04-14,1.1652259826660156,1.3033807588512027,0.8889164302956414,1712,False,True,2026-04-16,1.3033807588512027,LOSS,2.0,crypto
EGLD-USD,LONG,2021-11-19,347.2447814941406,296.9159147583757,447.90251496567043,105,False,True,2021-11-22,447.90251496567043,WIN,3.0,crypto
EGLD-USD,SHORT,2022-01-05,214.66781616210938,264.2165306112848,115.57038726375856,152,False,True,2022-01-22,115.57038726375856,WIN,17.0,crypto
EGLD-USD,LONG,2022-03-16,163.6709747314453,138.75856614291123,213.49579190851347,222,False,True,2022-04-29,138.75856614291123,LOSS,44.0,crypto
EGLD-USD,LONG,2022-10-03,52.047340393066406,47.279926999361855,61.58216718047551,423,False,True,2022-11-03,61.58216718047551,WIN,31.0,crypto
EGLD-USD,SHORT,2023-06-10,30.001937866210938,33.277470734460444,23.450872129711925,673,False,True,2023-06-22,33.277470734460444,LOSS,12.0,crypto
EGLD-USD,LONG,2024-02-13,59.27626419067383,53.35147356399485,71.12584544403178,921,False,True,2024-03-03,71.12584544403178,WIN,19.0,crypto
EGLD-USD,SHORT,2024-06-07,36.01264190673828,39.997900927510344,28.042123865194156,1036,False,True,2024-06-18,28.042123865194156,WIN,11.0,crypto
EGLD-USD,SHORT,2024-10-25,23.48096466064453,26.360434349813332,17.72202528230693,1176,False,True,2024-11-07,26.360434349813332,LOSS,13.0,crypto
EGLD-USD,LONG,2025-07-11,15.188310623168945,13.636638598887332,18.29165467173217,1435,False,True,2025-07-21,18.29165467173217,WIN,10.0,crypto
EGLD-USD,SHORT,2025-09-22,13.098518371582031,14.53889936137806,10.217756391989973,1508,False,True,2025-10-10,10.217756391989973,WIN,18.0,crypto
EGLD-USD,SHORT,2025-11-04,8.287097930908203,9.88318069360575,5.094932405513109,1551,False,True,2025-11-07,9.88318069360575,LOSS,3.0,crypto
EGLD-USD,LONG,2026-04-16,4.294331073760986,3.920183401224904,5.042626418833151,1714,True,True,2026-05-17,3.920183401224904,LOSS,31.0,crypto
ENJ-USD,LONG,2021-11-19,3.6225268840789795,2.867127590319416,5.1333254715981065,105,False,True,2021-12-04,2.867127590319416,LOSS,15.0,crypto
ENJ-USD,LONG,2021-12-25,3.135632038116455,2.482659998735808,4.44157611687775,141,False,True,2022-01-05,2.482659998735808,LOSS,11.0,crypto
ENJ-USD,LONG,2022-03-24,1.6837170124053955,1.473361955662674,2.1044271258908385,230,False,True,2022-04-11,1.473361955662674,LOSS,18.0,crypto
ENJ-USD,LONG,2022-07-18,0.5732290148735046,0.4913611366502768,0.7369647713199603,346,False,True,2022-08-14,0.7369647713199603,WIN,27.0,crypto
ENJ-USD,SHORT,2022-09-21,0.45677798986434937,0.5175958702362221,0.3351422291206039,411,False,True,2022-11-09,0.3351422291206039,WIN,49.0,crypto
ENJ-USD,LONG,2023-04-07,0.47261399030685425,0.4152474740364079,0.587347022847747,609,False,True,2023-04-12,0.4152474740364079,LOSS,5.0,crypto
ENJ-USD,SHORT,2023-06-05,0.30934199690818787,0.3373565292863767,0.25331293215181017,668,False,True,2023-06-10,0.25331293215181017,WIN,5.0,crypto
ENJ-USD,SHORT,2023-08-15,0.2757279872894287,0.29472202468737674,0.23773991249353266,739,False,True,2023-08-17,0.23773991249353266,WIN,2.0,crypto
ENJ-USD,LONG,2024-02-14,0.3275209963321686,0.3005016969945536,0.38155959500739856,922,False,True,2024-02-27,0.38155959500739856,WIN,13.0,crypto
ENJ-USD,LONG,2024-05-21,0.35649600625038147,0.31364159485920023,0.44220482903274394,1019,True,True,2024-05-31,0.31364159485920023,LOSS,10.0,crypto
ENJ-USD,SHORT,2024-07-05,0.16440699994564056,0.19339157361814627,0.10643785260062916,1064,False,True,2024-07-17,0.19339157361814627,LOSS,12.0,crypto
ENJ-USD,LONG,2025-07-11,0.07571599632501602,0.06725661342545275,0.09263476212414257,1435,False,True,2025-07-21,0.09263476212414257,WIN,10.0,crypto
ENJ-USD,SHORT,2025-09-22,0.06277099996805191,0.07008925463212087,0.048134490639913985,1508,False,True,2025-10-10,0.048134490639913985,WIN,18.0,crypto
ENS-USD,LONG,2022-03-19,16.429737091064453,13.200655447410348,22.887900378372663,130,False,True,2022-04-18,13.200655447410348,LOSS,30.0,crypto
ENS-USD,LONG,2022-04-27,18.576475143432617,15.306245125009987,25.116935180277878,169,False,True,2022-05-02,25.116935180277878,WIN,5.0,crypto
ENS-USD,LONG,2022-07-18,11.442732810974121,9.641575969046137,15.045046494830089,251,True,True,2022-07-27,15.045046494830089,WIN,9.0,crypto
ENS-USD,SHORT,2022-11-08,13.39736270904541,16.258158087606347,7.675771951923537,364,False,True,2023-01-27,16.258158087606347,LOSS,80.0,crypto
ENS-USD,LONG,2023-04-14,14.025402069091797,12.775719297773477,16.524767611728436,521,False,True,2023-04-20,12.775719297773477,LOSS,6.0,crypto
ENS-USD,SHORT,2023-06-05,9.327909469604492,10.22245817841775,7.5388120519779775,573,False,True,2023-06-10,7.5388120519779775,WIN,5.0,crypto
ENS-USD,LONG,2023-09-30,8.007835388183594,7.469120162993371,9.08526583856404,690,False,True,2023-10-09,7.469120162993371,LOSS,9.0,crypto
ENS-USD,LONG,2024-03-05,25.21278953552246,20.624662013098828,34.38904458036973,847,False,True,2024-03-17,20.624662013098828,LOSS,12.0,crypto
ENS-USD,LONG,2024-05-20,17.59890365600586,15.046402399983144,22.70390616805129,923,False,True,2024-05-23,22.70390616805129,WIN,3.0,crypto
ENS-USD,LONG,2024-07-23,29.811004638671875,25.033754572688757,39.36550477063811,987,False,True,2024-08-01,25.033754572688757,LOSS,9.0,crypto
ENS-USD,LONG,2024-09-23,18.806896209716797,16.441415316694645,23.5378579957611,1049,False,True,2024-10-01,16.441415316694645,LOSS,8.0,crypto
ENS-USD,LONG,2024-10-20,18.98642921447754,16.82798097826745,23.303325686897715,1076,False,True,2024-10-23,16.82798097826745,LOSS,3.0,crypto
ENS-USD,SHORT,2025-02-25,23.23890495300293,27.873631852665145,13.969451153678499,1204,False,True,2025-04-06,13.969451153678499,WIN,40.0,crypto
ENS-USD,LONG,2025-07-10,21.897920608520508,19.586835651366755,26.520090522828013,1339,False,True,2025-07-16,26.520090522828013,WIN,6.0,crypto
ENS-USD,SHORT,2025-09-22,21.072336196899414,23.482962861611536,16.25108286747517,1413,False,True,2025-10-10,16.25108286747517,WIN,18.0,crypto
ENS-USD,SHORT,2025-11-04,12.551459312438965,14.928964168054605,7.796449601207684,1456,False,True,2025-11-10,14.928964168054605,LOSS,6.0,crypto
ENS-USD,LONG,2026-01-05,10.98132610321045,9.972486714437203,12.999004880756942,1518,False,True,2026-01-19,9.972486714437203,LOSS,14.0,crypto
ENS-USD,LONG,2026-03-16,6.670829772949219,5.900098540599585,8.212292237648485,1588,False,True,2026-03-22,5.900098540599585,LOSS,6.0,crypto
ENS-USD,LONG,2026-04-16,6.232029914855957,5.651420660841251,7.393248422885369,1619,False,True,2026-05-10,7.393248422885369,WIN,24.0,crypto
ETC-USD,LONG,2022-03-19,33.92270278930664,29.920843133174223,41.926422101571475,225,False,True,2022-03-22,41.926422101571475,WIN,3.0,crypto
ETC-USD,LONG,2022-07-17,19.183923721313477,16.63803710671007,24.27569695052029,345,False,True,2022-07-18,24.27569695052029,WIN,1.0,crypto
ETC-USD,SHORT,2022-10-13,22.99896812438965,26.17174194078509,16.653420491598766,433,False,True,2022-10-29,26.17174194078509,LOSS,16.0,crypto
ETC-USD,SHORT,2022-11-09,18.346420288085938,22.10974931225307,10.819762239751675,460,False,True,2022-11-10,22.10974931225307,LOSS,1.0,crypto
ETC-USD,LONG,2023-02-04,23.813283920288086,21.18311144750377,29.07362886585672,547,False,True,2023-02-09,21.18311144750377,LOSS,5.0,crypto
ETC-USD,LONG,2023-04-11,21.510820388793945,19.609752699261026,25.312955767859783,613,False,True,2023-04-21,19.609752699261026,LOSS,10.0,crypto
ETC-USD,SHORT,2023-06-05,17.015716552734375,18.12523162244342,14.796686413316287,668,False,True,2023-06-10,14.796686413316287,WIN,5.0,crypto
ETC-USD,LONG,2023-12-05,20.261205673217773,18.69615020732516,23.391316605003,851,False,True,2023-12-28,23.391316605003,WIN,23.0,crypto
ETC-USD,LONG,2024-02-26,27.7974796295166,25.262343878984964,32.867751130579876,934,False,True,2024-03-02,32.867751130579876,WIN,5.0,crypto
ETC-USD,LONG,2024-05-20,32.311031341552734,28.70633661095177,39.520420802754664,1018,True,True,2024-06-02,28.70633661095177,LOSS,13.0,crypto
ETC-USD,SHORT,2024-07-04,20.775535583496094,22.96613583907186,16.39433507234456,1063,False,True,2024-07-15,22.96613583907186,LOSS,11.0,crypto
ETC-USD,LONG,2024-09-26,20.303762435913086,18.831163597305917,23.248960113127424,1147,False,True,2024-10-01,18.831163597305917,LOSS,5.0,crypto
ETC-USD,SHORT,2025-02-25,18.86655044555664,21.650786686051145,13.298077964567632,1299,False,True,2025-04-07,13.298077964567632,WIN,41.0,crypto
ETC-USD,LONG,2025-05-08,18.581472396850586,16.886074518043742,21.972268154464274,1371,False,True,2025-05-31,16.886074518043742,LOSS,23.0,crypto
ETC-USD,LONG,2025-07-10,18.50090217590332,17.03545323052638,21.431800066657203,1434,False,True,2025-07-18,21.431800066657203,WIN,8.0,crypto
ETC-USD,SHORT,2025-09-22,18.707073211669922,20.447966083680182,15.225287467649402,1508,False,True,2025-10-10,20.447966083680182,LOSS,18.0,crypto
ETC-USD,SHORT,2025-11-04,14.316308975219727,16.406975868440895,10.13497518877739,1551,False,True,2025-11-07,16.406975868440895,LOSS,3.0,crypto
ETC-USD,LONG,2026-05-06,9.37956714630127,8.78202290437687,10.574655630150069,1734,False,True,2026-05-16,8.78202290437687,LOSS,10.0,crypto
ETH-USD,SHORT,2022-01-06,3418.408203125,3827.294663152285,2600.63528307043,153,False,True,2022-01-21,2600.63528307043,WIN,15.0,crypto
ETH-USD,LONG,2022-10-25,1461.6654052734375,1348.8382932454376,1687.3196293294372,445,False,True,2022-11-08,1348.8382932454376,LOSS,14.0,crypto
ETH-USD,SHORT,2023-06-10,1752.384765625,1868.5224772522572,1520.1093423704856,673,False,True,2023-06-21,1868.5224772522572,LOSS,11.0,crypto
ETH-USD,LONG,2023-07-13,2006.511474609375,1890.0759745552086,2239.3824747177077,706,False,True,2023-07-17,1890.0759745552086,LOSS,4.0,crypto
ETH-USD,SHORT,2023-08-17,1684.9334716796875,1778.3341471343701,1498.1321207703222,741,False,True,2023-10-23,1778.3341471343701,LOSS,67.0,crypto
ETH-USD,LONG,2024-01-10,2582.103515625,2355.298830550963,3035.712885773074,887,False,True,2024-01-22,2355.298830550963,LOSS,12.0,crypto
ETH-USD,SHORT,2024-04-13,3004.900390625,3456.2760710310445,2102.149029812911,981,False,True,2024-05-20,3456.2760710310445,LOSS,37.0,crypto
ETH-USD,SHORT,2024-07-04,3054.52197265625,3303.2555305071487,2557.0548569544526,1063,False,True,2024-07-15,3303.2555305071487,LOSS,11.0,crypto
ETH-USD,SHORT,2025-01-13,3135.499755859375,3495.0541916412917,2416.3908842955416,1256,False,True,2025-01-17,3495.0541916412917,LOSS,4.0,crypto
ETH-USD,SHORT,2025-02-25,2493.592529296875,2851.575873098615,1777.6258416933952,1299,False,True,2025-03-11,1777.6258416933952,WIN,14.0,crypto
ETH-USD,LONG,2025-06-10,2813.517578125,2544.9929097774984,3350.566914820003,1404,False,True,2025-06-13,2544.9929097774984,LOSS,3.0,crypto
ETH-USD,SHORT,2025-11-04,3292.574462890625,3747.9841008649887,2381.7551869418976,1551,False,True,2026-01-31,2381.7551869418976,WIN,88.0,crypto
FIL-USD,SHORT,2021-11-16,56.23954772949219,65.18060200825558,38.35743917196541,102,False,True,2021-12-04,38.35743917196541,WIN,18.0,crypto
FIL-USD,SHORT,2022-01-05,33.25813674926758,39.11780594531645,21.53879835716984,152,False,True,2022-01-21,21.53879835716984,WIN,16.0,crypto
FIL-USD,LONG,2022-03-24,19.582233428955078,17.530596906117978,23.68550647462928,230,False,True,2022-03-27,23.68550647462928,WIN,3.0,crypto
FIL-USD,SHORT,2022-04-30,14.33006763458252,17.62331840173425,7.743566100279061,267,False,True,2022-05-12,7.743566100279061,WIN,12.0,crypto
FIL-USD,LONG,2022-07-19,6.05608606338501,5.31104941530103,7.54615935955297,347,False,True,2022-07-25,5.31104941530103,LOSS,6.0,crypto
FIL-USD,LONG,2022-10-29,5.703996181488037,5.189335371280225,6.733317801903661,449,False,True,2022-11-02,5.189335371280225,LOSS,4.0,crypto
FIL-USD,LONG,2022-11-03,5.786262035369873,5.166247135561286,7.026291834987047,454,False,True,2022-11-08,5.166247135561286,LOSS,5.0,crypto
FIL-USD,SHORT,2022-12-16,3.018541097640991,3.578925761900881,1.8977717691212117,497,False,True,2023-01-09,3.578925761900881,LOSS,24.0,crypto
FIL-USD,LONG,2023-04-14,6.2298688888549805,5.496651879215536,7.69630290813387,616,False,True,2023-04-20,5.496651879215536,LOSS,6.0,crypto
FIL-USD,LONG,2023-06-02,4.972111225128174,4.593754127848702,5.728825419687118,665,False,True,2023-06-05,4.593754127848702,LOSS,3.0,crypto
FIL-USD,LONG,2023-10-22,3.4172849655151367,3.2278049936479727,3.796244909249465,807,True,True,2023-10-23,3.796244909249465,WIN,1.0,crypto
FIL-USD,LONG,2024-02-15,5.866004943847656,5.337686595643299,6.922641640256371,923,False,True,2024-02-19,6.922641640256371,WIN,4.0,crypto
FIL-USD,LONG,2024-09-25,3.9420840740203857,3.574508887588236,4.677234446884685,1146,False,True,2024-10-01,3.574508887588236,LOSS,6.0,crypto
FIL-USD,SHORT,2025-03-04,3.018852949142456,3.617267228898249,1.8220243896308705,1306,False,True,2025-10-10,1.8220243896308705,WIN,220.0,crypto
FIL-USD,SHORT,2025-11-04,1.3679579496383667,1.6838255632883885,0.7362227223383231,1551,False,True,2025-11-06,1.6838255632883885,LOSS,2.0,crypto
FIL-USD,LONG,2026-01-01,1.4859470129013062,1.2789257635006968,1.899989511702525,1609,False,True,2026-01-25,1.2789257635006968,LOSS,24.0,crypto
FIL-USD,SHORT,2026-03-10,0.8653079867362976,0.9941143616496528,0.6076952369095872,1677,False,True,2026-03-16,0.9941143616496528,LOSS,6.0,crypto
FIL-USD,LONG,2026-04-16,0.9994840025901794,0.8975823898507365,1.2032872280690654,1714,False,True,2026-04-29,0.8975823898507365,LOSS,13.0,crypto
FIL-USD,LONG,2026-05-06,1.111538052558899,1.0069853059066443,1.3206435458634083,1734,False,True,2026-05-15,1.0069853059066443,LOSS,9.0,crypto
FIL-USD,SHORT,2026-06-04,0.8648009896278381,1.0224938671016575,0.5494152346801995,1763,False,True,,,OPEN,,crypto
FLOW-USD,LONG,2022-03-24,6.479681968688965,5.674279001238095,8.090487903590704,230,False,True,2022-04-02,8.090487903590704,WIN,9.0,crypto
FLOW-USD,LONG,2022-07-19,1.9239989519119263,1.6553442636190272,2.4613083284977244,347,True,True,2022-07-25,1.6553442636190272,LOSS,6.0,crypto
FLOW-USD,LONG,2022-10-28,1.6913260221481323,1.5137174573446621,2.0465431517550727,448,True,True,2022-11-08,1.5137174573446621,LOSS,11.0,crypto
FLOW-USD,LONG,2023-04-14,1.051205039024353,0.9555691835039966,1.242476750065066,616,False,True,2023-04-19,0.9555691835039966,LOSS,5.0,crypto
FLOW-USD,SHORT,2023-05-31,0.7239199876785278,0.7796985465920395,0.6123628698515045,663,False,True,2023-06-08,0.6123628698515045,WIN,8.0,crypto
FLOW-USD,LONG,2023-10-23,0.4874350130558014,0.45262020247402185,0.5570646342193605,808,False,True,2023-10-30,0.5570646342193605,WIN,7.0,crypto
FLOW-USD,SHORT,2025-04-02,0.36951199173927307,0.41521750063154655,0.2781009739547261,1335,False,True,2025-04-26,0.41521750063154655,LOSS,24.0,crypto
FLOW-USD,LONG,2025-05-09,0.43463900685310364,0.3954970114401241,0.5129229976790627,1372,False,True,2025-05-19,0.3954970114401241,LOSS,10.0,crypto
FLOW-USD,LONG,2025-07-10,0.37185099720954895,0.3394168925381003,0.4367192065524462,1434,False,True,2025-07-19,0.4367192065524462,WIN,9.0,crypto
FLOW-USD,LONG,2025-08-28,0.43795299530029297,0.3877730025731222,0.5383129807546345,1483,False,True,2025-09-22,0.3877730025731222,LOSS,25.0,crypto
FLOW-USD,SHORT,2025-11-03,0.24329200387001038,0.27901646130982305,0.17184308899038503,1550,False,True,2025-11-07,0.27901646130982305,LOSS,4.0,crypto
FLOW-USD,LONG,2026-04-14,0.034258998930454254,0.029024073308134387,0.04472885017509399,1712,True,True,2026-04-30,0.04472885017509399,WIN,16.0,crypto
FTM-USD,SHORT,2021-12-04,1.727936029434204,2.3379773652899205,0.5078533577227713,120,False,True,2021-12-26,2.3379773652899205,LOSS,22.0,crypto
FTM-USD,LONG,2022-04-01,1.5852409601211548,1.3576557860356666,2.040411308292131,238,False,True,2022-04-06,1.3576557860356666,LOSS,5.0,crypto
FTM-USD,LONG,2022-07-18,0.29758501052856445,0.2500806307976978,0.3925937699902977,346,False,True,2022-08-09,0.3925937699902977,WIN,22.0,crypto
FTM-USD,LONG,2022-08-10,0.40864598751068115,0.34831610078210856,0.5293057609678263,369,False,True,2022-08-17,0.34831610078210856,LOSS,7.0,crypto
FTM-USD,SHORT,2022-10-13,0.2058590054512024,0.22578700650493383,0.16600300334373952,433,False,True,2022-10-27,0.22578700650493383,LOSS,14.0,crypto
FTM-USD,LONG,2022-10-29,0.2254599928855896,0.2054068863866893,0.2655662058833902,449,False,True,2022-11-03,0.2655662058833902,WIN,5.0,crypto
FTM-USD,LONG,2023-01-04,0.21865800023078918,0.1991498741661997,0.25767425235996816,516,False,True,2023-01-12,0.25767425235996816,WIN,8.0,crypto
FTM-USD,LONG,2023-04-12,0.5125499963760376,0.44478787149318394,0.6480742461417449,614,False,True,2023-04-21,0.44478787149318394,LOSS,9.0,crypto
FTM-USD,SHORT,2023-05-24,0.33078598976135254,0.3721221551107167,0.24811365906262417,656,False,True,2023-06-10,0.24811365906262417,WIN,17.0,crypto
FTM-USD,SHORT,2023-08-16,0.2155279964208603,0.23664190671878854,0.1733001758250038,740,False,True,2023-10-19,0.1733001758250038,WIN,64.0,crypto
FTM-USD,LONG,2024-02-09,0.39655500650405884,0.35262986121169826,0.48440529708878,917,False,True,2024-02-28,0.48440529708878,WIN,19.0,crypto
FTM-USD,LONG,2024-02-29,0.4635320007801056,0.41010255352511366,0.5703908952900895,937,False,True,2024-03-03,0.5703908952900895,WIN,3.0,crypto
FTM-USD,LONG,2024-05-16,0.7997099757194519,0.6789707893905058,1.041188348377344,1014,False,True,2024-06-07,0.6789707893905058,LOSS,22.0,crypto
FTM-USD,LONG,2024-10-15,0.7603110074996948,0.6415494583391768,0.997834105820731,1166,False,True,2024-10-25,0.6415494583391768,LOSS,10.0,crypto
GALA-USD,LONG,2021-11-15,0.12678399682044983,0.10262527971260724,0.175101431036135,101,False,True,2021-11-17,0.175101431036135,WIN,2.0,crypto
GALA-USD,LONG,2022-08-01,0.0648059993982315,0.05452813490526037,0.08536172838417377,360,False,True,2022-08-19,0.05452813490526037,LOSS,18.0,crypto
GALA-USD,SHORT,2022-10-13,0.037918999791145325,0.04178926523280529,0.030178468907825398,433,False,True,2022-10-30,0.04178926523280529,LOSS,17.0,crypto
GALA-USD,LONG,2023-04-14,0.04338600113987923,0.03833048439816374,0.053497034623310194,615,False,True,2023-04-25,0.03833048439816374,LOSS,11.0,crypto
GALA-USD,SHORT,2023-06-05,0.026474999263882637,0.02981407604255028,0.01979684570654735,667,False,True,2023-06-10,0.01979684570654735,WIN,5.0,crypto
GALA-USD,LONG,2023-07-17,0.027922000735998154,0.024730017605447848,0.034305966997098765,709,True,True,2023-07-24,0.024730017605447848,LOSS,7.0,crypto
GALA-USD,LONG,2023-10-03,0.015364999882876873,0.013716058225730254,0.018662883197170112,784,True,True,2023-10-09,0.013716058225730254,LOSS,6.0,crypto
GALA-USD,LONG,2023-12-25,0.03570900112390518,0.030842011632438788,0.04544298010683797,867,False,True,2023-12-28,0.030842011632438788,LOSS,3.0,crypto
GALA-USD,SHORT,2024-01-03,0.026845000684261322,0.03224227048800717,0.01605046107676962,876,False,True,2024-02-26,0.03224227048800717,LOSS,54.0,crypto
GALA-USD,LONG,2024-09-24,0.021953999996185303,0.019371929803447076,0.027118140381661757,1141,False,True,2024-10-02,0.019371929803447076,LOSS,8.0,crypto
GALA-USD,LONG,2024-10-20,0.02415500022470951,0.021147322736408184,0.030170355201312164,1167,False,True,2024-10-25,0.021147322736408184,LOSS,5.0,crypto
GALA-USD,LONG,2025-05-09,0.01954299956560135,0.01718192007559711,0.02426515854560983,1368,False,True,2025-05-30,0.01718192007559711,LOSS,21.0,crypto
GALA-USD,LONG,2025-07-10,0.01693600043654442,0.01488433549925127,0.021039330311130713,1430,False,True,2025-09-25,0.01488433549925127,LOSS,62.0,crypto
GALA-USD,LONG,2026-01-04,0.007433000020682812,0.006616820283372001,0.009065359495304433,1593,True,True,2026-01-19,0.006616820283372001,LOSS,15.0,crypto
GALA-USD,LONG,2026-04-16,0.003435000078752637,0.003078882395840787,0.004147235444576337,1695,False,True,2026-05-03,0.003078882395840787,LOSS,17.0,crypto
GALA-USD,LONG,2026-05-06,0.0037090000696480274,0.0033139484246704973,0.004499103359603088,1715,False,True,2026-05-17,0.0033139484246704973,LOSS,11.0,crypto
GALA-USD,SHORT,2026-06-25,0.002283999929204583,0.002612990781561818,0.001626018224490114,1765,False,True,,,OPEN,,crypto
GAS-USD,LONG,2022-03-27,5.472565174102783,4.9860175182329804,6.445660485842389,233,False,True,2022-04-07,4.9860175182329804,LOSS,11.0,crypto
GAS-USD,LONG,2022-09-15,3.4007840156555176,2.9779638497045178,4.246424347557517,405,False,True,2022-09-16,2.9779638497045178,LOSS,1.0,crypto
GAS-USD,LONG,2022-10-23,2.6311309337615967,2.2454446690140575,3.402503463256675,443,False,True,2022-11-08,2.2454446690140575,LOSS,16.0,crypto
GAS-USD,LONG,2022-12-10,2.315563917160034,2.09875237538952,2.7491870007010624,491,False,True,2022-12-16,2.09875237538952,LOSS,6.0,crypto
GAS-USD,LONG,2023-02-09,4.5578460693359375,3.7708778793775144,6.131782449252784,552,False,True,2023-02-10,3.7708778793775144,LOSS,1.0,crypto
GAS-USD,LONG,2023-04-16,3.515397071838379,3.175395992341833,4.1953992308314705,618,False,True,2023-04-21,3.175395992341833,LOSS,5.0,crypto
GAS-USD,LONG,2023-07-29,2.807452917098999,2.502669037264555,3.417020676767887,722,False,True,2023-08-16,2.502669037264555,LOSS,18.0,crypto
GAS-USD,SHORT,2024-01-03,5.8839430809021,6.997222880170511,3.657383482365276,880,False,True,2024-01-18,6.997222880170511,LOSS,15.0,crypto
GAS-USD,LONG,2024-02-15,6.516312122344971,5.818634723052601,7.91166692092971,923,False,True,2024-03-02,7.91166692092971,WIN,16.0,crypto
GAS-USD,SHORT,2024-06-07,4.571753025054932,5.054721502369874,3.605816070425046,1036,False,True,2024-06-17,3.605816070425046,WIN,10.0,crypto
GAS-USD,LONG,2024-09-20,3.91188907623291,3.5363170023739694,4.663033223950792,1141,False,True,2024-10-02,3.5363170023739694,LOSS,12.0,crypto
GAS-USD,LONG,2024-10-10,4.301898956298828,3.7353371417888073,5.43502258531887,1161,False,True,2024-10-25,3.7353371417888073,LOSS,15.0,crypto
GAS-USD,LONG,2025-01-08,5.400547027587891,4.482075609798398,7.237489863166877,1251,False,True,2025-01-27,4.482075609798398,LOSS,19.0,crypto
GAS-USD,SHORT,2025-02-25,3.4788670539855957,4.016578247924882,2.4034446661070223,1299,False,True,2025-03-31,2.4034446661070223,WIN,34.0,crypto
GAS-USD,LONG,2025-05-11,3.762131929397583,3.2455654982328035,4.795264791727142,1374,False,True,2025-05-19,3.2455654982328035,LOSS,8.0,crypto
GAS-USD,SHORT,2025-10-10,2.4058570861816406,2.813278830946344,1.5910135966522336,1526,False,True,2025-10-13,2.813278830946344,LOSS,3.0,crypto
GAS-USD,SHORT,2025-11-03,2.303507089614868,2.589851754487863,1.730817759868878,1550,False,True,2025-11-07,2.589851754487863,LOSS,4.0,crypto
GAS-USD,SHORT,2025-12-14,1.998900055885315,2.1891457413304756,1.6184086849949937,1591,False,True,2025-12-27,2.1891457413304756,LOSS,13.0,crypto
GAS-USD,LONG,2026-03-16,1.6823699474334717,1.4910849586035257,2.0649399250933635,1683,False,True,2026-03-22,1.4910849586035257,LOSS,6.0,crypto
GAS-USD,LONG,2026-04-03,1.8301359415054321,1.593000069682399,2.3044076851514985,1701,False,True,2026-04-29,1.593000069682399,LOSS,26.0,crypto
GAS-USD,LONG,2026-05-10,1.7768290042877197,1.6655672371601793,1.9993525385428006,1738,False,True,2026-05-13,1.6655672371601793,LOSS,3.0,crypto
GMX-USD,LONG,2022-01-12,0.001016999944113195,0.0006809929581145202,0.0016890139161105445,154,False,True,2022-01-13,0.0006809929581145202,LOSS,1.0,crypto
GMX-USD,SHORT,2022-07-06,7.000000186963007e-05,9.22912194461521e-05,2.5417566716586003e-05,329,False,True,2022-07-10,9.22912194461521e-05,LOSS,4.0,crypto
GMX-USD,SHORT,2022-11-29,4.999999873689376e-05,5.947722703719296e-05,3.1045542136295354e-05,475,False,True,2022-11-30,5.947722703719296e-05,LOSS,1.0,crypto
GNO-USD,LONG,2022-03-27,402.517578125,370.745503196977,466.06172798104603,233,True,True,2022-03-28,466.06172798104603,WIN,1.0,crypto
GNO-USD,LONG,2022-08-10,179.51129150390625,161.11965128622816,216.29457193926243,369,False,True,2022-08-22,161.11965128622816,LOSS,12.0,crypto
GNO-USD,LONG,2022-10-26,128.41973876953125,119.17204106748834,146.91513417361708,446,True,True,2022-11-01,119.17204106748834,LOSS,6.0,crypto
GNO-USD,LONG,2023-04-14,123.2817611694336,115.72582285107478,138.39363780615122,616,False,True,2023-04-19,115.72582285107478,LOSS,5.0,crypto
GNO-USD,SHORT,2023-06-10,109.77178192138672,116.12330043392966,97.06874489630084,673,False,True,2023-06-22,116.12330043392966,LOSS,12.0,crypto
GNO-USD,LONG,2023-07-13,121.79885864257812,116.37946297431272,132.63764997910894,706,False,True,2023-07-16,116.37946297431272,LOSS,3.0,crypto
GNO-USD,LONG,2024-01-30,231.3300323486328,211.8656867994283,270.25872344704186,907,False,True,2024-02-01,211.8656867994283,LOSS,2.0,crypto
GNO-USD,LONG,2024-04-08,378.0477600097656,342.4562100674257,449.23085989444553,976,False,True,2024-04-12,342.4562100674257,LOSS,4.0,crypto
GNO-USD,SHORT,2024-04-13,325.82269287109375,366.60740958672596,244.25325943982932,981,False,True,2024-04-22,366.60740958672596,LOSS,9.0,crypto
GNO-USD,LONG,2024-05-20,351.0814514160156,314.44759926437735,424.3491557192922,1018,False,True,2024-06-14,314.44759926437735,LOSS,25.0,crypto
GNO-USD,LONG,2024-12-06,296.8880310058594,268.3019887078722,354.0601156018337,1218,False,True,2024-12-09,268.3019887078722,LOSS,3.0,crypto
GNO-USD,SHORT,2025-02-24,161.6629638671875,189.21228027245408,106.56433105665434,1298,False,True,2025-04-06,106.56433105665434,WIN,41.0,crypto
GNO-USD,LONG,2025-05-08,124.08097076416016,114.09791003454987,144.04709222338073,1371,False,True,2025-05-13,144.04709222338073,WIN,5.0,crypto
GNO-USD,LONG,2026-05-02,142.97589111328125,126.5794714231184,175.76873049360694,1730,False,True,2026-05-04,126.5794714231184,LOSS,2.0,crypto
GRT-USD,SHORT,2021-12-04,0.7314389944076538,0.9474125185544022,0.29949194611415697,120,False,True,,,OPEN,,crypto
HBAR-USD,LONG,2022-03-24,0.22034500539302826,0.198371085381174,0.26429284541673675,230,True,True,2022-03-29,0.26429284541673675,WIN,5.0,crypto
HBAR-USD,LONG,2022-07-18,0.07088500261306763,0.06181508355173514,0.08902484073573261,346,True,True,2022-09-01,0.06181508355173514,LOSS,45.0,crypto
HBAR-USD,SHORT,2022-09-06,0.05852299928665161,0.06550694136594941,0.044555115128056016,396,False,True,2022-09-12,0.06550694136594941,LOSS,6.0,crypto
HBAR-USD,LONG,2022-10-12,0.06571400165557861,0.06014579569751908,0.07685041357169768,432,True,True,2022-10-13,0.06014579569751908,LOSS,1.0,crypto
HBAR-USD,SHORT,2022-11-08,0.052069999277591705,0.05882030180102457,0.03856939423072597,459,False,True,2022-12-30,0.03856939423072597,WIN,52.0,crypto
HBAR-USD,LONG,2023-03-31,0.07338999956846237,0.06325026865525078,0.09366946139488555,602,True,True,2023-04-12,0.06325026865525078,LOSS,12.0,crypto
HBAR-USD,SHORT,2023-06-05,0.04888400062918663,0.05225680256992084,0.042138396747718215,668,False,True,2023-06-10,0.042138396747718215,WIN,5.0,crypto
HBAR-USD,LONG,2023-08-06,0.057381998747587204,0.052397506090705044,0.06735098406135152,730,False,True,2023-08-15,0.06735098406135152,WIN,9.0,crypto
HBAR-USD,LONG,2023-10-23,0.05180000141263008,0.04852955907970255,0.058340886078485144,808,False,True,2023-11-06,0.058340886078485144,WIN,14.0,crypto
HBAR-USD,LONG,2023-12-06,0.06855099648237228,0.06292416696669273,0.07980465551373139,852,False,True,2023-12-13,0.07980465551373139,WIN,7.0,crypto
HBAR-USD,LONG,2024-09-21,0.05606300011277199,0.051151040034448765,0.06588692026941843,1142,False,True,2024-10-02,0.051151040034448765,LOSS,11.0,crypto
HBAR-USD,LONG,2025-01-16,0.36343398690223694,0.3010392989241514,0.48822336285840806,1259,False,True,2025-01-27,0.3010392989241514,LOSS,11.0,crypto
HBAR-USD,SHORT,2025-02-24,0.19624100625514984,0.23838242027660206,0.11195817821224541,1298,False,True,2025-03-01,0.23838242027660206,LOSS,5.0,crypto
HBAR-USD,SHORT,2025-04-02,0.16151799261569977,0.19124622112423326,0.10206153559863279,1335,False,True,2025-04-25,0.19124622112423326,LOSS,23.0,crypto
HBAR-USD,LONG,2025-05-09,0.2022469937801361,0.18038881071987245,0.24596335990066343,1372,False,True,2025-05-29,0.18038881071987245,LOSS,20.0,crypto
HBAR-USD,LONG,2025-07-09,0.1710209995508194,0.1539270967539142,0.2052088051446298,1433,False,True,2025-07-11,0.2052088051446298,WIN,2.0,crypto
HBAR-USD,SHORT,2025-10-10,0.16399399936199188,0.20104720988725536,0.08988757831146493,1526,False,True,2025-10-28,0.20104720988725536,LOSS,18.0,crypto
HBAR-USD,LONG,2026-01-04,0.1251779943704605,0.11191393229229178,0.15170611852679797,1612,True,True,2026-01-19,0.11191393229229178,LOSS,15.0,crypto
HBAR-USD,LONG,2026-05-10,0.0974159985780716,0.09124898871484786,0.10975001830451905,1738,False,True,2026-05-16,0.09124898871484786,LOSS,6.0,crypto
ICP-USD,SHORT,2021-12-04,31.745683670043945,40.54535010317559,14.14635080378065,120,False,True,2022-04-29,14.14635080378065,WIN,146.0,crypto
ICP-USD,SHORT,2022-04-30,12.443748474121094,15.004839173177665,7.321567076007952,267,False,True,2022-05-11,7.321567076007952,WIN,11.0,crypto
ICP-USD,LONG,2022-07-08,6.978438854217529,5.791146440060721,9.353023682531147,336,False,True,2022-07-31,9.353023682531147,WIN,23.0,crypto
ICP-USD,LONG,2022-11-03,5.380952835083008,4.7912440535588265,6.56037039813137,454,False,True,2022-11-08,4.7912440535588265,LOSS,5.0,crypto
ICP-USD,LONG,2023-01-09,4.246525764465332,3.85867266287732,5.022231967641356,521,False,True,2023-01-14,5.022231967641356,WIN,5.0,crypto
ICP-USD,LONG,2023-04-12,5.317842960357666,4.763330139270336,6.426868602532325,614,False,True,2023-04-18,6.426868602532325,WIN,6.0,crypto
ICP-USD,LONG,2023-07-03,4.468286037445068,4.009705581783481,5.385446948768243,696,False,True,2023-07-08,4.009705581783481,LOSS,5.0,crypto
ICP-USD,LONG,2023-07-28,4.314148902893066,3.9701232660567354,5.0022001765657285,721,False,True,2023-08-15,3.9701232660567354,LOSS,18.0,crypto
ICP-USD,LONG,2024-02-19,14.582661628723145,12.761404736060722,18.22517541404799,927,False,True,2024-02-21,12.761404736060722,LOSS,2.0,crypto
ICP-USD,LONG,2024-03-06,15.349275588989258,12.91862740947748,20.210571948012813,943,False,True,2024-03-15,12.91862740947748,LOSS,9.0,crypto
ICP-USD,SHORT,2024-06-11,10.088054656982422,11.491368053494481,7.281427863958303,1040,False,True,2024-07-03,7.281427863958303,WIN,22.0,crypto
ICP-USD,LONG,2024-09-10,8.946880340576172,7.846159465092439,11.148322091543637,1131,False,True,2024-09-18,7.846159465092439,LOSS,8.0,crypto
ICP-USD,SHORT,2025-02-25,6.333115100860596,7.388542729894447,4.222259842792893,1299,False,True,2025-04-07,4.222259842792893,WIN,41.0,crypto
ICP-USD,LONG,2025-06-09,6.0419230461120605,5.332345236765421,7.46107866480534,1403,False,True,2025-06-13,5.332345236765421,LOSS,4.0,crypto
ICP-USD,LONG,2025-07-10,5.412156105041504,4.8541937974032,6.528080720318112,1434,False,True,2025-08-25,4.8541937974032,LOSS,46.0,crypto
ICP-USD,SHORT,2025-09-22,4.322329998016357,4.76409691377639,3.4387961664962923,1508,False,True,2025-10-10,3.4387961664962923,WIN,18.0,crypto
ICP-USD,LONG,2026-01-13,3.6256930828094482,3.1370928877658026,4.6028934728967394,1621,False,True,2026-01-14,4.6028934728967394,WIN,1.0,crypto
ICP-USD,LONG,2026-05-06,3.2072598934173584,2.915203519122107,3.791372642007861,1734,False,True,2026-05-09,3.791372642007861,WIN,3.0,crypto
ICX-USD,LONG,2022-03-10,0.871146023273468,0.7143266051482223,1.1847848595239594,216,True,True,2022-04-18,0.7143266051482223,LOSS,39.0,crypto
ICX-USD,LONG,2022-07-19,0.31196001172065735,0.27269463193512616,0.3904907712917197,347,False,True,2022-07-25,0.27269463193512616,LOSS,6.0,crypto
ICX-USD,SHORT,2022-10-13,0.21822500228881836,0.23836233049397634,0.1779503458785024,433,False,True,2022-10-19,0.23836233049397634,LOSS,6.0,crypto
ICX-USD,LONG,2023-01-09,0.15903599560260773,0.1471088157544972,0.1828903552988288,521,True,True,2023-01-14,0.1828903552988288,WIN,5.0,crypto
ICX-USD,LONG,2023-04-01,0.2875480055809021,0.24479630876104752,0.37305139922061126,603,False,True,2023-04-04,0.37305139922061126,WIN,3.0,crypto
ICX-USD,SHORT,2023-06-10,0.18503700196743011,0.21280223852100175,0.12950652886028685,673,False,True,2023-06-21,0.21280223852100175,LOSS,11.0,crypto
ICX-USD,LONG,2023-07-15,0.2429089993238449,0.21823261129687813,0.2922617753777785,708,False,True,2023-07-24,0.21823261129687813,LOSS,9.0,crypto
ICX-USD,SHORT,2023-08-16,0.18453200161457062,0.20146693223480136,0.15066214037410913,740,False,True,2023-10-21,0.20146693223480136,LOSS,66.0,crypto
ICX-USD,LONG,2024-02-15,0.23905299603939056,0.21971547256788282,0.27772804298240605,923,False,True,2024-02-28,0.27772804298240605,WIN,13.0,crypto
ICX-USD,SHORT,2024-06-07,0.20163799822330475,0.22404454931482193,0.1568248960402704,1036,False,True,2024-06-17,0.1568248960402704,WIN,10.0,crypto
ICX-USD,LONG,2024-09-19,0.1410589963197708,0.12693982172859722,0.169297345502118,1140,False,True,2024-10-03,0.12693982172859722,LOSS,14.0,crypto
ICX-USD,SHORT,2025-03-03,0.1112150028347969,0.13022794486865577,0.07318911876707918,1305,False,True,2025-04-07,0.07318911876707918,WIN,35.0,crypto
ICX-USD,LONG,2025-05-28,0.1190280020236969,0.10346115637984662,0.15016169331139745,1391,False,True,2025-06-04,0.15016169331139745,WIN,7.0,crypto
ICX-USD,SHORT,2025-09-22,0.11824499815702438,0.12874110609384282,0.09725278228338752,1508,False,True,2025-10-10,0.09725278228338752,WIN,18.0,crypto
ICX-USD,SHORT,2026-06-04,0.032774001359939575,0.037443418717181064,0.023435166645456598,1763,False,True,2026-07-01,0.023435166645456598,WIN,27.0,crypto
IMX-USD,SHORT,2022-01-19,0.14670300483703613,0.2586853857546181,-0.07726175699812776,166,False,True,2022-03-02,0.2586853857546181,LOSS,42.0,crypto
IMX-USD,SHORT,2022-04-26,0.07680100202560425,0.09269337551129814,0.04501625505421647,263,False,True,2022-05-11,0.04501625505421647,WIN,15.0,crypto
IMX-USD,LONG,2022-06-06,0.04908699914813042,0.038933128713758605,0.06939474001687404,304,False,True,2022-06-11,0.038933128713758605,LOSS,5.0,crypto
INJ-USD,LONG,2022-08-04,1.5452419519424438,1.3150436275220223,2.005638600783287,363,False,True,2022-08-11,2.005638600783287,WIN,7.0,crypto
INJ-USD,LONG,2023-01-09,1.4250990152359009,1.3087763000273014,1.6577444456530999,521,False,True,2023-01-14,1.6577444456530999,WIN,5.0,crypto
INJ-USD,LONG,2023-05-29,7.440927982330322,6.31704228352525,9.688699379940466,661,False,True,2023-06-10,6.31704228352525,LOSS,12.0,crypto
INJ-USD,LONG,2023-07-14,9.43754768371582,8.300499077767322,11.711644895612817,707,False,True,2023-07-24,8.300499077767322,LOSS,10.0,crypto
INJ-USD,SHORT,2023-08-16,7.039789199829102,7.669395725570218,5.780576148346869,740,False,True,2023-08-18,7.669395725570218,LOSS,2.0,crypto
INJ-USD,LONG,2023-10-19,8.45450496673584,7.832103265625953,9.699308368955613,804,False,True,2023-10-23,9.699308368955613,WIN,4.0,crypto
INJ-USD,LONG,2024-02-17,37.79587173461914,32.50327563192789,48.38106394000164,925,False,True,2024-02-23,32.50327563192789,LOSS,6.0,crypto
INJ-USD,LONG,2024-02-27,40.06729507446289,34.46599615842918,51.269892906530316,935,False,True,2024-03-05,34.46599615842918,LOSS,7.0,crypto
INJ-USD,LONG,2024-05-20,28.19888687133789,24.16650502796623,36.26365055808121,1018,False,True,2024-06-01,24.16650502796623,LOSS,12.0,crypto
INJ-USD,LONG,2024-06-06,28.086151123046875,24.65235774584456,34.9537378774515,1035,False,True,2024-06-16,24.65235774584456,LOSS,10.0,crypto
INJ-USD,LONG,2025-04-22,9.37342643737793,8.082909280617079,11.954460750899631,1355,False,True,2025-05-09,11.954460750899631,WIN,17.0,crypto
INJ-USD,LONG,2025-07-11,12.388959884643555,10.633241302713333,15.900397048503997,1435,False,True,2025-07-28,15.900397048503997,WIN,17.0,crypto
INJ-USD,LONG,2025-08-13,16.22738265991211,13.983291240834692,20.715565498066944,1468,False,True,2025-08-19,13.983291240834692,LOSS,6.0,crypto
INJ-USD,SHORT,2025-10-10,8.597623825073242,11.256912414343336,3.279046646533054,1526,False,True,2026-02-05,3.279046646533054,WIN,118.0,crypto
INJ-USD,LONG,2026-04-15,3.2463560104370117,2.931750453796248,3.8755671237185387,1713,False,True,2026-04-26,3.8755671237185387,WIN,11.0,crypto
IOTA-USD,LONG,2024-02-19,0.2832219898700714,0.2532183330127325,0.34322930358474923,142,False,True,2024-03-04,0.34322930358474923,WIN,14.0,crypto
IOTA-USD,LONG,2024-09-20,0.13853000104427338,0.12550493978526864,0.16458012356228285,356,False,True,2024-10-01,0.12550493978526864,LOSS,11.0,crypto
IOTA-USD,SHORT,2025-02-25,0.20041599869728088,0.2444581945684367,0.11233160695496924,514,False,True,2025-03-02,0.2444581945684367,LOSS,5.0,crypto
IOTA-USD,SHORT,2025-04-02,0.16258899867534637,0.1917246395889428,0.1043177168481535,550,False,True,2025-04-23,0.1917246395889428,LOSS,21.0,crypto
IOTA-USD,LONG,2025-07-10,0.18193799257278442,0.16237876890699257,0.22105643990436813,649,True,True,2025-07-13,0.22105643990436813,WIN,3.0,crypto
IOTA-USD,SHORT,2025-09-22,0.1714020073413849,0.1900254495702494,0.1341551228836559,723,False,True,2025-10-03,0.1900254495702494,LOSS,11.0,crypto
IOTA-USD,LONG,2026-01-04,0.10178399831056595,0.09071154954078656,0.12392889585012473,827,True,True,2026-01-08,0.12392889585012473,WIN,4.0,crypto
IOTA-USD,LONG,2026-05-08,0.06171200051903725,0.05692790334336407,0.0712801948703836,951,False,True,2026-05-16,0.05692790334336407,LOSS,8.0,crypto
JASMY-USD,SHORT,2022-02-11,0.03650600090622902,0.046914578820197325,0.015688845078292407,189,False,True,2022-02-24,0.015688845078292407,WIN,13.0,crypto
JASMY-USD,SHORT,2022-06-13,0.00991899985820055,0.012797735044321901,0.0041615294859578475,311,False,True,2022-11-08,0.0041615294859578475,WIN,148.0,crypto
JASMY-USD,LONG,2022-12-01,0.004639999940991402,0.00391147317345991,0.006097053476054385,482,False,True,2022-12-07,0.00391147317345991,LOSS,6.0,crypto
JASMY-USD,LONG,2023-02-05,0.007360000163316727,0.0063783190117467515,0.009323362466456677,548,False,True,2023-02-09,0.0063783190117467515,LOSS,4.0,crypto
JASMY-USD,LONG,2023-04-09,0.005661000031977892,0.004924315804123382,0.007134368487686912,611,False,True,2023-04-15,0.007134368487686912,WIN,6.0,crypto
JASMY-USD,SHORT,2023-06-05,0.0042940001003444195,0.004890010559819246,0.0031019791813947668,668,False,True,2023-08-17,0.0031019791813947668,WIN,73.0,crypto
JASMY-USD,LONG,2024-02-09,0.005708999931812286,0.004934649083508136,0.0072577016284205865,917,False,True,2024-02-19,0.0072577016284205865,WIN,10.0,crypto
JASMY-USD,SHORT,2025-02-25,0.018561000004410744,0.023117454923462726,0.00944809016630678,1299,False,True,2025-04-03,0.00944809016630678,WIN,37.0,crypto
JASMY-USD,LONG,2025-05-12,0.020560000091791153,0.01767060849296024,0.02633878328945298,1375,False,True,2025-05-15,0.01767060849296024,LOSS,3.0,crypto
JASMY-USD,LONG,2025-07-11,0.014535999856889248,0.012710513360319708,0.018186972850028328,1435,False,True,2025-07-18,0.018186972850028328,WIN,7.0,crypto
JASMY-USD,LONG,2025-08-12,0.018549999222159386,0.016109081590732547,0.023431834485013063,1467,False,True,2025-08-15,0.016109081590732547,LOSS,3.0,crypto
JASMY-USD,SHORT,2025-09-22,0.012861999683082104,0.014405037123470752,0.009775924802304808,1508,False,True,2025-10-10,0.009775924802304808,WIN,18.0,crypto
JASMY-USD,SHORT,2025-11-03,0.00903400033712387,0.010597658956653292,0.005906683098065028,1550,False,True,2025-11-07,0.010597658956653292,LOSS,4.0,crypto
JASMY-USD,LONG,2026-01-04,0.006953999865800142,0.006162565513714748,0.008536868569970931,1612,False,True,2026-01-06,0.008536868569970931,WIN,2.0,crypto
JASMY-USD,LONG,2026-04-16,0.005675999913364649,0.0052391841753939095,0.0065496313893061275,1714,False,True,2026-05-08,0.0065496313893061275,WIN,22.0,crypto
JASMY-USD,LONG,2026-07-18,0.004796000197529793,0.004315310961208386,0.005757378670172607,1807,False,True,2026-07-24,0.004315310961208386,LOSS,6.0,crypto
JUP-USD,SHORT,2021-11-25,0.014932000078260899,0.0255119848565641,-0.006227969478345502,111,False,True,2022-02-04,0.0255119848565641,LOSS,71.0,crypto
JUP-USD,LONG,2022-03-26,0.020299000665545464,0.016629095081147304,0.027638811834341782,232,False,True,2022-04-06,0.016629095081147304,LOSS,11.0,crypto
JUP-USD,SHORT,2023-06-10,0.005770000163465738,0.0071214208410356715,0.003067158808325872,673,False,True,2023-06-23,0.0071214208410356715,LOSS,13.0,crypto
JUP-USD,LONG,2023-12-08,0.004040000028908253,0.0026004178020447646,0.006919164482635229,854,False,True,2023-12-14,0.0026004178020447646,LOSS,6.0,crypto
JUP-USD,LONG,2024-01-29,0.007129000034183264,0.004071244624276119,0.013244510853997552,906,False,True,2024-01-31,0.013244510853997552,WIN,2.0,crypto
JUP-USD,SHORT,2024-05-21,0.0011109999613836408,0.001441179928426272,0.0004506400272983784,1019,False,True,2024-08-02,0.0004506400272983784,WIN,73.0,crypto
JUP-USD,LONG,2025-05-10,0.0006960000027902424,-0.04298615666876493,0.08806031334590059,1373,False,True,2025-06-03,0.08806031334590059,WIN,24.0,crypto
JUP-USD,SHORT,2025-08-01,0.0008950000046752393,0.005393072998202579,-0.00810114598237944,1456,False,True,,,OPEN,,crypto
KAS-USD,LONG,2022-11-02,0.0027310000732541084,0.0020098790945439846,0.004173242030674356,154,False,True,2022-11-04,0.004173242030674356,WIN,2.0,crypto
KAS-USD,LONG,2023-01-13,0.005967999808490276,0.004965762119015333,0.007972475187440164,226,True,True,2023-02-25,0.007972475187440164,WIN,43.0,crypto
KAS-USD,LONG,2023-06-15,0.022429000586271286,0.01867371504352639,0.029939571671761075,379,False,True,2023-07-16,0.029939571671761075,WIN,31.0,crypto
KAS-USD,LONG,2023-09-12,0.04227999970316887,0.03713445671858044,0.052571085672345724,468,True,True,2023-09-20,0.052571085672345724,WIN,8.0,crypto
KAS-USD,SHORT,2023-10-10,0.042410001158714294,0.047404542589911954,0.032420918296318976,496,False,True,2023-10-17,0.047404542589911954,LOSS,7.0,crypto
KAS-USD,LONG,2023-11-04,0.05950000137090683,0.05466588432051623,0.06916823547168803,521,False,True,2023-11-07,0.06916823547168803,WIN,3.0,crypto
KAS-USD,LONG,2024-01-11,0.12275999784469604,0.10158256160000106,0.165114870334086,589,False,True,2024-01-19,0.10158256160000106,LOSS,8.0,crypto
KAS-USD,LONG,2024-02-07,0.11686699837446213,0.10393918674443937,0.14272262163450763,616,False,True,2024-02-11,0.14272262163450763,WIN,4.0,crypto
KAS-USD,LONG,2024-07-27,0.18901899456977844,0.17171327787473145,0.22363042795987242,787,False,True,2024-08-03,0.17171327787473145,LOSS,7.0,crypto
KAS-USD,LONG,2024-12-06,0.17473700642585754,0.15000647475157922,0.2241980697744142,919,False,True,2024-12-10,0.15000647475157922,LOSS,4.0,crypto
KAS-USD,SHORT,2025-04-02,0.06322500109672546,0.07496260503946303,0.03974979321125033,1036,False,True,2025-04-11,0.07496260503946303,LOSS,9.0,crypto
KAS-USD,LONG,2025-05-11,0.11707500368356705,0.10149725967197278,0.1482304917067556,1075,False,True,2025-05-28,0.10149725967197278,LOSS,17.0,crypto
KAS-USD,LONG,2025-07-16,0.09374699741601944,0.08255994663700589,0.11612109897404654,1141,False,True,2025-07-21,0.11612109897404654,WIN,5.0,crypto
KAS-USD,SHORT,2025-10-10,0.05534199997782707,0.0713357034279848,0.023354593077511615,1227,False,True,,,OPEN,,crypto
KAVA-USD,LONG,2022-03-23,3.8816521167755127,3.4547587354380527,4.735438879450433,229,False,True,2022-03-28,4.735438879450433,WIN,5.0,crypto
KAVA-USD,LONG,2022-04-24,5.142507076263428,4.408353322053862,6.61081458468256,261,False,True,2022-04-30,4.408353322053862,LOSS,6.0,crypto
KAVA-USD,LONG,2022-07-19,1.9507460594177246,1.6616422261876311,2.5289537258779116,347,False,True,2022-07-26,1.6616422261876311,LOSS,7.0,crypto
KAVA-USD,LONG,2022-08-02,2.0392770767211914,1.7346528323490664,2.6485255654654414,361,False,True,2022-08-22,1.7346528323490664,LOSS,20.0,crypto
KAVA-USD,SHORT,2022-10-13,1.402886986732483,1.5546475659508223,1.099365828295804,433,False,True,2022-10-25,1.5546475659508223,LOSS,12.0,crypto
KAVA-USD,SHORT,2022-12-16,0.7229499816894531,0.8370930140503748,0.4946639169676097,497,False,True,2023-01-14,0.8370930140503748,LOSS,29.0,crypto
KAVA-USD,LONG,2023-05-11,0.8605080246925354,0.755416756889514,1.0706905602985781,643,False,True,2023-05-20,1.0706905602985781,WIN,9.0,crypto
KAVA-USD,SHORT,2023-10-10,0.5969550013542175,0.6388850305049693,0.5130949430527141,795,False,True,2023-10-24,0.6388850305049693,LOSS,14.0,crypto
KAVA-USD,LONG,2024-02-15,0.7546129822731018,0.7001767162825089,0.8634855142542877,923,False,True,2024-02-29,0.8634855142542877,WIN,14.0,crypto
KAVA-USD,LONG,2024-05-20,0.699409008026123,0.6327657082577114,0.8326956075629464,1018,True,True,2024-06-07,0.6327657082577114,LOSS,18.0,crypto
KAVA-USD,SHORT,2024-06-11,0.5903930068016052,0.653222257453676,0.46473450549746365,1040,False,True,2024-06-18,0.46473450549746365,WIN,7.0,crypto
KAVA-USD,LONG,2024-09-18,0.33035901188850403,0.2954243250411513,0.4002283855832095,1139,False,True,2024-09-19,0.4002283855832095,WIN,1.0,crypto
KAVA-USD,LONG,2024-10-20,0.383558988571167,0.34135951487051264,0.4679579359724757,1171,False,True,2024-10-23,0.34135951487051264,LOSS,3.0,crypto
KAVA-USD,LONG,2025-02-03,0.533922016620636,0.44499047190820884,0.7117851060454903,1277,False,True,2025-02-21,0.44499047190820884,LOSS,18.0,crypto
KAVA-USD,SHORT,2025-02-25,0.4106830060482025,0.4733550586276327,0.2853389008893421,1299,False,True,2025-03-14,0.4733550586276327,LOSS,17.0,crypto
KAVA-USD,LONG,2025-03-16,0.4797559976577759,0.41774794604237697,0.6037721008885737,1318,False,True,2025-03-29,0.41774794604237697,LOSS,13.0,crypto
KAVA-USD,LONG,2025-05-09,0.4920310080051422,0.4447275320012616,0.5866379600129035,1372,False,True,2025-05-15,0.4447275320012616,LOSS,6.0,crypto
KAVA-USD,LONG,2025-07-12,0.4301590025424957,0.40012359510386386,0.49022981741975946,1436,False,True,2025-07-24,0.40012359510386386,LOSS,12.0,crypto
KAVA-USD,SHORT,2025-08-14,0.3572860062122345,0.389286928500492,0.29328416163571946,1469,False,True,2025-08-17,0.389286928500492,LOSS,3.0,crypto
KAVA-USD,SHORT,2025-10-10,0.1718280017375946,0.23711722296345444,0.041249559285874926,1526,False,True,2026-06-05,0.041249559285874926,WIN,238.0,crypto
KNC-USD,LONG,2022-02-15,2.174217939376831,1.8379962157083387,2.8466613867138157,193,False,True,2022-02-21,1.8379962157083387,LOSS,6.0,crypto
KNC-USD,LONG,2022-04-08,4.0053181648254395,3.370327922136677,5.275298650202965,245,False,True,2022-04-23,5.275298650202965,WIN,15.0,crypto
KNC-USD,LONG,2022-07-19,1.5186009407043457,1.3040024517424846,1.9477979186280678,347,True,True,2022-07-26,1.3040024517424846,LOSS,7.0,crypto
KNC-USD,LONG,2022-07-29,1.6191569566726685,1.4013454156631115,2.0547800386917823,357,False,True,2022-09-10,2.0547800386917823,WIN,43.0,crypto
KNC-USD,SHORT,2022-10-13,0.9617720246315002,1.094968522025434,0.6953790298436329,433,False,True,2022-11-08,0.6953790298436329,WIN,26.0,crypto
KNC-USD,LONG,2023-02-04,0.8965809941291809,0.7824250467416345,1.1248928889042737,547,False,True,2023-02-13,0.7824250467416345,LOSS,9.0,crypto
KNC-USD,LONG,2023-02-25,0.9369440078735352,0.8202825591369156,1.1702669053467742,568,False,True,2023-03-02,0.8202825591369156,LOSS,5.0,crypto
KNC-USD,LONG,2023-04-05,0.7861729860305786,0.6975615039608924,0.9633959501699509,607,False,True,2023-04-20,0.6975615039608924,LOSS,15.0,crypto
KNC-USD,SHORT,2023-06-05,0.5690690279006958,0.6171535283939583,0.47290002691417077,668,False,True,2023-06-10,0.47290002691417077,WIN,5.0,crypto
KNC-USD,LONG,2023-09-16,0.6084690093994141,0.5482067662080173,0.7289934957822075,771,True,True,2023-09-24,0.7289934957822075,WIN,8.0,crypto
KNC-USD,LONG,2023-10-24,0.7717999815940857,0.6970324730681426,0.9213349986459718,809,False,True,2023-11-27,0.6970324730681426,LOSS,34.0,crypto
KNC-USD,SHORT,2024-01-03,0.6565060019493103,0.7309001944964598,0.5077176168550113,880,False,True,2024-03-01,0.7309001944964598,LOSS,58.0,crypto
KNC-USD,LONG,2024-09-19,0.5096259713172913,0.4598920722468049,0.609093769458264,1140,False,True,2024-10-01,0.4598920722468049,LOSS,12.0,crypto
KNC-USD,LONG,2025-05-09,0.4037019908428192,0.3669080470366262,0.4772898784552052,1372,False,True,2025-05-17,0.3669080470366262,LOSS,8.0,crypto
KNC-USD,LONG,2025-07-11,0.3204070031642914,0.2907969275215494,0.37962715444977535,1435,False,True,2025-07-12,0.37962715444977535,WIN,1.0,crypto
KNC-USD,LONG,2025-09-13,0.4019300043582916,0.3682461451953628,0.46929772268414927,1499,True,True,2025-09-15,0.3682461451953628,LOSS,2.0,crypto
KNC-USD,SHORT,2025-09-22,0.3407079875469208,0.3760672720724159,0.2699894184959305,1508,False,True,2025-10-10,0.2699894184959305,WIN,18.0,crypto
KNC-USD,LONG,2026-05-02,0.16519899666309357,0.14576742162556747,0.20406214673814577,1730,False,True,2026-05-13,0.14576742162556747,LOSS,11.0,crypto
KNC-USD,SHORT,2026-06-04,0.12727199494838715,0.14140633425547905,0.09900331633420334,1763,False,True,,,OPEN,,crypto
LDO-USD,SHORT,2022-05-09,2.026017904281616,2.884801921903729,0.3084498690373909,276,False,True,2022-08-13,2.884801921903729,LOSS,96.0,crypto
LDO-USD,LONG,2022-10-25,1.6480599641799927,1.4174158002763946,2.109348291987189,445,False,True,2022-11-08,1.4174158002763946,LOSS,14.0,crypto
LDO-USD,SHORT,2022-11-09,0.9169759750366211,1.2496283113366524,0.25167130243655844,460,True,True,2022-11-11,1.2496283113366524,LOSS,2.0,crypto
LDO-USD,LONG,2023-05-16,2.2070329189300537,1.8754153947155316,2.870267967359098,648,False,True,2023-06-10,1.8754153947155316,LOSS,25.0,crypto
LDO-USD,LONG,2023-06-30,2.0522029399871826,1.7926172373492841,2.5713743452629796,693,False,True,2023-08-07,1.7926172373492841,LOSS,38.0,crypto
LDO-USD,LONG,2024-09-20,1.113515019416809,0.9660249797869194,1.4084950986765885,1141,False,True,2024-11-03,0.9660249797869194,LOSS,44.0,crypto
LDO-USD,LONG,2025-05-08,0.9608680009841919,0.8389202555066535,1.2047634919392687,1371,False,True,2025-05-25,0.8389202555066535,LOSS,17.0,crypto
LDO-USD,LONG,2025-07-10,0.8466259837150574,0.7333199016158568,1.0732381479134585,1434,False,True,2025-07-18,1.0732381479134585,WIN,8.0,crypto
LDO-USD,LONG,2025-09-18,1.338284969329834,1.1790443375678024,1.6567662328538972,1504,False,True,2025-09-22,1.1790443375678024,LOSS,4.0,crypto
LDO-USD,SHORT,2025-10-10,0.8353319764137268,1.1103000146113615,0.2853959000184574,1526,False,True,2026-02-28,0.2853959000184574,WIN,141.0,crypto
LINK-USD,LONG,2022-06-07,8.732022285461426,7.34312721215208,11.509812432080118,305,False,True,2022-06-11,7.34312721215208,LOSS,4.0,crypto
LINK-USD,LONG,2022-07-18,7.059539794921875,6.139094378765719,8.900430627234186,346,False,True,2022-07-26,6.139094378765719,LOSS,8.0,crypto
LINK-USD,LONG,2022-09-09,7.747072219848633,6.824639072524866,9.591938514496167,399,False,True,2022-09-21,6.824639072524866,LOSS,12.0,crypto
LINK-USD,LONG,2022-10-29,7.613306999206543,6.916015208412625,9.00789058079438,449,False,True,2022-11-07,9.00789058079438,WIN,9.0,crypto
LINK-USD,LONG,2023-01-12,6.381331920623779,5.948419987015332,7.247155787840674,524,False,True,2023-01-26,7.247155787840674,WIN,14.0,crypto
LINK-USD,LONG,2023-02-17,7.66677188873291,6.906299383088318,9.187716900022094,560,False,True,2023-03-03,6.906299383088318,LOSS,14.0,crypto
LINK-USD,LONG,2023-04-14,7.752357006072998,7.13512124176795,8.986828534683093,616,False,True,2023-04-21,7.13512124176795,LOSS,7.0,crypto
LINK-USD,SHORT,2023-06-05,6.0659499168396,6.461516632368361,5.274816485782077,668,False,True,2023-06-10,5.274816485782077,WIN,5.0,crypto
LINK-USD,LONG,2023-09-18,6.5657548904418945,6.079405833116766,7.538453005092151,773,True,True,2023-09-26,7.538453005092151,WIN,8.0,crypto
LINK-USD,LONG,2023-10-21,8.90384578704834,8.147937342374558,10.415662676395904,806,False,True,2023-10-23,10.415662676395904,WIN,2.0,crypto
LINK-USD,LONG,2024-02-01,17.184246063232422,15.211651985209624,21.129434219278018,909,False,True,2024-03-02,21.129434219278018,WIN,30.0,crypto
LINK-USD,SHORT,2024-04-12,15.157100677490234,17.40452411533336,10.662253801803985,980,False,True,2024-05-20,17.40452411533336,LOSS,38.0,crypto
LINK-USD,SHORT,2024-07-04,12.553675651550293,14.100143536971277,9.460739880708324,1063,False,True,2024-07-15,14.100143536971277,LOSS,11.0,crypto
LINK-USD,SHORT,2025-02-25,15.29446029663086,18.322092929403794,9.23919503108499,1299,False,True,2025-07-18,18.322092929403794,LOSS,143.0,crypto
LINK-USD,SHORT,2025-09-22,21.66023063659668,24.119460193249402,16.741771523291234,1508,False,True,2025-10-10,16.741771523291234,WIN,18.0,crypto
LINK-USD,SHORT,2025-11-03,15.24285888671875,17.878115070900275,9.9723465183557,1550,False,True,2026-01-31,9.9723465183557,WIN,89.0,crypto
LINK-USD,LONG,2026-03-16,9.927087783813477,8.983313892305631,11.814635566829168,1683,False,True,2026-03-19,8.983313892305631,LOSS,3.0,crypto
LINK-USD,LONG,2026-05-06,9.994213104248047,9.33162633114791,11.319386650448319,1734,False,True,2026-05-18,9.33162633114791,LOSS,12.0,crypto
LRC-USD,LONG,2022-03-19,0.9404249787330627,0.8026456179632857,1.2159837002726168,225,False,True,2022-03-22,0.8026456179632857,LOSS,3.0,crypto
LRC-USD,LONG,2022-07-19,0.4509190022945404,0.3828733105826887,0.5870103857182438,347,False,True,2022-07-25,0.3828733105826887,LOSS,6.0,crypto
LRC-USD,LONG,2022-08-07,0.480228990316391,0.4128607578401945,0.614965455268784,366,False,True,2022-08-18,0.4128607578401945,LOSS,11.0,crypto
LRC-USD,LONG,2022-11-04,0.36867401003837585,0.32180747872568405,0.46240707266375947,455,True,True,2022-11-07,0.32180747872568405,LOSS,3.0,crypto
LRC-USD,LONG,2023-04-14,0.39836400747299194,0.34873145234377473,0.4976291177314264,616,False,True,2023-04-21,0.34873145234377473,LOSS,7.0,crypto
LRC-USD,SHORT,2023-06-05,0.25474199652671814,0.2789240142178409,0.2063779611444726,668,False,True,2023-06-10,0.2063779611444726,WIN,5.0,crypto
LRC-USD,LONG,2024-02-14,0.24890799820423126,0.22532735040588678,0.29606929380092023,922,True,True,2024-02-28,0.29606929380092023,WIN,14.0,crypto
LRC-USD,LONG,2024-05-21,0.29309898614883423,0.2556217277753043,0.3680535028958941,1019,False,True,2024-06-07,0.2556217277753043,LOSS,17.0,crypto
LRC-USD,LONG,2024-09-25,0.1331540048122406,0.11977154548466612,0.15991892346738956,1146,False,True,2024-10-01,0.11977154548466612,LOSS,6.0,crypto
LRC-USD,LONG,2024-10-20,0.13595500588417053,0.12177374398277728,0.16431752968695704,1171,False,True,2024-10-25,0.12177374398277728,LOSS,5.0,crypto
LRC-USD,SHORT,2025-02-25,0.11962399631738663,0.14327501941100249,0.07232195013015491,1299,False,True,2025-06-21,0.07232195013015491,WIN,116.0,crypto
LRC-USD,LONG,2025-07-16,0.0876069962978363,0.07810682075034286,0.10660734739282318,1440,False,True,2025-07-21,0.10660734739282318,WIN,5.0,crypto
LRC-USD,LONG,2025-08-31,0.10624200105667114,0.09070182434565223,0.13732235447870897,1486,False,True,2025-09-15,0.09070182434565223,LOSS,15.0,crypto
LRC-USD,SHORT,2025-10-10,0.06661199778318405,0.08273366864803781,0.034368656053476526,1526,False,True,2026-02-06,0.034368656053476526,WIN,119.0,crypto
LRC-USD,SHORT,2026-03-18,0.024870000779628754,0.028917802626322077,0.016774397086242107,1685,False,True,2026-03-19,0.028917802626322077,LOSS,1.0,crypto
LRC-USD,LONG,2026-05-10,0.019492000341415405,0.017368570609569037,0.02373885980510814,1738,False,True,2026-05-14,0.017368570609569037,LOSS,4.0,crypto
LSK-USD,LONG,2022-03-26,2.3567841053009033,2.1328763096773975,2.804599696547915,232,False,True,2022-04-11,2.1328763096773975,LOSS,16.0,crypto
LSK-USD,LONG,2022-06-05,1.3951760530471802,1.1306396286602847,1.9242489018209712,303,False,True,2022-06-11,1.1306396286602847,LOSS,6.0,crypto
LSK-USD,LONG,2022-08-01,1.2518939971923828,1.0406904404143138,1.6743011107485208,360,False,True,2022-08-27,1.0406904404143138,LOSS,26.0,crypto
LSK-USD,LONG,2023-04-06,1.1815860271453857,1.0611896774294491,1.422378726577259,608,False,True,2023-04-12,1.0611896774294491,LOSS,6.0,crypto
LSK-USD,SHORT,2023-06-05,0.7846410274505615,0.8505179326962153,0.6528872169592539,668,False,True,2023-06-07,0.8505179326962153,LOSS,2.0,crypto
LSK-USD,LONG,2023-07-11,0.8656479716300964,0.7758152106595954,1.0453134935710986,704,False,True,2023-08-16,0.7758152106595954,LOSS,36.0,crypto
LSK-USD,LONG,2023-10-07,0.7765840291976929,0.7160321823102106,0.8976877229726574,792,False,True,2023-10-20,0.8976877229726574,WIN,13.0,crypto
LSK-USD,LONG,2023-12-29,1.2753009796142578,1.1545078481896998,1.516887242463374,875,False,True,2024-01-02,1.516887242463374,WIN,4.0,crypto
LSK-USD,LONG,2024-02-21,1.4841020107269287,1.258148431539254,1.9360091691022783,929,False,True,2024-03-05,1.9360091691022783,WIN,13.0,crypto
LSK-USD,SHORT,2024-07-04,0.8338369727134705,1.0006363720053006,0.5002381741298101,1063,False,True,2024-07-16,1.0006363720053006,LOSS,12.0,crypto
LSK-USD,LONG,2024-09-19,0.8365409970283508,0.7632703558618826,0.9830822793612872,1140,False,True,2024-10-03,0.7632703558618826,LOSS,14.0,crypto
LSK-USD,LONG,2025-01-09,1.1342029571533203,0.9773378551294762,1.4479331612010085,1252,False,True,2025-01-13,0.9773378551294762,LOSS,4.0,crypto
LSK-USD,SHORT,2025-03-03,0.6109380125999451,0.7157750309887566,0.401263975822322,1305,False,True,2025-04-07,0.401263975822322,WIN,35.0,crypto
LSK-USD,LONG,2025-07-11,0.42372798919677734,0.3828280803912915,0.505527806807749,1435,False,True,2025-07-12,0.505527806807749,WIN,1.0,crypto
LSK-USD,SHORT,2025-09-22,0.32152900099754333,0.3537017042643783,0.2571835944638734,1508,False,True,2025-10-10,0.2571835944638734,WIN,18.0,crypto
LSK-USD,SHORT,2026-07-24,0.08111800253391266,0.08848653608775625,0.06638093542622547,1813,False,True,,,OPEN,,crypto
LTC-USD,LONG,2022-10-25,56.02515411376953,52.206028896636724,63.663404548035146,445,False,True,2022-11-03,63.663404548035146,WIN,9.0,crypto
LTC-USD,LONG,2023-01-29,95.05005645751953,87.35004177806394,110.45008581643071,541,False,True,2023-03-06,87.35004177806394,LOSS,36.0,crypto
LTC-USD,LONG,2023-04-14,96.45197296142578,88.76275211350888,111.83041465725958,616,False,True,2023-04-20,88.76275211350888,LOSS,6.0,crypto
LTC-USD,SHORT,2023-06-10,77.3517074584961,85.92173534435643,60.21165168677541,673,True,True,2023-06-21,85.92173534435643,LOSS,11.0,crypto
LTC-USD,SHORT,2023-08-02,87.48905944824219,95.16692632720492,72.13332569031672,726,False,True,2023-08-17,72.13332569031672,WIN,15.0,crypto
LTC-USD,LONG,2023-10-23,68.99109649658203,64.91005508654902,77.15317931664805,808,True,True,2023-12-08,77.15317931664805,WIN,46.0,crypto
LTC-USD,SHORT,2024-01-03,65.30164337158203,71.7342385220289,52.43645307068829,880,False,True,2024-01-11,71.7342385220289,LOSS,8.0,crypto
LTC-USD,LONG,2024-02-27,74.03375244140625,69.52360093184531,83.05405546052813,935,False,True,2024-02-29,83.05405546052813,WIN,2.0,crypto
LTC-USD,LONG,2024-05-20,88.60094451904297,81.6846113880685,102.4336107809919,1018,False,True,2024-06-04,81.6846113880685,LOSS,15.0,crypto
LTC-USD,SHORT,2024-06-07,80.08868408203125,85.89423360706878,68.47758503195618,1036,False,True,2024-06-24,68.47758503195618,WIN,17.0,crypto
LTC-USD,SHORT,2025-04-02,81.75888061523438,92.50211481648205,60.27241221273903,1335,False,True,2025-05-07,92.50211481648205,LOSS,35.0,crypto
LTC-USD,LONG,2025-05-08,94.70175170898438,85.01475381697982,114.07574749299349,1371,False,True,2025-05-31,85.01475381697982,LOSS,23.0,crypto
LTC-USD,LONG,2025-07-03,89.00467681884766,81.66121661327101,103.69159723000095,1427,False,True,2025-07-18,103.69159723000095,WIN,15.0,crypto
LTC-USD,SHORT,2025-09-22,105.81873321533203,114.78948267426219,87.87723429747172,1508,False,True,2025-10-01,114.78948267426219,LOSS,9.0,crypto
LTC-USD,SHORT,2026-01-15,72.12104034423828,78.55089727166873,59.26132648937738,1623,False,True,2026-01-31,59.26132648937738,WIN,16.0,crypto
MANA-USD,LONG,2022-03-24,2.6965789794921875,2.3788463200660432,3.332044298344476,230,False,True,2022-04-06,2.3788463200660432,LOSS,13.0,crypto
MANA-USD,LONG,2022-07-19,1.0004990100860596,0.8691706648451533,1.2631557005678722,347,False,True,2022-07-26,0.8691706648451533,LOSS,7.0,crypto
MANA-USD,SHORT,2022-10-13,0.6359189748764038,0.6897380637963616,0.5282807970364882,433,False,True,2022-10-30,0.6897380637963616,LOSS,17.0,crypto
MANA-USD,LONG,2022-10-31,0.6728609800338745,0.6129854445221291,0.7926120510573653,451,False,True,2022-11-02,0.6129854445221291,LOSS,2.0,crypto
MANA-USD,LONG,2022-11-04,0.6969429850578308,0.6312033350320276,0.8284222851094372,455,False,True,2022-11-08,0.6312033350320276,LOSS,4.0,crypto
MANA-USD,LONG,2023-04-14,0.6406639814376831,0.5799829972245796,0.7620259498638902,616,False,True,2023-04-21,0.5799829972245796,LOSS,7.0,crypto
MANA-USD,LONG,2024-02-12,0.484019011259079,0.4440852000559491,0.5638866336653388,920,True,True,2024-02-27,0.5638866336653388,WIN,15.0,crypto
MANA-USD,LONG,2024-05-20,0.46628400683403015,0.4164987317294931,0.5658545570431043,1018,True,True,2024-06-07,0.4164987317294931,LOSS,18.0,crypto
MANA-USD,SHORT,2024-06-09,0.4216350018978119,0.4718610353860252,0.3211829349213853,1038,False,True,2024-06-18,0.3211829349213853,WIN,9.0,crypto
MANA-USD,LONG,2024-10-18,0.3375990092754364,0.30323514573590776,0.4063267363544937,1169,False,True,2024-10-25,0.30323514573590776,LOSS,7.0,crypto
MANA-USD,LONG,2025-05-09,0.3529820144176483,0.31333548781632437,0.4322750676202962,1372,False,True,2025-05-19,0.31333548781632437,LOSS,10.0,crypto
MANA-USD,LONG,2025-07-09,0.2826789915561676,0.2524393297354819,0.34315831519753903,1433,False,True,2025-07-18,0.34315831519753903,WIN,9.0,crypto
MANA-USD,LONG,2025-09-05,0.31895801424980164,0.28155341451652344,0.39376721371635803,1491,False,True,2025-09-25,0.28155341451652344,LOSS,20.0,crypto
MANA-USD,SHORT,2025-11-04,0.20109300315380096,0.23890341893850436,0.12547217158439417,1551,False,True,2025-11-07,0.23890341893850436,LOSS,3.0,crypto
MANA-USD,LONG,2026-04-09,0.09170600026845932,0.08269144449420693,0.1097351118169641,1707,False,True,2026-05-28,0.08269144449420693,LOSS,49.0,crypto
MASK-USD,SHORT,2021-12-29,1924.487548828125,2843.121885270287,87.21887594380132,145,False,False,2022-01-15,2843.121885270287,LOSS,17.0,crypto
MASK-USD,SHORT,2022-02-18,2018.5601806640625,2406.9280027955015,1241.8245364011846,196,False,False,2022-03-09,1241.8245364011846,WIN,19.0,crypto
MASK-USD,LONG,2022-03-29,1834.4775390625,1636.3028444882068,2230.8269282110864,235,False,False,2022-04-03,1636.3028444882068,LOSS,5.0,crypto
MASK-USD,LONG,2022-04-04,2043.8084716796875,1745.5379757173698,2640.349463604323,241,False,False,2022-04-08,1745.5379757173698,LOSS,4.0,crypto
MASK-USD,SHORT,2022-06-09,525.484130859375,605.8991466482195,364.65409928168606,307,False,False,2022-06-13,364.65409928168606,WIN,4.0,crypto
MASK-USD,LONG,2022-07-27,861.4974975585938,731.233457017393,1122.0255786409953,355,False,False,2022-08-07,1122.0255786409953,WIN,11.0,crypto
MKR-USD,LONG,2022-03-17,2060.7373046875,1771.3305089737653,2639.5508961149694,223,False,True,2022-04-18,1771.3305089737653,LOSS,32.0,crypto
MKR-USD,LONG,2022-07-19,1033.218017578125,894.123111772051,1311.407829190273,347,False,True,2022-07-26,894.123111772051,LOSS,7.0,crypto
MKR-USD,LONG,2023-01-08,592.6702270507812,552.4541345036816,673.1024121449805,520,True,True,2023-01-13,673.1024121449805,WIN,5.0,crypto
MKR-USD,LONG,2023-06-04,682.7871704101562,642.5916026187908,763.1783059928871,667,False,True,2023-06-05,642.5916026187908,LOSS,1.0,crypto
MKR-USD,LONG,2023-10-23,1564.7906494140625,1445.8694255992255,1802.6330970437366,808,False,True,2023-10-25,1445.8694255992255,LOSS,2.0,crypto
MKR-USD,LONG,2024-03-09,2422.080322265625,2155.9031429505544,2954.434680895766,946,False,True,2024-03-14,2954.434680895766,WIN,5.0,crypto
MKR-USD,LONG,2024-05-20,3163.939697265625,2744.382448823035,4003.0541941508054,1018,False,True,2024-05-24,2744.382448823035,LOSS,4.0,crypto
MKR-USD,SHORT,2024-08-28,1818.74609375,2076.5306058672813,1303.1770695154373,1118,False,True,2024-10-15,1303.1770695154373,WIN,48.0,crypto
MKR-USD,LONG,2025-03-27,1446.0361328125,1260.0661030142226,1817.9761924090549,1329,False,True,2025-03-31,1260.0661030142226,LOSS,4.0,crypto
MKR-USD,LONG,2025-05-08,1703.9190673828125,1526.296541924672,2059.1641182990934,1371,False,True,2025-05-31,1526.296541924672,LOSS,23.0,crypto
MKR-USD,LONG,2025-06-03,1868.0072021484375,1641.3716554509017,2321.278295543509,1397,False,True,2025-07-27,2321.278295543509,WIN,54.0,crypto
MKR-USD,SHORT,2025-10-21,1720.7354736328125,2116.1017570394374,930.0029068195627,1537,False,True,,,OPEN,,crypto
MNT-USD,LONG,2023-02-01,0.12522700428962708,0.019048880082360123,0.337583252704161,125,False,False,2023-03-07,0.337583252704161,WIN,34.0,crypto
MNT-USD,SHORT,2023-03-10,0.09620700031518936,0.20939146757774918,-0.13016193420993027,162,False,False,2023-05-22,0.20939146757774918,LOSS,73.0,crypto
MNT-USD,LONG,2023-06-26,0.7579259872436523,0.5662059841267615,1.141365993477434,270,False,False,2023-06-27,0.5662059841267615,LOSS,1.0,crypto
MNT-USD,LONG,2023-08-28,0.1569570004940033,0.0830776985516957,0.3047156043786185,333,False,False,2023-08-29,0.3047156043786185,WIN,1.0,crypto
MNT-USD,LONG,2023-09-21,0.1370459944009781,0.09233219067939981,0.22647360184413465,357,False,False,2023-09-25,0.09233219067939981,LOSS,4.0,crypto
MNT-USD,SHORT,2023-09-26,0.047655001282691956,0.09299308747773788,-0.04302117110739989,362,False,False,2023-09-28,0.09299308747773788,LOSS,2.0,crypto
MNT-USD,SHORT,2023-12-03,0.04346499964594841,0.09016562684160523,-0.04993625474536523,430,False,False,2024-01-02,0.09016562684160523,LOSS,30.0,crypto
NEAR-USD,LONG,2022-01-13,19.5316104888916,15.92523024623322,26.744370974208366,160,False,True,2022-01-20,15.92523024623322,LOSS,7.0,crypto
NEAR-USD,LONG,2022-03-23,12.504135131835938,10.682418241754577,16.147568911998658,229,False,True,2022-04-02,16.147568911998658,WIN,10.0,crypto
NEAR-USD,LONG,2022-07-18,4.095283031463623,3.4325893647249064,5.420670364941056,346,True,True,2022-08-08,5.420670364941056,WIN,21.0,crypto
NEAR-USD,LONG,2022-09-12,5.084404945373535,4.435303105045184,6.382608626030237,402,False,True,2022-09-13,4.435303105045184,LOSS,1.0,crypto
NEAR-USD,SHORT,2022-10-13,3.0430970191955566,3.431635583501543,2.2660198905835838,433,False,True,2022-11-09,2.2660198905835838,WIN,27.0,crypto
NEAR-USD,LONG,2023-04-12,2.1826229095458984,1.9428780659810996,2.662112596675496,614,False,True,2023-04-21,1.9428780659810996,LOSS,9.0,crypto
NEAR-USD,SHORT,2023-06-05,1.5018119812011719,1.6497952203767665,1.2058455028499826,668,False,True,2023-06-10,1.2058455028499826,WIN,5.0,crypto
NEAR-USD,SHORT,2023-08-16,1.2086509466171265,1.3079335191703476,1.0100858015106842,740,False,True,2023-10-11,1.0100858015106842,WIN,56.0,crypto
NEAR-USD,LONG,2024-02-12,3.388375997543335,2.985856313068557,4.193415366492891,920,False,True,2024-03-02,4.193415366492891,WIN,19.0,crypto
NEAR-USD,SHORT,2024-04-12,5.793785095214844,7.246219996334952,2.8889152929746267,980,True,True,2024-04-23,7.246219996334952,LOSS,11.0,crypto
NEAR-USD,LONG,2024-05-15,8.048585891723633,6.812653435283275,10.520450804604348,1013,False,True,2024-06-07,6.812653435283275,LOSS,23.0,crypto
NEAR-USD,SHORT,2024-07-05,4.4178972244262695,5.2439429719702755,2.7658057293382576,1064,False,True,2024-07-13,5.2439429719702755,LOSS,8.0,crypto
NEAR-USD,SHORT,2025-02-25,3.005431890487671,3.630862602963985,1.7545704655350427,1299,False,True,2025-10-10,1.7545704655350427,WIN,227.0,crypto
NEAR-USD,SHORT,2025-11-04,1.8356349468231201,2.1892992415910983,1.1283063572871637,1551,False,True,2025-11-07,2.1892992415910983,LOSS,3.0,crypto
NEAR-USD,LONG,2026-02-28,1.1672539710998535,0.9932691349836085,1.5152236433323436,1667,False,True,2026-05-06,1.5152236433323436,WIN,67.0,crypto
NEAR-USD,LONG,2026-05-08,1.5931559801101685,1.4477402315545465,1.8839874772214125,1736,False,True,2026-05-21,1.8839874772214125,WIN,13.0,crypto
NEO-USD,LONG,2022-03-22,23.831281661987305,21.079561403931883,29.334722178098147,228,False,True,2022-03-31,29.334722178098147,WIN,9.0,crypto
NEO-USD,SHORT,2022-06-13,9.806661605834961,12.395845823825518,4.628293169853848,311,False,True,2022-08-11,12.395845823825518,LOSS,59.0,crypto
NEO-USD,LONG,2022-12-12,7.443699836730957,6.841548275312307,8.648002959568258,493,False,True,2022-12-16,6.841548275312307,LOSS,4.0,crypto
NEO-USD,LONG,2023-04-16,13.577296257019043,12.154678282744996,16.422532205567137,618,False,True,2023-04-19,12.154678282744996,LOSS,3.0,crypto
NEO-USD,LONG,2023-05-27,10.622419357299805,9.595094644713479,12.677068782472457,659,False,True,2023-06-05,9.595094644713479,LOSS,9.0,crypto
NEO-USD,LONG,2024-02-15,13.090197563171387,11.948863664763165,15.37286535998783,923,False,True,2024-02-21,11.948863664763165,LOSS,6.0,crypto
NEO-USD,LONG,2024-02-29,14.22561264038086,12.700910153788687,17.275017613565204,937,False,True,2024-03-03,17.275017613565204,WIN,3.0,crypto
NEO-USD,SHORT,2024-06-07,14.077370643615723,15.785710482107277,10.660690966632615,1036,False,True,2024-06-18,10.660690966632615,WIN,11.0,crypto
NEO-USD,LONG,2024-09-20,10.114280700683594,9.170471496568522,12.001899108913737,1141,False,True,2024-11-03,9.170471496568522,LOSS,44.0,crypto
NEO-USD,SHORT,2025-02-25,9.5609712600708,11.251442141638305,6.180029496935791,1299,False,True,2025-03-30,6.180029496935791,WIN,33.0,crypto
NEO-USD,LONG,2025-05-10,7.118031978607178,6.314067575381354,8.725960785058826,1373,False,True,2025-05-19,6.314067575381354,LOSS,9.0,crypto
NEO-USD,LONG,2025-07-11,6.165006160736084,5.54714986765781,7.4007187468926325,1435,False,True,2025-07-20,7.4007187468926325,WIN,9.0,crypto
NEO-USD,SHORT,2025-09-22,6.006348133087158,6.63409721743321,4.750849964395055,1508,False,True,2025-10-10,4.750849964395055,WIN,18.0,crypto
NEO-USD,LONG,2026-01-06,4.048661231994629,3.6861969232496627,4.773589849484561,1614,True,True,2026-01-19,3.6861969232496627,LOSS,13.0,crypto
NMR-USD,SHORT,2022-04-30,23.506925582885742,27.20638890856202,16.10799893153319,267,False,True,2022-05-10,16.10799893153319,WIN,10.0,crypto
NMR-USD,SHORT,2022-09-16,15.956698417663574,18.312876312445788,11.244342628099147,406,False,True,2022-10-05,18.312876312445788,LOSS,19.0,crypto
NMR-USD,LONG,2022-11-05,15.768004417419434,14.1147610865268,19.0744910792047,456,False,True,2022-11-08,14.1147610865268,LOSS,3.0,crypto
NMR-USD,LONG,2022-12-05,17.22596549987793,14.839506046114993,21.998884407403803,486,False,True,2022-12-06,14.839506046114993,LOSS,1.0,crypto
NMR-USD,LONG,2023-02-04,19.727535247802734,17.19508102309049,24.79244369722722,547,False,True,2023-02-07,24.79244369722722,WIN,3.0,crypto
NMR-USD,LONG,2023-03-01,21.66718864440918,18.414238187312964,28.17308955860161,572,False,True,2023-03-06,18.414238187312964,LOSS,5.0,crypto
NMR-USD,LONG,2023-04-10,19.365943908691406,17.536854263487278,23.024123199099662,612,False,True,2023-04-20,17.536854263487278,LOSS,10.0,crypto
NMR-USD,LONG,2023-07-27,14.122146606445312,12.756190890114567,16.854058039106803,720,False,True,2023-08-11,12.756190890114567,LOSS,15.0,crypto
NMR-USD,LONG,2023-12-16,16.521686553955078,14.768847578387236,20.027364505090762,862,False,True,2023-12-29,20.027364505090762,WIN,13.0,crypto
NMR-USD,SHORT,2024-04-12,26.977771759033203,33.700306411928864,13.532702453241882,980,False,True,2024-07-05,13.532702453241882,WIN,84.0,crypto
NMR-USD,LONG,2024-09-23,15.828967094421387,13.958844903140402,19.569211476983355,1144,False,True,2024-10-02,13.958844903140402,LOSS,9.0,crypto
NMR-USD,LONG,2024-10-20,16.2598934173584,14.387514694470342,20.00465086313451,1171,False,True,2024-10-25,14.387514694470342,LOSS,5.0,crypto
NMR-USD,LONG,2025-04-23,8.521745681762695,7.469176274292571,10.626884496702944,1356,False,True,2025-05-30,10.626884496702944,WIN,37.0,crypto
NMR-USD,LONG,2025-07-13,8.11678409576416,7.188197949803849,9.973956387684783,1437,False,True,2025-08-17,9.973956387684783,WIN,35.0,crypto
NMR-USD,LONG,2026-01-05,10.540081977844238,9.497612429012735,12.625021075507245,1613,False,True,2026-01-19,9.497612429012735,LOSS,14.0,crypto
NMR-USD,LONG,2026-05-11,9.442740440368652,8.743325880297288,10.841569560511381,1739,False,True,2026-05-22,8.743325880297288,LOSS,11.0,crypto
OKB-USD,LONG,2021-12-07,28.004436492919922,22.516489929765267,38.98032961922923,123,False,True,2022-01-21,22.516489929765267,LOSS,45.0,crypto
OKB-USD,LONG,2022-07-18,14.787506103515625,13.463680992773298,17.43515632500028,346,False,True,2022-07-29,17.43515632500028,WIN,11.0,crypto
OKB-USD,LONG,2022-10-13,16.551929473876953,15.373906882967594,18.90797465569567,433,False,True,2022-10-21,15.373906882967594,LOSS,8.0,crypto
OKB-USD,LONG,2022-10-31,17.193878173828125,16.035789886656268,19.51005474817184,451,False,True,2022-11-02,16.035789886656268,LOSS,2.0,crypto
OKB-USD,LONG,2022-11-03,20.04519271850586,18.060847511225642,24.013883133066294,454,False,True,2022-11-09,18.060847511225642,LOSS,6.0,crypto
OKB-USD,LONG,2022-12-13,22.932058334350586,21.205479034093514,26.38521693486473,494,False,True,2022-12-31,26.38521693486473,WIN,18.0,crypto
OKB-USD,LONG,2023-04-14,50.4535026550293,46.527233470199164,58.30604102468956,616,False,True,2023-04-22,46.527233470199164,LOSS,8.0,crypto
OKB-USD,SHORT,2023-06-05,44.720863342285156,47.130961101739246,39.90066782337698,668,False,True,2023-06-12,39.90066782337698,WIN,7.0,crypto
OKB-USD,LONG,2023-08-05,45.07937240600586,43.20155946985191,48.83499827831376,729,False,True,2023-08-10,48.83499827831376,WIN,5.0,crypto
OKB-USD,LONG,2023-10-16,44.08737564086914,42.64806225634696,46.9660024099135,801,False,True,2023-10-17,46.9660024099135,WIN,1.0,crypto
OKB-USD,LONG,2023-12-10,60.1791877746582,55.77533522289985,68.98689287817491,856,False,True,2023-12-17,55.77533522289985,LOSS,7.0,crypto
OKB-USD,SHORT,2024-01-23,47.12762451171875,52.10007754022481,37.18271845470663,900,False,True,2024-01-26,52.10007754022481,LOSS,3.0,crypto
OKB-USD,LONG,2024-11-09,42.19245910644531,39.817481364746534,46.94241458984287,1191,False,True,2024-11-11,46.94241458984287,WIN,2.0,crypto
OKB-USD,SHORT,2025-02-28,45.06305694580078,49.737949622614266,35.71327159217381,1302,False,True,2025-03-17,49.737949622614266,LOSS,17.0,crypto
OKB-USD,LONG,2025-05-09,55.5786018371582,52.6996945353864,61.33641644070181,1372,False,True,2025-05-15,52.6996945353864,LOSS,6.0,crypto
OKB-USD,LONG,2025-06-10,53.73115921020508,51.46674994962882,58.259977731357594,1404,False,True,2025-06-13,51.46674994962882,LOSS,3.0,crypto
OKB-USD,SHORT,2025-07-16,47.062808990478516,49.65547279664251,41.87748137815052,1440,False,True,2025-07-20,49.65547279664251,LOSS,4.0,crypto
OKB-USD,LONG,2025-12-10,118.41629028320312,105.13507547312832,144.97871990335273,1587,False,True,2025-12-15,105.13507547312832,LOSS,5.0,crypto
OKB-USD,LONG,2026-01-04,113.5233154296875,105.71583588022948,129.13827452860355,1612,False,True,2026-01-20,105.71583588022948,LOSS,16.0,crypto
OKB-USD,LONG,2026-03-05,96.35762786865234,82.8506749628876,123.37153368018184,1672,False,True,2026-03-23,82.8506749628876,LOSS,18.0,crypto
OKB-USD,LONG,2026-04-16,87.01329040527344,81.43819876804453,98.16347367973125,1714,False,True,2026-04-29,81.43819876804453,LOSS,13.0,crypto
OKB-USD,LONG,2026-05-06,87.1484603881836,83.01870539880076,95.40797036694926,1734,False,True,2026-05-16,83.01870539880076,LOSS,10.0,crypto
ONE-USD,SHORT,2021-11-30,0.0021899999119341373,0.002466617072734516,0.0016367655903333804,116,False,False,2022-01-07,0.0016367655903333804,WIN,38.0,crypto
ONE-USD,SHORT,2022-01-10,0.0016080000204965472,0.0017672411531464063,0.0012895177551968291,157,False,False,2022-01-18,0.0017672411531464063,LOSS,8.0,crypto
ONE-USD,SHORT,2022-01-21,0.001572999986819923,0.0017432784517962677,0.0012324430568672333,168,False,False,2022-02-06,0.0017432784517962677,LOSS,16.0,crypto
ONE-USD,LONG,2022-07-13,0.0006520000169984996,0.0005804543997112668,0.0007950912515729653,341,False,False,2022-08-02,0.0005804543997112668,LOSS,20.0,crypto
ONE-USD,SHORT,2022-09-07,0.0005409999866969883,0.0006074577977492936,0.00040808436459237774,397,False,False,2022-09-18,0.0006074577977492936,LOSS,11.0,crypto
ONE-USD,LONG,2022-10-10,0.0005810000002384186,0.0005258945787037254,0.0006912108433078049,430,False,False,2022-11-08,0.0005258945787037254,LOSS,29.0,crypto
ONE-USD,LONG,2022-11-28,0.0005890000029467046,0.0005126387386107605,0.0007417225316185929,479,False,False,2023-02-02,0.0007417225316185929,WIN,66.0,crypto
ONE-USD,SHORT,2023-02-22,0.0006910000229254365,0.0007417224987175362,0.000589555071341237,565,True,False,2023-03-10,0.000589555071341237,WIN,16.0,crypto
ONE-USD,SHORT,2023-05-09,0.0006040000007487833,0.0006489772160096371,0.0005140455702270759,641,False,False,2023-06-07,0.0005140455702270759,WIN,29.0,crypto
ONE-USD,SHORT,2023-07-24,0.0005750000127591193,0.000640852418323599,0.00044329520163015985,717,False,False,2023-07-25,0.000640852418323599,LOSS,1.0,crypto
ONE-USD,SHORT,2023-08-12,0.0005200000014156103,0.0005773553806630448,0.00040528924292074133,736,False,False,2023-08-14,0.0005773553806630448,LOSS,2.0,crypto
ONE-USD,LONG,2023-09-19,0.0005520000122487545,0.0005269001492935024,0.0006021997381592586,774,False,False,2023-09-25,0.0005269001492935024,LOSS,6.0,crypto
ONE-USD,SHORT,2023-09-26,0.0005239999736659229,0.0005505233047481145,0.0004709533115015397,781,False,False,2023-09-28,0.0005505233047481145,LOSS,2.0,crypto
ONE-USD,SHORT,2023-12-22,0.0005249999812804163,0.0005544032935066452,0.0004661933568279584,868,False,False,2024-02-23,0.0005544032935066452,LOSS,63.0,crypto
ONE-USD,LONG,2024-03-25,0.0010369999799877405,0.001004614909475578,0.0011017701210120656,962,False,False,2024-04-07,0.001004614909475578,LOSS,13.0,crypto
ONE-USD,SHORT,2024-07-02,0.0006520000169984996,0.0007090422517289229,0.0005379155475376532,1061,False,False,2024-08-05,0.0005379155475376532,WIN,34.0,crypto
ONE-USD,LONG,2024-10-17,0.0005660000024363399,0.0005170631729604128,0.0006638736613881939,1168,False,False,2024-10-30,0.0005170631729604128,LOSS,13.0,crypto
ONE-USD,SHORT,2025-02-26,0.0006060000159777701,0.0006524026217191418,0.0005131948044950266,1300,False,False,2025-03-21,0.0006524026217191418,LOSS,23.0,crypto
ONE-USD,SHORT,2025-06-04,0.00048600000445730984,0.0005348957118020869,0.0003882085897677558,1398,False,False,2025-07-01,0.0005348957118020869,LOSS,27.0,crypto
ONE-USD,LONG,2025-07-02,0.0005370000144466758,0.0005056806250294171,0.0005996387932811931,1426,False,False,2025-07-13,0.0005996387932811931,WIN,11.0,crypto
ONE-USD,LONG,2025-09-05,0.0005649999948218465,0.0005285176358048791,0.0006379647128557813,1491,False,False,2025-09-12,0.0005285176358048791,LOSS,7.0,crypto
ONE-USD,SHORT,2025-11-20,0.00045200000749900937,0.00048214152732326324,0.00039171696785050164,1567,False,False,2026-01-04,0.00048214152732326324,LOSS,45.0,crypto
ONE-USD,SHORT,2026-02-21,0.00044299999717622995,0.00047627857618855077,0.00037644283915158833,1660,False,False,2026-04-07,0.00047627857618855077,LOSS,45.0,crypto
ONE-USD,SHORT,2026-07-25,0.00037900000461377203,0.0003887333847395324,0.00035953324436225134,1814,False,False,,,OPEN,,crypto
ONT-USD,SHORT,2021-12-04,0.7962830066680908,1.0093980545616454,0.3700529108809816,120,False,True,2022-05-09,0.3700529108809816,WIN,156.0,crypto
ONT-USD,LONG,2022-07-09,0.2618669867515564,0.22473884710906863,0.3361232660365319,337,False,True,2022-07-11,0.22473884710906863,LOSS,2.0,crypto
ONT-USD,SHORT,2022-10-13,0.20900499820709229,0.22784410321654597,0.17132678818818492,433,False,True,2022-10-27,0.22784410321654597,LOSS,14.0,crypto
ONT-USD,LONG,2023-04-06,0.294528990983963,0.2526929271883783,0.3782011185751324,608,False,True,2023-04-10,0.2526929271883783,LOSS,4.0,crypto
ONT-USD,LONG,2024-02-15,0.25833800435066223,0.23765725991227193,0.2996994932274428,923,False,True,2024-03-02,0.2996994932274428,WIN,16.0,crypto
ONT-USD,SHORT,2024-07-04,0.17500899732112885,0.20275495919192088,0.11951707357954477,1063,False,True,2024-07-15,0.20275495919192088,LOSS,11.0,crypto
ONT-USD,LONG,2024-09-20,0.19054199755191803,0.17275979993880447,0.22610639277814515,1141,False,True,2024-10-02,0.17275979993880447,LOSS,12.0,crypto
ONT-USD,SHORT,2025-04-02,0.13132500648498535,0.14952766258288505,0.09491969428918595,1335,False,True,2025-04-19,0.14952766258288505,LOSS,17.0,crypto
ONT-USD,LONG,2025-05-09,0.16687600314617157,0.15018570582987997,0.20025659777875476,1372,False,True,2025-05-17,0.15018570582987997,LOSS,8.0,crypto
ONT-USD,LONG,2025-08-24,0.15910500288009644,0.14008054745207849,0.19715391373613234,1479,False,True,2025-08-25,0.19715391373613234,WIN,1.0,crypto
ONT-USD,SHORT,2025-09-22,0.1240210011601448,0.13935586802448394,0.09335126743146654,1508,False,True,2025-10-10,0.09335126743146654,WIN,18.0,crypto
ONT-USD,LONG,2026-03-24,0.06075799837708473,0.05158797817141131,0.07909803878843158,1691,False,True,2026-03-27,0.05158797817141131,LOSS,3.0,crypto
OP-USD,LONG,2022-10-06,0.850508987903595,0.725737148304857,1.1000526671010709,206,False,True,2022-10-13,0.725737148304857,LOSS,7.0,crypto
OP-USD,LONG,2023-01-04,1.0298160314559937,0.9230981053764272,1.2432518836151265,296,False,True,2023-01-08,1.2432518836151265,WIN,4.0,crypto
OP-USD,LONG,2023-04-14,2.655216932296753,2.3158191707705864,3.334012455349086,396,False,True,2023-04-21,2.3158191707705864,LOSS,7.0,crypto
OP-USD,SHORT,2023-05-30,1.4157240390777588,1.6263539736569819,0.9944641699193126,442,False,True,2023-07-23,1.6263539736569819,LOSS,54.0,crypto
OP-USD,LONG,2023-08-03,1.7149879932403564,1.5320127155787528,2.0809385485635636,507,False,True,2023-08-09,1.5320127155787528,LOSS,6.0,crypto
OP-USD,SHORT,2023-10-09,1.228482961654663,1.3391816071554044,1.0070856706531806,574,False,True,2023-10-23,1.3391816071554044,LOSS,14.0,crypto
OP-USD,LONG,2023-12-07,2.1806960105895996,1.925359844216279,2.691368343336241,633,False,True,2023-12-22,2.691368343336241,WIN,15.0,crypto
OP-USD,LONG,2024-02-07,3.3598580360412598,2.8980320080082227,4.283510092107334,695,False,True,2024-03-03,4.283510092107334,WIN,25.0,crypto
OP-USD,LONG,2024-03-05,4.515111923217773,3.875927968094904,5.793479833463512,722,False,True,2024-03-15,3.875927968094904,LOSS,10.0,crypto
OP-USD,LONG,2025-07-10,0.6585580110549927,0.5729551815824758,0.8297636700000264,1214,True,True,2025-07-28,0.8297636700000264,WIN,18.0,crypto
OP-USD,SHORT,2025-11-03,0.3528290092945099,0.4332039605754828,0.192079106732564,1330,False,True,2025-11-07,0.4332039605754828,LOSS,4.0,crypto
OP-USD,LONG,2026-04-16,0.13229499757289886,0.11748045064458891,0.16192409142951877,1494,False,True,2026-04-29,0.11748045064458891,LOSS,13.0,crypto
OP-USD,LONG,2026-05-06,0.14217600226402283,0.12739103226869428,0.17174594225467993,1514,False,True,2026-05-08,0.17174594225467993,WIN,2.0,crypto
OP-USD,SHORT,2026-06-04,0.11190100014209747,0.13144526381607258,0.07281247279414726,1543,False,True,,,OPEN,,crypto
PERP-USD,LONG,2022-03-24,4.710518836975098,4.0999732831707165,5.93160994458386,230,True,True,2022-04-11,4.0999732831707165,LOSS,18.0,crypto
PERP-USD,LONG,2022-08-03,0.9865099787712097,0.7881333741739116,1.383263187965806,362,False,True,2022-08-19,0.7881333741739116,LOSS,16.0,crypto
PERP-USD,SHORT,2022-11-08,0.44141000509262085,0.5505686376386744,0.22309274000051382,459,False,True,2022-11-13,0.5505686376386744,LOSS,5.0,crypto
PERP-USD,LONG,2023-01-10,0.4224649965763092,0.38058226324773586,0.5062304632334559,522,False,True,2023-01-15,0.5062304632334559,WIN,5.0,crypto
PERP-USD,LONG,2023-04-16,0.9122530221939087,0.8001848117767834,1.1363894430281594,618,True,True,2023-04-19,0.8001848117767834,LOSS,3.0,crypto
PERP-USD,LONG,2023-12-02,0.7239270210266113,0.6320006743805028,0.9077797143188284,848,False,True,2023-12-20,0.9077797143188284,WIN,18.0,crypto
PERP-USD,LONG,2024-02-12,1.2002379894256592,1.0382569022904453,1.524200163696087,920,False,True,2024-02-19,1.524200163696087,WIN,7.0,crypto
PERP-USD,LONG,2024-05-20,1.1104580163955688,0.9534535158807285,1.4244670174252496,1018,True,True,2024-06-11,0.9534535158807285,LOSS,22.0,crypto
PERP-USD,LONG,2024-10-20,0.72884601354599,0.6409010595761395,0.9047359214856909,1171,False,True,2024-10-21,0.9047359214856909,WIN,1.0,crypto
PERP-USD,SHORT,2025-01-07,0.7337239980697632,0.8738214664200132,0.4535290613692631,1250,False,True,2025-02-03,0.4535290613692631,WIN,27.0,crypto
PERP-USD,SHORT,2025-02-24,0.39892899990081787,0.4932677301869066,0.21025153932864038,1298,False,True,2025-04-03,0.21025153932864038,WIN,38.0,crypto
PERP-USD,LONG,2025-07-07,0.2555229961872101,0.2184626154617969,0.32964375763803644,1431,False,True,2025-07-26,0.32964375763803644,WIN,19.0,crypto
PERP-USD,LONG,2025-09-21,0.33667999505996704,0.30058771658613614,0.40886455200762883,1507,False,True,2025-09-22,0.30058771658613614,LOSS,1.0,crypto
PERP-USD,SHORT,2026-01-13,0.08223000168800354,0.17194820974678848,-0.09720641442956635,1621,False,True,,,OPEN,,crypto
POWR-USD,LONG,2022-03-27,0.5849699974060059,0.5324898750988217,0.6899302420203741,233,False,True,2022-04-01,0.6899302420203741,WIN,5.0,crypto
POWR-USD,LONG,2022-07-10,0.261243999004364,0.21966494359445324,0.34440210982418556,338,False,True,2022-07-13,0.21966494359445324,LOSS,3.0,crypto
POWR-USD,LONG,2022-08-01,0.26275700330734253,0.23244511864997958,0.32338077262206844,360,False,True,2022-08-19,0.23244511864997958,LOSS,18.0,crypto
POWR-USD,LONG,2022-09-11,0.23057299852371216,0.20554423689138912,0.28063052178835823,401,False,True,2022-09-15,0.20554423689138912,LOSS,4.0,crypto
POWR-USD,LONG,2023-04-06,0.20531700551509857,0.18059510943002535,0.254760797685245,608,False,True,2023-04-22,0.18059510943002535,LOSS,16.0,crypto
POWR-USD,SHORT,2023-05-24,0.15143199265003204,0.1648486095126219,0.12459875892485234,656,False,True,2023-06-10,0.12459875892485234,WIN,17.0,crypto
POWR-USD,LONG,2023-07-11,0.1604429930448532,0.14634044921160286,0.18864808071135392,704,False,True,2023-07-13,0.18864808071135392,WIN,2.0,crypto
POWR-USD,LONG,2023-09-20,0.14881600439548492,0.13714463437828164,0.17215874442989149,775,False,True,2023-09-30,0.17215874442989149,WIN,10.0,crypto
POWR-USD,LONG,2023-10-13,0.1612830013036728,0.145370973090175,0.19310705773066839,798,False,True,2023-10-20,0.19310705773066839,WIN,7.0,crypto
POWR-USD,LONG,2024-01-03,0.574038028717041,0.49009511644493464,0.7419238532612538,880,False,True,2024-01-04,0.49009511644493464,LOSS,1.0,crypto
POWR-USD,LONG,2024-03-07,0.39009198546409607,0.3325517861607829,0.5051723840707224,944,False,True,2024-03-11,0.5051723840707224,WIN,4.0,crypto
POWR-USD,SHORT,2024-04-12,0.3393630087375641,0.40531866103430797,0.20745170414407632,980,False,True,2024-06-18,0.20745170414407632,WIN,67.0,crypto
POWR-USD,LONG,2024-09-20,0.21383899450302124,0.1941252247615889,0.25326653398588594,1141,False,True,2024-10-03,0.1941252247615889,LOSS,13.0,crypto
POWR-USD,LONG,2024-10-19,0.23555399477481842,0.21073100861842248,0.2851999670876103,1170,False,True,2024-10-25,0.21073100861842248,LOSS,6.0,crypto
POWR-USD,LONG,2026-03-17,0.06975500285625458,0.06298745999384886,0.08329008858106601,1684,True,True,2026-03-19,0.06298745999384886,LOSS,2.0,crypto
PYTH-USD,LONG,2024-09-19,0.3152579963207245,0.27997436290658206,0.38582526314900933,304,False,True,2024-10-24,0.38582526314900933,WIN,35.0,crypto
PYTH-USD,LONG,2025-05-09,0.1935410052537918,0.16594392529577953,0.24873516516981636,536,False,True,2025-05-15,0.16594392529577953,LOSS,6.0,crypto
PYTH-USD,LONG,2025-07-11,0.11525599658489227,0.09891074301998995,0.14794650371469692,599,False,True,2025-07-20,0.14794650371469692,WIN,9.0,crypto
PYTH-USD,LONG,2025-08-28,0.22951099276542664,0.1951235752985519,0.2982858276991761,647,False,True,2025-08-29,0.1951235752985519,LOSS,1.0,crypto
PYTH-USD,SHORT,2025-10-10,0.11057300120592117,0.14585433627929262,0.040010331059178283,690,False,True,2026-02-05,0.040010331059178283,WIN,118.0,crypto
PYTH-USD,SHORT,2026-03-22,0.03839400038123131,0.04428776907218596,0.026606462999321998,853,False,True,2026-04-07,0.04428776907218596,LOSS,16.0,crypto
PYTH-USD,LONG,2026-04-09,0.047818999737501144,0.042126099706609875,0.05920479979928368,871,False,True,2026-05-08,0.05920479979928368,WIN,29.0,crypto
QNT-USD,LONG,2022-09-24,114.88592529296875,99.55927068880975,145.53923450128676,414,False,True,2022-09-30,145.53923450128676,WIN,6.0,crypto
QNT-USD,SHORT,2022-11-08,149.4530029296875,173.83301595939443,100.69297687027364,459,False,True,2022-11-14,100.69297687027364,WIN,6.0,crypto
QNT-USD,LONG,2023-01-09,120.13947296142578,109.46244991118284,141.49351906191166,521,False,True,2023-01-16,141.49351906191166,WIN,7.0,crypto
QNT-USD,LONG,2023-07-29,111.84140014648438,104.66811187735217,126.18797668474878,722,True,True,2023-08-02,104.66811187735217,LOSS,4.0,crypto
QNT-USD,LONG,2024-02-29,114.89013671875,104.75346576495728,135.16347862633543,937,True,True,2024-03-12,135.16347862633543,WIN,12.0,crypto
QNT-USD,SHORT,2025-04-02,66.42035675048828,75.3813297885359,48.49841067439306,1335,False,True,2025-04-25,75.3813297885359,LOSS,23.0,crypto
QNT-USD,LONG,2025-05-27,111.62500762939453,99.26641318921328,136.34219650975703,1390,False,True,2025-06-17,99.26641318921328,LOSS,21.0,crypto
QNT-USD,LONG,2025-07-21,126.08358001708984,114.38272873538779,149.48528258049396,1445,False,True,2025-08-01,114.38272873538779,LOSS,11.0,crypto
QNT-USD,SHORT,2025-09-22,90.89939880371094,98.55396690381384,75.59026260350512,1508,False,True,2025-09-24,98.55396690381384,LOSS,2.0,crypto
QNT-USD,LONG,2026-01-17,84.35476684570312,75.79473199342151,101.47483655026636,1625,False,True,2026-01-25,75.79473199342151,LOSS,8.0,crypto
QNT-USD,LONG,2026-03-18,73.78211975097656,67.31769170422194,86.7109758444858,1685,False,True,2026-05-04,67.31769170422194,LOSS,47.0,crypto
QTUM-USD,SHORT,2021-12-04,11.527496337890625,14.996459702330249,4.589569609011377,120,False,True,2022-05-09,4.589569609011377,WIN,156.0,crypto
QTUM-USD,LONG,2022-07-18,3.2143290042877197,2.810670704387726,4.021645604087707,346,False,True,2022-07-27,4.021645604087707,WIN,9.0,crypto
QTUM-USD,SHORT,2022-10-13,2.6606740951538086,2.897985353988979,2.186051577483468,433,False,True,2022-10-27,2.897985353988979,LOSS,14.0,crypto
QTUM-USD,LONG,2024-02-15,3.3220760822296143,3.064005797881602,3.838216650925639,923,True,True,2024-03-01,3.838216650925639,WIN,15.0,crypto
QTUM-USD,LONG,2025-04-18,2.1247899532318115,1.8697441233042542,2.634881613086926,1351,False,True,2025-05-12,2.634881613086926,WIN,24.0,crypto
QTUM-USD,LONG,2025-07-09,2.1152238845825195,1.9034683543213466,2.5387349451048653,1433,False,True,2025-07-20,2.5387349451048653,WIN,11.0,crypto
QTUM-USD,LONG,2025-08-22,2.372062921524048,2.0737305043594043,2.968727755853335,1477,False,True,2025-08-24,2.968727755853335,WIN,2.0,crypto
QTUM-USD,SHORT,2025-10-10,1.8124569654464722,2.221700317705552,0.9939702609283128,1526,False,True,2026-02-05,0.9939702609283128,WIN,118.0,crypto
RENDER-USD,LONG,2022-03-28,2.938570976257324,2.4911658731172315,3.8333811825375097,234,False,True,2022-04-07,2.4911658731172315,LOSS,10.0,crypto
RENDER-USD,LONG,2022-07-19,0.6198790073394775,0.49125594350214696,0.8771251350141387,347,False,True,2022-09-05,0.49125594350214696,LOSS,48.0,crypto
RENDER-USD,SHORT,2022-09-16,0.4628159999847412,0.5649966330051469,0.2584547339439298,406,False,True,2022-10-04,0.5649966330051469,LOSS,18.0,crypto
RENDER-USD,LONG,2023-01-12,0.45685699582099915,0.40708500175299345,0.5564009839570105,523,False,True,2023-01-14,0.5564009839570105,WIN,2.0,crypto
RENDER-USD,LONG,2023-04-10,1.4724509716033936,1.2343830837893133,1.9485867472315541,611,False,True,2023-04-17,1.9485867472315541,WIN,7.0,crypto
RENDER-USD,LONG,2023-10-02,1.6947970390319824,1.5477959095048082,1.988799298086331,786,False,True,2023-10-20,1.988799298086331,WIN,18.0,crypto
RENDER-USD,LONG,2024-01-30,4.604896068572998,3.905885814913903,6.002916575891188,906,False,True,2024-02-19,6.002916575891188,WIN,20.0,crypto
RENDER-USD,LONG,2024-05-05,9.872990608215332,8.153543122699855,13.311885579246287,1002,False,True,2024-06-11,8.153543122699855,LOSS,37.0,crypto
RENDER-USD,SHORT,2024-07-04,6.560402870178223,7.744231232976334,4.192746144581999,1062,False,True,2024-08-05,4.192746144581999,WIN,32.0,crypto
RENDER-USD,LONG,2024-09-21,5.616744041442871,4.869617924589114,7.110996275150386,1141,False,True,2024-10-25,4.869617924589114,LOSS,34.0,crypto
RENDER-USD,LONG,2025-01-06,8.888936042785645,7.5523078133377535,11.562192501681427,1248,True,True,2025-01-08,7.5523078133377535,LOSS,2.0,crypto
RENDER-USD,SHORT,2025-02-25,3.660634994506836,4.533857328660099,1.914190326200309,1298,False,True,2025-04-21,4.533857328660099,LOSS,55.0,crypto
RENDER-USD,LONG,2025-07-10,3.6667370796203613,3.2138450971829893,4.572521044495105,1433,False,True,2025-07-21,4.572521044495105,WIN,11.0,crypto
RENDER-USD,LONG,2026-01-03,1.8521610498428345,1.6243862208573467,2.30771070781381,1610,False,True,2026-01-06,2.30771070781381,WIN,3.0,crypto
RENDER-USD,LONG,2026-03-12,1.6890829801559448,1.456955890208831,2.1533371600501723,1678,True,True,2026-05-25,2.1533371600501723,WIN,74.0,crypto
RLC-USD,SHORT,2021-12-04,3.659723997116089,4.719331413162554,1.540509165023158,120,False,True,2022-01-24,1.540509165023158,WIN,51.0,crypto
RLC-USD,LONG,2022-03-23,2.099031925201416,1.8205568687576352,2.6559820380889776,229,False,True,2022-04-11,1.8205568687576352,LOSS,19.0,crypto
RLC-USD,LONG,2022-11-04,1.2707600593566895,1.1252289040912538,1.5618223698875608,455,False,True,2022-11-08,1.1252289040912538,LOSS,4.0,crypto
RLC-USD,LONG,2024-05-09,3.275252103805542,2.697409755174604,4.430936801067418,1007,False,True,2024-06-11,2.697409755174604,LOSS,33.0,crypto
RLC-USD,SHORT,2024-07-04,1.7324600219726562,2.035369689042623,1.1266406878327224,1063,False,True,2024-07-16,2.035369689042623,LOSS,12.0,crypto
RLC-USD,LONG,2024-09-23,1.6566499471664429,1.4802760447489927,2.0093977520013433,1144,False,True,2024-10-01,1.4802760447489927,LOSS,8.0,crypto
RLC-USD,LONG,2024-10-20,1.6787739992141724,1.4762407886221414,2.0838404203982344,1171,False,True,2024-10-25,1.4762407886221414,LOSS,5.0,crypto
RLC-USD,LONG,2024-11-11,1.8654470443725586,1.6467626131802169,2.302815906757242,1193,False,True,2024-11-14,1.6467626131802169,LOSS,3.0,crypto
RLC-USD,LONG,2025-03-17,1.3622839450836182,1.1299990060140455,1.8268538232227636,1319,True,True,2025-04-02,1.1299990060140455,LOSS,16.0,crypto
RLC-USD,LONG,2025-07-13,1.0641239881515503,0.9521054039549842,1.2881611565446824,1437,True,True,2025-07-21,1.2881611565446824,WIN,8.0,crypto
RLC-USD,LONG,2025-08-27,1.6554080247879028,1.4196753925593306,2.1268732892450473,1482,False,True,2025-08-28,1.4196753925593306,LOSS,1.0,crypto
RLC-USD,SHORT,2025-11-04,0.7673259973526001,0.9202174165612598,0.46154315893528075,1551,False,True,2025-11-08,0.9202174165612598,LOSS,4.0,crypto
RLC-USD,LONG,2026-03-16,0.44266700744628906,0.39447851341130435,0.5390439955162585,1683,False,True,2026-03-21,0.39447851341130435,LOSS,5.0,crypto
RLC-USD,LONG,2026-04-19,0.45229798555374146,0.4028268293138444,0.5512402980335356,1717,False,True,2026-06-02,0.4028268293138444,LOSS,44.0,crypto
ROSE-USD,LONG,2022-07-18,0.05718600004911423,0.04914512852959182,0.07326774308815905,346,True,True,2022-07-25,0.04914512852959182,LOSS,7.0,crypto
ROSE-USD,SHORT,2022-10-13,0.05515899881720543,0.06107882191758512,0.04331935261644605,433,False,True,2022-10-25,0.06107882191758512,LOSS,12.0,crypto
ROSE-USD,LONG,2022-10-26,0.06335499882698059,0.05743988230799336,0.07518523186495506,446,False,True,2022-11-02,0.05743988230799336,LOSS,7.0,crypto
ROSE-USD,SHORT,2022-12-12,0.04352099820971489,0.047884020886141895,0.03479495285686088,493,False,True,2022-12-21,0.03479495285686088,WIN,9.0,crypto
ROSE-USD,LONG,2023-01-08,0.0399480015039444,0.03657468681266347,0.046694630886506244,520,True,True,2023-01-14,0.046694630886506244,WIN,6.0,crypto
ROSE-USD,LONG,2023-04-14,0.07119199633598328,0.06379116761374795,0.08599365378045393,616,False,True,2023-04-21,0.06379116761374795,LOSS,7.0,crypto
ROSE-USD,LONG,2023-06-04,0.056977998465299606,0.05185103405680293,0.06723192728229296,667,False,True,2023-06-05,0.05185103405680293,LOSS,1.0,crypto
ROSE-USD,SHORT,2023-06-07,0.04986700043082237,0.05607745524169008,0.03744609080908695,670,False,True,2023-09-11,0.03744609080908695,WIN,96.0,crypto
ROSE-USD,LONG,2023-10-23,0.04493999853730202,0.04211028516770638,0.05059942527649329,808,False,True,2023-10-25,0.05059942527649329,WIN,2.0,crypto
ROSE-USD,LONG,2024-02-27,0.13475599884986877,0.11826034445187819,0.16774730764584994,935,False,True,2024-03-04,0.16774730764584994,WIN,6.0,crypto
ROSE-USD,LONG,2024-05-30,0.09957099705934525,0.0867274987093053,0.12525799375942515,1028,False,True,2024-06-11,0.12525799375942515,WIN,12.0,crypto
ROSE-USD,LONG,2025-07-10,0.028433000668883324,0.024654657622334115,0.03598968676198174,1434,False,True,2025-07-31,0.024654657622334115,LOSS,21.0,crypto
ROSE-USD,LONG,2025-08-13,0.03190699964761734,0.027274559001033167,0.041171880940785686,1468,False,True,2025-08-14,0.027274559001033167,LOSS,1.0,crypto
ROSE-USD,LONG,2025-09-12,0.03029800020158291,0.026493082712736926,0.037907835179274874,1498,False,True,2025-09-22,0.026493082712736926,LOSS,10.0,crypto
ROSE-USD,SHORT,2025-10-10,0.01938300020992756,0.0251456064580936,0.00785778771359548,1526,False,True,2025-11-07,0.0251456064580936,LOSS,28.0,crypto
ROSE-USD,LONG,2026-01-04,0.012540999799966812,0.01092983650415747,0.015763326391585498,1612,False,True,2026-01-19,0.015763326391585498,WIN,15.0,crypto
ROSE-USD,LONG,2026-04-16,0.011744000017642975,0.010299302157351418,0.014633395738226088,1714,False,True,2026-04-25,0.010299302157351418,LOSS,9.0,crypto
ROSE-USD,LONG,2026-05-10,0.01156300026923418,0.010443438119896387,0.013802124567909767,1738,False,True,2026-05-15,0.010443438119896387,LOSS,5.0,crypto
RUNE-USD,SHORT,2021-12-04,8.595670700073242,11.58158684937117,2.6238384014773857,120,False,True,2022-03-29,11.58158684937117,LOSS,115.0,crypto
RUNE-USD,LONG,2022-07-18,2.656550884246826,2.1716243369427017,3.626403978855075,346,False,True,2022-08-19,2.1716243369427017,LOSS,32.0,crypto
RUNE-USD,SHORT,2022-10-13,1.4840060472488403,1.6519864598208094,1.1480452221049022,433,False,True,2022-11-04,1.6519864598208094,LOSS,22.0,crypto
RUNE-USD,LONG,2023-01-09,1.4395220279693604,1.3468129935295852,1.6249400968489107,521,False,True,2023-01-13,1.6249400968489107,WIN,4.0,crypto
RUNE-USD,LONG,2023-04-04,1.5877439975738525,1.4291488847988525,1.9049342231238526,606,False,True,2023-04-21,1.4291488847988525,LOSS,17.0,crypto
RUNE-USD,SHORT,2023-06-05,1.0806139707565308,1.1649999144205967,0.9118420834283989,668,False,True,2023-06-12,0.9118420834283989,WIN,7.0,crypto
RUNE-USD,LONG,2023-08-09,1.0107500553131104,0.952665247092953,1.1269196717534251,733,False,True,2023-08-11,1.1269196717534251,WIN,2.0,crypto
RUNE-USD,LONG,2024-02-09,5.250208854675293,4.6305670005124515,6.489492563000976,917,False,True,2024-03-05,4.6305670005124515,LOSS,25.0,crypto
RUNE-USD,LONG,2024-03-07,6.975467205047607,5.924259079170904,9.077883456801015,944,False,True,2024-03-11,9.077883456801015,WIN,4.0,crypto
RUNE-USD,LONG,2024-05-09,6.290852069854736,5.304711306462923,8.263133596638363,1007,False,True,2024-06-07,5.304711306462923,LOSS,29.0,crypto
RUNE-USD,SHORT,2024-07-05,3.3597590923309326,3.961994417046535,2.155288442899728,1064,False,True,2024-07-15,3.961994417046535,LOSS,10.0,crypto
RUNE-USD,LONG,2024-09-19,4.452838897705078,3.8651111763087402,5.628294340497754,1140,False,True,2024-09-26,5.628294340497754,WIN,7.0,crypto
RUNE-USD,LONG,2024-10-28,5.969726085662842,5.186618916721139,7.535940423546247,1179,False,True,2024-11-03,5.186618916721139,LOSS,6.0,crypto
RUNE-USD,LONG,2024-12-02,6.478544235229492,5.44791506181849,8.539802582051497,1214,False,True,2024-12-19,5.44791506181849,LOSS,17.0,crypto
RUNE-USD,LONG,2025-05-10,1.7408150434494019,1.5338418019667845,2.1547615264146365,1373,False,True,2025-05-22,2.1547615264146365,WIN,12.0,crypto
RUNE-USD,LONG,2025-07-11,1.5096930265426636,1.3436079422659752,1.8418631950960402,1435,True,True,2025-07-30,1.3436079422659752,LOSS,19.0,crypto
RUNE-USD,SHORT,2025-09-25,1.1043059825897217,1.223204486350804,0.866508975067557,1511,False,True,2025-10-02,1.223204486350804,LOSS,7.0,crypto
RUNE-USD,SHORT,2025-10-10,0.8642659783363342,1.041016772703877,0.5107643896012486,1526,False,True,2026-01-30,0.5107643896012486,WIN,112.0,crypto
RUNE-USD,LONG,2026-03-05,0.43865200877189636,0.3927349566633142,0.5304861129890607,1672,False,True,2026-03-27,0.3927349566633142,LOSS,22.0,crypto
RUNE-USD,LONG,2026-04-17,0.43206900358200073,0.4004608965191161,0.49528521770777,1715,False,True,2026-04-22,0.49528521770777,WIN,5.0,crypto
RVN-USD,LONG,2022-03-23,0.06291700154542923,0.053510378157404545,0.0817302483214786,229,True,True,2022-04-11,0.053510378157404545,LOSS,19.0,crypto
RVN-USD,LONG,2022-07-18,0.02810399979352951,0.024320841128247353,0.035670317124093825,346,False,True,2022-07-26,0.024320841128247353,LOSS,8.0,crypto
RVN-USD,SHORT,2022-11-08,0.025283999741077423,0.029952474719163104,0.01594704978490606,459,False,True,2023-01-20,0.029952474719163104,LOSS,73.0,crypto
RVN-USD,SHORT,2023-06-05,0.019123999401926994,0.020798382184449102,0.015775233836882778,668,False,True,2023-06-10,0.015775233836882778,WIN,5.0,crypto
RVN-USD,SHORT,2024-01-03,0.01999799907207489,0.022837202236673765,0.01431959274287714,880,True,True,2024-02-18,0.022837202236673765,LOSS,46.0,crypto
RVN-USD,SHORT,2024-06-07,0.026321999728679657,0.02966808175823841,0.019629835669562154,1036,False,True,2024-06-18,0.019629835669562154,WIN,11.0,crypto
RVN-USD,LONG,2024-10-20,0.018554000183939934,0.016693264113126067,0.022275472325567668,1171,False,True,2024-10-23,0.016693264113126067,LOSS,3.0,crypto
RVN-USD,LONG,2024-10-24,0.021045999601483345,0.01865511449056252,0.025827769823324992,1175,False,True,2024-10-25,0.01865511449056252,LOSS,1.0,crypto
RVN-USD,SHORT,2025-09-22,0.011927999556064606,0.01303476979866456,0.009714459070864698,1508,False,True,2025-10-10,0.009714459070864698,WIN,18.0,crypto
RVN-USD,SHORT,2025-11-03,0.008856000378727913,0.010103781467801486,0.006360438200580767,1550,False,True,2025-11-05,0.010103781467801486,LOSS,2.0,crypto
RVN-USD,LONG,2026-04-17,0.006128999870270491,0.005644567322004347,0.007097864966802777,1715,False,True,2026-05-15,0.005644567322004347,LOSS,28.0,crypto
SAND-USD,LONG,2021-12-25,6.706561088562012,5.352831596576423,9.414020072533189,141,False,True,2022-01-05,5.352831596576423,LOSS,11.0,crypto
SAND-USD,LONG,2022-03-24,3.461000919342041,3.027110715017194,4.328781327991735,230,False,True,2022-04-06,3.027110715017194,LOSS,13.0,crypto
SAND-USD,LONG,2022-10-30,0.8626959919929504,0.7766005782240204,1.0348868195308105,450,False,True,2022-11-08,0.7766005782240204,LOSS,9.0,crypto
SAND-USD,LONG,2023-02-07,0.9076949954032898,0.7770698733072002,1.168945239595469,550,False,True,2023-02-09,0.7770698733072002,LOSS,2.0,crypto
SAND-USD,LONG,2023-04-14,0.6895779967308044,0.62114248608719,0.8264490180180333,616,False,True,2023-04-20,0.62114248608719,LOSS,6.0,crypto
SAND-USD,LONG,2023-07-13,0.4798940122127533,0.4320609284099125,0.5755601798184349,706,False,True,2023-07-24,0.4320609284099125,LOSS,11.0,crypto
SAND-USD,LONG,2024-02-15,0.49337801337242126,0.45241699394936,0.5753000522185437,923,False,True,2024-02-28,0.5753000522185437,WIN,13.0,crypto
SAND-USD,LONG,2024-05-20,0.4669179916381836,0.41518008782147925,0.5703937992715923,1018,True,True,2024-06-07,0.41518008782147925,LOSS,18.0,crypto
SAND-USD,SHORT,2024-06-10,0.4133079946041107,0.4630000127944623,0.3139239582234076,1039,False,True,2024-06-18,0.3139239582234076,WIN,8.0,crypto
SAND-USD,SHORT,2025-02-25,0.3072659969329834,0.3752252143628792,0.1713475620731918,1299,False,True,2025-05-14,0.3752252143628792,LOSS,78.0,crypto
SAND-USD,LONG,2025-07-10,0.2874409854412079,0.25825054419300875,0.34582186793760616,1434,False,True,2025-07-18,0.34582186793760616,WIN,8.0,crypto
SAND-USD,SHORT,2025-10-10,0.18655699491500854,0.2343406170937421,0.09098975055754144,1526,False,True,2025-10-13,0.2343406170937421,LOSS,3.0,crypto
SAND-USD,SHORT,2025-11-03,0.18194200098514557,0.2129143368276503,0.11999732930013612,1550,False,True,2025-11-07,0.2129143368276503,LOSS,4.0,crypto
SAND-USD,LONG,2026-01-05,0.12626999616622925,0.11276894684441278,0.15327209480986217,1613,True,True,2026-01-12,0.11276894684441278,LOSS,7.0,crypto
SAND-USD,LONG,2026-01-17,0.1500609964132309,0.13165823804054214,0.18686651315860842,1625,False,True,2026-01-25,0.13165823804054214,LOSS,8.0,crypto
SAND-USD,LONG,2026-04-16,0.08408399671316147,0.07580483654691167,0.10064231704566107,1714,False,True,2026-04-23,0.07580483654691167,LOSS,7.0,crypto
SAND-USD,SHORT,2026-04-29,0.07234500348567963,0.08107566438660055,0.05488368168383778,1727,False,True,2026-05-08,0.08107566438660055,LOSS,9.0,crypto
SC-USD,LONG,2021-11-26,0.02590000070631504,0.021799041508615564,0.03410191910171399,112,False,True,2021-12-03,0.021799041508615564,LOSS,7.0,crypto
SC-USD,LONG,2022-07-18,0.0042860000394284725,0.0037240148802769307,0.005409970357731556,346,False,True,2022-09-07,0.0037240148802769307,LOSS,51.0,crypto
SC-USD,SHORT,2022-10-13,0.0032470000442117453,0.0035042266602124082,0.0027325468122104193,433,False,True,2022-11-05,0.0035042266602124082,LOSS,23.0,crypto
SC-USD,SHORT,2022-11-08,0.0028699999675154686,0.00318233546913902,0.002245328964268366,459,False,True,2022-11-14,0.002245328964268366,WIN,6.0,crypto
SC-USD,LONG,2022-12-13,0.003186000045388937,0.002757400365287259,0.004043199405592293,494,False,True,2022-12-15,0.002757400365287259,LOSS,2.0,crypto
SC-USD,LONG,2023-04-06,0.00443999981507659,0.003920543734794687,0.005478911975640394,608,False,True,2023-04-20,0.003920543734794687,LOSS,14.0,crypto
SC-USD,SHORT,2023-06-05,0.003010000102221966,0.0032498372688614346,0.002530325768943028,668,False,True,2023-06-25,0.0032498372688614346,LOSS,20.0,crypto
SC-USD,LONG,2023-07-29,0.0037150001153349876,0.0033746885259864404,0.004395623294032082,722,False,True,2023-08-01,0.0033746885259864404,LOSS,3.0,crypto
SC-USD,LONG,2023-08-04,0.003711000084877014,0.0033621504954271216,0.004408699263776799,728,False,True,2023-08-05,0.004408699263776799,WIN,1.0,crypto
SC-USD,LONG,2023-10-23,0.0031679999083280563,0.0029745386562116884,0.0035549224125607922,808,False,True,2023-10-31,0.0035549224125607922,WIN,8.0,crypto
SC-USD,LONG,2024-02-15,0.011226999573409557,0.009634462726108009,0.014412073268012655,923,False,True,2024-02-17,0.014412073268012655,WIN,2.0,crypto
SC-USD,LONG,2024-09-20,0.004602999892085791,0.004123377122304095,0.005562245431649182,1141,False,True,2024-10-20,0.005562245431649182,WIN,30.0,crypto
SC-USD,LONG,2025-01-10,0.006341999862343073,0.005385053626489738,0.008255892334049744,1253,False,True,2025-01-13,0.005385053626489738,LOSS,3.0,crypto
SC-USD,SHORT,2025-09-22,0.0027389999013394117,0.002927738464462606,0.002361522775093023,1508,False,True,2025-10-10,0.002361522775093023,WIN,18.0,crypto
SEI-USD,LONG,2024-02-14,0.8789420127868652,0.7448026955587594,1.1472206472430768,180,False,True,2024-03-05,0.7448026955587594,LOSS,20.0,crypto
SEI-USD,LONG,2024-03-15,1.0464799404144287,0.8385312026797784,1.4623774158837293,210,False,True,2024-03-17,0.8385312026797784,LOSS,2.0,crypto
SEI-USD,LONG,2024-09-19,0.3355239927768707,0.284516977091328,0.4375380241479562,398,False,True,2024-09-25,0.4375380241479562,WIN,6.0,crypto
SEI-USD,SHORT,2025-04-02,0.1643889993429184,0.1925886986782105,0.10798960067233421,593,False,True,2025-04-23,0.1925886986782105,LOSS,21.0,crypto
SEI-USD,SHORT,2025-06-17,0.16666699945926666,0.1916527785360601,0.11669544130567977,669,False,True,2025-06-19,0.1916527785360601,LOSS,2.0,crypto
SEI-USD,LONG,2025-06-23,0.2449609935283661,0.20897355096434225,0.31693587865641376,675,True,True,2025-06-25,0.31693587865641376,WIN,2.0,crypto
SEI-USD,LONG,2025-08-13,0.3574390113353729,0.30659275452532375,0.45913152495547127,726,False,True,2025-08-19,0.30659275452532375,LOSS,6.0,crypto
SEI-USD,SHORT,2025-10-10,0.21219399571418762,0.2701686267393081,0.0962447336639467,784,False,True,2026-01-30,0.0962447336639467,WIN,112.0,crypto
SEI-USD,LONG,2026-04-22,0.061115000396966934,0.054942023865939056,0.07346095345902269,978,False,True,2026-05-10,0.07346095345902269,WIN,18.0,crypto
SHIB-USD,SHORT,2022-01-21,2.2000000171829015e-05,2.715330156063146e-05,1.1693397394224127e-05,168,False,True,2022-02-06,2.715330156063146e-05,LOSS,16.0,crypto
SHIB-USD,LONG,2022-03-24,2.499999936844688e-05,2.1863116794753377e-05,3.127376451583388e-05,230,False,True,2022-04-30,2.1863116794753377e-05,LOSS,37.0,crypto
SHIB-USD,LONG,2022-08-14,1.700000029813964e-05,1.5330223380736777e-05,2.0339554132945363e-05,373,False,True,2022-08-15,1.5330223380736777e-05,LOSS,1.0,crypto
SHIB-USD,SHORT,2022-12-19,7.999999979801942e-06,8.63876669518304e-06,6.7224665490397454e-06,500,False,True,2023-01-05,8.63876669518304e-06,LOSS,17.0,crypto
SHIB-USD,LONG,2023-01-09,9.000000318337698e-06,8.503229944377344e-06,9.993541066258404e-06,521,False,True,2023-01-10,9.993541066258404e-06,WIN,1.0,crypto
SHIB-USD,SHORT,2023-06-05,7.999999979801942e-06,8.784087514040471e-06,6.431824911324883e-06,668,False,True,2023-06-10,6.431824911324883e-06,WIN,5.0,crypto
SHIB-USD,LONG,2023-07-29,9.000000318337698e-06,8.510667071501738e-06,9.978666812009616e-06,722,False,True,2023-07-30,8.510667071501738e-06,LOSS,1.0,crypto
SHIB-USD,LONG,2023-08-04,9.000000318337698e-06,8.338623441184312e-06,1.032275407264447e-05,728,False,True,2023-08-11,1.032275407264447e-05,WIN,7.0,crypto
SHIB-USD,LONG,2023-10-25,7.999999979801942e-06,7.604089462321483e-06,8.79182101476286e-06,810,False,True,2023-11-06,8.79182101476286e-06,WIN,12.0,crypto
SHIB-USD,LONG,2024-02-12,9.999999747378752e-06,9.27184229988774e-06,1.1456314642360774e-05,920,False,True,2024-02-13,9.27184229988774e-06,LOSS,1.0,crypto
SHIB-USD,LONG,2024-02-14,9.999999747378752e-06,9.096639656592028e-06,1.1806719928952199e-05,922,False,True,2024-02-17,9.096639656592028e-06,LOSS,3.0,crypto
SHIB-USD,LONG,2024-09-26,1.8999999156221747e-05,1.692622047658078e-05,2.3147556515503684e-05,1147,False,True,2024-10-01,1.692622047658078e-05,LOSS,5.0,crypto
SHIB-USD,LONG,2024-11-09,1.9999999494757503e-05,1.7680306194733593e-05,2.4639386094805323e-05,1191,False,True,2024-11-10,2.4639386094805323e-05,WIN,1.0,crypto
SHIB-USD,SHORT,2025-02-25,1.4000000192027073e-05,1.6402713535898132e-05,9.194573504284956e-06,1299,False,True,2025-05-10,1.6402713535898132e-05,LOSS,74.0,crypto
SHIB-USD,LONG,2025-07-10,1.2999999853491317e-05,1.1635346974538419e-05,1.5729305611397115e-05,1434,False,True,2025-07-18,1.5729305611397115e-05,WIN,8.0,crypto
SHIB-USD,LONG,2025-09-12,1.4000000192027073e-05,1.2902130764644766e-05,1.6195739046791687e-05,1498,False,True,2025-09-22,1.2902130764644766e-05,LOSS,10.0,crypto
SHIB-USD,SHORT,2025-10-10,9.999999747378752e-06,1.1590361108794025e-05,6.819277024548205e-06,1526,False,True,2026-01-31,6.819277024548205e-06,WIN,113.0,crypto
SHIB-USD,LONG,2026-05-10,7.000000096013537e-06,6.5419570105865e-06,7.91608626686761e-06,1738,False,True,2026-05-11,6.5419570105865e-06,LOSS,1.0,crypto
SKL-USD,LONG,2022-03-22,0.13501299917697906,0.11338962591651525,0.1782597456979067,228,False,True,2022-03-26,0.1782597456979067,WIN,4.0,crypto
SKL-USD,LONG,2022-07-18,0.05494999885559082,0.04496959735775541,0.07491080185126164,346,True,True,2022-08-11,0.07491080185126164,WIN,24.0,crypto
SKL-USD,SHORT,2022-09-13,0.04428999871015549,0.051928452314753064,0.029013091500960334,403,False,True,2022-11-09,0.029013091500960334,WIN,57.0,crypto
SKL-USD,SHORT,2022-12-13,0.02463199943304062,0.02746244573015995,0.01897110683880196,494,False,True,2023-01-13,0.02746244573015995,LOSS,31.0,crypto
SKL-USD,LONG,2023-04-16,0.050585001707077026,0.04427595733640851,0.06320309044841406,618,False,True,2023-04-19,0.04427595733640851,LOSS,3.0,crypto
SKL-USD,LONG,2023-06-02,0.03475299850106239,0.0317931222113755,0.04067275108043618,665,False,True,2023-06-05,0.0317931222113755,LOSS,3.0,crypto
SKL-USD,LONG,2024-02-15,0.09300699830055237,0.080329959361278,0.1183610761791011,923,False,True,2024-03-02,0.1183610761791011,WIN,16.0,crypto
SKL-USD,LONG,2024-05-21,0.09146600216627121,0.07809389650983811,0.1182102134791374,1019,False,True,2024-06-02,0.07809389650983811,LOSS,12.0,crypto
SKL-USD,LONG,2024-08-01,0.05538399890065193,0.04731218383618261,0.07152762902959058,1091,False,True,2024-08-03,0.04731218383618261,LOSS,2.0,crypto
SKL-USD,SHORT,2024-08-05,0.03275400027632713,0.04319174744528958,0.011878505938402242,1095,False,True,2024-09-27,0.04319174744528958,LOSS,53.0,crypto
SKL-USD,LONG,2025-01-27,0.056887999176979065,0.04560116567006544,0.07946166619080632,1270,True,True,2025-02-02,0.04560116567006544,LOSS,6.0,crypto
SKL-USD,LONG,2025-04-22,0.024677999317646027,0.020502087748246918,0.033029822456444244,1355,False,True,2025-05-06,0.020502087748246918,LOSS,14.0,crypto
SKL-USD,LONG,2025-07-11,0.02039800025522709,0.01760502976585492,0.02598394123397143,1435,False,True,2025-07-20,0.02598394123397143,WIN,9.0,crypto
SKL-USD,LONG,2025-08-13,0.029413999989628792,0.025091053572143213,0.03805989282459995,1468,False,True,2025-08-14,0.03805989282459995,WIN,1.0,crypto
SKL-USD,LONG,2026-01-06,0.011489000171422958,0.010162124557263669,0.014142751399741537,1614,True,True,2026-01-11,0.010162124557263669,LOSS,5.0,crypto
SNX-USD,LONG,2022-03-18,5.03774881362915,4.201794021642105,6.709658397603242,224,False,True,2022-03-31,6.709658397603242,WIN,13.0,crypto
SNX-USD,LONG,2022-10-26,2.4382190704345703,2.14775328924858,3.019150632806551,446,True,True,2022-11-08,2.14775328924858,LOSS,13.0,crypto
SNX-USD,LONG,2022-12-06,1.901980996131897,1.6606325659081695,2.384677856579352,487,False,True,2022-12-16,1.6606325659081695,LOSS,10.0,crypto
SNX-USD,LONG,2023-01-07,1.6894049644470215,1.5303116202480473,2.0075916528449698,519,False,True,2023-01-14,2.0075916528449698,WIN,7.0,crypto
SNX-USD,LONG,2023-03-01,3.028157949447632,2.562015448320725,3.9604429517014452,572,False,True,2023-03-09,2.562015448320725,LOSS,8.0,crypto
SNX-USD,LONG,2023-04-18,3.0184218883514404,2.666432538571004,3.722400587912313,620,False,True,2023-04-21,2.666432538571004,LOSS,3.0,crypto
SNX-USD,SHORT,2023-06-05,2.2396469116210938,2.4809567803750396,1.757027174113202,668,False,True,2023-06-10,1.757027174113202,WIN,5.0,crypto
SNX-USD,LONG,2023-09-06,2.2853689193725586,2.0229449494194327,2.8102168592788104,761,False,True,2023-09-23,2.0229449494194327,LOSS,17.0,crypto
SNX-USD,LONG,2024-02-12,3.6247448921203613,3.2854586982554936,4.303317279850097,920,False,True,2024-02-29,4.303317279850097,WIN,17.0,crypto
SNX-USD,SHORT,2024-07-04,1.6475249528884888,1.9098818944992062,1.122811069667054,1063,False,True,2024-07-15,1.9098818944992062,LOSS,11.0,crypto
SNX-USD,LONG,2024-09-19,1.490983009338379,1.3073009040661678,1.858347219882801,1140,False,True,2024-10-03,1.3073009040661678,LOSS,14.0,crypto
SNX-USD,LONG,2024-10-20,1.620602011680603,1.4531249939125905,1.955556047216628,1171,False,True,2024-10-23,1.4531249939125905,LOSS,3.0,crypto
SNX-USD,LONG,2025-07-11,0.6542879939079285,0.5777505500743114,0.8073628815751626,1435,False,True,2025-08-01,0.5777505500743114,LOSS,21.0,crypto
SNX-USD,LONG,2025-08-26,0.7775269746780396,0.6563293403575982,1.0199222433189223,1481,False,True,2025-09-01,0.6563293403575982,LOSS,6.0,crypto
SNX-USD,SHORT,2025-09-22,0.6241629719734192,0.7047406511322797,0.4630076136556982,1508,False,True,2025-09-23,0.7047406511322797,LOSS,1.0,crypto
SNX-USD,LONG,2025-09-24,0.912693977355957,0.7855955707064252,1.1668907906550208,1510,False,True,2025-09-25,0.7855955707064252,LOSS,1.0,crypto
SNX-USD,LONG,2026-01-06,0.5341650247573853,0.4685260614608721,0.6654429513504115,1614,True,True,2026-01-11,0.4685260614608721,LOSS,5.0,crypto
SNX-USD,LONG,2026-04-17,0.3076930046081543,0.2775389087414025,0.36800119634165784,1715,False,True,2026-05-08,0.36800119634165784,WIN,21.0,crypto
SOL-USD,LONG,2022-03-24,102.22369384765625,89.66149447821515,127.34809258653846,230,False,True,2022-03-31,127.34809258653846,WIN,7.0,crypto
SOL-USD,LONG,2022-07-18,43.746158599853516,37.301174465519644,56.63612686852126,346,True,True,2022-07-25,37.301174465519644,LOSS,7.0,crypto
SOL-USD,LONG,2022-09-12,37.4241828918457,33.137853517580666,45.99684164037578,402,False,True,2022-09-13,33.137853517580666,LOSS,1.0,crypto
SOL-USD,SHORT,2022-10-13,30.544519424438477,33.77640414014449,24.080749993026444,433,False,True,2022-10-31,33.77640414014449,LOSS,18.0,crypto
SOL-USD,LONG,2023-04-11,23.018827438354492,20.657163322504275,27.742155670054927,613,False,True,2023-04-26,20.657163322504275,LOSS,15.0,crypto
SOL-USD,SHORT,2023-06-07,18.6342830657959,20.727370408546918,14.44810838029386,670,False,True,2023-06-10,14.44810838029386,WIN,3.0,crypto
SOL-USD,SHORT,2023-08-17,21.70997428894043,24.25451271515952,16.620897436502247,741,False,True,2023-10-01,24.25451271515952,LOSS,45.0,crypto
SOL-USD,LONG,2024-02-28,118.05220031738281,105.52159901879264,143.11340291456315,936,False,True,2024-03-07,143.11340291456315,WIN,8.0,crypto
SOL-USD,LONG,2024-09-20,146.56680297851562,131.50851833756116,176.68337226042456,1141,False,True,2024-10-24,176.68337226042456,WIN,34.0,crypto
SOL-USD,SHORT,2025-04-02,117.75762939453125,136.71524053663273,79.84240711032828,1335,False,True,2025-04-19,136.71524053663273,LOSS,17.0,crypto
SOL-USD,LONG,2025-05-08,163.96078491210938,149.35408340774438,193.17418792083936,1371,False,True,2025-06-05,149.35408340774438,LOSS,28.0,crypto
SOL-USD,LONG,2025-09-12,242.30328369140625,220.98783598873183,284.9341790967551,1498,False,True,2025-09-22,220.98783598873183,LOSS,10.0,crypto
SOL-USD,SHORT,2025-11-04,155.40318298339844,180.44390030585012,105.32174833849507,1551,False,True,2026-01-31,105.32174833849507,WIN,88.0,crypto
SOL-USD,LONG,2026-03-16,96.22372436523438,85.94009993792241,116.7909732198583,1683,False,True,2026-03-22,85.94009993792241,LOSS,6.0,crypto
STEEM-USD,LONG,2021-11-26,0.7026810050010681,0.597204552757093,0.9136339094890182,112,False,True,2021-12-03,0.597204552757093,LOSS,7.0,crypto
STEEM-USD,LONG,2022-03-23,0.36330699920654297,0.3339268908598706,0.4220672158998877,229,False,True,2022-03-27,0.4220672158998877,WIN,4.0,crypto
STEEM-USD,LONG,2022-07-09,0.25571000576019287,0.19794429816073575,0.3712414209591071,337,False,True,2022-11-08,0.19794429816073575,LOSS,122.0,crypto
STEEM-USD,LONG,2023-04-06,0.25240400433540344,0.21364758314156734,0.32991684672307564,608,False,True,2023-04-12,0.21364758314156734,LOSS,6.0,crypto
STEEM-USD,SHORT,2023-06-05,0.17722199857234955,0.19031066583287842,0.1510446640512918,668,False,True,2023-06-15,0.1510446640512918,WIN,10.0,crypto
STEEM-USD,LONG,2023-07-11,0.2016420066356659,0.17397677629585132,0.25697246731529505,704,False,True,2023-07-12,0.25697246731529505,WIN,1.0,crypto
STEEM-USD,LONG,2024-01-02,0.26695701479911804,0.24251682276756004,0.31583739886223405,879,False,True,2024-01-03,0.24251682276756004,LOSS,1.0,crypto
STEEM-USD,LONG,2024-05-28,0.2910110056400299,0.25579194630033947,0.3614491243194108,1026,False,True,2024-06-07,0.25579194630033947,LOSS,10.0,crypto
STEEM-USD,SHORT,2024-08-02,0.173008993268013,0.19574571284903997,0.12753555410595907,1092,False,True,2024-08-05,0.12753555410595907,WIN,3.0,crypto
STEEM-USD,LONG,2024-09-19,0.17867699265480042,0.16162581489356181,0.21277934817727762,1140,False,True,2024-10-03,0.16162581489356181,LOSS,14.0,crypto
STEEM-USD,SHORT,2025-08-19,0.1261810064315796,0.13904019005080698,0.10046263919312481,1474,False,True,2025-08-23,0.13904019005080698,LOSS,4.0,crypto
STEEM-USD,SHORT,2025-09-22,0.12183400243520737,0.13104899297909786,0.10340402134742638,1508,False,True,2025-10-10,0.10340402134742638,WIN,18.0,crypto
STORJ-USD,LONG,2022-11-01,0.45148101449012756,0.407786669943515,0.5388697035833527,452,True,True,2022-11-08,0.407786669943515,LOSS,7.0,crypto
STORJ-USD,LONG,2023-04-01,0.3990330100059509,0.34654786791336806,0.5040032941911167,603,False,True,2023-04-23,0.34654786791336806,LOSS,22.0,crypto
STORJ-USD,SHORT,2023-06-05,0.27246999740600586,0.2961820400150943,0.225045912187829,668,False,True,2023-06-07,0.2961820400150943,LOSS,2.0,crypto
STORJ-USD,SHORT,2023-06-10,0.2338699996471405,0.27605547498967264,0.14949904896207622,673,False,True,2023-06-24,0.27605547498967264,LOSS,14.0,crypto
STORJ-USD,LONG,2023-09-09,0.2781729996204376,0.24815561712676212,0.3382077646077886,764,True,True,2023-09-13,0.3382077646077886,WIN,4.0,crypto
STORJ-USD,LONG,2023-12-05,0.8006880283355713,0.6672370290962913,1.0675900268141312,851,False,True,2023-12-11,0.6672370290962913,LOSS,6.0,crypto
STORJ-USD,LONG,2023-12-14,0.8627359867095947,0.7282712970544334,1.1316653660199174,860,False,True,2023-12-21,1.1316653660199174,WIN,7.0,crypto
STORJ-USD,LONG,2024-02-17,0.7246890068054199,0.6428493259545268,0.8883683685072061,925,False,True,2024-03-08,0.8883683685072061,WIN,20.0,crypto
STORJ-USD,LONG,2024-05-20,0.5673350095748901,0.49768833707875293,0.7066283545671646,1018,True,True,2024-06-07,0.49768833707875293,LOSS,18.0,crypto
STORJ-USD,LONG,2024-09-19,0.4034779965877533,0.3535615492165778,0.5033108913301043,1140,False,True,2024-10-15,0.5033108913301043,WIN,26.0,crypto
STORJ-USD,LONG,2025-01-06,0.5739709734916687,0.48061452985190206,0.760683860771202,1249,False,True,2025-01-13,0.48061452985190206,LOSS,7.0,crypto
STORJ-USD,SHORT,2025-06-21,0.2293979972600937,0.25803746019282786,0.17211907139462534,1415,False,True,2025-07-09,0.25803746019282786,LOSS,18.0,crypto
STORJ-USD,LONG,2025-07-11,0.2859100103378296,0.2600112447856615,0.33770754144216575,1435,False,True,2025-08-01,0.2600112447856615,LOSS,21.0,crypto
STORJ-USD,SHORT,2025-09-22,0.23357300460338593,0.2554692413606764,0.189780531088805,1508,False,True,2025-10-10,0.189780531088805,WIN,18.0,crypto
STORJ-USD,LONG,2026-03-19,0.10416799783706665,0.09356152490305684,0.12538094370508626,1686,True,True,2026-03-22,0.09356152490305684,LOSS,3.0,crypto
STORJ-USD,LONG,2026-04-16,0.10433100163936615,0.09549636920046578,0.12200026651716689,1714,False,True,2026-04-29,0.09549636920046578,LOSS,13.0,crypto
STORJ-USD,LONG,2026-05-06,0.11532799899578094,0.1025387871955421,0.14090642259625863,1734,False,True,2026-05-15,0.1025387871955421,LOSS,9.0,crypto
STORJ-USD,SHORT,2026-07-27,0.0605660006403923,0.06835083089911036,0.0449963401229562,1816,False,True,2026-08-02,0.0449963401229562,WIN,6.0,crypto
STX-USD,LONG,2021-12-27,2.6141550540924072,2.179571981815937,3.4833211986453474,143,False,True,2021-12-29,2.179571981815937,LOSS,2.0,crypto
STX-USD,SHORT,2022-04-29,1.008270025253296,1.155268038694871,0.7142739983701456,266,False,True,2022-05-09,0.7142739983701456,WIN,10.0,crypto
STX-USD,LONG,2022-07-19,0.44877898693084717,0.3867567450921919,0.5728234706081577,347,False,True,2022-07-26,0.3867567450921919,LOSS,7.0,crypto
STX-USD,SHORT,2023-06-30,0.0037620000075548887,0.004718445727398493,0.0018491085678676803,693,False,True,2023-07-01,0.004718445727398493,LOSS,1.0,crypto
STX-USD,SHORT,2023-10-16,0.003478999948129058,0.004373453916827871,0.001690092010731432,801,False,True,2023-12-08,0.004373453916827871,LOSS,53.0,crypto
STX-USD,LONG,2024-05-07,0.015100999735295773,0.011063651704779671,0.023175695796327975,1005,True,True,2024-05-08,0.011063651704779671,LOSS,1.0,crypto
STX-USD,SHORT,2024-09-12,0.004848000127822161,0.005323667348071391,0.0038966656873237002,1133,False,True,2024-09-15,0.005323667348071391,LOSS,3.0,crypto
STX-USD,LONG,2024-09-17,0.007172000128775835,0.005660666446047945,0.010194667494231615,1138,False,True,2024-09-18,0.005660666446047945,LOSS,1.0,crypto
SUI-USD,LONG,2022-07-08,0.002701000077649951,0.002368826318123914,0.003365347596702025,112,False,True,2022-07-23,0.003365347596702025,WIN,15.0,crypto
SUI-USD,LONG,2022-10-02,0.0040480000898242,0.0037189562047778295,0.00470608785991694,198,False,True,2022-10-13,0.0037189562047778295,LOSS,11.0,crypto
SUI-USD,SHORT,2022-12-16,0.00419999985024333,0.004838016339690135,0.00292396687134972,273,False,True,2023-01-07,0.004838016339690135,LOSS,22.0,crypto
SUI-USD,LONG,2023-04-15,0.012264000251889229,0.01138860032496495,0.014014800105737787,393,False,True,2023-05-01,0.014014800105737787,WIN,16.0,crypto
SUI-USD,SHORT,2023-07-26,0.004993999842554331,0.0058748594972855735,0.0032322805330918455,495,False,True,2023-12-13,0.0032322805330918455,WIN,140.0,crypto
SUI-USD,SHORT,2024-04-12,0.0002610000083222985,0.0004902384772741178,-0.0001974769295813401,756,False,True,2024-04-24,0.0004902384772741178,LOSS,12.0,crypto
SYS-USD,SHORT,2022-02-20,0.5735599994659424,0.7346703324342171,0.25133933352939297,198,False,True,2022-05-10,0.25133933352939297,WIN,79.0,crypto
SYS-USD,LONG,2022-07-08,0.1660120040178299,0.1342973806913082,0.2294412506708733,336,False,True,2022-08-28,0.1342973806913082,LOSS,51.0,crypto
SYS-USD,LONG,2023-01-10,0.11206799745559692,0.10401338107245477,0.12817723022188124,522,False,True,2023-01-14,0.12817723022188124,WIN,4.0,crypto
SYS-USD,LONG,2023-04-16,0.1746470034122467,0.15758521605860853,0.20877057811952304,618,False,True,2023-04-21,0.15758521605860853,LOSS,5.0,crypto
SYS-USD,LONG,2023-06-01,0.1327899992465973,0.11844464047202001,0.16148071679575185,664,False,True,2023-06-05,0.11844464047202001,LOSS,4.0,crypto
SYS-USD,LONG,2023-10-24,0.08749499917030334,0.08067057133596267,0.10114385483898469,809,False,True,2023-10-31,0.10114385483898469,WIN,7.0,crypto
SYS-USD,LONG,2024-02-10,0.12859399616718292,0.11474037238616913,0.1563012437292105,918,True,True,2024-02-26,0.1563012437292105,WIN,16.0,crypto
SYS-USD,LONG,2024-09-27,0.12215700000524521,0.1029624861178287,0.16054602778007823,1148,False,True,2024-10-01,0.1029624861178287,LOSS,4.0,crypto
SYS-USD,LONG,2024-10-24,0.10896799713373184,0.09388762923826816,0.13912873292465922,1175,False,True,2024-10-25,0.09388762923826816,LOSS,1.0,crypto
SYS-USD,SHORT,2025-02-25,0.060054998844861984,0.07173555574559962,0.03669388504338672,1299,False,True,2025-04-03,0.03669388504338672,WIN,37.0,crypto
SYS-USD,LONG,2025-07-10,0.04137999936938286,0.03603525305967663,0.05206949198879532,1434,False,True,2025-07-20,0.05206949198879532,WIN,10.0,crypto
SYS-USD,LONG,2026-01-05,0.020413000136613846,0.018292075016557014,0.02465485037672751,1613,False,True,2026-01-25,0.018292075016557014,LOSS,20.0,crypto
SYS-USD,LONG,2026-05-11,0.010924999602138996,0.009557228201398761,0.013660542403619465,1739,False,True,2026-05-13,0.009557228201398761,LOSS,2.0,crypto
THETA-USD,SHORT,2021-12-04,5.125843048095703,6.57956847175978,2.21839220076755,120,False,True,2022-04-30,2.21839220076755,WIN,147.0,crypto
THETA-USD,LONG,2022-07-19,1.3261909484863281,1.1462188479858881,1.686135149487208,347,False,True,2022-07-26,1.1462188479858881,LOSS,7.0,crypto
THETA-USD,LONG,2022-07-29,1.4202549457550049,1.2294074146005616,1.8019500080638915,357,False,True,2022-08-19,1.2294074146005616,LOSS,21.0,crypto
THETA-USD,LONG,2022-10-26,1.121338963508606,1.0323420982630946,1.2993326939996286,446,True,True,2022-11-04,1.2993326939996286,WIN,9.0,crypto
THETA-USD,LONG,2023-01-09,0.8052279949188232,0.7470181818990026,0.9216476209584645,521,True,True,2023-01-14,0.9216476209584645,WIN,5.0,crypto
THETA-USD,LONG,2023-04-04,1.0930709838867188,0.9683494635536463,1.3425140245528637,606,False,True,2023-04-26,0.9683494635536463,LOSS,22.0,crypto
THETA-USD,LONG,2023-07-13,0.8319410085678101,0.7505030380333383,0.9948169496367536,706,False,True,2023-07-18,0.7505030380333383,LOSS,5.0,crypto
THETA-USD,LONG,2023-10-23,0.6487200260162354,0.6080442003712093,0.7300716773062874,808,False,True,2023-10-31,0.7300716773062874,WIN,8.0,crypto
THETA-USD,LONG,2024-02-15,1.1129659414291382,1.0161422879669877,1.3066132483534392,923,False,True,2024-02-19,1.3066132483534392,WIN,4.0,crypto
THETA-USD,LONG,2024-05-20,2.4980649948120117,2.1607979731677838,3.1725990381004676,1018,False,True,2024-05-31,2.1607979731677838,LOSS,11.0,crypto
THETA-USD,SHORT,2024-06-07,1.997972011566162,2.2834169613387694,1.4270821120209476,1036,False,True,2024-06-18,1.4270821120209476,WIN,11.0,crypto
THETA-USD,SHORT,2024-07-05,1.2735919952392578,1.501419773206744,0.8179364393042854,1064,False,True,2024-07-15,1.501419773206744,LOSS,10.0,crypto
THETA-USD,SHORT,2025-02-24,1.1402209997177124,1.3963697954727563,0.6279234082076246,1298,False,True,2025-04-17,0.6279234082076246,WIN,52.0,crypto
THETA-USD,LONG,2025-05-08,0.8366190195083618,0.7304329724852952,1.0489911135544951,1371,False,True,2025-05-11,1.0489911135544951,WIN,3.0,crypto
THETA-USD,LONG,2025-07-09,0.738103985786438,0.651117936200951,0.9120760849574119,1433,True,True,2025-07-18,0.9120760849574119,WIN,9.0,crypto
THETA-USD,SHORT,2025-12-17,0.2996070086956024,0.34927589918872703,0.20026922770935318,1594,False,True,2026-01-17,0.34927589918872703,LOSS,31.0,crypto
THETA-USD,SHORT,2026-06-04,0.16359500586986542,0.18879817044549838,0.1131886767185995,1763,False,True,,,OPEN,,crypto
TIA-USD,SHORT,2022-10-18,0.005925000179558992,0.008636006123167261,0.0005029882923424552,232,False,True,2023-01-27,0.008636006123167261,LOSS,101.0,crypto
TIA-USD,SHORT,2024-03-03,0.005888999905437231,0.008522040218873761,0.0006229192785641713,734,False,True,2024-03-06,0.008522040218873761,LOSS,3.0,crypto
TIA-USD,SHORT,2024-06-14,0.004712000023573637,6.354849557923173,-12.695563115775625,837,False,True,,,OPEN,,crypto
TON-USD,LONG,2021-11-17,9.616817474365234,8.388720155688773,12.073012111718157,103,False,True,2021-11-18,8.388720155688773,LOSS,1.0,crypto
TON-USD,LONG,2022-03-23,3.928589105606079,3.4869071158697795,4.811953085078678,229,False,True,2022-03-28,4.811953085078678,WIN,5.0,crypto
TON-USD,LONG,2022-11-05,1.6842199563980103,1.561234058898613,1.9301917513968045,456,False,True,2022-11-08,1.561234058898613,LOSS,3.0,crypto
TON-USD,LONG,2022-12-14,1.2410130500793457,1.1581488290501372,1.4067414921377628,495,False,True,2022-12-16,1.1581488290501372,LOSS,2.0,crypto
TON-USD,LONG,2023-04-12,2.0110979080200195,1.8337397643483788,2.365814195363301,614,False,True,2023-04-19,1.8337397643483788,LOSS,7.0,crypto
TON-USD,LONG,2023-07-22,1.5239399671554565,1.410333552973708,1.7511527955189536,715,False,True,2023-07-27,1.410333552973708,LOSS,5.0,crypto
TON-USD,LONG,2023-07-31,1.5446929931640625,1.3724652537639372,1.889148471964313,724,False,True,2023-08-06,1.3724652537639372,LOSS,6.0,crypto
TON-USD,LONG,2024-01-06,2.4398701190948486,2.113374874036939,3.0928606092106676,883,False,True,2024-01-07,2.113374874036939,LOSS,1.0,crypto
TON-USD,LONG,2024-02-15,2.13529109954834,1.9675962018948285,2.4706808948553625,923,False,True,2024-02-17,2.4706808948553625,WIN,2.0,crypto
TON-USD,SHORT,2024-06-03,1.871994972229004,2.520902365819024,0.5741801850489638,1032,False,True,2024-11-12,2.520902365819024,LOSS,162.0,crypto
TON-USD,LONG,2026-04-09,0.004621000029146671,0.004287576373932159,0.005287847339575696,1707,False,True,2026-04-14,0.005287847339575696,WIN,5.0,crypto
TRX-USD,SHORT,2022-06-13,0.06379400193691254,0.0746449924412927,0.0420920209281522,311,False,True,2023-05-21,0.0746449924412927,LOSS,342.0,crypto
TRX-USD,LONG,2023-09-12,0.08078400045633316,0.07779975763499493,0.08675248609900962,767,False,True,2023-09-29,0.08675248609900962,WIN,17.0,crypto
TRX-USD,LONG,2024-01-13,0.11414899677038193,0.10779574647134296,0.12685549736845986,890,False,True,2024-01-16,0.10779574647134296,LOSS,3.0,crypto
TRX-USD,SHORT,2024-04-12,0.11488000303506851,0.1217001638374447,0.10123968143031614,980,False,True,2024-05-02,0.1217001638374447,LOSS,20.0,crypto
TRX-USD,LONG,2025-05-09,0.26009601354599,0.24703516355005217,0.2862177135378656,1372,False,True,2025-06-07,0.2862177135378656,WIN,29.0,crypto
TRX-USD,SHORT,2025-10-10,0.32098498940467834,0.33607098648592854,0.29081299524217796,1526,False,True,2025-10-30,0.29081299524217796,WIN,20.0,crypto
TRX-USD,LONG,2026-04-15,0.3271409869194031,0.31756515488653686,0.3462926509851355,1713,False,True,2026-05-06,0.3462926509851355,WIN,21.0,crypto
UMA-USD,LONG,2022-07-24,2.853066921234131,2.396233818778741,3.766733126144911,352,True,True,2022-08-13,3.766733126144911,WIN,20.0,crypto
UMA-USD,SHORT,2023-04-20,2.0037949085235596,2.190843664360093,1.629697396850493,622,False,True,2023-05-02,2.190843664360093,LOSS,12.0,crypto
UMA-USD,LONG,2023-09-09,1.4865070581436157,1.3703322161345213,1.7188567421618046,764,True,True,2023-09-11,1.3703322161345213,LOSS,2.0,crypto
UMA-USD,LONG,2024-05-08,3.4495949745178223,2.816899152528801,4.714986618495865,1006,False,True,2024-06-11,2.816899152528801,LOSS,34.0,crypto
UMA-USD,LONG,2024-09-21,2.4297680854797363,2.1338884111182397,3.0215274342027296,1142,False,True,2024-10-01,3.0215274342027296,WIN,10.0,crypto
UMA-USD,LONG,2025-05-09,1.3124970197677612,1.1649414322052851,1.6076081948927134,1372,False,True,2025-05-18,1.1649414322052851,LOSS,9.0,crypto
UMA-USD,LONG,2025-06-08,1.3711559772491455,1.1408951412830826,1.8316776491812714,1402,False,True,2025-06-09,1.8316776491812714,WIN,1.0,crypto
UMA-USD,LONG,2025-07-15,1.2366230487823486,1.0894605680734277,1.5309480102001904,1439,True,True,2025-07-21,1.5309480102001904,WIN,6.0,crypto
UMA-USD,LONG,2025-08-19,1.452949047088623,1.2367987904651867,1.8852495603354957,1474,False,True,2025-09-22,1.2367987904651867,LOSS,34.0,crypto
UMA-USD,SHORT,2025-10-10,0.8293039798736572,1.0516412077828319,0.3846295240553079,1526,False,True,2025-10-13,1.0516412077828319,LOSS,3.0,crypto
UMA-USD,LONG,2026-01-06,0.811618983745575,0.7367393258166633,0.9613782996033982,1614,True,True,2026-01-12,0.7367393258166633,LOSS,6.0,crypto
UMA-USD,LONG,2026-04-16,0.457845002412796,0.4153037072148841,0.5429275928086199,1714,False,True,2026-04-18,0.5429275928086199,WIN,2.0,crypto
VET-USD,SHORT,2022-04-28,0.05163300037384033,0.06032667804284273,0.034245645035835534,265,False,True,2022-05-11,0.034245645035835534,WIN,13.0,crypto
VET-USD,SHORT,2022-06-13,0.0237869992852211,0.029202034840054632,0.012956928175554036,311,False,True,2022-08-03,0.029202034840054632,LOSS,51.0,crypto
VET-USD,SHORT,2022-12-16,0.016956999897956848,0.018608317770301426,0.013654364153267692,497,False,True,2023-01-12,0.018608317770301426,LOSS,27.0,crypto
VET-USD,SHORT,2023-06-05,0.01854199916124344,0.019870254684890842,0.01588548811394863,668,False,True,2023-06-10,0.01588548811394863,WIN,5.0,crypto
VET-USD,LONG,2023-10-22,0.01755400002002716,0.01651922691817496,0.01962354622373156,807,False,True,2023-11-02,0.01962354622373156,WIN,11.0,crypto
VET-USD,LONG,2024-02-13,0.03265000134706497,0.029983059730817756,0.0379838845795594,921,False,True,2024-02-15,0.0379838845795594,WIN,2.0,crypto
VET-USD,SHORT,2024-06-07,0.03290500119328499,0.036477023093114846,0.025760957393625272,1036,False,True,2024-06-18,0.025760957393625272,WIN,11.0,crypto
VET-USD,LONG,2024-09-20,0.023874999955296516,0.02163197307276746,0.028361053720354627,1141,False,True,2024-10-03,0.02163197307276746,LOSS,13.0,crypto
VET-USD,SHORT,2025-02-25,0.02880599908530712,0.03487275150363993,0.016672494248641506,1299,False,True,2025-10-10,0.016672494248641506,WIN,227.0,crypto
VET-USD,LONG,2026-05-07,0.007619999814778566,0.00705793766485232,0.008744124114631059,1735,False,True,2026-05-15,0.00705793766485232,LOSS,8.0,crypto
WAVES-USD,SHORT,2021-12-04,18.390409469604492,22.23288351041799,10.705461387977493,120,False,True,2022-01-21,10.705461387977493,WIN,48.0,crypto
WAVES-USD,LONG,2022-07-19,6.2502827644348145,5.232660035546488,8.285528222211468,347,False,True,2022-07-25,5.232660035546488,LOSS,6.0,crypto
WAVES-USD,LONG,2022-08-01,6.1371941566467285,5.199791812380527,8.011998845179132,360,False,True,2022-08-19,5.199791812380527,LOSS,18.0,crypto
WAVES-USD,SHORT,2022-10-13,3.360758066177368,3.6912110238556166,2.6998521508208713,433,False,True,2022-10-30,3.6912110238556166,LOSS,17.0,crypto
WAVES-USD,SHORT,2022-11-08,2.7427399158477783,3.218929749103015,1.7903602493373052,459,False,True,2022-12-12,1.7903602493373052,WIN,34.0,crypto
WAVES-USD,LONG,2023-02-19,3.1307671070098877,2.67900827717472,4.034284766680223,562,False,True,2023-02-24,2.67900827717472,LOSS,5.0,crypto
WAVES-USD,LONG,2023-04-14,2.290508985519409,2.083068392773622,2.7053901710109836,616,False,True,2023-04-20,2.083068392773622,LOSS,6.0,crypto
WAVES-USD,LONG,2024-02-15,2.3278250694274902,2.1370845327526027,2.7093061427772653,923,False,True,2024-02-27,2.7093061427772653,WIN,12.0,crypto
WAVES-USD,SHORT,2024-06-03,1.594992995262146,1.921272623168158,0.9424337394501219,1032,False,True,2024-06-18,0.9424337394501219,WIN,15.0,crypto
WAVES-USD,LONG,2024-09-21,1.173192024230957,1.0616667459533204,1.3962425807862302,1142,False,True,2024-10-03,1.0616667459533204,LOSS,12.0,crypto
WAVES-USD,LONG,2025-07-10,1.0679600238800049,0.9686557648148988,1.266568542010217,1434,False,True,2025-08-15,1.266568542010217,WIN,36.0,crypto
WAVES-USD,SHORT,2026-03-27,0.42565101385116577,0.4586722525270369,0.3596085364994235,1694,False,True,2026-04-18,0.4586722525270369,LOSS,22.0,crypto
WIF-USD,LONG,2024-03-29,3.9210329055786133,2.8419156187222434,6.079267479291353,101,False,True,2024-04-12,2.8419156187222434,LOSS,14.0,crypto
WIF-USD,SHORT,2024-04-13,2.3457388877868652,3.524340495980545,-0.011464328600494511,116,False,True,2024-04-24,3.524340495980545,LOSS,11.0,crypto
WIF-USD,LONG,2024-05-28,3.7781460285186768,3.045581229700966,5.243275626154098,161,False,True,2024-06-07,3.045581229700966,LOSS,10.0,crypto
WIF-USD,LONG,2024-09-19,1.7713780403137207,1.4863483188632505,2.341437483214661,275,False,True,2024-09-27,2.341437483214661,WIN,8.0,crypto
WIF-USD,SHORT,2025-01-09,1.5390880107879639,1.9789647330632394,0.6593345662374128,387,False,True,2025-01-18,1.9789647330632394,LOSS,9.0,crypto
WIF-USD,SHORT,2025-02-25,0.5488079786300659,0.749037114720085,0.14834970645002765,434,False,True,2025-03-02,0.749037114720085,LOSS,5.0,crypto
WIF-USD,LONG,2025-07-03,0.9207620024681091,0.7414466671121207,1.279392673180086,562,False,True,2025-07-20,1.279392673180086,WIN,17.0,crypto
WIF-USD,SHORT,2025-10-10,0.4608370065689087,0.6330635505483309,0.11638391861006436,661,False,True,,,OPEN,,crypto
WOO-USD,LONG,2022-03-18,0.5999360084533691,0.48998586548058787,0.8198362943989317,224,False,True,2022-04-07,0.48998586548058787,LOSS,20.0,crypto
WOO-USD,SHORT,2022-04-08,0.5128920078277588,0.6264467060145147,0.285782611454247,245,False,True,2022-05-09,0.285782611454247,WIN,31.0,crypto
WOO-USD,LONG,2022-07-30,0.22260500490665436,0.18079850813173315,0.3062179984564968,358,False,True,2022-08-18,0.18079850813173315,LOSS,19.0,crypto
WOO-USD,LONG,2022-10-10,0.1519639939069748,0.13739301497015194,0.1811059517806205,430,False,True,2022-10-13,0.13739301497015194,LOSS,3.0,crypto
WOO-USD,LONG,2022-12-13,0.13593000173568726,0.12005287790603669,0.16768424939498838,494,False,True,2022-12-17,0.12005287790603669,LOSS,4.0,crypto
WOO-USD,LONG,2023-01-05,0.13113899528980255,0.12034525208254826,0.15272648170431113,517,False,True,2023-01-09,0.15272648170431113,WIN,4.0,crypto
WOO-USD,LONG,2023-02-04,0.21431100368499756,0.18376783158761936,0.27539734787975395,547,False,True,2023-02-19,0.27539734787975395,WIN,15.0,crypto
WOO-USD,LONG,2023-04-12,0.24663199484348297,0.21572046663899047,0.30845505125246797,614,False,True,2023-04-14,0.30845505125246797,WIN,2.0,crypto
WOO-USD,SHORT,2023-06-10,0.17504100501537323,0.20821819602151337,0.10868662300309295,673,False,True,2023-06-21,0.20821819602151337,LOSS,11.0,crypto
WOO-USD,SHORT,2023-08-04,0.18737900257110596,0.20826285939201475,0.14561128892928837,728,False,True,2023-10-24,0.20826285939201475,LOSS,81.0,crypto
WOO-USD,LONG,2024-05-20,0.3339169919490814,0.28994882443901004,0.4218533269692242,1018,False,True,2024-06-08,0.28994882443901004,LOSS,19.0,crypto
WOO-USD,LONG,2024-09-30,0.20311099290847778,0.17823141901223644,0.2528701407009605,1151,False,True,2024-10-02,0.17823141901223644,LOSS,2.0,crypto
WOO-USD,LONG,2025-07-10,0.07801900058984756,0.06888165011799734,0.09629370153354802,1434,False,True,2025-07-30,0.06888165011799734,LOSS,20.0,crypto
WOO-USD,LONG,2025-09-21,0.07887300103902817,0.0694656413930894,0.0976877203309057,1507,False,True,2025-09-22,0.0694656413930894,LOSS,1.0,crypto
WOO-USD,SHORT,2026-06-04,0.014506000094115734,0.016470739937244145,0.010576520407858912,1763,False,True,2026-06-30,0.010576520407858912,WIN,26.0,crypto
XLM-USD,SHORT,2021-12-04,0.2891579866409302,0.3473407052128288,0.17279254949713296,120,False,True,2022-01-22,0.17279254949713296,WIN,49.0,crypto
XLM-USD,LONG,2022-08-08,0.13010799884796143,0.11810463312691938,0.15411473029004552,367,False,True,2022-08-18,0.11810463312691938,LOSS,10.0,crypto
XLM-USD,SHORT,2022-11-08,0.0989769995212555,0.1084691287725234,0.07999274101871967,459,False,True,2022-12-16,0.07999274101871967,WIN,38.0,crypto
XLM-USD,LONG,2023-05-31,0.09257800132036209,0.08892935629940563,0.09987529136227502,663,False,True,2023-06-05,0.08892935629940563,LOSS,5.0,crypto
XLM-USD,SHORT,2023-06-10,0.08233200013637543,0.08761244011052982,0.07177112018806664,673,False,True,2023-06-22,0.08761244011052982,LOSS,12.0,crypto
XLM-USD,LONG,2023-09-10,0.13372300565242767,0.12131614027406394,0.15853673640915514,765,False,True,2023-09-12,0.12131614027406394,LOSS,2.0,crypto
XLM-USD,LONG,2023-10-23,0.11586599797010422,0.10890954802561825,0.12977889785907615,808,False,True,2023-11-06,0.12977889785907615,WIN,14.0,crypto
XLM-USD,LONG,2023-12-08,0.13232499361038208,0.12400375745189617,0.1489674659273539,854,False,True,2023-12-11,0.12400375745189617,LOSS,3.0,crypto
XLM-USD,LONG,2024-02-15,0.11674699932336807,0.11031108192720318,0.12961883411569786,923,False,True,2024-03-02,0.12961883411569786,WIN,16.0,crypto
XLM-USD,SHORT,2024-06-07,0.10026100277900696,0.10763743851989134,0.0855081312972382,1036,False,True,2024-07-05,0.0855081312972382,WIN,28.0,crypto
XLM-USD,LONG,2024-09-29,0.10170499980449677,0.0960679662393538,0.11297906693478268,1150,False,True,2024-10-01,0.0960679662393538,LOSS,2.0,crypto
XLM-USD,LONG,2024-11-07,0.1020520031452179,0.09636222349942289,0.11343156243680791,1189,False,True,2024-11-11,0.11343156243680791,WIN,4.0,crypto
XLM-USD,SHORT,2025-02-25,0.2952730059623718,0.34673417669204126,0.19235066450303295,1299,False,True,2025-03-02,0.34673417669204126,LOSS,5.0,crypto
XLM-USD,LONG,2025-04-23,0.2664090096950531,0.23661545379355625,0.3259961214980468,1356,False,True,2025-05-12,0.3259961214980468,WIN,19.0,crypto
XLM-USD,LONG,2025-07-09,0.28761500120162964,0.2626288985889167,0.33758720642705553,1433,False,True,2025-07-11,0.33758720642705553,WIN,2.0,crypto
XLM-USD,SHORT,2025-11-04,0.27032798528671265,0.30926703632942204,0.19244988320129386,1551,False,True,2025-11-10,0.30926703632942204,LOSS,6.0,crypto
XLM-USD,LONG,2026-01-05,0.2529579997062683,0.22931513091083952,0.3002437372971259,1613,False,True,2026-01-08,0.22931513091083952,LOSS,3.0,crypto
XLM-USD,LONG,2026-03-16,0.17620599269866943,0.15957181247551366,0.20947435314498097,1683,False,True,2026-03-22,0.15957181247551366,LOSS,6.0,crypto
XMR-USD,LONG,2022-03-08,204.84634399414062,176.714966691123,261.10909860017586,214,False,True,2022-03-10,176.714966691123,LOSS,2.0,crypto
XMR-USD,LONG,2022-04-09,240.22203063964844,215.64036336827039,289.38536518240454,246,False,True,2022-04-30,215.64036336827039,LOSS,21.0,crypto
XMR-USD,LONG,2024-05-30,146.16970825195312,136.17766344938977,166.15379785707984,1028,False,True,2024-06-06,166.15379785707984,WIN,7.0,crypto
XMR-USD,SHORT,2024-08-05,145.7314910888672,162.25234465396554,112.68978395867049,1095,False,True,2024-08-21,162.25234465396554,LOSS,16.0,crypto
XMR-USD,SHORT,2025-04-07,203.68838500976562,221.84360203522291,167.37795095885105,1340,False,True,2025-04-22,221.84360203522291,LOSS,15.0,crypto
XMR-USD,LONG,2025-07-11,329.8846740722656,303.12916068259415,383.3957008516086,1435,False,True,2025-08-01,303.12916068259415,LOSS,21.0,crypto
XMR-USD,LONG,2026-01-11,558.52734375,504.927202135012,665.727626979976,1619,False,True,2026-01-13,665.727626979976,WIN,2.0,crypto
XMR-USD,LONG,2026-03-05,361.976318359375,315.1466265685103,455.63570194110434,1672,False,True,2026-04-03,315.1466265685103,LOSS,29.0,crypto
XRP-USD,LONG,2022-11-04,0.5044040083885193,0.4603789446347665,0.5924541358960249,455,False,True,2022-11-08,0.4603789446347665,LOSS,4.0,crypto
XRP-USD,LONG,2023-01-11,0.37415799498558044,0.34878919527533897,0.4248955944060634,523,True,True,2023-01-23,0.4248955944060634,WIN,12.0,crypto
XRP-USD,SHORT,2023-02-09,0.38246598839759827,0.4140292522941975,0.31933946060439977,552,False,True,2023-03-21,0.4140292522941975,LOSS,40.0,crypto
XRP-USD,LONG,2023-07-13,0.8153650164604187,0.7272995546694165,0.991495940042423,706,True,True,2023-07-14,0.7272995546694165,LOSS,1.0,crypto
XRP-USD,SHORT,2023-09-11,0.474373996257782,0.510716822085595,0.40168834460215597,766,False,True,2023-09-19,0.510716822085595,LOSS,8.0,crypto
XRP-USD,LONG,2023-10-04,0.5329310297966003,0.5005636759713341,0.5976657374471328,789,False,True,2023-10-09,0.5005636759713341,LOSS,5.0,crypto
XRP-USD,LONG,2023-12-06,0.6403329968452454,0.594441380645788,0.7321162292441601,852,False,True,2023-12-18,0.594441380645788,LOSS,12.0,crypto
XRP-USD,SHORT,2024-01-03,0.5825799703598022,0.6381419853556205,0.47145594036816574,880,False,True,2024-03-02,0.6381419853556205,LOSS,59.0,crypto
XRP-USD,SHORT,2024-04-12,0.5484139919281006,0.620396299189384,0.40444937740553377,980,False,True,2024-07-05,0.40444937740553377,WIN,84.0,crypto
XRP-USD,SHORT,2024-10-03,0.5219529867172241,0.5825348582807452,0.40078924359018187,1154,False,True,2024-11-10,0.5825348582807452,LOSS,38.0,crypto
XRP-USD,LONG,2025-05-08,2.323184013366699,2.121123743130475,2.727304553839148,1371,False,True,2025-05-31,2.121123743130475,LOSS,23.0,crypto
XRP-USD,SHORT,2025-06-22,2.0140280723571777,2.2092015021180536,1.623681212835426,1416,False,True,2025-06-24,2.2092015021180536,LOSS,2.0,crypto
XRP-USD,SHORT,2025-09-25,2.742319107055664,2.979932681814888,2.2670919575372164,1511,False,True,2025-10-02,2.979932681814888,LOSS,7.0,crypto
XRP-USD,SHORT,2025-10-10,2.3585970401763916,2.7481892776319916,1.5794125652651916,1526,False,True,2026-01-31,1.5794125652651916,WIN,113.0,crypto
XRP-USD,LONG,2026-03-17,1.5185439586639404,1.3756098164340307,1.80441224312376,1684,True,True,2026-03-22,1.3756098164340307,LOSS,5.0,crypto
XRP-USD,LONG,2026-04-16,1.4526350498199463,1.3507451891599391,1.6564147711399606,1714,False,True,2026-04-29,1.3507451891599391,LOSS,13.0,crypto
XRP-USD,LONG,2026-05-10,1.4728070497512817,1.389722487807432,1.6389761736389814,1738,False,True,2026-05-17,1.389722487807432,LOSS,7.0,crypto
XTZ-USD,LONG,2022-03-23,3.4593629837036133,3.061160938540505,4.25576707402983,229,True,True,2022-04-11,3.061160938540505,LOSS,19.0,crypto
XTZ-USD,LONG,2022-07-30,1.8121830224990845,1.5730347305074557,2.290479606482342,358,False,True,2022-08-19,1.5730347305074557,LOSS,20.0,crypto
XTZ-USD,LONG,2022-09-11,1.6827030181884766,1.5022068869921796,2.0436952805810704,401,False,True,2022-09-18,1.5022068869921796,LOSS,7.0,crypto
XTZ-USD,SHORT,2022-12-16,0.8382989764213562,0.9270011496642617,0.6608946299355452,497,False,True,2023-01-14,0.9270011496642617,LOSS,29.0,crypto
XTZ-USD,LONG,2024-02-15,1.0784889459609985,0.9902403093206971,1.2549862192416015,923,False,True,2024-02-29,1.2549862192416015,WIN,14.0,crypto
XTZ-USD,LONG,2024-05-21,0.9892939925193787,0.892099346313559,1.183683284931018,1019,False,True,2024-06-07,0.892099346313559,LOSS,17.0,crypto
XTZ-USD,SHORT,2024-10-25,0.6260309815406799,0.6797795053163291,0.5185339339893815,1176,True,True,2024-11-09,0.6797795053163291,LOSS,15.0,crypto
XTZ-USD,SHORT,2025-02-25,0.7829409837722778,0.9084854000179742,0.5318521512808851,1299,False,True,2025-04-13,0.5318521512808851,WIN,47.0,crypto
XTZ-USD,LONG,2025-07-10,0.5913990139961243,0.5417805188287083,0.6906360043309563,1434,False,True,2025-07-18,0.6906360043309563,WIN,8.0,crypto
XTZ-USD,SHORT,2025-10-10,0.561864972114563,0.6601958818549042,0.3652031526338806,1526,False,True,2025-10-13,0.6601958818549042,LOSS,3.0,crypto
XTZ-USD,SHORT,2025-11-04,0.5194910168647766,0.5878302154820894,0.3828126196301511,1551,False,True,2025-11-06,0.5878302154820894,LOSS,2.0,crypto
XVG-USD,SHORT,2022-06-09,0.004329000134021044,0.005261808116177583,0.0024633841697079654,307,False,True,2022-11-09,0.0024633841697079654,WIN,153.0,crypto
XVG-USD,LONG,2023-01-13,0.00292599992826581,0.002718491490033212,0.0033410168047310063,525,False,True,2023-02-08,0.0033410168047310063,WIN,26.0,crypto
XVG-USD,LONG,2023-10-23,0.0036170000676065683,0.0033196531037311956,0.004211693995357314,808,True,True,2023-10-24,0.004211693995357314,WIN,1.0,crypto
XVG-USD,LONG,2023-12-06,0.00380899989977479,0.0033798130952729685,0.004667373508778432,852,False,True,2023-12-18,0.0033798130952729685,LOSS,12.0,crypto
XVG-USD,LONG,2024-02-15,0.003719999920576811,0.003412395817411667,0.004335208126907099,923,False,True,2024-02-25,0.004335208126907099,WIN,10.0,crypto
XVG-USD,LONG,2024-09-20,0.004046000074595213,0.0035901690510223403,0.004957662121740958,1141,False,True,2024-10-02,0.0035901690510223403,LOSS,12.0,crypto
XVG-USD,LONG,2024-10-20,0.004244999960064888,0.003735976690497617,0.00526304649919943,1171,False,True,2024-10-25,0.003735976690497617,LOSS,5.0,crypto
XVG-USD,LONG,2025-04-22,0.00496200006455183,0.004276579573568378,0.0063328410465187356,1355,False,True,2025-04-29,0.0063328410465187356,WIN,7.0,crypto
XVG-USD,LONG,2025-07-10,0.006322000175714493,0.005507415637764721,0.007951169251614036,1434,False,True,2025-07-18,0.007951169251614036,WIN,8.0,crypto
XVG-USD,LONG,2025-11-01,0.006974999792873859,0.005416416786803763,0.010092165805014052,1548,False,True,2025-12-15,0.005416416786803763,LOSS,44.0,crypto
XVG-USD,SHORT,2026-06-03,0.0029239999130368233,0.0033991022035261896,0.0019737953320580906,1762,False,True,2026-07-28,0.0019737953320580906,WIN,55.0,crypto
YFI-USD,LONG,2022-03-28,22258.568359375,19831.935532743202,27111.834012638596,234,True,True,2022-04-11,19831.935532743202,LOSS,14.0,crypto
YFI-USD,SHORT,2022-04-30,16629.48046875,18627.196509227302,12634.048387795396,267,False,True,2022-05-09,12634.048387795396,WIN,9.0,crypto
YFI-USD,LONG,2022-07-24,6986.24169921875,5894.262786121592,9170.199525413065,352,False,True,2022-07-28,9170.199525413065,WIN,4.0,crypto
YFI-USD,LONG,2022-09-09,10460.177734375,8847.43895081852,13685.655301487961,399,False,True,2022-09-15,8847.43895081852,LOSS,6.0,crypto
YFI-USD,SHORT,2022-10-13,7720.10546875,8462.761034112986,6234.794338024029,433,False,True,2022-10-27,8462.761034112986,LOSS,14.0,crypto
YFI-USD,LONG,2022-10-29,8370.724609375,7630.685519756499,9850.802788612002,449,True,True,2022-11-08,7630.685519756499,LOSS,10.0,crypto
YFI-USD,LONG,2023-02-21,8341.9501953125,7502.933251795307,10019.984082346886,564,False,True,2023-02-24,10019.984082346886,WIN,3.0,crypto
YFI-USD,LONG,2023-04-11,9213.8857421875,8352.825650435369,10936.005925691763,613,False,True,2023-04-19,8352.825650435369,LOSS,8.0,crypto
YFI-USD,SHORT,2023-06-05,5967.146484375,6439.477743184937,5022.483966755126,668,False,True,2023-06-10,5022.483966755126,WIN,5.0,crypto
YFI-USD,LONG,2024-05-21,7247.3759765625,6665.698907494439,8410.730114698623,1019,False,True,2024-06-07,6665.698907494439,LOSS,17.0,crypto
YFI-USD,LONG,2024-09-26,5313.12890625,4956.949585158694,6025.487548432611,1147,False,True,2024-10-01,4956.949585158694,LOSS,5.0,crypto
YFI-USD,SHORT,2025-02-24,5539.2216796875,6296.955527824636,4023.7539834132276,1298,False,True,2025-04-27,6296.955527824636,LOSS,62.0,crypto
YFI-USD,SHORT,2025-09-22,5090.7490234375,5477.490259364509,4317.2665515834815,1508,False,True,2025-10-01,5477.490259364509,LOSS,9.0,crypto
YFI-USD,SHORT,2025-10-10,4559.41796875,5115.209969471551,3447.8339673068986,1526,True,True,2025-11-07,5115.209969471551,LOSS,28.0,crypto
ZEC-USD,SHORT,2022-06-13,65.30203247070312,82.3020334172878,31.30203057753377,311,False,True,2023-03-10,31.30203057753377,WIN,270.0,crypto
ZEC-USD,SHORT,2023-06-05,29.356531143188477,31.797361427623866,24.4748705743177,668,False,True,2023-06-10,24.4748705743177,WIN,5.0,crypto
ZEC-USD,SHORT,2023-08-15,28.094158172607422,30.060375665773844,24.16172318627458,739,False,True,2023-08-17,24.16172318627458,WIN,2.0,crypto
ZEC-USD,LONG,2024-05-24,27.735050201416016,25.163722061383186,32.877706481481674,1022,False,True,2024-06-07,25.163722061383186,LOSS,14.0,crypto
ZEC-USD,LONG,2024-11-06,43.189491271972656,37.989827079762115,53.58881965639374,1188,False,True,2024-11-13,37.989827079762115,LOSS,7.0,crypto
ZEC-USD,LONG,2026-03-16,278.4289855957031,233.8738851260586,367.53918653499215,1683,False,True,2026-03-19,233.8738851260586,LOSS,3.0,crypto
ZEC-USD,LONG,2026-04-07,319.6568908691406,275.7285634605242,407.5135456863735,1705,False,True,2026-05-03,407.5135456863735,WIN,26.0,crypto
ZEN-USD,SHORT,2022-09-18,13.363606452941895,15.442764610083959,9.205290138657766,408,False,True,2022-11-09,9.205290138657766,WIN,52.0,crypto
ZEN-USD,LONG,2023-01-13,9.890421867370605,8.924375704211638,11.82251419368854,525,False,True,2023-02-08,11.82251419368854,WIN,26.0,crypto
ZEN-USD,LONG,2023-04-14,11.309301376342773,10.188703141403542,13.550497846221237,616,False,True,2023-04-19,10.188703141403542,LOSS,5.0,crypto
ZEN-USD,SHORT,2023-06-05,7.206655979156494,7.9324351343832085,5.7550976687030655,668,False,True,2023-06-10,5.7550976687030655,WIN,5.0,crypto
ZEN-USD,LONG,2023-07-26,9.190947532653809,8.070059598149987,11.432723401661452,719,False,True,2023-08-15,8.070059598149987,LOSS,20.0,crypto
ZEN-USD,LONG,2024-02-16,8.500365257263184,7.62915985989837,10.242776051992811,924,False,True,2024-02-17,10.242776051992811,WIN,1.0,crypto
ZEN-USD,LONG,2024-05-22,9.424421310424805,8.230477282589817,11.81230936609478,1020,False,True,2024-06-07,8.230477282589817,LOSS,16.0,crypto
ZEN-USD,SHORT,2024-10-25,7.318393230438232,8.112724941282222,5.729729808750253,1176,False,True,2024-11-09,8.112724941282222,LOSS,15.0,crypto
ZEN-USD,SHORT,2025-04-07,7.517380237579346,9.139824526099117,4.272491660539803,1340,False,True,2025-04-22,9.139824526099117,LOSS,15.0,crypto
ZEN-USD,LONG,2025-05-10,10.791389465332031,9.513531733489662,13.34710492901677,1373,False,True,2025-05-15,9.513531733489662,LOSS,5.0,crypto
ZEN-USD,SHORT,2025-05-30,8.56715202331543,10.411073435149644,4.879309199647,1393,False,True,2025-06-01,10.411073435149644,LOSS,2.0,crypto
ZEN-USD,LONG,2025-06-02,11.819279670715332,9.593792873943151,16.270253264259694,1396,False,True,2025-06-12,9.593792873943151,LOSS,10.0,crypto
ZEN-USD,SHORT,2025-09-22,6.793708801269531,7.525628848889106,5.329868706030382,1508,False,True,2025-09-30,7.525628848889106,LOSS,8.0,crypto
ZEN-USD,LONG,2026-01-13,10.230237007141113,8.655292030106509,13.380126961210323,1621,False,True,2026-01-15,13.380126961210323,WIN,2.0,crypto
ZEN-USD,LONG,2026-03-15,6.106451034545898,5.362363540774259,7.594626022089177,1682,True,True,2026-03-22,5.362363540774259,LOSS,7.0,crypto
ZEN-USD,LONG,2026-04-09,5.853957176208496,5.1414773729360554,7.278916782753377,1707,True,True,2026-05-04,7.278916782753377,WIN,25.0,crypto
ZIL-USD,LONG,2022-03-22,0.045104000717401505,0.040063946298879514,0.055184109554445485,228,False,True,2022-03-26,0.055184109554445485,WIN,4.0,crypto
ZIL-USD,LONG,2022-07-19,0.04396200180053711,0.03814671054025083,0.05559258432110967,347,False,True,2022-07-25,0.03814671054025083,LOSS,6.0,crypto
ZIL-USD,LONG,2022-08-06,0.04596199840307236,0.04048824847888202,0.05690949825145303,365,False,True,2022-08-19,0.04048824847888202,LOSS,13.0,crypto
ZIL-USD,SHORT,2022-10-19,0.02951199933886528,0.03233770831420057,0.023860581388194704,439,False,True,2022-10-30,0.03233770831420057,LOSS,11.0,crypto
ZIL-USD,LONG,2022-11-04,0.032990001142024994,0.03018364928754423,0.03860270485098652,455,True,True,2022-11-08,0.03018364928754423,LOSS,4.0,crypto
ZIL-USD,LONG,2023-04-01,0.03145800158381462,0.027557271280476914,0.039259462190490035,603,False,True,2023-05-01,0.027557271280476914,LOSS,30.0,crypto
ZIL-USD,SHORT,2023-06-05,0.02141599915921688,0.02344401627265218,0.017359964932346282,668,False,True,2023-06-10,0.017359964932346282,WIN,5.0,crypto
ZIL-USD,LONG,2024-02-15,0.02280700020492077,0.02103306425191037,0.026354872110941563,923,False,True,2024-02-26,0.026354872110941563,WIN,11.0,crypto
ZIL-USD,SHORT,2024-06-07,0.0226259995251894,0.02508390012517195,0.017710198325224302,1036,False,True,2024-06-18,0.017710198325224302,WIN,11.0,crypto
ZIL-USD,LONG,2024-09-21,0.015556000173091888,0.014178759471483206,0.018310481576309254,1142,False,True,2024-10-01,0.014178759471483206,LOSS,10.0,crypto
ZIL-USD,LONG,2025-05-09,0.014109999872744083,0.012776732397012873,0.016776534824206504,1372,False,True,2025-05-17,0.012776732397012873,LOSS,8.0,crypto
ZIL-USD,LONG,2025-07-11,0.012256000190973282,0.011094854461961706,0.014578291648996433,1435,False,True,2025-07-30,0.011094854461961706,LOSS,19.0,crypto
ZIL-USD,LONG,2026-05-05,0.004228999838232994,0.0039381623158002334,0.004810674883098515,1733,False,True,2026-05-16,0.0039381623158002334,LOSS,11.0,crypto
ZRX-USD,SHORT,2022-02-21,0.5191969871520996,0.6200286013436564,0.31753375876898593,199,False,True,2022-03-26,0.6200286013436564,LOSS,33.0,crypto
ZRX-USD,LONG,2022-11-04,0.28150901198387146,0.25756185407087245,0.3294033278098695,455,True,True,2022-11-06,0.25756185407087245,LOSS,2.0,crypto
ZRX-USD,LONG,2023-03-31,0.296330988407135,0.25599989314926,0.376993178922885,602,False,True,2023-04-05,0.376993178922885,WIN,5.0,crypto
ZRX-USD,SHORT,2023-06-10,0.17377999424934387,0.19595967236392037,0.12942063802019088,673,False,True,2023-06-22,0.19595967236392037,LOSS,12.0,crypto
ZRX-USD,LONG,2023-10-08,0.21443399786949158,0.19110309948884335,0.261095794630788,793,False,True,2023-10-10,0.19110309948884335,LOSS,2.0,crypto
ZRX-USD,SHORT,2024-01-03,0.3304600119590759,0.3811213449527386,0.22913734597175062,880,False,True,2024-01-27,0.3811213449527386,LOSS,24.0,crypto
ZRX-USD,SHORT,2024-07-04,0.30242499709129333,0.3518720347622552,0.2035309217493696,1063,False,True,2024-07-15,0.3518720347622552,LOSS,11.0,crypto
ZRX-USD,LONG,2024-09-19,0.31423500180244446,0.28155291754515843,0.3795991703170165,1140,False,True,2024-10-21,0.3795991703170165,WIN,32.0,crypto
ZRX-USD,LONG,2025-03-24,0.29095301032066345,0.24711860990638707,0.3786218111492162,1326,False,True,2025-03-29,0.24711860990638707,LOSS,5.0,crypto
ZRX-USD,SHORT,2025-10-10,0.188058003783226,0.2290449424644465,0.10608412642078502,1526,False,True,2025-10-13,0.2290449424644465,LOSS,3.0,crypto
BABA,LONG,2022-01-07,122.15801239013672,109.87535930390204,146.72331856260607,106,True,True,2022-01-24,109.87535930390204,LOSS,10.0,stocks
BABA,LONG,2023-01-04,97.7941665649414,89.07854042149029,115.22541885184364,354,False,True,2023-02-22,89.07854042149029,LOSS,33.0,stocks
BABA,LONG,2023-03-28,92.59956359863281,85.3768076421793,107.04507551153984,411,False,True,2023-04-20,85.3768076421793,LOSS,16.0,stocks
BABA,SHORT,2023-11-16,74.4466552734375,79.16048463279088,65.01899655473073,573,False,True,2024-01-17,65.01899655473073,WIN,40.0,stocks
BABA,LONG,2025-01-24,86.86067962646484,82.95092508564335,94.68018870810783,869,False,True,2025-01-29,94.68018870810783,WIN,3.0,stocks
BABA,SHORT,2025-07-09,102.8851089477539,108.75936351816773,91.13659980692626,982,False,True,2025-07-15,108.75936351816773,LOSS,4.0,stocks
BABA,LONG,2025-08-13,125.70552825927734,118.86845074643156,139.3796832849689,1007,False,True,2025-08-20,118.86845074643156,LOSS,5.0,stocks
BABA,LONG,2025-08-29,133.77145385742188,125.16431566393831,150.985730244389,1019,False,True,2025-09-11,150.985730244389,WIN,8.0,stocks
BABA,LONG,2026-01-12,164.7965087890625,153.3600997475353,187.66932687211693,1111,False,True,2026-02-13,153.3600997475353,LOSS,23.0,stocks
BABA,LONG,2026-05-13,144.4830780029297,134.4514127086866,164.54640859141585,1195,False,True,2026-05-15,134.4514127086866,LOSS,2.0,stocks
F,SHORT,2022-06-13,8.902652740478516,9.802651766196236,7.102654689043074,213,False,True,2022-07-22,9.802651766196236,LOSS,27.0,stocks
F,SHORT,2022-09-20,9.965959548950195,10.88445750465239,8.128963637545805,281,False,True,2022-11-10,10.88445750465239,LOSS,37.0,stocks
F,SHORT,2022-12-16,9.323911666870117,10.018885590465095,7.933963819680162,343,False,True,2023-01-11,10.018885590465095,LOSS,16.0,stocks
F,LONG,2023-09-13,10.57999324798584,10.11410058403036,11.511778575896798,527,False,True,2023-10-03,10.11410058403036,LOSS,14.0,stocks
F,LONG,2025-09-26,11.599274635314941,11.093802859737531,12.610218186469762,1038,False,True,2025-10-09,11.093802859737531,LOSS,9.0,stocks
F,LONG,2026-01-06,13.482198715209961,12.984413146115568,14.477769853398748,1107,False,True,2026-01-20,12.984413146115568,LOSS,9.0,stocks
F,LONG,2026-07-29,15.279999732971191,14.243840217100841,17.352318764711892,1247,False,True,2026-08-04,14.243840217100841,LOSS,4.0,stocks
LMT,LONG,2022-02-25,363.4217529296875,348.02701891611554,394.2112209568314,139,False,True,2022-03-01,394.2112209568314,WIN,2.0,stocks
LMT,SHORT,2023-01-06,431.0284118652344,448.68195900652915,395.7213175826448,356,False,True,2023-04-04,448.68195900652915,LOSS,60.0,stocks
LMT,SHORT,2023-09-06,393.7877502441406,405.98000867585927,369.40323338070334,522,False,True,2023-10-04,369.40323338070334,WIN,20.0,stocks
LMT,SHORT,2024-05-29,426.6261291503906,436.8869407927876,406.1045058655967,705,False,True,2024-05-31,436.8869407927876,LOSS,2.0,stocks
LMT,SHORT,2025-07-22,399.95263671875,422.9192698029815,354.019370550287,991,False,True,2025-08-06,422.9192698029815,LOSS,11.0,stocks
LMT,SHORT,2026-03-20,623.3492431640625,657.568722294103,554.9102849039814,1158,False,True,2026-04-22,554.9102849039814,WIN,22.0,stocks
PEP,LONG,2023-03-15,157.9729461669922,152.9819864404173,167.95486562014196,402,False,True,2023-04-25,167.95486562014196,WIN,28.0,stocks
PEP,LONG,2023-07-21,171.26187133789062,166.65033295504153,180.4849481035888,490,False,True,2023-08-04,166.65033295504153,LOSS,10.0,stocks
PEP,LONG,2023-11-30,153.7954559326172,149.6291877202513,162.12799235734894,582,False,True,2024-03-05,149.6291877202513,LOSS,64.0,stocks
PEP,SHORT,2024-09-20,160.08303833007812,165.29903915499506,149.65103668024426,784,False,True,2024-10-15,165.29903915499506,LOSS,17.0,stocks
PEP,SHORT,2025-04-07,136.2417449951172,143.28097662153934,122.16328174227289,919,False,True,2025-05-14,122.16328174227289,WIN,26.0,stocks
PEP,LONG,2025-12-10,146.82960510253906,141.82116918043076,156.84647694675567,1090,False,True,2025-12-23,141.82116918043076,LOSS,9.0,stocks
GOOG,SHORT,2022-01-05,136.4504852294922,142.29390451333282,124.76364666181092,104,False,True,2022-01-24,124.76364666181092,WIN,12.0,stocks
GOOG,SHORT,2022-08-26,110.32727813720703,116.6674135056131,97.6470074003949,265,False,True,2022-09-23,97.6470074003949,WIN,19.0,stocks
GOOG,SHORT,2022-10-26,93.9913101196289,101.13637656714175,79.70117722460321,307,False,True,2022-12-01,101.13637656714175,LOSS,25.0,stocks
GOOG,LONG,2023-01-20,98.41232299804688,92.79334959656897,109.65026980100268,365,False,True,2023-02-14,92.79334959656897,LOSS,17.0,stocks
GOOG,LONG,2023-03-16,100.18667602539062,94.08774584017942,112.38453639581303,403,False,True,2023-05-10,112.38453639581303,WIN,38.0,stocks
GOOG,LONG,2023-05-11,115.8783187866211,109.87989418596369,127.8751679879359,442,False,True,2023-06-07,127.8751679879359,WIN,18.0,stocks
GOOG,LONG,2023-08-29,134.3058624267578,127.90289230977736,147.11180266071872,517,False,True,2023-09-26,127.90289230977736,LOSS,19.0,stocks
GOOG,LONG,2024-01-19,146.67678833007812,141.17985981561284,157.6706453590087,615,False,True,2024-01-31,141.17985981561284,LOSS,8.0,stocks
GOOG,LONG,2024-04-26,172.1719970703125,163.0708001765589,190.37439085781972,683,False,True,2024-04-30,163.0708001765589,LOSS,2.0,stocks
GOOG,LONG,2024-06-21,178.887939453125,172.30307418275143,192.05766999387214,721,False,True,2024-07-24,172.30307418275143,LOSS,22.0,stocks
GOOG,SHORT,2024-09-03,157.40272521972656,165.38563500123396,141.43690565671176,771,False,True,2024-09-23,165.38563500123396,LOSS,14.0,stocks
GOOG,LONG,2024-10-29,170.06088256835938,163.76587042350798,182.65090685806217,811,False,True,2024-11-12,182.65090685806217,WIN,10.0,stocks
GOOG,SHORT,2026-06-02,358.1744384765625,377.6980559285841,319.1272035725193,1208,False,True,2026-07-23,319.1272035725193,WIN,35.0,stocks
DIS,SHORT,2023-05-11,89.50038146972656,95.171899019153,78.15734637087368,442,True,True,2023-09-01,78.15734637087368,WIN,78.0,stocks
DIS,SHORT,2024-06-28,96.58167266845703,100.00709873687214,89.73082053162682,726,False,True,2024-07-23,89.73082053162682,WIN,16.0,stocks
DIS,LONG,2024-11-06,96.6363754272461,93.35683088016887,103.19546452140054,817,False,True,2024-11-14,103.19546452140054,WIN,6.0,stocks
DIS,LONG,2025-06-10,116.53834533691406,111.62174187797747,126.37155225478725,963,False,True,2025-08-06,111.62174187797747,LOSS,39.0,stocks
DIS,SHORT,2025-08-07,111.26880645751953,115.95284493741093,101.90072949773673,1003,False,True,2025-08-20,115.95284493741093,LOSS,9.0,stocks
DIS,SHORT,2025-09-19,112.13624572753906,116.23242616614381,103.94388485032957,1033,False,True,2025-11-13,103.94388485032957,WIN,39.0,stocks
DIS,LONG,2026-08-05,101.76000213623047,96.89647138723272,111.48706363422596,1252,False,True,,,OPEN,,stocks
TSLA,SHORT,2022-04-26,292.1400146484375,329.8445495249896,216.73094489533332,180,False,True,2022-05-20,216.73094489533332,WIN,18.0,stocks
TSLA,LONG,2022-07-21,271.7066650390625,244.2407754035459,326.6384443100957,239,False,True,2022-10-03,244.2407754035459,LOSS,51.0,stocks
TSLA,SHORT,2022-11-08,191.3000030517578,217.22426409519954,139.45148096487435,316,False,True,2022-12-20,139.45148096487435,WIN,29.0,stocks
TSLA,SHORT,2023-04-20,162.99000549316406,180.76678657266154,127.4364433341691,427,False,True,2023-05-19,180.76678657266154,LOSS,21.0,stocks
TSLA,LONG,2024-06-17,187.44000244140625,171.6386756787431,219.04265596673253,718,False,True,2024-07-02,219.04265596673253,WIN,10.0,stocks
TSLA,LONG,2025-09-12,395.94000244140625,368.43856451774576,450.94287828872723,1028,False,True,2025-09-29,450.94287828872723,WIN,11.0,stocks
APA,SHORT,2022-02-22,26.8439884185791,29.675580672704953,21.1808039103274,136,False,True,2022-02-28,29.675580672704953,LOSS,4.0,stocks
APA,LONG,2022-03-01,32.249107360839844,29.206697733219062,38.333926616081406,141,False,True,2022-04-18,38.333926616081406,WIN,33.0,stocks
APA,SHORT,2022-09-23,28.609167098999023,32.56745987483668,20.692581547323712,284,True,True,2022-10-04,32.56745987483668,LOSS,7.0,stocks
APA,LONG,2023-07-11,33.0368537902832,30.870912789513547,37.368735791822516,482,False,True,2023-08-03,37.368735791822516,WIN,17.0,stocks
APA,SHORT,2024-12-17,19.535255432128906,21.02104682511831,16.563672646150096,845,False,True,2024-12-30,21.02104682511831,LOSS,8.0,stocks
APA,SHORT,2025-01-31,20.568906784057617,22.050449889690682,17.605820572791487,874,False,True,2025-02-11,22.050449889690682,LOSS,7.0,stocks
APA,SHORT,2025-02-27,19.15262222290039,20.776286864591857,15.905292939517459,892,False,True,2025-04-04,15.905292939517459,WIN,26.0,stocks
APA,LONG,2026-01-14,26.07924461364746,24.11496312158183,30.007807597778722,1113,False,True,2026-03-02,30.007807597778722,WIN,31.0,stocks
APA,LONG,2026-07-31,37.31999969482422,34.78718643422212,42.38562621602841,1249,False,True,2026-08-05,34.78718643422212,LOSS,3.0,stocks
AAPL,LONG,2022-10-28,152.8872528076172,142.72704272232258,173.2076729782064,309,False,True,2022-11-02,142.72704272232258,LOSS,3.0,stocks
AAPL,SHORT,2022-12-16,132.26515197753906,141.49794883834636,113.79955825592447,343,False,True,2023-01-26,141.49794883834636,LOSS,26.0,stocks
AAPL,LONG,2023-05-05,170.9339141845703,164.50644376633593,183.78885502103907,438,False,True,2023-06-15,183.78885502103907,WIN,28.0,stocks
AAPL,SHORT,2023-08-04,179.4739227294922,185.89043642698596,166.64089533450465,500,True,True,2023-08-31,185.89043642698596,LOSS,19.0,stocks
AAPL,LONG,2023-12-15,195.35867309570312,189.69994713839696,206.67612501031545,593,False,True,2023-12-27,189.69994713839696,LOSS,7.0,stocks
AAPL,SHORT,2024-01-02,183.5621795654297,189.51271745311416,171.66110379006074,603,True,True,2024-01-19,189.51271745311416,LOSS,12.0,stocks
AAPL,LONG,2024-06-11,205.37095642089844,197.6328975016631,220.8470742593691,714,False,True,2024-07-05,220.8470742593691,WIN,16.0,stocks
AAPL,SHORT,2024-11-01,221.25143432617188,229.63058679517155,204.49312938817252,814,False,True,2024-11-25,229.63058679517155,LOSS,16.0,stocks
AAPL,LONG,2025-06-30,204.3592529296875,195.45420758194467,222.16934362517316,976,False,True,2025-08-08,222.16934362517316,WIN,28.0,stocks
AAPL,LONG,2025-10-20,261.50018310546875,250.79234285119583,282.9158636140146,1054,False,True,2025-12-02,282.9158636140146,WIN,30.0,stocks
SNAP,SHORT,2022-04-20,30.760000228881836,35.279756467625816,21.720487751393875,176,False,True,2022-05-11,21.720487751393875,WIN,15.0,stocks
SNAP,LONG,2022-07-21,16.350000381469727,14.244553626928138,20.560893890552904,239,False,True,2022-07-22,14.244553626928138,LOSS,1.0,stocks
SNAP,SHORT,2022-10-21,7.760000228881836,9.590711431429693,4.098577823786123,304,False,True,2022-10-25,9.590711431429693,LOSS,2.0,stocks
SNAP,SHORT,2022-12-15,8.760000228881836,10.06119845407756,6.157603778490387,342,False,True,2023-01-23,10.06119845407756,LOSS,24.0,stocks
SNAP,LONG,2023-01-27,10.90999984741211,9.795389252216975,13.139221037802379,370,False,True,2023-02-21,9.795389252216975,LOSS,16.0,stocks
SNAP,SHORT,2023-04-26,9.880000114440918,10.87625035589512,7.887499631532513,431,False,True,2023-05-04,7.887499631532513,WIN,6.0,stocks
SNAP,LONG,2023-06-26,11.210000038146973,10.281858668358085,13.066282777724748,472,False,True,2023-07-11,13.066282777724748,WIN,10.0,stocks
SNAP,LONG,2023-10-16,9.720000267028809,8.937308620115392,11.285383560855642,550,False,True,2023-10-26,8.937308620115392,LOSS,8.0,stocks
SNAP,SHORT,2024-02-07,11.40999984741211,13.626294898160216,6.977409745915896,628,False,True,2024-04-26,13.626294898160216,LOSS,55.0,stocks
SNAP,SHORT,2024-07-17,14.569999694824219,16.063754233936493,11.58249061659967,738,True,True,2024-08-02,11.58249061659967,WIN,12.0,stocks
SNAP,SHORT,2025-04-03,8.020000457763672,8.963881727774504,6.132237917742007,917,False,True,2025-04-28,8.963881727774504,LOSS,16.0,stocks
SNAP,LONG,2025-07-01,9.350000381469727,8.532902856210068,10.984195431989043,977,True,True,2025-08-06,8.532902856210068,LOSS,25.0,stocks
SNAP,LONG,2025-09-17,7.989999771118164,7.3762999820843405,9.217399349185811,1031,True,True,2025-09-22,9.217399349185811,WIN,3.0,stocks
SNAP,LONG,2025-11-10,8.6899995803833,7.8951510855844464,10.27969656998101,1069,False,True,2025-11-20,7.8951510855844464,LOSS,8.0,stocks
SNAP,SHORT,2026-06-16,5.159999847412109,5.876654140267712,3.7266912617009034,1218,False,True,,,OPEN,,stocks
BAC,LONG,2022-01-04,42.882720947265625,40.91100020245769,46.82616243688149,103,True,True,2022-01-20,40.91100020245769,LOSS,11.0,stocks
BAC,LONG,2022-08-10,31.672311782836914,30.023503595298493,34.969928157913756,253,False,True,2022-09-01,30.023503595298493,LOSS,16.0,stocks
BAC,SHORT,2022-12-05,31.518753051757812,33.203433355615445,28.149392444042547,334,False,True,2023-02-02,33.203433355615445,LOSS,40.0,stocks
BAC,LONG,2023-07-18,28.47905731201172,27.183762532882465,31.069646870270226,487,False,True,2023-08-16,27.183762532882465,LOSS,21.0,stocks
BAC,SHORT,2024-04-16,32.928466796875,34.509067333264206,29.76726572409659,675,False,True,2024-04-19,34.509067333264206,LOSS,3.0,stocks
BAC,LONG,2024-10-11,40.33481216430664,38.766693399211725,43.47104969449647,799,False,True,2024-11-06,43.47104969449647,WIN,18.0,stocks
BAC,LONG,2025-09-19,51.42050552368164,49.751849851729816,54.75781686758529,1033,False,True,2025-10-02,49.751849851729816,LOSS,9.0,stocks
BAC,SHORT,2026-01-14,51.915252685546875,54.14442631898904,47.456905418662544,1113,False,True,2026-02-03,54.14442631898904,LOSS,13.0,stocks
GM,SHORT,2022-04-06,37.9385986328125,41.18869116448765,31.4384135694622,167,False,True,2022-04-20,41.18869116448765,LOSS,9.0,stocks
GM,SHORT,2022-05-12,34.154354095458984,37.630242983149174,27.202576320078606,192,False,True,2022-06-01,37.630242983149174,LOSS,13.0,stocks
GM,SHORT,2023-04-25,31.825700759887695,33.98888279707721,27.499336685508666,430,False,True,2023-06-06,33.98888279707721,LOSS,29.0,stocks
GM,SHORT,2025-03-04,44.55421447753906,48.298035518873405,37.06657239487038,895,False,True,2025-03-05,48.298035518873405,LOSS,1.0,stocks
GM,LONG,2025-09-24,59.53031921386719,57.25474586422785,64.08146591314586,1036,False,True,2025-10-07,57.25474586422785,LOSS,9.0,stocks
GM,SHORT,2026-01-20,77.45829772949219,81.27656891894813,69.8217553505803,1116,True,True,2026-01-22,81.27656891894813,LOSS,2.0,stocks
GM,LONG,2026-07-22,82.12999725341797,77.17617051485847,92.03765073053697,1242,False,True,,,OPEN,,stocks
RACE,SHORT,2022-09-23,180.2064971923828,189.7760283325917,161.06743491196505,284,False,True,2022-10-25,189.7760283325917,LOSS,22.0,stocks
RACE,LONG,2023-03-06,261.58721923828125,252.17890301060228,280.4038516936392,395,False,True,2023-03-10,252.17890301060228,LOSS,4.0,stocks
RACE,LONG,2023-05-04,284.35614013671875,274.2181184346711,304.632183540814,437,False,True,2023-06-27,304.632183540814,WIN,36.0,stocks
RACE,LONG,2024-06-12,419.1431579589844,405.1665478420378,447.0963781928775,715,False,True,2024-06-14,405.1665478420378,LOSS,2.0,stocks
RACE,LONG,2025-02-04,450.46905517578125,431.53805486447345,488.33105579839685,876,False,True,2025-02-14,488.33105579839685,WIN,8.0,stocks
RACE,SHORT,2025-06-13,458.1524353027344,474.04729006291836,426.3627257823664,966,False,True,2025-06-27,474.04729006291836,LOSS,9.0,stocks
RACE,LONG,2025-10-02,498.338623046875,480.9328771480865,533.150114844452,1042,False,True,2025-10-08,480.9328771480865,LOSS,4.0,stocks
RACE,SHORT,2025-10-09,402.7320556640625,429.98763961075684,348.2208877706738,1047,False,True,2026-01-14,348.2208877706738,WIN,66.0,stocks
RACE,LONG,2026-07-30,397.7300109863281,377.0357665034549,439.11849995207456,1248,False,True,,,OPEN,,stocks
MSFT,LONG,2022-12-13,249.8082733154297,236.45585736499334,276.5131052163024,340,False,True,2022-12-19,236.45585736499334,LOSS,4.0,stocks
MSFT,SHORT,2023-01-04,222.7583770751953,236.54926705899848,195.17659710758898,354,False,True,2023-01-23,236.54926705899848,LOSS,12.0,stocks
MSFT,LONG,2023-03-16,269.227294921875,255.70746689154385,296.2669509825373,403,False,True,2023-04-27,296.2669509825373,WIN,29.0,stocks
MSFT,LONG,2023-05-25,318.3865051269531,306.93814552393474,341.2832243329899,452,False,True,2023-06-15,341.2832243329899,WIN,14.0,stocks
MSFT,LONG,2023-07-18,351.18060302734375,335.54978290688234,382.44224326826657,487,False,True,2023-07-21,335.54978290688234,LOSS,3.0,stocks
MSFT,LONG,2024-10-30,426.6051940917969,413.14028247524374,453.53501732490315,812,False,True,2024-10-31,413.14028247524374,LOSS,1.0,stocks
MSFT,SHORT,2025-03-31,371.73284912109375,388.96376733012835,337.27101270302455,914,False,True,2025-04-09,388.96376733012835,LOSS,7.0,stocks
MSFT,LONG,2025-07-31,529.2723999023438,511.3962160678734,565.0247675712844,998,False,True,2025-08-18,511.3962160678734,LOSS,12.0,stocks
MSFT,SHORT,2025-09-05,491.8847961425781,508.49236739148785,458.6696536447587,1023,False,True,2025-09-12,508.49236739148785,LOSS,5.0,stocks
MSFT,LONG,2025-09-19,514.6704711914062,498.99983244405206,546.0117486861146,1033,False,True,2025-10-28,546.0117486861146,WIN,27.0,stocks
MSFT,LONG,2026-05-29,450.239990234375,426.7595898452609,497.2007910126032,1206,False,True,2026-06-03,426.7595898452609,LOSS,3.0,stocks
MSFT,LONG,2026-07-30,451.1000061035156,419.3009515087532,514.6981152930405,1248,False,True,,,OPEN,,stocks
C,SHORT,2023-03-10,43.12107467651367,45.302070239601264,38.75908355033849,399,False,True,2023-03-23,38.75908355033849,WIN,9.0,stocks
C,SHORT,2023-05-24,40.12181091308594,42.30640699664973,35.75261874595836,451,False,True,2023-06-06,42.30640699664973,LOSS,8.0,stocks
C,LONG,2024-01-30,52.758270263671875,50.541493094652225,57.191824601711176,622,False,True,2024-02-05,50.541493094652225,LOSS,4.0,stocks
C,SHORT,2024-06-11,55.65365219116211,58.00932894398954,50.942298685507254,714,False,True,2024-06-24,58.00932894398954,LOSS,8.0,stocks
C,LONG,2024-06-28,59.718990325927734,57.20373319413136,64.74950458952048,726,False,True,2024-08-02,57.20373319413136,LOSS,24.0,stocks
C,LONG,2024-11-06,66.16728210449219,62.666101395426246,73.16964352262407,817,False,True,2025-01-15,73.16964352262407,WIN,46.0,stocks
C,LONG,2025-06-24,78.93988037109375,75.88742500126277,85.04479111075571,972,False,True,2025-07-03,85.04479111075571,WIN,7.0,stocks
C,SHORT,2026-07-14,132.59585571289062,140.63107160717402,116.52542392432383,1236,False,True,,,OPEN,,stocks
WMT,SHORT,2022-05-06,47.48628616333008,49.48459961989032,43.4896592502096,188,True,True,2022-05-17,43.4896592502096,WIN,7.0,stocks
WMT,LONG,2023-02-21,47.15909957885742,45.46495895191329,50.54738083274569,386,False,True,2023-02-23,45.46495895191329,LOSS,2.0,stocks
WMT,LONG,2024-05-16,62.83401870727539,60.72973357432079,67.04258897318459,697,False,True,2024-06-21,67.04258897318459,WIN,24.0,stocks
WMT,SHORT,2024-08-02,67.20225524902344,69.2601279595037,63.0865098280629,750,True,True,2024-08-15,69.2601279595037,LOSS,9.0,stocks
WMT,LONG,2025-10-14,106.56938934326172,102.55307065484313,114.6020267200989,1050,False,True,2025-10-28,102.55307065484313,LOSS,10.0,stocks
WMT,LONG,2026-01-12,117.50414276123047,113.01458991935179,126.48324844498782,1111,False,True,2026-02-03,126.48324844498782,WIN,15.0,stocks
WMT,SHORT,2026-03-20,118.79328918457031,124.79668132599262,106.78650490172569,1158,False,True,2026-03-30,124.79668132599262,LOSS,6.0,stocks
INTC,SHORT,2022-06-08,38.83530044555664,41.41065311291836,33.6845951108332,210,False,True,2022-07-05,33.6845951108332,WIN,17.0,stocks
INTC,LONG,2022-07-19,37.88397216796875,35.67359188324118,42.30473273742389,237,True,True,2022-07-29,35.67359188324118,LOSS,8.0,stocks
INTC,SHORT,2022-12-16,25.958358764648438,27.8251573609319,22.224761572081512,343,False,True,2023-01-09,27.8251573609319,LOSS,14.0,stocks
INTC,SHORT,2023-05-25,26.852663040161133,28.733056533443648,23.091876053596103,452,False,True,2023-05-30,28.733056533443648,LOSS,2.0,stocks
INTC,LONG,2023-07-28,36.09429931640625,33.922229744010444,40.43843846119786,495,False,True,2023-08-02,33.922229744010444,LOSS,3.0,stocks
INTC,SHORT,2023-10-23,33.29317092895508,35.39719947153548,29.085113843794275,555,False,True,2023-10-27,35.39719947153548,LOSS,4.0,stocks
INTC,LONG,2023-12-15,45.549957275390625,42.813457355995496,51.02295711418088,593,False,True,2024-01-26,42.813457355995496,LOSS,27.0,stocks
INTC,LONG,2024-07-08,33.77574157714844,32.15572484768153,37.015775036082246,731,False,True,2024-07-24,32.15572484768153,LOSS,12.0,stocks
INTC,SHORT,2024-10-31,21.520000457763672,23.14270869380932,18.27458398567238,813,False,True,2024-11-01,23.14270869380932,LOSS,1.0,stocks
INTC,LONG,2024-11-06,25.049999237060547,23.046461673832376,29.05707436351689,817,False,True,2024-12-03,23.046461673832376,LOSS,18.0,stocks
INTC,LONG,2025-09-18,30.56999969482422,27.880702553052245,35.948593978368166,1032,False,True,2025-09-26,35.948593978368166,WIN,6.0,stocks
XOM,LONG,2022-01-04,56.43692398071289,53.87309010879797,61.56459172454274,103,False,True,2022-01-14,61.56459172454274,WIN,8.0,stocks
XOM,SHORT,2023-05-31,92.43215942382812,96.91635361736762,83.46377103674914,455,False,True,2023-06-05,96.91635361736762,LOSS,3.0,stocks
XOM,SHORT,2023-07-14,91.31044006347656,95.59884311668004,82.7336339570696,485,False,True,2023-07-24,95.59884311668004,LOSS,6.0,stocks
XOM,SHORT,2023-12-06,91.21653747558594,95.04611458865801,83.55738324944178,586,False,True,2023-12-20,95.04611458865801,LOSS,10.0,stocks
XOM,SHORT,2024-05-01,107.78142547607422,112.05841634070313,99.22744374681639,686,False,True,2024-05-17,112.05841634070313,LOSS,12.0,stocks
XOM,SHORT,2025-03-05,101.2502670288086,106.13628769153304,91.4782257033597,896,False,True,2025-03-10,106.13628769153304,LOSS,3.0,stocks
GS,SHORT,2022-09-23,275.5597839355469,291.96166967954537,242.7560124475499,284,False,True,2022-10-18,291.96166967954537,LOSS,17.0,stocks
GS,LONG,2023-01-13,343.5283203125,329.7805020385332,371.0239568604336,361,False,True,2023-01-17,329.7805020385332,LOSS,1.0,stocks
GS,SHORT,2023-02-28,322.999267578125,337.68010424199474,293.6375942503855,391,False,True,2023-03-13,293.6375942503855,WIN,9.0,stocks
GS,LONG,2023-06-07,312.9678649902344,300.23788309444853,338.42782878180606,460,True,True,2023-06-22,300.23788309444853,LOSS,10.0,stocks
GS,LONG,2023-09-14,323.86767578125,311.73061388426197,348.14179957522606,528,False,True,2023-09-21,311.73061388426197,LOSS,5.0,stocks
GS,LONG,2024-03-21,394.8249206542969,378.9498882552356,426.57498545241947,658,False,True,2024-04-11,378.9498882552356,LOSS,14.0,stocks
GS,LONG,2024-11-06,575.601806640625,547.0310193169532,632.7433812879685,817,False,True,2024-12-18,547.0310193169532,LOSS,29.0,stocks
GS,LONG,2025-06-20,628.1548461914062,601.9528252091307,680.5588881559574,970,False,True,2025-06-30,680.5588881559574,WIN,6.0,stocks
GS,LONG,2026-05-20,977.8106079101562,926.386200859506,1080.6594220114569,1200,False,True,2026-06-04,1080.6594220114569,WIN,10.0,stocks
NFLX,SHORT,2022-01-05,56.75199890136719,59.877497294549926,50.50100211500171,104,False,True,2022-01-21,50.50100211500171,WIN,11.0,stocks
NFLX,LONG,2022-07-19,20.163000106811523,18.2088957087364,24.07120890296177,237,True,True,2022-08-08,24.07120890296177,WIN,14.0,stocks
NFLX,LONG,2022-09-19,24.363000869750977,22.193502064207998,28.701998480836934,280,True,True,2022-09-23,22.193502064207998,LOSS,4.0,stocks
NFLX,SHORT,2023-02-23,32.3650016784668,34.76384891019683,27.567307215006736,388,False,True,2023-04-03,34.76384891019683,LOSS,27.0,stocks
NFLX,LONG,2023-05-18,37.12900161743164,34.90733787639659,41.572329099501744,447,False,True,2023-06-07,41.572329099501744,WIN,13.0,stocks
NFLX,LONG,2023-07-18,47.47999954223633,44.82772738537046,52.78454385596807,487,False,True,2023-07-20,44.82772738537046,LOSS,2.0,stocks
NFLX,SHORT,2023-10-18,34.61899948120117,36.77297669118986,30.311045061223794,552,False,True,2023-10-19,36.77297669118986,LOSS,1.0,stocks
NFLX,LONG,2024-01-24,54.48699951171875,51.2710665725882,60.91886538997986,618,False,True,2024-03-01,60.91886538997986,WIN,26.0,stocks
NFLX,SHORT,2024-04-19,55.50400161743164,59.152382787747875,48.20723927679917,678,False,True,2024-05-06,59.152382787747875,LOSS,11.0,stocks
NFLX,LONG,2024-06-14,66.93800354003906,63.962274577883186,72.88946146435082,717,False,True,2024-07-17,63.962274577883186,LOSS,21.0,stocks
NFLX,SHORT,2024-10-17,68.76499938964844,71.90916380017029,62.47667056860473,803,True,True,2024-10-18,71.90916380017029,LOSS,1.0,stocks
NFLX,SHORT,2025-07-18,120.92400360107422,127.27159515242279,108.22882049837708,989,False,True,2025-11-03,108.22882049837708,WIN,75.0,stocks
NFLX,SHORT,2026-07-17,68.94999694824219,74.60844862746714,57.63309358979228,1239,False,True,2026-08-05,74.60844862746714,LOSS,13.0,stocks
EBAY,SHORT,2022-05-05,44.42601776123047,48.25899528500832,36.76006271367477,187,False,True,2022-09-21,36.76006271367477,WIN,95.0,stocks
EBAY,SHORT,2022-12-16,38.47006607055664,41.02224795635372,33.365702298962475,343,False,True,2023-01-06,41.02224795635372,LOSS,13.0,stocks
EBAY,SHORT,2023-02-23,42.55164337158203,45.27522711387525,37.10447588699559,388,False,True,2023-07-18,45.27522711387525,LOSS,99.0,stocks
EBAY,LONG,2023-08-31,42.73782730102539,40.91778757515453,46.37790675276712,519,False,True,2023-09-07,40.91778757515453,LOSS,4.0,stocks
EBAY,SHORT,2024-04-18,48.223533630371094,50.23707208493251,44.19645672124827,677,False,True,2024-04-26,50.23707208493251,LOSS,6.0,stocks
EBAY,LONG,2025-01-08,67.93902587890625,63.98281723626518,75.8514431641884,859,False,True,2025-01-13,63.98281723626518,LOSS,2.0,stocks
EBAY,LONG,2025-02-25,69.43681335449219,66.48585665426303,75.3387267549505,890,False,True,2025-02-27,66.48585665426303,LOSS,2.0,stocks
AMZN,SHORT,2022-01-10,161.48599243164062,169.68062031950248,145.0967366559169,107,False,True,2022-01-21,145.0967366559169,WIN,8.0,stocks
AMZN,SHORT,2022-10-28,103.41000366210938,114.41325789304126,81.4034952002456,309,False,True,2023-05-16,114.41325789304126,LOSS,136.0,stocks
AMZN,LONG,2023-08-04,139.57000732421875,131.45739073252363,155.79524050760898,500,False,True,2023-08-18,131.45739073252363,LOSS,10.0,stocks
AMZN,SHORT,2023-10-25,121.38999938964844,129.20604130376836,105.7579155614086,557,False,True,2023-10-27,129.20604130376836,LOSS,2.0,stocks
AMZN,LONG,2023-12-15,149.97000122070312,143.29862006530823,163.31276353149292,593,False,True,2024-02-02,163.31276353149292,WIN,32.0,stocks
AMZN,SHORT,2024-05-31,176.44000244140625,184.11126286538766,161.09748159344343,707,True,True,2024-06-06,184.11126286538766,LOSS,4.0,stocks
AMZN,LONG,2024-06-21,189.0800018310547,182.1171187652442,203.0057679626757,721,False,True,2024-07-18,182.1171187652442,LOSS,18.0,stocks
AMZN,LONG,2024-11-01,197.92999267578125,188.2192001158171,217.35157779570955,814,False,True,2024-12-04,217.35157779570955,WIN,22.0,stocks
AMZN,SHORT,2025-04-03,178.41000366210938,193.74740713165738,147.73519672301336,917,False,True,2025-05-08,193.74740713165738,LOSS,24.0,stocks
AMZN,LONG,2025-06-27,223.3000030517578,212.89600070146187,244.1080077523497,975,False,True,2025-08-01,212.89600070146187,LOSS,24.0,stocks
AMZN,SHORT,2025-08-04,211.64999389648438,222.1741290714906,190.60172354647193,1000,False,True,2025-08-06,222.1741290714906,LOSS,2.0,stocks
AMZN,LONG,2025-09-04,235.67999267578125,225.69087877241014,255.65822048252346,1022,False,True,2025-09-23,225.69087877241014,LOSS,13.0,stocks
META,SHORT,2022-09-14,150.15142822265625,163.62978092376275,123.19472282044325,277,False,True,2022-10-13,123.19472282044325,WIN,21.0,stocks
META,SHORT,2022-10-27,97.08741760253906,113.66835762973014,63.92553754815691,308,False,True,2022-11-11,113.66835762973014,LOSS,11.0,stocks
META,LONG,2023-03-14,192.33106994628906,178.4695126757734,220.0541844873204,401,False,True,2023-04-14,220.0541844873204,WIN,22.0,stocks
META,LONG,2023-04-27,236.48333740234375,222.1456389020209,265.15873440298947,432,False,True,2023-05-30,265.15873440298947,WIN,22.0,stocks
META,LONG,2023-07-05,291.80743408203125,276.2426500954999,322.9370020550939,478,False,True,2023-07-28,322.9370020550939,WIN,17.0,stocks
META,LONG,2024-07-05,536.309814453125,511.23098594498117,586.4674714694127,730,False,True,2024-07-11,511.23098594498117,LOSS,4.0,stocks
META,LONG,2025-06-27,731.2333984375,699.508588736948,794.683017838604,975,False,True,2025-07-16,699.508588736948,LOSS,12.0,stocks
META,SHORT,2025-07-30,692.9388427734375,721.5573002637132,635.7019277928862,997,False,True,2025-07-31,721.5573002637132,LOSS,1.0,stocks
META,LONG,2025-08-01,747.559814453125,707.0392831053624,828.6008771486502,999,False,True,2025-10-06,707.0392831053624,LOSS,45.0,stocks
META,SHORT,2026-03-13,612.6171875,651.6920587949388,534.4674449101224,1153,False,True,2026-03-27,534.4674449101224,WIN,10.0,stocks
BA,LONG,2022-12-05,185.10000610351562,173.36652572860865,208.56696685332957,334,False,True,2023-01-06,208.56696685332957,WIN,22.0,stocks
BA,LONG,2023-02-14,218.4499969482422,207.00978530509997,241.33042023452663,382,False,True,2023-02-21,207.00978530509997,LOSS,4.0,stocks
BA,SHORT,2023-02-24,198.14999389648438,209.50767105055806,175.434639588337,389,False,True,2023-03-02,209.50767105055806,LOSS,4.0,stocks
BA,LONG,2023-07-26,232.8000030517578,221.8492570617709,254.7014950317316,493,False,True,2023-08-18,221.8492570617709,LOSS,17.0,stocks
BA,SHORT,2024-03-11,192.49000549316406,202.51316140563748,172.44369366821724,650,False,True,2024-04-10,172.44369366821724,WIN,21.0,stocks
BA,LONG,2024-07-31,190.60000610351562,179.01675433044977,213.76650964964733,748,True,True,2024-08-01,179.01675433044977,LOSS,1.0,stocks
BA,SHORT,2024-08-02,169.9499969482422,183.43841210234817,142.97316664003023,750,True,True,2024-11-13,142.97316664003023,WIN,72.0,stocks
BA,SHORT,2025-09-11,219.99000549316406,231.06662905560816,197.83675836827587,1027,True,True,2025-11-04,197.83675836827587,WIN,38.0,stocks
SBUX,LONG,2022-08-03,79.24996185302734,75.38069505559795,86.98849544788612,248,False,True,2022-09-06,75.38069505559795,LOSS,23.0,stocks
SBUX,LONG,2022-09-14,84.66056823730469,80.13469357341098,93.71231756509209,277,False,True,2022-09-22,80.13469357341098,LOSS,6.0,stocks
SBUX,SHORT,2022-10-24,76.49589538574219,81.64639354812569,66.19489906097519,305,False,True,2022-11-04,81.64639354812569,LOSS,9.0,stocks
SBUX,LONG,2023-07-21,95.38845825195312,92.24758910954188,101.67019653677562,490,False,True,2023-08-02,92.24758910954188,LOSS,8.0,stocks
SBUX,LONG,2023-11-02,93.27632141113281,89.14914871271284,101.53066680797275,563,False,True,2023-12-05,89.14914871271284,LOSS,22.0,stocks
SBUX,SHORT,2025-07-31,86.86761474609375,92.71099616268916,75.18085191290294,998,False,True,2026-01-15,92.71099616268916,LOSS,116.0,stocks
GC=F,LONG,2023-03-13,1911.699951171875,1870.90206213541,1993.295729244805,401,False,True,2023-03-20,1993.295729244805,WIN,5.0,metals
GC=F,LONG,2023-05-04,2048.0,1996.5269912382382,2150.9460175235236,438,False,True,2023-05-16,1996.5269912382382,LOSS,8.0,metals
GC=F,SHORT,2023-09-27,1871.5999755859375,1897.4464546792408,1819.907017399331,538,False,True,2023-10-03,1819.907017399331,WIN,4.0,metals
GC=F,LONG,2024-03-01,2086.89990234375,2050.480838065374,2159.738030900502,645,False,True,2024-03-07,2159.738030900502,WIN,4.0,metals
GC=F,LONG,2025-03-13,2984.300048828125,2910.0034581642803,3132.8932301558143,904,False,True,2025-04-01,3132.8932301558143,WIN,13.0,metals
GC=F,SHORT,2026-03-18,4889.89990234375,5121.175402872074,4427.348901287101,1159,False,True,2026-03-23,4427.348901287101,WIN,3.0,metals
GC=F,SHORT,2026-05-19,4506.2998046875,4662.180155567605,4194.5391029272905,1202,False,True,2026-06-10,4194.5391029272905,WIN,15.0,metals
GC=F,LONG,2026-08-06,4298.7001953125,4141.936085948419,4612.228414040663,1256,False,True,,,OPEN,,metals
SI=F,LONG,2022-04-13,26.020000457763672,25.04484014988243,27.970321073526158,173,False,True,2022-04-21,25.04484014988243,LOSS,5.0,metals
SI=F,LONG,2022-11-07,20.898000717163086,19.8056099775603,23.082782196368655,316,False,True,2022-12-02,23.082782196368655,WIN,18.0,metals
SI=F,SHORT,2023-02-06,22.177000045776367,23.224484173282054,20.082031790764994,377,False,True,2023-03-07,20.082031790764994,WIN,20.0,metals
SI=F,LONG,2025-01-30,32.36399841308594,31.12164695152714,34.84870133620353,875,False,True,2025-02-28,31.12164695152714,LOSS,20.0,metals
SI=F,LONG,2026-08-06,61.78499984741211,58.26421486425446,68.8265698137274,1256,False,True,,,OPEN,,metals
PL=F,LONG,2023-08-28,968.2999877929688,945.7315908614505,1013.4367816560052,517,True,True,2023-09-05,945.7315908614505,LOSS,5.0,metals
PL=F,SHORT,2024-09-03,905.2999877929688,934.6586222638541,846.582718851198,772,False,True,2024-09-09,934.6586222638541,LOSS,4.0,metals
PL=F,SHORT,2024-12-27,917.5,943.0840685633056,866.3318628733889,853,False,True,2025-01-07,943.0840685633056,LOSS,6.0,metals
PL=F,LONG,2025-09-02,1405.800048828125,1362.7197959167647,1491.9605546508456,1023,False,True,2025-09-23,1491.9605546508456,WIN,15.0,metals
PL=F,SHORT,2026-04-29,1885.300048828125,1991.3810809094969,1673.1379846653813,1188,False,True,2026-05-01,1991.3810809094969,LOSS,2.0,metals
PL=F,LONG,2026-05-13,2187.10009765625,2088.696383694885,2383.9075255789803,1198,False,True,2026-05-14,2088.696383694885,LOSS,1.0,metals
PL=F,LONG,2026-08-06,1735.5999755859375,1660.2400130519363,1886.3199006539398,1256,True,True,,,OPEN,,metals
PA=F,LONG,2022-01-21,2100.300048828125,2013.5035727325005,2273.893001019374,116,False,True,2022-01-26,2273.893001019374,WIN,3.0,metals
PA=F,LONG,2022-02-24,2498.60009765625,2400.138678245936,2695.5229364768784,139,False,True,2022-02-25,2400.138678245936,LOSS,1.0,metals
PA=F,SHORT,2022-04-25,2116.39990234375,2286.0998079302567,1777.0000911707366,180,False,True,2022-04-29,2286.0998079302567,LOSS,4.0,metals
PA=F,SHORT,2023-01-26,1655.300048828125,1741.3885561667087,1483.1230341509577,370,False,True,2023-02-14,1483.1230341509577,WIN,13.0,metals
PA=F,LONG,2025-01-15,965.5,933.1655661195844,1030.1688677608313,865,True,True,2025-01-31,1030.1688677608313,WIN,11.0,metals
PA=F,LONG,2025-03-31,991.2000122070312,965.692185606063,1042.2156654089677,916,False,True,2025-04-03,965.692185606063,LOSS,3.0,metals
PA=F,LONG,2026-08-06,1376.0,1310.6106325101377,1506.7787349797245,1255,False,True,,,OPEN,,metals
HG=F,LONG,2022-01-20,4.576499938964844,4.4112713828649825,4.906957051164566,115,False,True,2022-01-24,4.4112713828649825,LOSS,2.0,metals
HG=F,LONG,2022-10-27,3.625499963760376,3.4857358025402916,3.9050282862005448,309,False,True,2022-10-28,3.4857358025402916,LOSS,1.0,metals
HG=F,SHORT,2023-04-25,3.8459999561309814,3.9720154223594397,3.593969023674065,431,False,True,2023-05-01,3.9720154223594397,LOSS,4.0,metals
HG=F,LONG,2023-07-31,3.994499921798706,3.877525346805378,4.228449071785362,497,False,True,2023-08-02,3.877525346805378,LOSS,2.0,metals
HG=F,LONG,2025-06-03,4.809500217437744,4.586695754107482,5.2551091440982685,961,False,True,2025-07-08,5.2551091440982685,WIN,24.0,metals
^NDX,SHORT,2022-12-16,11243.7197265625,11784.78295927368,10161.59326114014,343,False,True,2023-01-23,11784.78295927368,LOSS,23.0,indices
^NDX,LONG,2023-03-17,12519.8798828125,12002.292792255153,13555.054063927193,404,False,True,2023-05-17,13555.054063927193,WIN,42.0,indices
^NDX,LONG,2023-12-14,16537.830078125,16141.289912208491,17330.910409958018,592,False,True,2024-01-22,17330.910409958018,WIN,24.0,indices
^NDX,LONG,2024-11-07,21101.5703125,20509.98908192667,22284.73277364666,818,False,True,2024-11-15,20509.98908192667,LOSS,6.0,indices
^DJI,SHORT,2022-12-16,32920.4609375,34018.44443566723,30724.493941165536,343,False,True,2023-01-12,34018.44443566723,LOSS,17.0,indices
^DJI,LONG,2025-06-27,43819.26953125,42829.03684211342,45799.73490952316,975,False,True,2025-09-11,45799.73490952316,WIN,52.0,indices
^DJI,LONG,2025-09-19,46315.26953125,45546.69337668693,47852.42184037613,1033,False,True,2025-10-10,45546.69337668693,LOSS,15.0,indices
^GSPC,SHORT,2022-12-16,3852.360107421875,3994.567605326702,3567.945111612221,343,False,True,2023-01-12,3994.567605326702,LOSS,17.0,indices
^GSPC,LONG,2023-12-14,4719.5498046875,4638.200387259882,4882.248639542737,592,False,True,2024-01-24,4882.248639542737,WIN,26.0,indices
^GSPC,LONG,2025-06-27,6173.06982421875,6040.377857996647,6438.453756662955,975,False,True,2025-08-12,6438.453756662955,WIN,31.0,indices
^GDAXI,SHORT,2022-01-21,15603.8798828125,16032.599673307632,14746.440301822237,118,False,True,2022-02-21,14746.440301822237,WIN,21.0,indices
^GDAXI,SHORT,2022-12-16,13893.0703125,14288.39354960011,13102.42383829978,351,False,True,2023-01-03,14288.39354960011,LOSS,11.0,indices
^GDAXI,LONG,2023-02-02,15509.1904296875,15182.539099390136,16162.493090282227,384,False,True,2023-02-24,15182.539099390136,LOSS,16.0,indices
^GDAXI,SHORT,2024-08-02,17661.220703125,18138.407671937963,16706.846765499075,766,False,True,2024-08-15,18138.407671937963,LOSS,9.0,indices
^GDAXI,SHORT,2024-11-06,19039.310546875,19470.568674803253,18176.794291018494,834,False,True,2024-11-11,19470.568674803253,LOSS,3.0,indices
^GDAXI,SHORT,2024-11-12,19033.640625,19537.745063528448,18025.431747943105,838,False,True,2024-11-29,19537.745063528448,LOSS,13.0,indices
^FTSE,SHORT,2022-08-30,7361.60009765625,7517.423553780249,7049.9531854082525,267,False,True,2022-09-23,7049.9531854082525,WIN,17.0,indices
^FTSE,SHORT,2022-12-16,7332.10009765625,7481.110125856783,7034.0800412551835,344,False,True,2022-12-21,7481.110125856783,LOSS,3.0,indices
^FTSE,LONG,2023-12-14,7649.0,7504.7481601824275,7937.503679635145,594,False,True,2024-01-17,7504.7481601824275,LOSS,21.0,indices
^FTSE,SHORT,2025-04-04,8055.0,8280.169554325663,7604.660891348674,924,False,True,2025-04-07,7604.660891348674,WIN,1.0,indices
^N225,SHORT,2022-12-20,26568.029296875,27272.69069326423,25158.70650409654,335,False,True,2023-01-24,27272.69069326423,LOSS,22.0,indices
^N225,LONG,2025-07-23,41171.3203125,40136.14371757265,43241.67350235469,969,False,True,2025-08-04,40136.14371757265,LOSS,8.0,indices
^FCHI,SHORT,2022-12-16,6452.6298828125,6626.9761826183785,6103.937283200743,353,False,True,2023-01-03,6626.9761826183785,LOSS,11.0,indices
^FCHI,SHORT,2023-03-13,7011.5,7207.983432502606,6618.533134994788,413,True,True,2023-03-30,7207.983432502606,LOSS,13.0,indices
^FCHI,LONG,2023-09-15,7378.81982421875,7195.086365696695,7746.28674126286,544,False,True,2023-09-22,7195.086365696695,LOSS,5.0,indices
^FCHI,SHORT,2024-07-25,7427.02001953125,7640.814936740034,6999.4301851136825,762,False,True,2024-08-29,7640.814936740034,LOSS,25.0,indices
^FCHI,SHORT,2024-10-31,7350.3701171875,7534.778804589689,6981.552742383123,832,False,True,2024-11-06,7534.778804589689,LOSS,4.0,indices
^FCHI,SHORT,2025-06-20,7589.66015625,7762.371753479538,7244.236961790924,992,False,True,2025-07-02,7762.371753479538,LOSS,8.0,indices
^FCHI,SHORT,2025-08-01,7546.16015625,7753.570853187631,7131.3387623747385,1022,False,True,2025-08-08,7753.570853187631,LOSS,5.0,indices
^STOXX50E,SHORT,2022-01-24,4054.360107421875,4196.86742783052,3769.3454666045855,119,False,True,2022-01-27,4196.86742783052,LOSS,3.0,indices
^STOXX50E,LONG,2023-02-02,4241.1201171875,4147.1060504321995,4429.148250698101,380,False,True,2023-03-13,4147.1060504321995,LOSS,27.0,indices
^STOXX50E,SHORT,2023-05-31,4218.0400390625,4324.662675911892,4004.7947653637166,459,False,True,2023-06-02,4324.662675911892,LOSS,2.0,indices
^STOXX50E,SHORT,2024-06-14,4839.14013671875,4968.648122968131,4580.1241642199875,721,False,True,2024-06-26,4968.648122968131,LOSS,8.0,indices
^HSI,LONG,2022-01-12,24402.169921875,23638.284882241926,25929.94000114115,108,False,True,2022-01-27,23638.284882241926,LOSS,11.0,indices
^HSI,SHORT,2023-03-10,19319.919921875,20179.492340709796,17600.77508420541,392,False,True,2023-03-29,20179.492340709796,LOSS,13.0,indices
^HSI,SHORT,2023-11-29,16993.439453125,17674.117992794272,15632.082373786456,569,False,True,2024-01-17,15632.082373786456,WIN,32.0,indices
FTSEMIB.MI,SHORT,2022-06-10,22547.0,23500.907562410917,20639.184875178165,216,False,True,2022-07-14,20639.184875178165,WIN,24.0,indices
FTSEMIB.MI,SHORT,2022-12-16,23688.0,24382.280951877492,22299.438096245016,350,False,True,2023-01-03,24382.280951877492,LOSS,11.0,indices
FTSEMIB.MI,LONG,2023-01-04,24861.0,24136.89318149579,26309.21363700842,362,False,True,2023-01-27,26309.21363700842,WIN,17.0,indices
FTSEMIB.MI,LONG,2023-09-20,29229.0,28497.0146178815,30692.970764236998,543,False,True,2023-09-22,28497.0146178815,LOSS,2.0,indices
FTSEMIB.MI,LONG,2024-01-30,30623.0,29971.112932530585,31926.77413493883,634,False,True,2024-02-16,31926.77413493883,WIN,13.0,indices
FTSEMIB.MI,SHORT,2024-11-06,33941.0,34797.065826303384,32228.868347393232,831,False,True,2024-12-06,34797.065826303384,LOSS,22.0,indices
^RUT,SHORT,2022-12-16,1763.4200439453125,1836.11776370691,1618.0246044221176,343,False,True,2023-01-11,1836.11776370691,LOSS,16.0,indices
^IBEX,SHORT,2022-01-24,8417.7998046875,8658.570910425839,7936.257593210823,119,False,True,2022-01-26,8658.570910425839,LOSS,2.0,indices
^IBEX,SHORT,2022-05-06,8322.0,8643.685193178513,7678.629613642974,191,False,True,2022-05-24,8643.685193178513,LOSS,12.0,indices
^IBEX,LONG,2023-02-28,9394.599609375,9180.543122640132,9822.712582844735,402,False,True,2023-03-13,9180.543122640132,LOSS,9.0,indices
^IBEX,SHORT,2023-05-31,9050.2001953125,9266.038033762077,8618.524518413346,465,False,True,2023-06-02,9266.038033762077,LOSS,2.0,indices
^IBEX,SHORT,2024-11-06,11495.2998046875,11771.297125610818,10943.305162840865,834,False,True,2024-12-02,11771.297125610818,LOSS,18.0,indices
^AXJO,SHORT,2022-06-14,6686.0,6897.40887069913,6263.182258601741,214,False,True,2022-07-29,6897.40887069913,LOSS,33.0,indices
^AXJO,SHORT,2023-05-31,7091.2998046875,7203.558396859527,6866.782620343445,457,False,True,2023-06-05,7203.558396859527,LOSS,3.0,indices
CL=F,LONG,2022-03-01,103.41000366210938,94.00627977777982,122.21745143076848,142,False,True,2022-03-07,122.21745143076848,WIN,4.0,commodities
CL=F,SHORT,2023-03-15,67.61000061035156,73.80170308981303,55.226595651428624,403,False,True,2023-03-28,73.80170308981303,LOSS,9.0,commodities
CL=F,SHORT,2024-06-03,74.22000122070312,78.18607155227056,66.28786055756825,709,False,True,2024-06-10,78.18607155227056,LOSS,5.0,commodities
CL=F,LONG,2025-07-30,70.0,65.81008846567401,78.37982306865197,1000,False,True,2025-08-04,65.81008846567401,LOSS,3.0,commodities
BZ=F,SHORT,2022-06-22,111.73999786376953,121.863586041758,91.4928215077926,220,True,True,2022-09-07,91.4928215077926,WIN,53.0,commodities
BZ=F,SHORT,2022-11-21,87.44999694824219,94.60562271782368,73.1387454090792,326,False,True,2023-03-15,73.1387454090792,WIN,77.0,commodities
BZ=F,LONG,2023-09-05,90.04000091552734,86.30562990869207,97.5087429291979,522,False,True,2023-09-28,97.5087429291979,WIN,17.0,commodities
BZ=F,SHORT,2024-06-03,78.36000061035156,82.02819614079675,71.02360954946118,710,False,True,2024-06-10,82.02819614079675,LOSS,5.0,commodities
BZ=F,LONG,2025-01-02,75.93000030517578,72.93302497437992,81.9239509667675,857,False,True,2025-01-15,81.9239509667675,WIN,9.0,commodities
BZ=F,LONG,2025-09-02,69.13999938964844,66.14077328938191,75.13845159018149,1024,False,True,2025-09-05,66.14077328938191,LOSS,3.0,commodities
NG=F,LONG,2022-01-12,4.85699987411499,4.255296547329001,6.060406527686968,110,False,True,2022-01-13,4.255296547329001,LOSS,1.0,commodities
NG=F,SHORT,2022-06-14,7.189000129699707,8.670632937120725,4.22573451485767,215,True,True,2022-07-25,8.670632937120725,LOSS,27.0,commodities
NG=F,LONG,2023-05-18,2.5920000076293945,2.2792860307091725,3.2174279614698387,448,False,True,2023-05-25,2.2792860307091725,LOSS,5.0,commodities
NG=F,LONG,2023-08-09,2.9590001106262207,2.6805120963910563,3.5159761390965496,504,False,True,2023-08-15,2.6805120963910563,LOSS,4.0,commodities
NG=F,SHORT,2025-04-07,3.6549999713897705,4.164793432322139,2.6354130495250327,922,False,True,2025-08-25,2.6354130495250327,WIN,97.0,commodities
NG=F,SHORT,2026-07-09,3.01200008392334,3.3013069986164467,2.433386254537126,1237,True,True,,,OPEN,,commodities
CT=F,LONG,2022-12-20,87.83999633789062,82.0655478540535,99.38889330556486,346,False,True,2023-01-04,82.0655478540535,LOSS,9.0,commodities
CT=F,SHORT,2023-03-10,78.18000030517578,81.57148785342677,71.3970252086738,400,False,True,2023-03-14,81.57148785342677,LOSS,2.0,commodities
CT=F,LONG,2023-09-01,89.61000061035156,86.9039631625162,95.02207550602228,521,False,True,2023-09-05,86.9039631625162,LOSS,1.0,commodities
CT=F,SHORT,2023-10-17,83.2300033569336,86.03794784919033,77.61411437242012,552,False,True,2023-11-07,77.61411437242012,WIN,15.0,commodities
CT=F,LONG,2023-12-07,82.58999633789062,79.42668344132242,88.91662213102703,589,False,True,2023-12-18,79.42668344132242,LOSS,7.0,commodities
CT=F,LONG,2024-01-19,83.94999694824219,81.15908371093971,89.53182342284714,617,False,True,2024-02-09,89.53182342284714,WIN,15.0,commodities
CT=F,LONG,2024-08-21,69.70999908447266,66.89828496037319,75.33342733267159,765,False,True,2024-11-15,66.89828496037319,LOSS,61.0,commodities
CT=F,SHORT,2025-01-10,67.01000213623047,68.99966456884832,63.03067727099477,863,False,True,2025-03-05,63.03067727099477,WIN,36.0,commodities
CT=F,SHORT,2026-01-26,62.970001220703125,64.31324971923493,60.28350422363951,1124,False,True,2026-01-28,64.31324971923493,LOSS,2.0,commodities
CT=F,LONG,2026-08-06,83.12999725341797,80.0531871367244,89.2836174868051,1257,False,True,,,OPEN,,commodities
ZS=F,SHORT,2022-03-31,1618.25,1703.9712176407004,1446.8075647185992,164,True,True,2022-04-18,1703.9712176407004,LOSS,11.0,commodities
ZS=F,LONG,2022-05-26,1726.5,1651.4535150623356,1876.592969875329,203,False,True,2022-06-22,1651.4535150623356,LOSS,17.0,commodities
ZS=F,LONG,2022-11-30,1469.5,1420.5039977201009,1567.4920045597983,332,False,True,2023-03-23,1420.5039977201009,LOSS,77.0,commodities
ZS=F,SHORT,2023-09-18,1316.75,1360.5789780718874,1229.0920438562252,531,False,True,2023-11-07,1360.5789780718874,LOSS,36.0,commodities
ZS=F,SHORT,2023-12-04,1306.25,1350.9999743889712,1216.7500512220577,585,False,True,2024-01-12,1216.7500512220577,WIN,27.0,commodities
ZS=F,LONG,2025-04-01,1034.25,1004.9247206557711,1092.9005586884577,917,False,True,2025-04-04,1004.9247206557711,LOSS,3.0,commodities
ZS=F,LONG,2025-05-14,1067.0,1037.0503881532818,1126.8992236934364,947,False,True,2025-06-02,1037.0503881532818,LOSS,12.0,commodities
ZS=F,LONG,2025-06-13,1069.75,1039.6586972010066,1129.9326055979868,968,False,True,2025-06-25,1039.6586972010066,LOSS,7.0,commodities
ZS=F,LONG,2025-09-15,1042.75,1017.836414696179,1092.577170607642,1031,False,True,2025-09-22,1017.836414696179,LOSS,5.0,commodities
ZS=F,SHORT,2025-12-08,1093.75,1125.983773283044,1029.282453433912,1090,False,True,2026-01-02,1029.282453433912,WIN,17.0,commodities
KC=F,LONG,2022-02-08,248.9499969482422,237.2580990487373,272.33379274725195,128,False,True,2022-02-28,237.2580990487373,LOSS,13.0,commodities
KC=F,SHORT,2022-10-03,215.75,228.4155972530513,190.41880549389742,291,False,True,2022-10-19,190.41880549389742,WIN,12.0,commodities
KC=F,SHORT,2023-03-23,174.3000030517578,183.8075829833116,155.28484318865026,409,False,True,2023-03-27,183.8075829833116,LOSS,2.0,commodities
KC=F,SHORT,2023-03-28,173.75,184.06605430910147,153.11789138179705,412,False,True,2023-04-06,184.06605430910147,LOSS,7.0,commodities
KC=F,SHORT,2023-05-25,182.6999969482422,191.5946639959148,164.91066285289696,453,False,True,2023-06-08,191.5946639959148,LOSS,9.0,commodities
KC=F,LONG,2023-08-02,166.9499969482422,157.89927088472314,185.0514490752803,499,False,True,2023-08-11,157.89927088472314,LOSS,7.0,commodities
KC=F,LONG,2025-01-22,341.8500061035156,323.47893330888184,378.5921516927832,870,False,True,2025-01-31,378.5921516927832,WIN,7.0,commodities
KC=F,SHORT,2025-04-04,365.70001220703125,389.742663312768,317.61470999555775,921,False,True,2025-04-24,389.742663312768,LOSS,13.0,commodities
KC=F,LONG,2025-08-11,320.70001220703125,300.54834287740437,361.003350866285,1009,False,True,2025-08-20,361.003350866285,WIN,7.0,commodities
SB=F,LONG,2022-03-04,19.350000381469727,18.49859846125248,21.052804221904218,145,False,True,2022-05-11,18.49859846125248,LOSS,47.0,commodities
SB=F,LONG,2023-03-30,21.959999084472656,20.96569184758493,23.948613558248105,414,False,True,2023-04-11,23.948613558248105,WIN,7.0,commodities
SB=F,SHORT,2023-05-25,24.829999923706055,26.113496715215568,22.263006340687028,453,False,True,2023-06-09,26.113496715215568,LOSS,10.0,commodities
SB=F,SHORT,2023-11-30,26.040000915527344,27.163314314187343,23.793374118207346,584,False,True,2023-12-06,23.793374118207346,WIN,4.0,commodities
SB=F,SHORT,2024-02-15,22.81999969482422,24.17757241574564,20.104854252981376,636,False,True,2024-04-15,20.104854252981376,WIN,40.0,commodities
SB=F,SHORT,2024-05-13,18.6299991607666,19.698454379664646,16.493088722970512,696,False,True,2024-06-27,19.698454379664646,LOSS,31.0,commodities
SB=F,SHORT,2024-11-11,21.360000610351562,22.613018124738677,18.853965581577334,822,False,True,2025-01-09,18.853965581577334,WIN,40.0,commodities
SB=F,LONG,2025-08-12,16.940000534057617,16.21363925965125,18.392723082870354,1010,False,True,2025-08-18,16.21363925965125,LOSS,4.0,commodities
SB=F,SHORT,2025-09-04,15.6899995803833,16.29728225586357,14.47543422942276,1026,False,True,2025-10-01,16.29728225586357,LOSS,19.0,commodities
SB=F,SHORT,2026-01-30,14.270000457763672,14.857549309745625,13.094902753799765,1128,False,True,2026-03-19,14.857549309745625,LOSS,33.0,commodities
SB=F,LONG,2026-08-06,15.579999923706055,14.884632916343786,16.97073393843059,1257,False,True,,,OPEN,,commodities
ZW=F,SHORT,2022-11-09,806.5,871.0310054799435,677.437989040113,318,False,True,2023-03-08,677.437989040113,WIN,80.0,commodities
ZW=F,SHORT,2023-09-29,541.5,577.2491015437408,470.00179691251833,540,False,True,2023-10-05,577.2491015437408,LOSS,4.0,commodities
ZW=F,SHORT,2024-07-26,523.5,556.5415468811686,457.4169062376627,746,False,True,2024-09-04,556.5415468811686,LOSS,27.0,commodities
ZW=F,LONG,2024-10-01,599.0,571.2509851113542,654.4980297772915,792,False,True,2024-10-18,571.2509851113542,LOSS,13.0,commodities
ZW=F,SHORT,2024-11-13,541.0,570.8145191306246,481.3709617387508,823,False,True,2025-02-03,570.8145191306246,LOSS,54.0,commodities
ZW=F,SHORT,2025-07-30,523.75,546.1823368963412,478.8853262073176,999,False,True,2025-11-04,546.1823368963412,LOSS,68.0,commodities
ZW=F,SHORT,2025-12-15,520.75,537.4143771766336,487.4212456467328,1095,False,True,2026-01-28,537.4143771766336,LOSS,29.0,commodities
CC=F,LONG,2022-11-04,2434.0,2334.3395159228767,2633.3209681542467,315,False,True,2022-12-23,2633.3209681542467,WIN,34.0,commodities
CC=F,LONG,2023-07-25,3470.0,3355.6276580719677,3698.7446838560645,493,False,True,2023-08-08,3355.6276580719677,LOSS,10.0,commodities
CC=F,SHORT,2024-01-08,4094.0,4247.099706175563,3787.8005876488733,608,False,True,2024-01-11,4247.099706175563,LOSS,3.0,commodities
CC=F,LONG,2024-01-16,4429.0,4263.323717043041,4760.352565913918,613,False,True,2024-01-23,4760.352565913918,WIN,5.0,commodities
CC=F,SHORT,2025-02-07,10018.0,11152.52042497417,7748.959150051662,881,False,True,2025-03-14,7748.959150051662,WIN,24.0,commodities
CC=F,LONG,2025-04-03,9291.0,8487.038805787168,10898.922388425664,919,False,True,2025-04-04,8487.038805787168,LOSS,1.0,commodities
CC=F,SHORT,2025-07-16,8322.0,8916.598221602831,7132.803556794337,990,False,True,2025-08-11,8916.598221602831,LOSS,18.0,commodities
CC=F,SHORT,2025-09-22,6959.0,7422.218910003181,6032.562179993638,1037,False,True,2025-10-06,6032.562179993638,WIN,10.0,commodities
CC=F,SHORT,2026-01-09,5345.0,5925.763805593242,4183.472388813516,1113,False,True,2026-01-23,4183.472388813516,WIN,9.0,commodities
CC=F,SHORT,2026-04-07,3028.0,3298.411890174046,2487.1762196519076,1172,False,True,2026-04-13,3298.411890174046,LOSS,4.0,commodities
CC=F,LONG,2026-04-14,3557.0,3253.4014362721036,4164.197127455793,1177,False,True,2026-04-17,3253.4014362721036,LOSS,3.0,commodities
ZC=F,SHORT,2022-11-08,667.5,691.1717863087832,620.1564273824335,317,False,True,2023-03-09,620.1564273824335,WIN,82.0,commodities
ZC=F,LONG,2023-09-20,482.25,459.72640529201425,527.2971894159715,533,False,True,2023-11-27,459.72640529201425,LOSS,47.0,commodities
ZC=F,LONG,2024-12-16,445.0,430.8816187390838,473.23676252183236,845,False,True,2025-01-13,473.23676252183236,WIN,18.0,commodities
ZC=F,SHORT,2025-08-05,381.5,396.99941965955514,350.5011606808897,1003,False,True,2025-08-29,396.99941965955514,LOSS,18.0,commodities
ZC=F,LONG,2025-10-28,432.0,419.1404784781011,457.7190430437978,1062,False,True,2026-01-13,419.1404784781011,LOSS,52.0,commodities
