pair,direction,entry_date,entry_price,stop_loss,take_profit,entry_bar,tsl_confirmed,ema_confluence,ema_trend_pullback,trigger_rsi_level,exit_date,exit_price,outcome,bars_held,asset_class
AUDCAD=X,SHORT,2022-08-03,0.8879799842834473,0.9052027379465517,0.8535344769572384,255,True,False,False,63.03,2022-08-10,0.9052027379465517,LOSS,5.0,forex
AUDCAD=X,LONG,2022-09-12,0.8914279937744141,0.8757045444792173,0.9228748923648076,283,False,False,False,36.69,2022-10-05,0.8757045444792173,LOSS,17.0,forex
AUDCAD=X,LONG,2022-10-13,0.8671600222587585,0.850265890299267,0.9009482861777416,306,False,False,False,30.64,2022-11-15,0.9009482861777416,WIN,23.0,forex
AUDCAD=X,SHORT,2022-11-18,0.8910800218582153,0.910706432682389,0.8518272002098679,332,False,True,True,69.66,2022-11-29,0.910706432682389,LOSS,7.0,forex
AUDCAD=X,LONG,2023-02-08,0.932558000087738,0.9129219248072561,0.9718301506487019,390,False,False,False,43.64,2023-02-27,0.9129219248072561,LOSS,13.0,forex
AUDCAD=X,LONG,2023-04-04,0.9116650223731995,0.8954462350927204,0.9441025969341577,429,False,True,True,33.15,2023-04-12,0.8954462350927204,LOSS,6.0,forex
AUDCAD=X,SHORT,2023-04-24,0.9061369895935059,0.9216883610162029,0.8750342467481118,443,False,False,False,53.16,2023-06-29,0.8750342467481118,WIN,48.0,forex
AUDCAD=X,SHORT,2023-11-03,0.8835499882698059,0.899176821425526,0.8522963219583657,582,False,True,True,68.2,2023-11-20,0.899176821425526,LOSS,11.0,forex
AUDCAD=X,LONG,2024-01-08,0.8972399830818176,0.8845754428892881,0.9225690634668766,628,False,False,False,45.82,2024-01-17,0.8845754428892881,LOSS,7.0,forex
AUDCAD=X,LONG,2024-01-19,0.8873599767684937,0.8750555900570528,0.9119687501913754,637,False,False,False,31.34,2024-02-05,0.8750555900570528,LOSS,11.0,forex
AUDCAD=X,SHORT,2024-02-22,0.8844500184059143,0.8953695772018948,0.8626109008139533,661,False,False,False,55.57,2024-04-08,0.8953695772018948,LOSS,32.0,forex
AUDCAD=X,SHORT,2024-04-11,0.8906999826431274,0.9025479983658463,0.8670039511976897,696,False,False,False,69.03,2024-05-03,0.9025479983658463,LOSS,16.0,forex
AUDCAD=X,SHORT,2024-07-09,0.918969988822937,0.9292348047764633,0.8984403569158845,759,False,False,False,66.45,2024-07-31,0.8984403569158845,WIN,16.0,forex
AUDCAD=X,LONG,2024-12-20,0.8974599838256836,0.884199115812436,0.9239817198521787,877,False,False,False,34.88,2025-04-04,0.884199115812436,LOSS,74.0,forex
AUDCAD=X,LONG,2025-04-10,0.8648759722709656,0.8410912515713109,0.9124454136702749,955,False,False,False,14.28,2025-09-09,0.9124454136702749,WIN,106.0,forex
AUDCAD=X,SHORT,2025-09-15,0.9200599789619446,0.9314626614159843,0.8972546140538651,1065,False,False,False,79.45,2026-01-07,0.9314626614159843,LOSS,80.0,forex
AUDCAD=X,SHORT,2026-01-09,0.928538978099823,0.9393679118630663,0.9068811105733363,1147,False,False,False,74.84,2026-01-22,0.9393679118630663,LOSS,9.0,forex
AUDCAD=X,SHORT,2026-01-27,0.9480869770050049,0.9595094870208589,0.9252419569732968,1159,False,False,False,80.9,2026-02-03,0.9595094870208589,LOSS,5.0,forex
AUDCAD=X,LONG,2026-03-05,0.9653599858283997,0.9488249952774774,0.9984299669302441,1186,False,False,False,52.4,2026-03-09,0.9488249952774774,LOSS,2.0,forex
AUDCAD=X,LONG,2026-03-10,0.9602100253105164,0.9406015209496624,0.9994270340322242,1189,False,False,False,39.37,,,OPEN,,forex
AUDCHF=X,SHORT,2022-06-10,0.6958799958229065,0.7128037568254616,0.6620324738177963,217,False,False,False,64.22,2022-06-23,0.6620324738177963,WIN,9.0,forex
AUDCHF=X,LONG,2022-06-24,0.663100004196167,0.6425668750575029,0.7041662624734952,227,False,False,False,30.57,2022-09-15,0.6425668750575029,LOSS,59.0,forex
AUDCHF=X,LONG,2022-09-19,0.647616982460022,0.6331053107826433,0.6766403258147793,288,False,False,False,29.24,2022-09-28,0.6331053107826433,LOSS,7.0,forex
AUDCHF=X,SHORT,2022-10-25,0.6326000094413757,0.6487970206928709,0.6002059869383853,314,False,False,False,49.81,2023-01-13,0.6487970206928709,LOSS,58.0,forex
AUDCHF=X,SHORT,2023-01-17,0.6447420120239258,0.6594541397557732,0.615317756560231,374,False,True,True,66.4,2023-03-10,0.615317756560231,WIN,38.0,forex
AUDCHF=X,LONG,2023-03-15,0.6117330193519592,0.5977964235795298,0.6396062108968181,415,False,False,False,19.96,2023-04-21,0.5977964235795298,LOSS,27.0,forex
AUDCHF=X,SHORT,2023-05-12,0.5990700125694275,0.6129994478532637,0.5712111420017552,457,False,False,False,53.52,2023-06-12,0.6129994478532637,LOSS,21.0,forex
AUDCHF=X,SHORT,2023-06-14,0.6127679944038391,0.6253762556276523,0.5875514719562127,480,False,True,True,68.78,2023-07-11,0.5875514719562127,WIN,19.0,forex
AUDCHF=X,LONG,2023-08-21,0.5659329891204834,0.555186681318944,0.5874256047235622,528,False,False,False,25.86,2023-09-28,0.5874256047235622,WIN,28.0,forex
AUDCHF=X,LONG,2023-10-17,0.5706949830055237,0.5600355588380012,0.5920138313405687,569,False,False,False,33.59,2023-12-25,0.5600355588380012,LOSS,49.0,forex
AUDCHF=X,LONG,2024-01-02,0.5733259916305542,0.5596052212543222,0.6007675323830182,624,False,False,False,35.98,2024-05-07,0.6007675323830182,WIN,90.0,forex
AUDCHF=X,LONG,2024-06-11,0.5918999910354614,0.5825484627940352,0.610603047518314,739,False,True,True,34.64,2024-07-25,0.5825484627940352,LOSS,32.0,forex
AUDCHF=X,LONG,2024-07-29,0.5794360041618347,0.5679325537695264,0.6024429049464513,773,False,False,False,20.42,2024-08-02,0.5679325537695264,LOSS,4.0,forex
AUDCHF=X,SHORT,2024-09-26,0.5802099704742432,0.5921083891614544,0.5564131330998208,816,False,True,True,61.11,2024-12-20,0.5564131330998208,WIN,61.0,forex
AUDCHF=X,SHORT,2025-02-13,0.5736899971961975,0.5834070107338046,0.5542559701209833,915,False,True,True,66.43,2025-03-04,0.5542559701209833,WIN,13.0,forex
AUDCHF=X,LONG,2025-03-06,0.5644599795341492,0.5531908882219544,0.5869981621585387,930,True,False,False,31.64,2025-03-07,0.5531908882219544,LOSS,1.0,forex
AUDCHF=X,LONG,2025-04-08,0.5155500173568726,0.49557155280425835,0.555506946462101,953,False,False,False,15.5,2026-03-11,0.555506946462101,WIN,237.0,forex
AUDCHF=X,LONG,2026-03-31,0.5475640296936035,0.5367017013667569,0.5692886863472968,1204,False,False,False,45.62,2026-07-21,0.5692886863472968,WIN,80.0,forex
AUDCHF=X,SHORT,2026-07-23,0.5690299868583679,0.5761331679472276,0.5548236246806486,1286,False,False,False,67.25,,,OPEN,,forex
AUDJPY=X,SHORT,2022-06-10,95.37999725341797,98.51291100116944,89.11416975791502,217,False,False,False,73.05,2022-12-20,89.11416975791502,WIN,137.0,forex
AUDJPY=X,LONG,2022-12-22,88.83999633789062,85.90543639851366,94.70911621664456,356,False,False,False,23.48,2023-06-13,94.70911621664456,WIN,123.0,forex
AUDJPY=X,SHORT,2023-06-21,95.94400024414062,98.50151839702896,90.82896393836396,485,True,False,False,76.9,2023-11-15,98.50151839702896,LOSS,105.0,forex
AUDJPY=X,SHORT,2023-11-17,97.49199676513672,99.51960804862739,93.43677419815538,592,False,False,False,70.86,2024-03-21,99.51960804862739,LOSS,89.0,forex
AUDJPY=X,SHORT,2024-04-30,102.55000305175781,104.9333879355839,97.78323328410565,709,False,False,False,78.73,2024-06-18,104.9333879355839,LOSS,35.0,forex
AUDJPY=X,SHORT,2024-07-05,108.50800323486328,110.13351525532607,105.2569791939377,757,False,False,False,81.45,2024-07-17,105.2569791939377,WIN,8.0,forex
AUDJPY=X,LONG,2024-07-19,105.37100219726562,103.3163307368326,109.48034511813168,767,False,False,False,35.51,2024-07-23,103.3163307368326,LOSS,2.0,forex
AUDJPY=X,LONG,2024-07-29,101.00900268554688,98.23506477559907,106.55687850544248,773,False,True,True,21.37,2024-07-31,98.23506477559907,LOSS,2.0,forex
AUDJPY=X,SHORT,2024-09-30,98.78199768066406,101.83103010706472,92.68393282786275,818,False,True,True,66.43,2024-11-07,101.83103010706472,LOSS,28.0,forex
AUDJPY=X,LONG,2024-11-19,100.58599853515625,98.28354447664925,105.19090665217024,854,False,False,False,45.38,2024-11-27,98.28354447664925,LOSS,6.0,forex
AUDJPY=X,LONG,2024-12-06,96.87300109863281,94.46684894236436,101.68530541116971,867,False,False,False,29.43,2024-12-25,94.46684894236436,LOSS,13.0,forex
AUDJPY=X,LONG,2025-02-04,96.53800201416016,94.17606114773753,101.26188374700541,908,False,False,False,33.3,2025-02-25,94.17606114773753,LOSS,15.0,forex
AUDJPY=X,LONG,2025-03-03,93.77999877929688,91.64152092321156,98.05695449146751,927,False,False,False,28.13,2025-04-04,91.64152092321156,LOSS,24.0,forex
AUDJPY=X,LONG,2025-04-08,88.62899780273438,84.8524882641259,96.18201687995133,953,False,False,False,22.63,2025-07-09,96.18201687995133,WIN,64.0,forex
AUDJPY=X,SHORT,2025-07-10,95.49299621582031,97.26336685718977,91.9522549330814,1018,False,False,False,65.96,2025-07-15,97.26336685718977,LOSS,3.0,forex
AUDJPY=X,SHORT,2025-07-17,96.54399871826172,98.37372789350358,92.88454036777799,1023,False,False,False,70.26,2025-09-12,98.37372789350358,LOSS,41.0,forex
AUDJPY=X,SHORT,2025-09-17,97.93399810791016,99.30557459611582,95.19084513149883,1067,False,False,False,74.43,2025-10-06,99.30557459611582,LOSS,13.0,forex
AUDJPY=X,LONG,2025-10-20,98.10600280761719,95.95630153670298,102.4054053494456,1090,False,False,False,42.44,2025-11-20,102.4054053494456,WIN,23.0,forex
AUDJPY=X,SHORT,2025-12-11,103.97200012207031,105.90328151036253,100.10943734548587,1128,False,False,False,74.76,2026-01-07,105.90328151036253,LOSS,17.0,forex
AUDJPY=X,LONG,2026-02-17,108.63899993896484,105.83758260509072,114.2418346067131,1174,False,False,False,51.49,2026-04-17,114.2418346067131,WIN,43.0,forex
AUDJPY=X,LONG,2026-06-12,112.84100341796875,111.16205302261575,116.19890420867475,1257,False,True,True,36.6,2026-07-30,111.16205302261575,LOSS,34.0,forex
AUDNZD=X,LONG,2022-05-30,1.0955599546432495,1.0821729326511462,1.122333998627456,208,False,False,False,44.98,2022-08-26,1.122333998627456,WIN,64.0,forex
AUDNZD=X,SHORT,2022-08-30,1.1211700439453125,1.1341098093821873,1.0952905130715629,274,False,False,False,71.26,2022-09-20,1.1341098093821873,LOSS,15.0,forex
AUDNZD=X,SHORT,2022-09-22,1.1339999437332153,1.1466115958978025,1.108776639404041,291,False,False,False,77.78,2022-09-28,1.1466115958978025,LOSS,4.0,forex
AUDNZD=X,LONG,2022-10-17,1.1152000427246094,1.0992543108278434,1.1470915065181413,308,False,True,True,37.56,2022-11-01,1.0992543108278434,LOSS,11.0,forex
AUDNZD=X,LONG,2022-12-07,1.0588849782943726,1.0427384008056184,1.0911781332718808,345,False,False,False,15.41,2022-12-15,1.0427384008056184,LOSS,6.0,forex
AUDNZD=X,SHORT,2022-12-26,1.0661139488220215,1.087372252823249,1.0235973408195664,358,False,False,False,49.67,2023-01-04,1.087372252823249,LOSS,7.0,forex
AUDNZD=X,SHORT,2023-01-06,1.083299994468689,1.1085058719156722,1.0328882395747225,367,False,True,True,66.68,2023-02-20,1.1085058719156722,LOSS,31.0,forex
AUDNZD=X,LONG,2023-02-27,1.0923199653625488,1.0756950938748566,1.1255697083379332,403,False,False,False,47.69,2023-03-07,1.0756950938748566,LOSS,6.0,forex
AUDNZD=X,LONG,2023-03-09,1.0784039497375488,1.0617732898999679,1.1116652694127107,411,False,False,False,36.08,2023-04-05,1.0617732898999679,LOSS,19.0,forex
AUDNZD=X,SHORT,2023-04-24,1.0894299745559692,1.1042723886577213,1.0597451463524652,443,False,False,False,66.41,2023-05-19,1.0597451463524652,WIN,19.0,forex
AUDNZD=X,SHORT,2023-06-09,1.1013970375061035,1.118298644140685,1.0675938242369405,477,False,False,False,75.72,2023-09-14,1.0675938242369405,WIN,69.0,forex
AUDNZD=X,LONG,2023-09-29,1.0774199962615967,1.0648204202154343,1.1026191483539214,557,False,False,False,32.53,2023-10-06,1.0648204202154343,LOSS,5.0,forex
AUDNZD=X,LONG,2023-12-04,1.0750900506973267,1.062042824866314,1.1011845023593518,603,False,False,False,34.7,2024-01-04,1.062042824866314,LOSS,23.0,forex
AUDNZD=X,LONG,2024-02-13,1.0653400421142578,1.052711039791748,1.0905980467592773,654,False,False,False,29.34,2024-03-28,1.0905980467592773,WIN,32.0,forex
AUDNZD=X,LONG,2024-05-20,1.091858983039856,1.0821986993590043,1.1111795504015594,723,False,False,False,41.39,2024-05-23,1.0821986993590043,LOSS,3.0,forex
AUDNZD=X,LONG,2024-05-29,1.0825999975204468,1.072209512887445,1.1033809667864505,730,False,False,False,29.68,2024-06-04,1.072209512887445,LOSS,4.0,forex
AUDNZD=X,SHORT,2024-06-28,1.093000054359436,1.104699635232702,1.069600892612904,752,False,False,False,65.48,2024-07-10,1.104699635232702,LOSS,8.0,forex
AUDNZD=X,LONG,2024-08-09,1.097350001335144,1.0813475062880478,1.1293549914293366,782,True,True,True,33.0,2024-08-29,1.0813475062880478,LOSS,14.0,forex
AUDNZD=X,SHORT,2024-10-08,1.1024099588394165,1.1276097977865727,1.0520102809451042,824,False,False,False,69.3,2025-09-18,1.1276097977865727,LOSS,244.0,forex
AUDNZD=X,LONG,2025-10-14,1.1388399600982666,1.126762835300965,1.1629942096928696,1086,False,False,False,60.65,2025-11-13,1.1629942096928696,WIN,22.0,forex
AUDNZD=X,LONG,2025-12-01,1.1420700550079346,1.1293949134475072,1.1674203381287893,1120,False,False,False,40.48,2026-01-07,1.1674203381287893,WIN,25.0,forex
AUDNZD=X,SHORT,2026-01-08,1.1641700267791748,1.1754595244661754,1.1415910314051736,1146,False,False,False,74.5,2026-02-11,1.1754595244661754,LOSS,24.0,forex
AUDNZD=X,LONG,2026-03-25,1.1984599828720093,1.1829111651661426,1.2295576182837427,1200,False,False,False,51.28,,,OPEN,,forex
AUDUSD=X,SHORT,2022-06-06,0.7204922437667847,0.7389334703981303,0.6836097905040934,213,False,True,True,63.15,2022-07-01,0.6836097905040934,WIN,19.0,forex
AUDUSD=X,SHORT,2022-08-01,0.6971215605735779,0.7150176776858618,0.6613293263490101,253,False,True,True,61.54,2022-09-22,0.6613293263490101,WIN,38.0,forex
AUDUSD=X,SHORT,2022-10-31,0.6401310563087463,0.6672611487981449,0.5858708713299492,318,False,False,False,51.89,2022-11-11,0.6672611487981449,LOSS,9.0,forex
AUDUSD=X,SHORT,2022-11-17,0.6739497780799866,0.7013164062986318,0.6192165216426961,331,False,True,True,68.22,2023-01-16,0.7013164062986318,LOSS,42.0,forex
AUDUSD=X,LONG,2023-02-08,0.6964598298072815,0.6754624483460285,0.7384545927297874,390,False,False,False,43.48,2023-02-24,0.6754624483460285,LOSS,12.0,forex
AUDUSD=X,SHORT,2023-04-05,0.6758081316947937,0.6930350188552231,0.6413543573739349,430,False,True,True,57.24,2023-08-17,0.6413543573739349,WIN,96.0,forex
AUDUSD=X,SHORT,2023-09-21,0.6436100006103516,0.6557423386214167,0.6193453245882212,551,False,False,False,52.09,2023-11-20,0.6557423386214167,LOSS,42.0,forex
AUDUSD=X,LONG,2024-01-08,0.6716412901878357,0.6561459416239331,0.7026319873156408,628,False,False,False,48.83,2024-01-17,0.6561459416239331,LOSS,7.0,forex
AUDUSD=X,LONG,2024-01-19,0.6582845449447632,0.643803387863423,0.6872468591074437,637,False,False,False,29.95,2024-04-16,0.643803387863423,LOSS,62.0,forex
AUDUSD=X,LONG,2024-06-11,0.6608948111534119,0.6485245656226033,0.685635302215029,739,False,False,False,44.13,2024-07-31,0.6485245656226033,LOSS,36.0,forex
AUDUSD=X,LONG,2024-12-20,0.6233997941017151,0.6098265756057445,0.6505462310936563,877,False,False,False,23.07,2024-12-25,0.6505462310936563,WIN,3.0,forex
AUDUSD=X,SHORT,2025-01-17,0.6210300922393799,0.6344877313170318,0.594114814084076,896,False,False,False,45.39,2025-02-14,0.6344877313170318,LOSS,20.0,forex
AUDUSD=X,LONG,2025-04-10,0.6133614778518677,0.5895938388210361,0.6608967559135308,955,False,False,False,27.12,2025-07-24,0.6608967559135308,WIN,73.0,forex
AUDUSD=X,LONG,2025-08-04,0.6469100117683411,0.6342226738670897,0.6722846875708437,1035,False,True,True,35.55,2025-12-26,0.6722846875708437,WIN,103.0,forex
AUDUSD=X,SHORT,2026-02-02,0.6946277618408203,0.7095760686491719,0.6647311482241172,1163,True,False,False,86.36,2026-02-11,0.7095760686491719,LOSS,7.0,forex
AUDUSD=X,LONG,2026-03-10,0.7068586349487305,0.6886170371350191,0.7433418305761532,1189,False,False,False,44.28,2026-03-27,0.6886170371350191,LOSS,13.0,forex
AUDUSD=X,LONG,2026-04-01,0.692051112651825,0.6743331948055258,0.7274869483444233,1205,False,True,True,35.25,2026-05-06,0.7274869483444233,WIN,25.0,forex
AUDUSD=X,LONG,2026-05-21,0.7150007486343384,0.700981755058226,0.7430387357865631,1241,False,False,False,43.78,2026-06-10,0.700981755058226,LOSS,14.0,forex
AUDUSD=X,LONG,2026-06-12,0.7047901749610901,0.6928398812638757,0.7286907623555188,1257,False,True,True,30.86,2026-06-23,0.6928398812638757,LOSS,7.0,forex
AUDUSD=X,LONG,2026-06-26,0.6900501847267151,0.6791122945258253,0.7119259651284946,1267,False,False,False,26.05,,,OPEN,,forex
CADCHF=X,LONG,2022-05-23,0.7607499957084656,0.7448097953863315,0.7926303963527337,203,False,False,False,46.77,2022-06-17,0.7448097953863315,LOSS,19.0,forex
CADCHF=X,LONG,2022-06-20,0.745710015296936,0.724417753717647,0.788294538455514,223,False,True,True,34.13,2022-09-16,0.724417753717647,LOSS,64.0,forex
CADCHF=X,LONG,2022-11-16,0.7102900147438049,0.6953239299137116,0.7402221844039916,330,False,False,False,29.09,2022-12-02,0.6953239299137116,LOSS,12.0,forex
CADCHF=X,SHORT,2023-01-10,0.6876000165939331,0.6996455781765478,0.6635088934287037,369,False,False,False,52.02,2023-03-13,0.6635088934287037,WIN,44.0,forex
CADCHF=X,LONG,2023-03-15,0.6680300235748291,0.6540073182306785,0.6960754342631303,415,False,False,False,24.4,2023-04-25,0.6540073182306785,LOSS,29.0,forex
CADCHF=X,SHORT,2023-06-06,0.6735699772834778,0.6852568178229355,0.6501962962045624,474,False,True,True,67.34,2023-07-17,0.6501962962045624,WIN,29.0,forex
CADCHF=X,LONG,2023-07-20,0.6517599821090698,0.6403431482047683,0.6745936499176728,506,False,False,False,22.08,2023-09-22,0.6745936499176728,WIN,46.0,forex
CADCHF=X,SHORT,2023-09-27,0.6773200035095215,0.6870577253093627,0.657844559909839,555,False,False,False,83.81,2023-10-18,0.657844559909839,WIN,15.0,forex
CADCHF=X,LONG,2023-10-23,0.6516900062561035,0.6416648225456973,0.6717403736769159,573,False,False,False,26.65,2023-11-30,0.6416648225456973,LOSS,28.0,forex
CADCHF=X,SHORT,2023-12-19,0.6471700072288513,0.6561548051837098,0.6292004113191343,614,False,False,False,58.05,2024-03-20,0.6561548051837098,LOSS,66.0,forex
CADCHF=X,SHORT,2024-03-25,0.6593800187110901,0.6680789571493967,0.6419821418344769,683,False,False,False,73.64,2024-04-02,0.6680789571493967,LOSS,6.0,forex
CADCHF=X,LONG,2024-05-07,0.6631699800491333,0.6547666057253578,0.6799767286966842,714,False,False,False,43.19,2024-06-04,0.6547666057253578,LOSS,20.0,forex
CADCHF=X,LONG,2024-06-10,0.6512899994850159,0.6421401177241804,0.6695897630066867,738,False,False,False,30.0,2024-07-24,0.6421401177241804,LOSS,32.0,forex
CADCHF=X,LONG,2024-08-06,0.6191400289535522,0.6053458830290335,0.6467283208025898,779,False,False,False,15.36,2025-03-11,0.6053458830290335,LOSS,154.0,forex
CADCHF=X,LONG,2025-07-03,0.582099974155426,0.5718911284245942,0.6025176656170896,1013,False,False,False,26.93,2025-09-09,0.5718911284245942,LOSS,48.0,forex
CADCHF=X,LONG,2025-09-10,0.5758900046348572,0.5674000920521617,0.5928698298002482,1062,False,False,False,31.09,2025-10-15,0.5674000920521617,LOSS,25.0,forex
CADCHF=X,SHORT,2025-11-05,0.5745499730110168,0.5822710003840685,0.5591079182649135,1102,False,True,True,59.37,2025-12-08,0.5822710003840685,LOSS,23.0,forex
CADCHF=X,SHORT,2025-12-10,0.5820500254631042,0.5915555046585816,0.5630390670721495,1127,False,True,True,69.51,2026-01-26,0.5630390670721495,WIN,31.0,forex
CADCHF=X,LONG,2026-01-29,0.565530002117157,0.5556921507009621,0.5852057049495467,1161,False,False,False,28.68,,,OPEN,,forex
CADJPY=X,SHORT,2022-06-10,105.81099700927734,108.83151857881944,99.76995387019315,217,False,False,False,79.29,2022-09-06,108.83151857881944,LOSS,62.0,forex
CADJPY=X,SHORT,2022-09-12,109.47599792480469,112.01984335307411,104.38830706826585,283,False,False,False,76.57,2022-11-15,104.38830706826585,WIN,46.0,forex
CADJPY=X,LONG,2022-11-18,105.38099670410156,102.69251029802032,110.75796951626404,332,False,True,True,29.24,2022-11-28,102.69251029802032,LOSS,6.0,forex
CADJPY=X,SHORT,2023-01-09,98.13700103759766,101.34697793980207,91.71704723318882,368,False,False,False,45.44,2023-05-01,101.34697793980207,LOSS,80.0,forex
CADJPY=X,SHORT,2023-06-21,106.8550033569336,109.24389635041852,102.07721736996373,485,False,False,False,73.55,2023-06-27,109.24389635041852,LOSS,4.0,forex
CADJPY=X,LONG,2023-07-18,105.0719985961914,102.78008008178104,109.65583562501214,504,False,True,True,36.69,2023-09-19,109.65583562501214,WIN,45.0,forex
CADJPY=X,SHORT,2023-09-22,109.53700256347656,111.28380817325596,106.04339134391776,552,False,False,False,72.17,2023-12-07,106.04339134391776,WIN,54.0,forex
CADJPY=X,LONG,2023-12-11,106.74700164794922,104.17163041892334,111.89774410600097,608,False,True,True,30.85,2024-03-21,111.89774410600097,WIN,73.0,forex
CADJPY=X,SHORT,2024-04-30,114.36900329589844,116.51270459219599,110.08160070330334,709,False,False,False,84.13,2024-06-24,116.51270459219599,LOSS,39.0,forex
CADJPY=X,SHORT,2024-07-02,117.56600189208984,119.0377115926008,114.62258249106793,754,False,False,False,78.62,2024-07-17,114.62258249106793,WIN,11.0,forex
CADJPY=X,LONG,2024-07-19,114.67900085449219,112.37663227065796,119.28373802216063,767,False,True,True,31.61,2024-07-24,112.37663227065796,LOSS,3.0,forex
CADJPY=X,SHORT,2024-09-30,105.68699645996094,108.91282958179748,99.23533021628785,818,False,False,False,59.51,2024-10-03,108.91282958179748,LOSS,3.0,forex
CADJPY=X,SHORT,2024-10-04,108.3499984741211,111.74119030188609,101.5676148185911,822,False,True,True,61.55,2025-03-11,101.5676148185911,WIN,111.0,forex
CADJPY=X,SHORT,2025-03-26,105.0459976196289,107.59090194608471,99.95618896671729,944,False,False,False,56.13,2025-07-11,107.59090194608471,LOSS,75.0,forex
CADJPY=X,SHORT,2025-07-17,108.10800170898438,110.02771094047525,104.26858324600263,1023,False,False,False,67.67,2025-10-30,110.02771094047525,LOSS,75.0,forex
CADJPY=X,SHORT,2025-12-11,112.98300170898438,114.896950200327,109.15510472629913,1128,False,False,False,71.28,2026-01-22,114.896950200327,LOSS,28.0,forex
CADJPY=X,LONG,2026-01-29,113.08000183105469,110.9916556995185,117.25669409412706,1161,False,False,False,38.86,2026-04-30,117.25669409412706,WIN,65.0,forex
CADJPY=X,LONG,2026-06-19,114.05500030517578,112.96650012681035,116.23200066190665,1262,False,True,True,30.08,2026-07-23,116.23200066190665,WIN,24.0,forex
CHFJPY=X,LONG,2022-08-03,139.13153076171875,135.8749698610333,145.64465256308966,255,False,False,False,38.72,2022-09-07,145.64465256308966,WIN,25.0,forex
CHFJPY=X,SHORT,2022-09-15,148.53936767578125,151.89863982352003,141.8208233803037,286,True,False,False,82.95,2022-12-20,141.8208233803037,WIN,68.0,forex
CHFJPY=X,SHORT,2023-02-08,142.16404724121094,145.52322389934275,135.4456939249473,390,False,True,False,57.08,2023-02-21,145.52322389934275,LOSS,9.0,forex
CHFJPY=X,LONG,2023-03-22,143.5939178466797,139.6005400208337,151.58067349837165,420,False,True,True,36.22,2023-04-28,151.58067349837165,WIN,27.0,forex
CHFJPY=X,LONG,2023-06-02,153.1929931640625,150.39089032176014,158.79719884866722,472,False,False,False,52.06,2023-06-21,158.79719884866722,WIN,13.0,forex
CHFJPY=X,LONG,2023-07-31,161.80599975585938,158.19819947153866,169.0216003245008,513,False,False,False,45.6,2023-11-14,169.0216003245008,WIN,76.0,forex
CHFJPY=X,LONG,2023-12-12,166.3070068359375,162.6611315652549,173.59875737730272,609,False,True,True,34.05,2023-12-14,162.6611315652549,LOSS,2.0,forex
CHFJPY=X,LONG,2023-12-15,164.0399932861328,160.26325203819619,171.59347578200607,612,False,True,True,34.33,2023-12-25,160.26325203819619,LOSS,6.0,forex
CHFJPY=X,LONG,2024-02-09,170.86099243164062,168.00599998210012,176.57097733072163,652,False,False,False,44.88,2024-03-07,168.00599998210012,LOSS,19.0,forex
CHFJPY=X,LONG,2024-03-13,168.218994140625,165.71588887133336,173.22520467920828,675,False,True,True,28.11,2024-04-29,173.22520467920828,WIN,33.0,forex
CHFJPY=X,SHORT,2024-04-30,171.46829223632812,174.40049680119952,165.60388310658533,709,False,False,False,77.53,2024-06-03,174.40049680119952,LOSS,24.0,forex
CHFJPY=X,SHORT,2024-06-04,174.35800170898438,176.67936119183895,169.71528274327522,734,False,False,False,71.31,2024-06-14,176.67936119183895,LOSS,8.0,forex
CHFJPY=X,SHORT,2024-06-20,178.58799743652344,180.92852604169198,173.90694022618635,746,False,False,False,85.53,2024-07-24,173.90694022618635,WIN,24.0,forex
CHFJPY=X,LONG,2024-07-26,174.47999572753906,171.47725222340182,180.48548273581355,772,False,True,True,29.83,2024-07-31,171.47725222340182,LOSS,3.0,forex
CHFJPY=X,SHORT,2024-09-30,169.71600341796875,173.27542648566057,162.5971572825851,818,False,False,False,61.95,2024-10-07,173.27542648566057,LOSS,5.0,forex
CHFJPY=X,SHORT,2024-10-08,173.33999633789062,176.793873200908,166.43224261185588,824,False,False,False,66.55,2024-10-28,176.793873200908,LOSS,14.0,forex
CHFJPY=X,LONG,2024-11-13,175.30099487304688,172.6036542456505,180.69567612783965,850,False,False,False,48.38,2024-11-22,172.6036542456505,LOSS,7.0,forex
CHFJPY=X,LONG,2024-11-26,173.6739959716797,170.71601927309266,179.58994936885375,859,False,True,True,41.37,2024-11-29,170.71601927309266,LOSS,3.0,forex
CHFJPY=X,LONG,2024-12-05,170.35829162597656,166.93857322308847,177.19772843175275,866,False,False,False,27.74,2025-02-07,166.93857322308847,LOSS,45.0,forex
CHFJPY=X,LONG,2025-02-12,167.27099609375,163.75212608731405,174.3087361066219,914,False,False,False,28.01,2025-04-10,174.3087361066219,WIN,41.0,forex
CHFJPY=X,SHORT,2025-04-15,175.49002075195312,179.21197661322677,168.04610902940584,958,False,False,False,73.12,2025-06-23,179.21197661322677,LOSS,47.0,forex
CHFJPY=X,LONG,2025-08-01,185.2222900390625,182.270283971225,191.12630217473748,1034,False,False,False,51.28,2025-08-04,182.270283971225,LOSS,1.0,forex
CHFJPY=X,LONG,2025-08-08,182.22799682617188,179.21657118781306,188.2508481028895,1039,False,False,False,46.59,2025-10-06,188.2508481028895,WIN,41.0,forex
CHFJPY=X,LONG,2025-11-06,190.2480010986328,187.56853608942987,195.6069311170387,1103,False,False,False,47.25,2025-11-20,195.6069311170387,WIN,10.0,forex
CHFJPY=X,LONG,2026-02-16,198.78143310546875,194.87191139552817,206.6004765253499,1173,False,False,False,45.35,2026-08-03,194.87191139552817,LOSS,120.0,forex
CHFJPY=X,LONG,2026-08-05,194.89059448242188,191.55507781555207,201.5616278161615,1295,False,False,False,23.45,,,OPEN,,forex
EURAUD=X,LONG,2022-06-06,1.488610029220581,1.4573735244709447,1.5510830387198538,213,False,False,False,40.0,2022-07-26,1.4573735244709447,LOSS,36.0,forex
EURAUD=X,SHORT,2022-09-02,1.46451997756958,1.4954643780127936,1.402631176683153,277,False,False,False,55.78,2022-09-16,1.4954643780127936,LOSS,10.0,forex
EURAUD=X,SHORT,2022-09-19,1.4900200366973877,1.5197864482606915,1.43048721357078,288,False,True,True,64.34,2022-09-30,1.5197864482606915,LOSS,9.0,forex
EURAUD=X,SHORT,2022-10-04,1.5121300220489502,1.5456938320379965,1.4450024020708576,299,False,False,False,75.57,2022-10-11,1.5456938320379965,LOSS,5.0,forex
EURAUD=X,LONG,2022-11-17,1.5421899557113647,1.5088365356815983,1.6088967957708977,331,False,False,False,42.6,2023-03-10,1.6088967957708977,WIN,81.0,forex
EURAUD=X,SHORT,2023-03-13,1.6103099584579468,1.6413249560670145,1.5482799632398114,413,False,False,False,74.75,2023-04-12,1.6413249560670145,LOSS,22.0,forex
EURAUD=X,LONG,2023-05-12,1.628659963607788,1.5948899669732148,1.6961999568769346,457,False,False,False,41.26,2023-06-09,1.5948899669732148,LOSS,20.0,forex
EURAUD=X,SHORT,2023-06-30,1.6417499780654907,1.6730565746709032,1.5791367848546658,492,False,False,False,70.74,2023-08-03,1.6730565746709032,LOSS,24.0,forex
EURAUD=X,LONG,2023-09-19,1.660290002822876,1.6335248827308946,1.7138202430068388,549,False,True,True,38.34,2023-09-29,1.6335248827308946,LOSS,8.0,forex
EURAUD=X,SHORT,2023-10-25,1.665809988975525,1.6941495673767928,1.6091308321729891,575,False,False,False,65.47,2023-12-25,1.6091308321729891,WIN,43.0,forex
EURAUD=X,SHORT,2024-01-08,1.6290500164031982,1.6549219071216512,1.5773062349662923,628,False,False,False,51.52,2024-01-17,1.6549219071216512,LOSS,7.0,forex
EURAUD=X,SHORT,2024-01-19,1.6532700061798096,1.6786669060131392,1.6024762065131504,637,False,False,False,71.56,2024-06-26,1.6024762065131504,WIN,113.0,forex
EURAUD=X,SHORT,2024-07-29,1.6560499668121338,1.6753602467212692,1.617429406993863,773,False,False,False,83.38,2024-08-02,1.6753602467212692,LOSS,4.0,forex
EURAUD=X,LONG,2024-09-26,1.63155996799469,1.6076859107809596,1.6793080824221507,816,False,False,False,31.17,2024-09-30,1.6076859107809596,LOSS,2.0,forex
EURAUD=X,SHORT,2024-11-04,1.6495699882507324,1.6724651477762342,1.6037796691997288,843,False,False,False,66.76,2024-11-22,1.6037796691997288,WIN,14.0,forex
EURAUD=X,LONG,2025-02-12,1.645509958267212,1.6242993910649537,1.6879310926717284,914,False,True,True,33.96,2025-03-04,1.6879310926717284,WIN,14.0,forex
EURAUD=X,SHORT,2025-03-12,1.7335699796676636,1.762622500643587,1.6754649377158168,934,False,False,False,84.59,2025-04-04,1.762622500643587,LOSS,17.0,forex
EURAUD=X,SHORT,2025-06-17,1.7745699882507324,1.803988192777714,1.7157335791967694,1001,False,False,False,62.78,2025-07-07,1.803988192777714,LOSS,14.0,forex
EURAUD=X,LONG,2025-07-31,1.772629976272583,1.7479807052262348,1.8219285183652794,1033,False,True,True,42.25,2026-01-05,1.7479807052262348,LOSS,110.0,forex
EURAUD=X,LONG,2026-01-08,1.736989974975586,1.7142438161458762,1.7824822926350055,1146,False,False,False,30.54,2026-01-23,1.7142438161458762,LOSS,11.0,forex
EURAUD=X,SHORT,2026-04-01,1.6723999977111816,1.7003736654543398,1.6164526622248654,1205,False,False,False,60.27,2026-05-13,1.6164526622248654,WIN,30.0,forex
EURAUD=X,SHORT,2026-06-12,1.6423900127410889,1.6607516414767987,1.6056667552696693,1257,False,True,True,67.02,2026-06-30,1.6607516414767987,LOSS,12.0,forex
EURAUD=X,LONG,2026-07-23,1.6325600147247314,1.6162281625838428,1.6652237190065087,1286,False,False,False,35.83,,,OPEN,,forex
EURCAD=X,SHORT,2022-05-26,1.3699300289154053,1.3964942310051687,1.3168016247358785,206,False,False,False,59.89,2022-07-08,1.3168016247358785,WIN,31.0,forex
EURCAD=X,LONG,2022-07-13,1.3071000576019287,1.2818879597743227,1.3575242532571408,240,False,False,False,22.84,2022-10-24,1.3575242532571408,WIN,73.0,forex
EURCAD=X,LONG,2022-11-07,1.3415299654006958,1.317341733443558,1.3899064293149714,323,False,True,False,46.43,2022-11-23,1.3899064293149714,WIN,12.0,forex
EURCAD=X,LONG,2023-01-10,1.437459945678711,1.4149230267188941,1.4825337835983445,369,False,False,False,49.7,2023-03-23,1.4825337835983445,WIN,52.0,forex
EURCAD=X,SHORT,2023-03-24,1.4861199855804443,1.5120776575592954,1.4342046416227423,422,False,False,False,71.51,2023-06-05,1.4342046416227423,WIN,51.0,forex
EURCAD=X,SHORT,2023-07-12,1.4564000368118286,1.4764683630437678,1.4162633843479502,500,False,False,False,61.65,2023-07-14,1.4764683630437678,LOSS,2.0,forex
EURCAD=X,SHORT,2023-07-19,1.4783300161361694,1.5003230049462282,1.434344038516052,505,False,False,False,70.79,2023-09-19,1.434344038516052,WIN,44.0,forex
EURCAD=X,LONG,2023-09-21,1.4353699684143066,1.4164474303698535,1.4732150445032128,551,False,False,False,28.0,2023-09-28,1.4164474303698535,LOSS,5.0,forex
EURCAD=X,SHORT,2023-10-25,1.455880045890808,1.4743621624087513,1.4189158128549217,575,False,False,False,64.69,2023-10-31,1.4743621624087513,LOSS,4.0,forex
EURCAD=X,LONG,2023-12-08,1.4672600030899048,1.448153535952209,1.5054729373652962,607,False,True,True,36.9,2024-02-09,1.448153535952209,LOSS,45.0,forex
EURCAD=X,SHORT,2024-03-01,1.4665100574493408,1.4801179544083254,1.4392942635313717,667,False,False,False,67.24,2024-05-15,1.4801179544083254,LOSS,53.0,forex
EURCAD=X,LONG,2024-06-13,1.4831000566482544,1.4696146103432446,1.510070949258274,741,False,False,False,44.89,2024-06-14,1.4696146103432446,LOSS,1.0,forex
EURCAD=X,LONG,2024-06-19,1.4730099439620972,1.4595100187423524,1.5000097944015867,745,False,True,True,42.38,2024-07-25,1.5000097944015867,WIN,26.0,forex
EURCAD=X,LONG,2024-09-04,1.4963699579238892,1.480929711155599,1.5272504514604694,800,False,False,False,41.0,2024-11-12,1.480929711155599,LOSS,49.0,forex
EURCAD=X,SHORT,2025-03-07,1.5415199995040894,1.568562357371026,1.4874352837702163,931,False,False,False,82.06,2025-03-11,1.568562357371026,LOSS,2.0,forex
EURCAD=X,LONG,2025-05-14,1.5583800077438354,1.5322706482190431,1.61059872679342,977,False,False,False,40.64,2025-07-02,1.61059872679342,WIN,35.0,forex
EURCAD=X,SHORT,2025-07-03,1.6033600568771362,1.6246030695293905,1.5608740315726277,1013,True,False,False,71.41,2025-09-05,1.6246030695293905,LOSS,46.0,forex
EURCAD=X,LONG,2025-10-13,1.6239800453186035,1.6063371902359675,1.6592657554838754,1085,False,False,False,45.11,2025-12-31,1.6063371902359675,LOSS,56.0,forex
EURCAD=X,SHORT,2026-01-22,1.6156200170516968,1.6282604449584575,1.5903391612381754,1156,False,True,False,58.72,2026-01-27,1.6282604449584575,LOSS,3.0,forex
EURCAD=X,SHORT,2026-01-29,1.6211999654769897,1.6373601099978514,1.5888796764352664,1161,False,False,False,66.64,2026-03-03,1.5888796764352664,WIN,23.0,forex
EURCAD=X,LONG,2026-03-10,1.5783400535583496,1.558458072899251,1.6181040148765469,1189,False,False,False,15.54,2026-04-08,1.6181040148765469,WIN,21.0,forex
EURCAD=X,LONG,2026-07-16,1.6093000173568726,1.5949576891719448,1.637984673726728,1281,False,True,True,37.05,,,OPEN,,forex
EURCHF=X,LONG,2022-07-01,1.0006599426269531,0.9803064170350887,1.041366993810682,232,False,False,False,23.63,2022-07-26,0.9803064170350887,LOSS,17.0,forex
EURCHF=X,SHORT,2022-09-05,0.9743199944496155,0.9906853202918899,0.9415893427650666,278,False,False,False,54.47,2022-10-25,0.9906853202918899,LOSS,36.0,forex
EURCHF=X,LONG,2022-11-16,0.9765899777412415,0.9603354589588582,1.009099015306008,330,False,False,False,39.75,2023-01-13,1.009099015306008,WIN,42.0,forex
EURCHF=X,SHORT,2023-01-16,1.0030299425125122,1.0167100243489164,0.9756697788397037,373,False,False,False,75.21,2023-03-13,0.9756697788397037,WIN,40.0,forex
EURCHF=X,LONG,2023-03-15,0.9810199737548828,0.9664147113203906,1.0102304986238673,415,False,False,False,32.59,2023-07-12,0.9664147113203906,LOSS,85.0,forex
EURCHF=X,LONG,2023-07-17,0.9677799940109253,0.9577906997501524,0.9877585825324711,503,False,False,False,25.62,2023-07-25,0.9577906997501524,LOSS,6.0,forex
EURCHF=X,SHORT,2023-09-15,0.9531000256538391,0.961446991088728,0.9364060947840613,547,True,False,False,53.51,2023-09-21,0.961446991088728,LOSS,4.0,forex
EURCHF=X,SHORT,2023-09-29,0.9662200212478638,0.9750986307214372,0.9484628023007169,557,False,True,True,64.94,2023-10-13,0.9484628023007169,WIN,10.0,forex
EURCHF=X,LONG,2023-10-17,0.9502999782562256,0.940191630114074,0.9705166745405287,569,False,False,False,31.5,2023-12-22,0.940191630114074,LOSS,48.0,forex
EURCHF=X,SHORT,2024-01-24,0.9441999793052673,0.957193627362523,0.918212683190756,640,False,True,True,62.17,2024-03-01,0.957193627362523,LOSS,27.0,forex
EURCHF=X,SHORT,2024-03-25,0.9700899720191956,0.9798296020575593,0.950610711942468,683,False,False,False,81.56,2024-03-26,0.9798296020575593,LOSS,1.0,forex
EURCHF=X,LONG,2024-04-18,0.9715499877929688,0.960037328691292,0.9945753059963223,701,False,False,False,46.35,2024-04-19,0.960037328691292,LOSS,1.0,forex
EURCHF=X,LONG,2024-06-11,0.9650200009346008,0.9542235553417315,0.9866128921203394,739,False,False,False,29.86,2024-06-14,0.9542235553417315,LOSS,3.0,forex
EURCHF=X,SHORT,2024-09-24,0.9414899945259094,0.9537652249962105,0.9169395335853072,814,False,False,False,60.38,2025-03-05,0.9537652249962105,LOSS,115.0,forex
EURCHF=X,SHORT,2025-03-07,0.9528200030326843,0.9672985132517803,0.9238629825944924,931,False,False,False,73.88,2025-04-11,0.9238629825944924,WIN,25.0,forex
EURCHF=X,SHORT,2025-06-13,0.9384999871253967,0.9488133719993433,0.9178732173775035,999,False,True,True,59.35,2026-01-27,0.9178732173775035,WIN,160.0,forex
EURCHF=X,LONG,2026-02-02,0.9165499806404114,0.9085726091143641,0.9325047236925059,1163,False,False,False,25.86,2026-02-27,0.9085726091143641,LOSS,19.0,forex
EURCHF=X,SHORT,2026-03-18,0.9057400226593018,0.9140885442153306,0.8890429795472441,1195,False,False,False,44.85,2026-03-23,0.9140885442153306,LOSS,3.0,forex
EURCHF=X,SHORT,2026-03-31,0.9163900017738342,0.9259227646084224,0.8973244761046579,1204,False,True,True,64.64,2026-04-07,0.9259227646084224,LOSS,5.0,forex
EURCHF=X,SHORT,2026-06-12,0.9203299880027771,0.9268971868096223,0.9071955903890867,1257,False,True,True,64.9,2026-07-14,0.9268971868096223,LOSS,22.0,forex
EURCHF=X,SHORT,2026-07-30,0.9327099919319153,0.9396559538731051,0.9188180680495357,1291,False,False,False,71.04,,,OPEN,,forex
EURGBP=X,LONG,2022-07-14,0.8456500172615051,0.8318381635965738,0.8732737245913678,241,False,False,False,35.8,2022-09-16,0.8732737245913678,WIN,46.0,forex
EURGBP=X,SHORT,2022-09-27,0.8932099938392639,0.9142575525209946,0.8511148764758025,294,False,False,False,80.34,2023-07-11,0.8511148764758025,WIN,205.0,forex
EURGBP=X,SHORT,2023-07-21,0.8649399876594543,0.8756146783802294,0.8435906062179042,507,False,True,True,62.32,2023-11-16,0.8756146783802294,LOSS,84.0,forex
EURGBP=X,LONG,2023-12-07,0.8571699857711792,0.8493309135687966,0.8728481301759443,606,False,False,False,28.94,2024-05-29,0.8493309135687966,LOSS,124.0,forex
EURGBP=X,SHORT,2024-07-03,0.8468999862670898,0.8531215665395129,0.8344568257222438,755,False,False,False,54.13,2024-08-02,0.8531215665395129,LOSS,22.0,forex
EURGBP=X,SHORT,2024-08-09,0.8561999797821045,0.8661554995641566,0.8362889402180003,782,False,False,False,78.69,2024-09-23,0.8362889402180003,WIN,31.0,forex
EURGBP=X,SHORT,2024-11-04,0.839460015296936,0.848844893220181,0.8206902594504462,843,False,True,True,63.54,2024-12-25,0.848844893220181,LOSS,37.0,forex
EURGBP=X,SHORT,2025-01-16,0.8408499956130981,0.8531725186804877,0.816204949478319,895,False,True,True,72.17,2025-04-07,0.8531725186804877,LOSS,57.0,forex
EURGBP=X,SHORT,2025-04-10,0.8538100123405457,0.8676350920860536,0.8261598528495298,955,False,False,False,77.3,2025-04-11,0.8676350920860536,LOSS,1.0,forex
EURGBP=X,SHORT,2025-06-20,0.8540899753570557,0.8624274379634125,0.837415050144342,1004,False,False,False,69.92,2025-07-02,0.8624274379634125,LOSS,8.0,forex
EURGBP=X,LONG,2025-08-04,0.8717600107192993,0.8606398087647553,0.8940004146283873,1035,False,False,False,51.7,2025-08-14,0.8606398087647553,LOSS,8.0,forex
EURGBP=X,LONG,2025-08-18,0.8634999990463257,0.853673551562724,0.8831528940135291,1045,False,False,False,42.48,2025-11-12,0.8831528940135291,WIN,62.0,forex
EURGBP=X,LONG,2026-01-08,0.8675699830055237,0.8603805543757397,0.8819488402650917,1146,False,True,True,27.47,2026-06-24,0.8603805543757397,LOSS,119.0,forex
EURGBP=X,LONG,2026-07-06,0.8564900159835815,0.8504224497075681,0.8686251485356085,1273,False,False,False,29.61,2026-07-15,0.8504224497075681,LOSS,7.0,forex
EURJPY=X,SHORT,2022-06-10,142.72999572753906,146.40491903741116,135.38014910779486,217,False,False,False,77.92,2022-08-01,135.38014910779486,WIN,36.0,forex
EURJPY=X,LONG,2022-08-03,135.44400024414062,131.44785573859414,143.4362892552336,255,False,True,True,31.13,2022-09-07,143.4362892552336,WIN,25.0,forex
EURJPY=X,SHORT,2022-09-12,143.60499572753906,147.41066639107552,135.99365440046614,283,False,False,False,74.21,2022-10-21,147.41066639107552,LOSS,29.0,forex
EURJPY=X,LONG,2023-03-17,141.552001953125,137.5244433017569,149.60711925586122,417,False,True,True,37.64,2023-04-28,149.60711925586122,WIN,30.0,forex
EURJPY=X,SHORT,2023-06-21,154.33599853515625,157.1545616233604,148.69887235874796,485,False,False,False,76.33,2023-06-27,157.1545616233604,LOSS,4.0,forex
EURJPY=X,LONG,2023-07-31,155.16799926757812,151.4071692023265,162.6896593980814,513,False,False,False,36.05,2023-11-14,162.6896593980814,WIN,76.0,forex
EURJPY=X,SHORT,2023-11-17,163.55599975585938,165.98687406555587,158.6942511364664,592,False,False,False,77.64,2023-12-05,158.6942511364664,WIN,12.0,forex
EURJPY=X,LONG,2023-12-12,157.2570037841797,153.78936376663407,164.19228381927093,609,False,True,True,28.31,2023-12-25,153.78936376663407,LOSS,9.0,forex
EURJPY=X,SHORT,2024-01-19,161.1269989013672,164.49942747588435,154.38214175233287,637,False,False,False,65.57,2024-03-20,164.49942747588435,LOSS,43.0,forex
EURJPY=X,SHORT,2024-04-30,167.39599609375,170.62184643089432,160.94429541946135,709,False,False,False,80.4,2024-05-28,170.62184643089432,LOSS,20.0,forex
EURJPY=X,SHORT,2024-07-03,173.5850067138672,175.92415256878513,168.9067150040313,755,False,False,False,74.61,2024-07-24,168.9067150040313,WIN,15.0,forex
EURJPY=X,LONG,2024-07-29,167.28900146484375,163.59982471041405,174.66735497370314,773,False,True,True,28.38,2024-07-31,163.59982471041405,LOSS,2.0,forex
EURJPY=X,LONG,2024-08-02,160.9459991455078,156.58028605585596,169.6774253248115,777,False,False,False,19.72,2024-08-05,156.58028605585596,LOSS,1.0,forex
EURJPY=X,SHORT,2024-09-24,159.58900451660156,163.33878354619472,152.08944645741525,814,False,False,False,55.23,2024-09-27,163.33878354619472,LOSS,3.0,forex
EURJPY=X,SHORT,2024-09-30,159.47999572753906,163.89238543329904,150.6552163160191,818,False,False,False,60.51,2024-10-23,163.89238543329904,LOSS,17.0,forex
EURJPY=X,LONG,2024-11-19,163.80799865722656,160.80826541662566,169.80746513842837,854,False,False,False,42.22,2024-11-22,160.80826541662566,LOSS,3.0,forex
EURJPY=X,LONG,2024-12-04,157.27499389648438,153.7834445066738,164.25809267610555,865,False,False,False,21.13,2024-12-26,164.25809267610555,WIN,16.0,forex
EURJPY=X,LONG,2025-02-04,160.3509979248047,156.82905825099934,167.39487727241539,908,False,False,False,36.66,2025-02-07,156.82905825099934,LOSS,3.0,forex
EURJPY=X,LONG,2025-02-12,158.29800415039062,154.29652022064786,166.30097200987615,914,False,False,False,29.65,2025-06-11,166.30097200987615,WIN,83.0,forex
EURJPY=X,SHORT,2025-06-18,166.91099548339844,169.40740343223527,161.91817958572477,1002,False,False,False,73.8,2025-06-23,169.40740343223527,LOSS,3.0,forex
EURJPY=X,SHORT,2025-06-25,168.29800415039062,171.01216604738522,162.86968035640143,1007,False,False,False,77.14,2025-07-07,171.01216604738522,LOSS,8.0,forex
EURJPY=X,LONG,2025-08-01,172.22300720214844,169.3127132033981,178.04359519964913,1034,False,False,False,46.38,2025-10-27,178.04359519964913,WIN,61.0,forex
EURJPY=X,LONG,2026-01-12,183.82000732421875,181.63937634432403,188.18126928400818,1148,False,False,False,51.54,2026-02-12,181.63937634432403,LOSS,23.0,forex
EURJPY=X,LONG,2026-02-17,182.0229949951172,178.7991063295453,188.47077232626094,1174,False,True,True,37.71,,,OPEN,,forex
EURNOK=X,LONG,2022-07-21,10.148730278015137,9.910638843455448,10.624913147134514,246,False,True,True,37.67,2022-07-28,9.910638843455448,LOSS,5.0,forex
EURNOK=X,LONG,2022-07-29,9.910019874572754,9.676807925280835,10.376443773156591,252,False,False,False,27.92,2022-08-24,9.676807925280835,LOSS,18.0,forex
EURNOK=X,SHORT,2022-09-06,9.89490032196045,10.130866001063374,9.422968963754599,279,False,False,False,56.85,2022-09-15,10.130866001063374,LOSS,7.0,forex
EURNOK=X,LONG,2022-10-31,10.268250465393066,10.032575896120944,10.739599603937311,318,False,False,False,42.98,2023-01-04,10.739599603937311,WIN,47.0,forex
EURNOK=X,SHORT,2023-01-09,10.642499923706055,10.911364078681602,10.10477161375496,368,False,False,False,69.99,2023-01-31,10.911364078681602,LOSS,16.0,forex
EURNOK=X,SHORT,2023-02-08,11.066320419311523,11.306654646495083,10.585651964944404,390,False,False,False,76.14,2023-03-10,11.306654646495083,LOSS,22.0,forex
EURNOK=X,LONG,2023-07-17,11.284480094909668,10.959128477690822,11.93518332934736,503,False,True,True,27.35,2023-11-07,11.93518332934736,WIN,81.0,forex
EURNOK=X,LONG,2023-11-23,11.702930450439453,11.461168519320406,12.186454312677547,596,False,False,False,41.09,2023-12-15,11.461168519320406,LOSS,16.0,forex
EURNOK=X,SHORT,2024-03-01,11.475359916687012,11.646915681887949,11.132248386285138,667,False,False,False,60.85,2024-03-22,11.646915681887949,LOSS,15.0,forex
EURNOK=X,SHORT,2024-03-29,11.694299697875977,11.857002428433768,11.368894236760394,687,False,False,False,71.23,2024-04-30,11.857002428433768,LOSS,22.0,forex
EURNOK=X,LONG,2024-05-29,11.415289878845215,11.243551085327997,11.75876746587965,730,False,False,False,26.71,2024-07-15,11.75876746587965,WIN,33.0,forex
EURNOK=X,SHORT,2024-07-18,11.728500366210938,11.92554237596,11.334416346712814,766,False,False,False,71.63,2024-07-22,11.92554237596,LOSS,2.0,forex
EURNOK=X,SHORT,2024-11-05,11.9658203125,12.143174992069003,11.611110953361994,844,False,False,False,67.32,2024-11-19,11.611110953361994,WIN,10.0,forex
EURNOK=X,LONG,2024-11-21,11.665900230407715,11.492282049507292,12.01313659220856,856,False,False,False,31.55,2024-12-25,11.492282049507292,LOSS,24.0,forex
EURNOK=X,LONG,2024-12-26,11.77991008758545,11.450246377037857,12.439237508680634,881,False,False,False,23.41,2025-03-21,11.450246377037857,LOSS,60.0,forex
EURNOK=X,SHORT,2025-04-10,11.788439750671387,12.150010415756965,11.06529842050023,955,False,False,False,75.28,2025-04-11,12.150010415756965,LOSS,1.0,forex
EURNOK=X,SHORT,2025-07-03,11.869999885559082,12.057930287988958,11.49413908069933,1013,False,False,False,72.67,2026-01-28,11.49413908069933,WIN,147.0,forex
EURNOK=X,SHORT,2026-03-26,11.190799713134766,11.438961771899349,10.6944755956056,1201,False,False,False,54.46,,,OPEN,,forex
EURNZD=X,LONG,2022-07-14,1.6423200368881226,1.6109116033516244,1.7051369039611188,241,False,False,False,35.4,2022-08-10,1.6109116033516244,LOSS,19.0,forex
EURNZD=X,SHORT,2022-08-23,1.6090799570083618,1.6429625042950764,1.5413148624349327,269,False,False,False,51.06,2022-09-01,1.6429625042950764,LOSS,7.0,forex
EURNZD=X,SHORT,2022-09-02,1.6354600191116333,1.6692718401261255,1.567836377082649,277,False,True,True,59.86,2022-09-14,1.6692718401261255,LOSS,8.0,forex
EURNZD=X,SHORT,2022-09-19,1.6715099811553955,1.7047658810963993,1.604998181273388,288,False,False,False,70.39,2022-09-28,1.7047658810963993,LOSS,7.0,forex
EURNZD=X,LONG,2022-10-25,1.7329000234603882,1.6868512972170018,1.824997475947161,314,False,False,False,48.75,2022-11-01,1.6868512972170018,LOSS,5.0,forex
EURNZD=X,LONG,2022-11-04,1.6901799440383911,1.6462806596153157,1.777978512884542,322,False,True,True,39.96,2022-12-01,1.6462806596153157,LOSS,19.0,forex
EURNZD=X,SHORT,2022-12-19,1.6611499786376953,1.6976924620898224,1.5880650117334412,353,False,False,False,55.38,2022-12-22,1.6976924620898224,LOSS,3.0,forex
EURNZD=X,SHORT,2022-12-26,1.6861000061035156,1.723270987995854,1.6117580423188387,358,False,False,False,62.09,2023-02-28,1.723270987995854,LOSS,46.0,forex
EURNZD=X,LONG,2023-03-21,1.7170699834823608,1.6795125553224244,1.7921848398022338,419,False,False,False,43.42,2023-04-21,1.7921848398022338,WIN,23.0,forex
EURNZD=X,LONG,2023-05-12,1.733549952507019,1.6946315742763396,1.811386708968378,457,False,True,True,35.57,2023-08-08,1.811386708968378,WIN,62.0,forex
EURNZD=X,LONG,2023-09-18,1.8064299821853638,1.7780926956112513,1.8631045553335888,548,False,False,False,40.54,2023-09-25,1.7780926956112513,LOSS,5.0,forex
EURNZD=X,LONG,2023-09-27,1.7769700288772583,1.748212119367582,1.834485847896611,555,False,True,True,29.77,2023-12-04,1.748212119367582,LOSS,48.0,forex
EURNZD=X,LONG,2023-12-06,1.7595800161361694,1.7274037605900654,1.8239325272283775,605,False,False,False,31.07,2024-07-23,1.8239325272283775,WIN,164.0,forex
EURNZD=X,SHORT,2024-10-11,1.7936099767684937,1.8237204994249572,1.7333889314555666,827,False,False,False,61.16,2024-10-31,1.8237204994249572,LOSS,14.0,forex
EURNZD=X,SHORT,2024-12-24,1.8427599668502808,1.8680714389278812,1.79213702269508,879,False,False,False,73.15,2025-03-04,1.8680714389278812,LOSS,49.0,forex
EURNZD=X,SHORT,2025-03-13,1.8974299430847168,1.9272688003582874,1.8377522285375756,935,True,False,False,82.07,2025-04-04,1.9272688003582874,LOSS,16.0,forex
EURNZD=X,SHORT,2025-06-17,1.9094300270080566,1.9417694558577754,1.8447511693086192,1001,False,False,False,60.07,2025-06-23,1.9417694558577754,LOSS,4.0,forex
EURNZD=X,SHORT,2025-06-26,1.9295400381088257,1.9619144235825914,1.8647912671612943,1008,False,False,False,63.37,2025-07-16,1.9619144235825914,LOSS,14.0,forex
EURNZD=X,LONG,2025-08-01,1.9398000240325928,1.910995260619337,1.9974095508591043,1034,False,False,False,44.19,2025-08-20,1.9974095508591043,WIN,13.0,forex
EURNZD=X,LONG,2025-09-15,1.9696099758148193,1.9452497713617798,2.0183303847208984,1065,False,False,False,40.39,2025-09-24,2.0183303847208984,WIN,7.0,forex
EURNZD=X,LONG,2025-12-01,2.0223500728607178,1.9920766395508573,2.0828969394804386,1120,False,True,True,41.64,2026-01-22,1.9920766395508573,LOSS,36.0,forex
EURNZD=X,LONG,2026-01-26,1.9893699884414673,1.9624329912253855,2.043243982873631,1158,False,True,True,28.28,2026-01-30,1.9624329912253855,LOSS,4.0,forex
EURNZD=X,LONG,2026-02-02,1.970020055770874,1.9418047018249183,2.0264507636627855,1163,False,False,False,25.55,2026-04-07,2.0264507636627855,WIN,46.0,forex
EURNZD=X,LONG,2026-06-02,1.9595799446105957,1.9295331357123524,2.0196735624070823,1249,False,False,False,32.61,2026-06-26,2.0196735624070823,WIN,18.0,forex
EURNZD=X,SHORT,2026-06-30,2.0199999809265137,2.043616183971089,1.9727675748373628,1269,False,False,False,70.82,2026-07-14,1.9727675748373628,WIN,10.0,forex
EURNZD=X,LONG,2026-07-22,1.9570900201797485,1.932427377561997,2.006415305415252,1285,False,False,False,23.5,,,OPEN,,forex
EURSEK=X,SHORT,2022-06-20,10.679059982299805,10.875840201225394,10.285499544448626,223,False,False,False,70.83,2022-09-05,10.285499544448626,WIN,55.0,forex
EURSEK=X,LONG,2022-11-03,10.912249565124512,10.747077831518615,11.242593032336305,321,False,False,False,45.37,2022-11-11,10.747077831518615,LOSS,6.0,forex
EURSEK=X,LONG,2022-11-15,10.82664966583252,10.626754901109498,11.226439195278562,329,False,True,True,33.94,2022-12-07,10.626754901109498,LOSS,16.0,forex
EURSEK=X,SHORT,2022-12-28,11.134090423583984,11.428355170234454,10.545560930283045,360,False,False,False,71.13,2023-02-06,11.428355170234454,LOSS,28.0,forex
EURSEK=X,LONG,2023-02-13,11.157899856567383,10.900381606366471,11.672936356969206,393,False,False,False,39.55,2023-05-31,11.672936356969206,WIN,77.0,forex
EURSEK=X,SHORT,2023-06-01,11.589099884033203,11.771351370770638,11.224596910558333,471,False,False,False,76.09,2023-06-20,11.771351370770638,LOSS,13.0,forex
EURSEK=X,LONG,2023-07-20,11.508319854736328,11.271497530127508,11.981964503953968,506,False,True,True,35.89,2023-09-18,11.981964503953968,WIN,42.0,forex
EURSEK=X,LONG,2023-09-22,11.908089637756348,11.72900434351072,12.266260226247603,552,False,False,False,50.74,2023-09-25,11.72900434351072,LOSS,1.0,forex
EURSEK=X,LONG,2023-10-03,11.582759857177734,11.365055872284005,12.018167826965193,559,False,True,True,24.49,2023-11-23,11.365055872284005,LOSS,37.0,forex
EURSEK=X,SHORT,2024-01-02,11.095430374145508,11.372801481610548,10.540688159215428,624,False,False,False,42.25,2024-01-17,11.372801481610548,LOSS,11.0,forex
EURSEK=X,SHORT,2024-01-22,11.387430191040039,11.587879093436635,10.986532386246846,638,False,True,True,68.07,2024-04-01,11.587879093436635,LOSS,50.0,forex
EURSEK=X,LONG,2024-05-17,11.64076042175293,11.477639204478603,11.967002856301583,722,False,False,False,45.77,2024-05-28,11.477639204478603,LOSS,7.0,forex
EURSEK=X,LONG,2024-05-30,11.529419898986816,11.371819329590023,11.844621037780403,731,False,True,True,33.65,2024-06-03,11.371819329590023,LOSS,2.0,forex
EURSEK=X,LONG,2024-06-07,11.312419891357422,11.141557781284641,11.654144111502983,737,False,False,False,24.78,2024-07-22,11.654144111502983,WIN,31.0,forex
EURSEK=X,SHORT,2024-10-22,11.418510437011719,11.567494361685315,11.120542587664527,834,False,True,True,59.58,2024-10-30,11.567494361685315,LOSS,6.0,forex
EURSEK=X,SHORT,2024-11-08,11.534070014953613,11.863791284486593,10.874627475887653,847,True,False,False,78.57,2025-03-25,10.874627475887653,WIN,96.0,forex
EURSEK=X,SHORT,2025-04-10,10.90548038482666,11.151193503815247,10.414054146849487,955,False,False,False,53.1,2025-04-11,11.151193503815247,LOSS,1.0,forex
EURSEK=X,SHORT,2025-04-17,11.113869667053223,11.395600544705696,10.550407911748277,960,False,True,True,63.34,2026-01-26,10.550407911748277,WIN,198.0,forex
EURSEK=X,LONG,2026-01-27,10.613570213317871,10.487680229694762,10.86535018056409,1159,False,False,False,22.6,2026-03-23,10.86535018056409,WIN,39.0,forex
EURSEK=X,SHORT,2026-04-01,10.932490348815918,11.107693210200003,10.582084626047749,1205,False,False,False,70.09,2026-06-29,11.107693210200003,LOSS,63.0,forex
EURSEK=X,LONG,2026-08-04,11.007740020751953,10.885761215376013,11.251697631503834,1294,False,False,False,41.3,,,OPEN,,forex
EURUSD=X,SHORT,2022-05-23,1.0569819211959839,1.0795367415395574,1.011872280508837,203,False,False,False,48.25,2022-07-08,1.011872280508837,WIN,34.0,forex
EURUSD=X,LONG,2022-07-11,1.0166114568710327,0.992353522144753,1.065127326323592,238,False,False,False,26.22,2022-08-23,0.992353522144753,LOSS,31.0,forex
EURUSD=X,SHORT,2022-10-28,0.9967803955078125,1.0236356826356992,0.9430698212520392,317,False,True,True,65.7,2022-11-11,1.0236356826356992,LOSS,10.0,forex
EURUSD=X,SHORT,2022-11-17,1.0395010709762573,1.0694227723325656,0.9796576682636409,331,False,False,False,69.62,2022-12-15,1.0694227723325656,LOSS,20.0,forex
EURUSD=X,LONG,2023-01-09,1.0656323432922363,1.0438591285914323,1.1091787726938445,368,False,False,False,46.75,2023-04-26,1.1091787726938445,WIN,77.0,forex
EURUSD=X,LONG,2023-05-11,1.098406195640564,1.0812649784102963,1.1326886301010992,456,False,False,False,49.76,2023-05-17,1.0812649784102963,LOSS,4.0,forex
EURUSD=X,LONG,2023-05-22,1.0822745561599731,1.0659465042450016,1.1149306599899163,463,False,True,True,34.72,2023-05-31,1.0659465042450016,LOSS,7.0,forex
EURUSD=X,SHORT,2023-06-20,1.0924304723739624,1.1082722836691423,1.0607468497836026,484,False,False,False,64.67,2023-07-12,1.1082722836691423,LOSS,16.0,forex
EURUSD=X,SHORT,2023-07-17,1.1227755546569824,1.1398562046951362,1.088614254580675,503,False,False,False,75.83,2023-08-14,1.088614254580675,WIN,20.0,forex
EURUSD=X,LONG,2023-09-29,1.0562450885772705,1.0408942134175259,1.0869468388967598,557,False,False,False,24.39,2023-11-15,1.0869468388967598,WIN,33.0,forex
EURUSD=X,SHORT,2023-11-16,1.0854581594467163,1.1035262164914263,1.0493220453572962,591,False,False,False,71.26,2023-12-22,1.1035262164914263,LOSS,26.0,forex
EURUSD=X,SHORT,2024-02-28,1.084481120109558,1.0965712522061697,1.060300855916335,665,False,False,False,55.74,2024-03-08,1.0965712522061697,LOSS,7.0,forex
EURUSD=X,SHORT,2024-03-12,1.093135118484497,1.104718747177308,1.0699678610988754,674,False,False,False,66.56,2024-04-12,1.0699678610988754,WIN,23.0,forex
EURUSD=X,LONG,2024-04-17,1.0621461868286133,1.0472405360006303,1.0919574884845793,700,False,False,False,29.3,2024-07-15,1.0919574884845793,WIN,63.0,forex
EURUSD=X,LONG,2024-10-08,1.0975743532180786,1.0831401149082562,1.1264428298377234,824,False,True,True,37.11,2024-10-17,1.0831401149082562,LOSS,7.0,forex
EURUSD=X,LONG,2024-10-21,1.0868619680404663,1.0751156188881879,1.1103546663450232,833,False,False,False,24.38,2024-11-06,1.0751156188881879,LOSS,12.0,forex
EURUSD=X,SHORT,2025-01-28,1.0445064306259155,1.0621949263314323,1.009129439214882,903,False,False,False,59.75,2025-03-05,1.0621949263314323,LOSS,26.0,forex
EURUSD=X,SHORT,2025-03-11,1.0839403867721558,1.1059227212942175,1.0399757177280322,933,False,False,False,74.3,2025-04-03,1.1059227212942175,LOSS,17.0,forex
EURUSD=X,LONG,2025-05-14,1.1185556650161743,1.094346649205258,1.1669736966380069,977,False,False,False,41.42,2025-06-26,1.1669736966380069,WIN,31.0,forex
EURUSD=X,SHORT,2025-07-03,1.18002450466156,1.1983425452397027,1.1433884235052747,1013,False,False,False,74.83,2025-07-31,1.1433884235052747,WIN,20.0,forex
EURUSD=X,LONG,2025-08-04,1.158668041229248,1.1359237840856056,1.204156555516533,1035,False,False,False,31.06,2026-06-24,1.1359237840856056,LOSS,230.0,forex
EURUSD=X,LONG,2026-06-26,1.1361699104309082,1.122508832523802,1.1634920662451207,1267,False,False,False,23.45,,,OPEN,,forex
GBPAUD=X,LONG,2022-06-07,1.742069959640503,1.7076249743010259,1.810959930319457,214,False,False,False,35.62,2022-08-12,1.7076249743010259,LOSS,48.0,forex
GBPAUD=X,LONG,2022-08-16,1.717020034790039,1.6834793710304008,1.7841013623093156,264,False,False,False,30.26,2022-09-23,1.6834793710304008,LOSS,28.0,forex
GBPAUD=X,LONG,2022-09-27,1.6637200117111206,1.6215132056504027,1.7481336238325564,294,False,False,False,25.59,2022-10-04,1.7481336238325564,WIN,5.0,forex
GBPAUD=X,SHORT,2022-10-06,1.7430299520492554,1.7968862327661754,1.6353173906154153,301,False,True,True,68.51,2022-10-13,1.7968862327661754,LOSS,5.0,forex
GBPAUD=X,LONG,2023-01-04,1.7792999744415283,1.7407687858012404,1.8563623517221042,365,False,True,True,36.75,2023-01-25,1.7407687858012404,LOSS,15.0,forex
GBPAUD=X,SHORT,2023-02-24,1.7646900415420532,1.7980869976783773,1.697896129269405,402,False,True,True,59.88,2023-02-28,1.7980869976783773,LOSS,2.0,forex
GBPAUD=X,SHORT,2023-03-02,1.779039978981018,1.8153413739493616,1.706437189044331,406,False,False,False,66.56,2023-03-10,1.8153413739493616,LOSS,6.0,forex
GBPAUD=X,LONG,2023-04-20,1.8530100584030151,1.8223797856173574,1.9142706039743307,441,False,False,False,53.36,2023-05-31,1.9142706039743307,WIN,29.0,forex
GBPAUD=X,LONG,2023-06-08,1.868690013885498,1.8333005471978114,1.9394689472608713,476,False,False,False,40.56,2023-08-02,1.9394689472608713,WIN,39.0,forex
GBPAUD=X,SHORT,2023-08-21,1.9864000082015991,2.020885390675468,1.9174292432538618,528,False,False,False,74.65,2023-09-19,1.9174292432538618,WIN,21.0,forex
GBPAUD=X,LONG,2023-09-21,1.9152599573135376,1.8854303756881348,1.9749191205643433,551,False,True,True,32.43,2023-12-14,1.8854303756881348,LOSS,60.0,forex
GBPAUD=X,LONG,2023-12-27,1.8648799657821655,1.832690383656833,1.9292591300328308,620,False,False,False,31.07,2024-01-17,1.9292591300328308,WIN,15.0,forex
GBPAUD=X,SHORT,2024-01-19,1.9312700033187866,1.9630716841964617,1.8676666415634364,637,False,False,False,75.27,2024-07-25,1.9630716841964617,LOSS,134.0,forex
GBPAUD=X,SHORT,2024-07-29,1.9631999731063843,1.9871378721228072,1.9153241750735384,773,False,False,False,81.79,2024-08-05,1.9871378721228072,LOSS,5.0,forex
GBPAUD=X,LONG,2024-10-01,1.9339599609375,1.9094171137821587,1.9830456552481825,819,False,True,True,39.56,2024-10-29,1.9830456552481825,WIN,20.0,forex
GBPAUD=X,SHORT,2024-10-31,1.9713799953460693,2.0012405643910816,1.911658857256045,841,False,False,False,69.69,2024-12-11,2.0012405643910816,LOSS,29.0,forex
GBPAUD=X,LONG,2025-01-17,1.970080018043518,1.9362174764135862,2.0378051013033818,896,False,True,True,34.77,2025-03-04,2.0378051013033818,WIN,32.0,forex
GBPAUD=X,SHORT,2025-03-06,2.033780097961426,2.064212161417908,1.9729159710484616,930,False,False,False,74.89,2025-03-20,2.064212161417908,LOSS,10.0,forex
GBPAUD=X,LONG,2025-05-06,2.057080030441284,2.009221619228773,2.152796852866307,971,False,True,True,43.48,2025-10-29,2.009221619228773,LOSS,126.0,forex
GBPAUD=X,LONG,2026-01-27,1.9778800010681152,1.953343748876101,2.026952505452144,1159,False,False,False,31.15,2026-01-29,1.953343748876101,LOSS,2.0,forex
GBPAUD=X,LONG,2026-02-02,1.9690899848937988,1.941826197572696,2.0236175595360044,1163,False,False,False,25.05,2026-02-06,1.941826197572696,LOSS,4.0,forex
GBPAUD=X,SHORT,2026-03-10,1.8989700078964233,1.9325605295961474,1.8317889644969751,1189,False,False,False,43.51,2026-03-26,1.9325605295961474,LOSS,12.0,forex
GBPAUD=X,SHORT,2026-03-31,1.9241600036621094,1.9562150047879727,1.8600500014103827,1204,False,False,False,61.99,2026-05-15,1.8600500014103827,WIN,33.0,forex
GBPAUD=X,LONG,2026-05-18,1.866569995880127,1.8442653355244913,1.9111793165913982,1238,False,False,False,27.08,2026-06-10,1.9111793165913982,WIN,17.0,forex
GBPAUD=X,SHORT,2026-06-12,1.9032100439071655,1.9249012859260939,1.8598275598693088,1257,False,True,True,69.05,2026-06-29,1.9249012859260939,LOSS,11.0,forex
GBPAUD=X,LONG,2026-07-23,1.913349986076355,1.891814633990202,1.956420690248661,1286,False,True,False,45.29,,,OPEN,,forex
GBPCAD=X,SHORT,2022-05-27,1.611449956893921,1.6399806075662946,1.5543886555491735,207,False,False,False,53.47,2022-06-14,1.5543886555491735,WIN,12.0,forex
GBPCAD=X,SHORT,2022-06-20,1.58951997756958,1.6249410597809173,1.5186778131469056,223,False,False,False,55.61,2022-09-01,1.5186778131469056,WIN,53.0,forex
GBPCAD=X,LONG,2022-09-06,1.5184299945831299,1.4959778012749332,1.5633343811995233,279,False,False,False,21.9,2022-09-23,1.4959778012749332,LOSS,13.0,forex
GBPCAD=X,LONG,2022-09-27,1.476639986038208,1.4381212334394522,1.5536774912357196,294,False,False,False,20.48,2022-10-04,1.5536774912357196,WIN,5.0,forex
GBPCAD=X,SHORT,2022-10-07,1.5336099863052368,1.5800678943882174,1.4406941701392757,302,False,True,True,61.24,2022-10-26,1.5800678943882174,LOSS,13.0,forex
GBPCAD=X,SHORT,2022-12-06,1.6565699577331543,1.698287542111078,1.573134788977307,344,False,False,False,76.8,2023-04-26,1.698287542111078,LOSS,101.0,forex
GBPCAD=X,SHORT,2023-07-18,1.7253799438476562,1.7497792623490362,1.6765813068448963,504,False,False,False,78.15,2023-08-17,1.6765813068448963,WIN,22.0,forex
GBPCAD=X,LONG,2023-09-26,1.6424299478530884,1.6160300183047405,1.6952298069497842,554,False,False,False,17.93,2023-11-06,1.6952298069497842,WIN,29.0,forex
GBPCAD=X,LONG,2023-12-20,1.6973999738693237,1.672592711369447,1.7470144988690772,615,False,True,True,42.26,2023-12-25,1.672592711369447,LOSS,3.0,forex
GBPCAD=X,LONG,2023-12-26,1.6833000183105469,1.6578499030671536,1.7342002487973334,619,False,True,True,35.5,2024-05-21,1.7342002487973334,WIN,105.0,forex
GBPCAD=X,SHORT,2024-05-27,1.7404999732971191,1.756002996195093,1.7094939275011716,728,False,False,False,75.9,2024-06-12,1.756002996195093,LOSS,12.0,forex
GBPCAD=X,LONG,2024-06-26,1.7327200174331665,1.7175376184070752,1.7630848154853491,750,False,True,True,40.43,2024-07-12,1.7630848154853491,WIN,12.0,forex
GBPCAD=X,LONG,2024-10-07,1.7821199893951416,1.7573400906517485,1.831679786881928,823,False,False,False,42.22,2024-11-21,1.7573400906517485,LOSS,33.0,forex
GBPCAD=X,LONG,2024-11-26,1.7667200565338135,1.7415786103213393,1.8170029489587618,859,False,True,True,25.56,2024-12-17,1.8170029489587618,WIN,15.0,forex
GBPCAD=X,LONG,2025-01-16,1.753600001335144,1.7209611469758992,1.8188777100536337,895,False,False,False,28.84,2025-02-26,1.8188777100536337,WIN,29.0,forex
GBPCAD=X,SHORT,2025-03-07,1.8413499593734741,1.8688136528566146,1.7864225724071932,931,False,False,False,83.25,2025-03-11,1.8688136528566146,LOSS,2.0,forex
GBPCAD=X,LONG,2025-04-09,1.8227200508117676,1.7881174744309178,1.891925203573467,954,False,True,True,35.31,2026-07-02,1.891925203573467,WIN,317.0,forex
GBPCAD=X,SHORT,2026-07-08,1.895550012588501,1.914475431294951,1.857699175175601,1275,False,False,False,76.04,,,OPEN,,forex
GBPCHF=X,LONG,2022-07-01,1.1612900495529175,1.1359352545911947,1.211999639476363,232,False,False,False,23.81,2022-08-19,1.1359352545911947,LOSS,35.0,forex
GBPCHF=X,LONG,2022-09-12,1.1152399778366089,1.0954972166680859,1.154725500173655,283,False,False,False,26.72,2022-09-16,1.0954972166680859,LOSS,4.0,forex
GBPCHF=X,LONG,2022-09-27,1.0683900117874146,1.033774881892847,1.1376202715765498,294,False,False,False,20.01,2022-10-17,1.1376202715765498,WIN,14.0,forex
GBPCHF=X,LONG,2022-12-23,1.120460033416748,1.0979631211244805,1.1654538580012832,357,False,False,False,36.3,2022-12-26,1.0979631211244805,LOSS,1.0,forex
GBPCHF=X,SHORT,2023-03-22,1.126230001449585,1.1466976065121453,1.0852947913244644,420,False,True,True,67.52,2023-06-19,1.1466976065121453,LOSS,63.0,forex
GBPCHF=X,SHORT,2023-06-20,1.1461000442504883,1.1615576926008757,1.1151847475497134,484,False,False,False,70.72,2023-07-19,1.1151847475497134,WIN,21.0,forex
GBPCHF=X,LONG,2023-07-21,1.1150699853897095,1.09778401719333,1.1496419217824685,507,False,False,False,24.11,2023-10-13,1.09778401719333,LOSS,60.0,forex
GBPCHF=X,LONG,2023-10-17,1.0995800495147705,1.0867181758840365,1.1253037967762385,569,False,False,False,28.89,2023-10-19,1.0867181758840365,LOSS,2.0,forex
GBPCHF=X,LONG,2023-10-23,1.0860999822616577,1.0711362307381862,1.1160274853086007,573,False,False,False,22.26,2023-12-28,1.0711362307381862,LOSS,48.0,forex
GBPCHF=X,LONG,2024-01-02,1.0712000131607056,1.0534021688625794,1.1067957017569579,624,False,False,False,22.94,2024-02-13,1.1067957017569579,WIN,30.0,forex
GBPCHF=X,LONG,2024-04-24,1.1352100372314453,1.1194324625651495,1.166765186564037,705,False,False,False,37.41,2024-05-27,1.166765186564037,WIN,23.0,forex
GBPCHF=X,LONG,2024-08-08,1.0893499851226807,1.0620252485650257,1.1439994582379907,781,False,False,False,17.26,2025-03-05,1.1439994582379907,WIN,148.0,forex
GBPCHF=X,SHORT,2025-03-07,1.1381100416183472,1.1549383234732113,1.1044534779086188,931,False,False,False,67.71,2025-04-04,1.1044534779086188,WIN,20.0,forex
GBPCHF=X,LONG,2025-04-10,1.0971100330352783,1.0690599903451885,1.153210118415458,955,False,False,False,17.02,2025-04-11,1.0690599903451885,LOSS,1.0,forex
GBPCHF=X,LONG,2025-04-14,1.0703400373458862,1.038572896917096,1.1338743182034667,957,False,False,False,23.06,2025-11-14,1.038572896917096,LOSS,152.0,forex
GBPCHF=X,SHORT,2025-12-01,1.0634599924087524,1.0763946077637983,1.0375907616986608,1120,False,True,True,61.34,2026-01-14,1.0763946077637983,LOSS,30.0,forex
GBPCHF=X,LONG,2026-01-22,1.06850004196167,1.0571132658061666,1.0912735942726766,1156,False,True,False,34.21,2026-01-27,1.0571132658061666,LOSS,3.0,forex
GBPCHF=X,LONG,2026-01-29,1.0585099458694458,1.0463279810124508,1.0828738755834357,1161,False,False,False,32.29,2026-02-09,1.0463279810124508,LOSS,7.0,forex
GBPCHF=X,SHORT,2026-03-16,1.0463500022888184,1.0592939834155513,1.0204620400353526,1193,False,False,False,52.23,2026-03-20,1.0592939834155513,LOSS,4.0,forex
GBPCHF=X,SHORT,2026-03-23,1.0501999855041504,1.0641241297658914,1.0223516969806683,1198,False,False,False,63.76,2026-04-28,1.0641241297658914,LOSS,26.0,forex
GBPCHF=X,LONG,2026-05-19,1.0535800457000732,1.043028859300631,1.0746824184989578,1239,False,False,False,31.34,2026-07-02,1.0746824184989578,WIN,32.0,forex
GBPCHF=X,SHORT,2026-07-10,1.0817400217056274,1.0910018574017963,1.0632163503132896,1277,False,False,False,74.69,2026-07-16,1.0910018574017963,LOSS,4.0,forex
GBPJPY=X,SHORT,2022-06-13,165.46499633789062,170.43520036828068,155.52458827711052,218,True,False,False,69.41,2022-09-26,155.52458827711052,WIN,75.0,forex
GBPJPY=X,LONG,2022-09-28,155.18299865722656,149.45055963647994,166.6478766987198,295,False,False,False,26.37,2022-10-13,166.6478766987198,WIN,11.0,forex
GBPJPY=X,LONG,2022-12-26,160.900146484375,155.92708078412122,170.84627788488257,358,False,False,False,26.76,2023-01-03,155.92708078412122,LOSS,6.0,forex
GBPJPY=X,SHORT,2023-02-23,162.54299926757812,166.38497921647237,154.85903936978963,401,False,False,False,62.51,2023-04-12,166.38497921647237,LOSS,34.0,forex
GBPJPY=X,SHORT,2023-06-21,180.39700317382812,184.2766080276481,172.63779346618816,485,False,False,False,79.28,2023-08-14,184.2766080276481,LOSS,38.0,forex
GBPJPY=X,LONG,2023-09-25,181.69200134277344,179.00470957975062,187.06658486881906,553,False,True,True,37.21,2023-11-14,187.06658486881906,WIN,36.0,forex
GBPJPY=X,SHORT,2023-11-17,187.0749969482422,190.19683595486623,180.8313189349941,592,False,False,False,70.61,2023-12-08,180.8313189349941,WIN,15.0,forex
GBPJPY=X,LONG,2023-12-12,183.3719940185547,179.47037947728992,191.1752231010842,609,False,True,True,33.4,2023-12-14,179.47037947728992,LOSS,2.0,forex
GBPJPY=X,LONG,2023-12-15,181.66099548339844,177.51625893686708,189.95046857646116,612,False,True,True,31.29,2024-02-13,189.95046857646116,WIN,42.0,forex
GBPJPY=X,LONG,2024-03-13,188.8719940185547,186.1933863954143,194.22920926483545,675,False,False,False,41.98,2024-04-25,194.22920926483545,WIN,31.0,forex
GBPJPY=X,SHORT,2024-04-30,196.3179931640625,200.34768705537326,188.258605381441,709,False,False,False,76.65,2024-05-27,200.34768705537326,LOSS,19.0,forex
GBPJPY=X,SHORT,2024-07-05,205.80799865722656,208.398632975214,200.62673002125166,757,False,False,False,83.09,2024-07-24,200.62673002125166,WIN,13.0,forex
GBPJPY=X,LONG,2024-07-29,198.33900451660156,193.99576937985634,207.025474790092,773,False,True,True,29.35,2024-07-31,193.99576937985634,LOSS,2.0,forex
GBPJPY=X,LONG,2024-08-05,186.16400146484375,179.5865557110902,199.31889297235085,778,False,False,False,18.3,2024-10-28,199.31889297235085,WIN,60.0,forex
GBPJPY=X,LONG,2024-11-20,196.39700317382812,192.23281387379885,204.72538177388668,855,False,False,False,47.79,2024-11-27,192.23281387379885,LOSS,5.0,forex
GBPJPY=X,LONG,2024-12-04,189.6479949951172,185.35411353927233,198.2357579068069,865,False,False,False,26.04,2024-12-19,198.2357579068069,WIN,11.0,forex
GBPJPY=X,SHORT,2025-03-20,193.18299865722656,197.4240425053598,184.70091096096007,940,False,False,False,63.5,2025-04-09,184.70091096096007,WIN,14.0,forex
GBPJPY=X,LONG,2025-04-10,189.03500366210938,184.0864673798262,198.93207622667575,955,False,False,False,30.8,2025-07-07,198.93207622667575,WIN,60.0,forex
GBPJPY=X,LONG,2025-08-01,199.14700317382812,196.18155019441664,205.0779091326511,1034,False,False,False,48.05,2025-08-04,196.18155019441664,LOSS,1.0,forex
GBPJPY=X,LONG,2025-08-06,196.2310028076172,192.99055858851293,202.7118912458257,1037,False,True,True,35.76,2025-10-07,202.7118912458257,WIN,44.0,forex
GBPJPY=X,SHORT,2025-10-10,203.50399780273438,206.59880785678888,197.31437769462536,1084,False,False,False,72.37,2025-11-20,206.59880785678888,LOSS,29.0,forex
GBPJPY=X,LONG,2026-01-20,212.23699951171875,209.2416680384246,218.22766245830707,1154,False,False,False,53.52,2026-02-11,209.2416680384246,LOSS,16.0,forex
GBPJPY=X,LONG,2026-02-17,209.32000732421875,205.13862185073828,217.6827782711797,1174,False,True,True,38.67,2026-07-09,217.6827782711797,WIN,102.0,forex
GBPJPY=X,LONG,2026-08-06,212.2779998779297,208.57843058646333,219.6771384608624,1296,False,True,True,30.84,,,OPEN,,forex
GBPNZD=X,LONG,2022-06-01,1.9341399669647217,1.8982006344653826,2.0060186319634,210,False,False,False,42.66,2022-08-11,1.8982006344653826,LOSS,51.0,forex
GBPNZD=X,LONG,2022-08-16,1.8946499824523926,1.8571379424931003,1.9696740623709772,264,False,False,False,27.45,2022-09-26,1.8571379424931003,LOSS,29.0,forex
GBPNZD=X,SHORT,2022-10-06,1.965649962425232,2.0303677833429363,1.8362143205898231,301,False,False,False,70.23,2022-10-17,2.0303677833429363,LOSS,7.0,forex
GBPNZD=X,LONG,2022-11-08,1.9387600421905518,1.8810341101855517,2.054211906200552,324,False,False,False,36.62,2023-05-30,2.054211906200552,WIN,145.0,forex
GBPNZD=X,LONG,2023-07-17,2.0561399459838867,2.018338126643458,2.1317435846647443,503,False,False,False,47.01,2023-08-15,2.1317435846647443,WIN,21.0,forex
GBPNZD=X,SHORT,2023-08-22,2.151870012283325,2.1861300759465205,2.0833498849569345,529,False,False,False,74.47,2023-09-20,2.0833498849569345,WIN,21.0,forex
GBPNZD=X,LONG,2023-09-27,2.042069911956787,2.0082633479905634,2.1096830398892346,555,False,True,True,21.62,2023-12-25,2.0082633479905634,LOSS,63.0,forex
GBPNZD=X,LONG,2023-12-26,2.015089988708496,1.9814483021670688,2.0823733617913507,619,False,False,False,26.05,2024-01-19,2.0823733617913507,WIN,18.0,forex
GBPNZD=X,SHORT,2024-01-24,2.0793099403381348,2.110435008264169,2.017059804486066,640,False,False,False,77.7,2024-03-28,2.110435008264169,LOSS,46.0,forex
GBPNZD=X,LONG,2024-04-24,2.0968000888824463,2.0716039444928787,2.1471923776615816,705,False,False,False,41.94,2024-05-16,2.0716039444928787,LOSS,16.0,forex
GBPNZD=X,SHORT,2024-07-05,2.0857999324798584,2.1058308563388097,2.0457380847619557,757,False,False,False,61.24,2024-07-10,2.1058308563388097,LOSS,3.0,forex
GBPNZD=X,SHORT,2024-07-19,2.14274001121521,2.167008794126691,2.0942024453922476,767,False,False,False,82.73,2024-07-23,2.167008794126691,LOSS,2.0,forex
GBPNZD=X,SHORT,2024-10-11,2.142519950866699,2.1755785976351563,2.076402657329785,827,False,False,False,64.71,2024-10-29,2.1755785976351563,LOSS,12.0,forex
GBPNZD=X,SHORT,2024-10-31,2.1701200008392334,2.2012024744179697,2.107955053681761,841,False,False,False,69.66,2024-12-11,2.2012024744179697,LOSS,29.0,forex
GBPNZD=X,SHORT,2024-12-13,2.19677996635437,2.229952091330892,2.130435716401326,872,False,False,False,72.3,2024-12-19,2.229952091330892,LOSS,4.0,forex
GBPNZD=X,SHORT,2024-12-20,2.219899892807007,2.2582695989420727,2.143160480536875,877,False,False,False,76.34,2024-12-25,2.2582695989420727,LOSS,3.0,forex
GBPNZD=X,LONG,2025-01-17,2.1816999912261963,2.145105863849279,2.2548882459800312,896,False,True,True,36.14,2025-03-03,2.2548882459800312,WIN,31.0,forex
GBPNZD=X,SHORT,2025-03-06,2.2497200965881348,2.28523717066605,2.178685948432304,930,False,False,False,73.27,2025-04-04,2.28523717066605,LOSS,21.0,forex
GBPNZD=X,LONG,2025-07-29,2.2369799613952637,2.2063389108905023,2.2982620624047865,1031,False,True,True,38.09,2025-08-20,2.2982620624047865,WIN,16.0,forex
GBPNZD=X,SHORT,2025-08-22,2.3045899868011475,2.335801671033418,2.242166618336606,1049,False,False,False,78.98,2025-10-14,2.335801671033418,LOSS,37.0,forex
GBPNZD=X,LONG,2025-11-03,2.2951200008392334,2.2653775205297113,2.3546049614582776,1100,False,True,True,33.61,2026-01-30,2.2653775205297113,LOSS,62.0,forex
GBPNZD=X,SHORT,2026-03-10,2.2643001079559326,2.296772627987662,2.1993550678924736,1189,False,False,False,53.98,2026-03-23,2.296772627987662,LOSS,9.0,forex
GBPNZD=X,SHORT,2026-03-30,2.3111300468444824,2.3401839415470613,2.2530222574393246,1203,False,False,False,70.29,2026-05-29,2.2530222574393246,WIN,44.0,forex
GBPNZD=X,LONG,2026-06-02,2.2674400806427,2.2300657379387783,2.342188766050544,1249,False,False,False,33.15,2026-06-26,2.342188766050544,WIN,18.0,forex
GBPNZD=X,LONG,2026-07-22,2.2961699962615967,2.266460055624134,2.355589877536522,1285,False,True,True,36.96,,,OPEN,,forex
GBPUSD=X,SHORT,2022-08-03,1.2142995595932007,1.2415659238682835,1.1597668310430351,255,False,False,False,63.32,2022-09-01,1.1597668310430351,WIN,21.0,forex
GBPUSD=X,LONG,2022-09-27,1.077284336090088,1.037175139727354,1.1575027288155555,294,False,False,False,17.36,2022-10-26,1.1575027288155555,WIN,21.0,forex
GBPUSD=X,LONG,2022-12-26,1.206000566482544,1.1746297389335734,1.268742221580485,358,False,True,False,47.74,2023-06-14,1.268742221580485,WIN,122.0,forex
GBPUSD=X,SHORT,2023-06-20,1.2794759273529053,1.3022645824973533,1.2338986170640092,484,False,False,False,72.51,2023-07-13,1.3022645824973533,LOSS,17.0,forex
GBPUSD=X,SHORT,2023-07-17,1.3090204000473022,1.3309907426815226,1.2650797147788615,503,False,False,False,79.4,2023-08-03,1.2650797147788615,WIN,13.0,forex
GBPUSD=X,LONG,2023-09-11,1.2489992380142212,1.229243630975962,1.2885104520907396,543,False,False,False,31.89,2023-09-21,1.229243630975962,LOSS,8.0,forex
GBPUSD=X,LONG,2023-09-29,1.2204796075820923,1.2015028318744192,1.2584331589974385,557,True,False,False,16.24,2023-11-24,1.2584331589974385,WIN,40.0,forex
GBPUSD=X,LONG,2024-01-04,1.2674272060394287,1.247103791357261,1.3080740354037643,626,False,False,False,47.93,2024-04-12,1.247103791357261,LOSS,71.0,forex
GBPUSD=X,SHORT,2024-05-21,1.2710840702056885,1.286112793403965,1.2410266238091356,724,False,False,False,66.29,2024-07-11,1.286112793403965,LOSS,37.0,forex
GBPUSD=X,SHORT,2024-07-16,1.2970000505447388,1.3128672023211212,1.265265746991974,764,False,False,False,73.97,2024-08-22,1.3128672023211212,LOSS,27.0,forex
GBPUSD=X,LONG,2024-10-09,1.309483289718628,1.2891697114919638,1.3501104461719562,825,False,True,True,40.52,2024-10-31,1.2891697114919638,LOSS,16.0,forex
GBPUSD=X,SHORT,2024-12-09,1.2749296426773071,1.2952025192072332,1.234383889617455,868,False,False,False,51.3,2025-01-08,1.234383889617455,WIN,21.0,forex
GBPUSD=X,SHORT,2025-01-28,1.2460592985153198,1.271218078590782,1.1957417383643953,903,False,False,False,54.55,2025-03-04,1.271218078590782,LOSS,25.0,forex
GBPUSD=X,SHORT,2025-03-11,1.2875481843948364,1.3080531974511294,1.2465381582822506,933,False,False,False,73.1,2025-04-03,1.3080531974511294,LOSS,17.0,forex
GBPUSD=X,LONG,2025-04-10,1.2825446128845215,1.256007351950652,1.3356191347522604,955,False,False,False,44.2,2025-04-22,1.3356191347522604,WIN,6.0,forex
GBPUSD=X,LONG,2025-06-20,1.3476725816726685,1.327862801325356,1.3872921423672935,1004,False,False,False,45.68,2025-07-30,1.327862801325356,LOSS,28.0,forex
GBPUSD=X,LONG,2025-09-29,1.3408241271972656,1.319675809376605,1.3831207628385869,1075,False,True,True,36.82,2025-10-30,1.319675809376605,LOSS,23.0,forex
GBPUSD=X,LONG,2025-11-06,1.3052598237991333,1.2859698994692685,1.3438396724588628,1103,False,False,False,21.65,2025-12-16,1.3438396724588628,WIN,28.0,forex
GBPUSD=X,LONG,2026-01-19,1.3404287099838257,1.3246407959793525,1.372004537992772,1153,False,False,False,46.09,2026-01-27,1.372004537992772,WIN,6.0,forex
GBPUSD=X,SHORT,2026-01-29,1.382533073425293,1.402683616511569,1.3422319872527408,1161,False,False,False,76.94,2026-03-02,1.3422319872527408,WIN,22.0,forex
GBPUSD=X,SHORT,2026-04-09,1.3394052982330322,1.3633417296005463,1.291532435498004,1211,False,False,False,54.15,2026-05-01,1.3633417296005463,LOSS,16.0,forex
GBPUSD=X,LONG,2026-05-19,1.3432012796401978,1.3222646128838216,1.38507461315295,1239,False,True,True,34.85,2026-06-18,1.3222646128838216,LOSS,22.0,forex
GBPUSD=X,LONG,2026-06-23,1.3247138261795044,1.3071327955158771,1.359875887506759,1264,False,False,False,31.94,,,OPEN,,forex
HKDJPY=X,LONG,2022-05-18,16.490800857543945,16.13629104882555,17.199820474980733,200,False,False,False,54.21,2022-05-24,16.13629104882555,LOSS,4.0,forex
HKDJPY=X,LONG,2022-05-26,16.198219299316406,15.855388700889739,16.88388049616974,206,False,False,False,41.21,2022-06-07,16.88388049616974,WIN,8.0,forex
HKDJPY=X,LONG,2022-07-26,17.380859375,17.02981317109107,18.082951782817858,249,False,False,False,50.13,2022-07-29,17.02981317109107,LOSS,3.0,forex
HKDJPY=X,LONG,2022-08-03,16.99131965637207,16.51995635598166,17.934046257152893,255,False,True,True,29.65,2022-09-02,17.934046257152893,WIN,22.0,forex
HKDJPY=X,SHORT,2022-09-09,18.326000213623047,18.79803735381681,17.38192593323552,282,False,False,False,79.38,2022-10-13,18.79803735381681,LOSS,24.0,forex
HKDJPY=X,LONG,2022-10-31,18.831270217895508,18.363563351879566,19.76668394992739,318,False,False,False,49.76,2022-11-10,18.363563351879566,LOSS,8.0,forex
HKDJPY=X,LONG,2022-11-17,17.806169509887695,17.21957270255836,18.979363124546367,331,False,True,True,29.44,2022-12-02,17.21957270255836,LOSS,11.0,forex
HKDJPY=X,SHORT,2023-02-08,16.695520401000977,17.211672921401114,15.663215360200702,390,False,False,False,56.96,2023-02-17,17.211672921401114,LOSS,7.0,forex
HKDJPY=X,SHORT,2023-02-21,17.147380828857422,17.578576586856887,16.284989312858492,399,False,False,False,64.15,2023-05-18,17.578576586856887,LOSS,62.0,forex
HKDJPY=X,SHORT,2023-05-22,17.61458969116211,18.00227147346592,16.839226126554486,463,False,False,False,69.61,2023-06-15,18.00227147346592,LOSS,18.0,forex
HKDJPY=X,LONG,2023-07-17,17.746849060058594,17.357418351178737,18.525710477818308,503,False,True,True,30.58,2023-08-11,18.525710477818308,WIN,19.0,forex
HKDJPY=X,LONG,2023-10-11,19.006000518798828,18.75998862544782,19.49802430550084,565,False,False,False,51.98,2023-12-04,18.75998862544782,LOSS,38.0,forex
HKDJPY=X,LONG,2023-12-05,18.849390029907227,18.492691571050248,19.562786947621184,604,False,True,True,34.03,2023-12-07,18.492691571050248,LOSS,2.0,forex
HKDJPY=X,LONG,2023-12-11,18.563039779663086,18.112207472918293,19.464704393152672,608,False,True,True,29.5,2023-12-14,18.112207472918293,LOSS,3.0,forex
HKDJPY=X,SHORT,2024-01-09,18.47442054748535,18.900853341854987,17.62155495874608,629,False,True,False,54.71,2024-01-17,18.900853341854987,LOSS,6.0,forex
HKDJPY=X,SHORT,2024-01-22,18.947290420532227,19.336703678319996,18.16846390495669,638,False,False,False,68.37,2024-03-20,19.336703678319996,LOSS,42.0,forex
HKDJPY=X,LONG,2024-05-07,19.72715950012207,19.323314990769145,20.53484851882792,714,False,False,False,49.25,2024-06-26,20.53484851882792,WIN,36.0,forex
HKDJPY=X,SHORT,2024-07-01,20.605159759521484,20.886840882283927,20.0417975139966,753,False,False,False,74.98,2024-07-17,20.0417975139966,WIN,12.0,forex
HKDJPY=X,LONG,2024-07-19,20.12088966369629,19.717091755117227,20.928485480854413,767,False,True,True,30.33,2024-07-24,19.717091755117227,LOSS,3.0,forex
HKDJPY=X,SHORT,2024-09-25,18.36804962158203,18.84718263513148,17.40978359448313,815,False,False,False,48.23,2024-10-03,18.84718263513148,LOSS,6.0,forex
HKDJPY=X,SHORT,2024-10-09,19.054719924926758,19.606026481386728,17.952106812006818,825,False,True,True,64.18,2024-10-23,19.606026481386728,LOSS,10.0,forex
HKDJPY=X,LONG,2024-11-25,19.803619384765625,19.386291931927776,20.638274290441323,858,False,False,False,55.95,2024-11-27,19.386291931927776,LOSS,2.0,forex
HKDJPY=X,LONG,2024-12-05,19.34185028076172,18.90383468289538,20.217881476494398,866,False,True,True,35.02,2024-12-19,20.217881476494398,WIN,10.0,forex
HKDJPY=X,LONG,2025-02-10,19.489709854125977,19.075156440006488,20.318816682364954,912,False,False,False,29.64,2025-03-04,19.075156440006488,LOSS,16.0,forex
HKDJPY=X,SHORT,2025-03-26,19.285219192504883,19.66525911986245,18.525139337789746,944,False,False,False,56.21,2025-04-11,18.525139337789746,WIN,12.0,forex
HKDJPY=X,SHORT,2025-05-14,18.920469284057617,19.454367589294545,17.85267267358376,977,False,True,True,60.54,2025-10-08,19.454367589294545,LOSS,105.0,forex
HKDJPY=X,SHORT,2025-10-13,19.53874969482422,19.9186776317307,18.77889382101126,1085,False,False,False,72.32,2025-11-12,19.9186776317307,LOSS,22.0,forex
HKDJPY=X,SHORT,2025-11-24,20.132360458374023,20.45228461203696,19.492512151048153,1115,False,False,False,74.67,2026-02-12,19.492512151048153,WIN,56.0,forex
HKDJPY=X,LONG,2026-05-06,20.123510360717773,19.731757341461996,20.907016399229327,1230,False,True,True,38.56,2026-07-23,20.907016399229327,WIN,56.0,forex
HKDJPY=X,LONG,2026-08-07,20.195079803466797,19.837140968909456,20.91095747258148,1297,False,True,True,24.02,,,OPEN,,forex
MXNJPY=X,SHORT,2022-06-10,6.828760147094727,7.016085622202558,6.454109196879063,217,False,False,False,81.92,2022-06-16,6.454109196879063,WIN,4.0,forex
MXNJPY=X,LONG,2022-08-04,6.5346999168396,6.301636421097148,7.000826908324504,256,False,True,True,31.59,2022-09-02,7.000826908324504,WIN,21.0,forex
MXNJPY=X,LONG,2022-10-28,7.369999885559082,7.188247379946905,7.733504896783437,317,False,False,False,51.77,2022-11-11,7.188247379946905,LOSS,10.0,forex
MXNJPY=X,LONG,2022-11-17,7.2042670249938965,6.982280705131176,7.648239664719338,331,False,True,True,38.25,2022-12-02,6.982280705131176,LOSS,11.0,forex
MXNJPY=X,SHORT,2023-01-09,6.893199920654297,7.128842206722199,6.4219153485184926,368,False,True,False,50.62,2023-02-13,7.128842206722199,LOSS,25.0,forex
MXNJPY=X,SHORT,2023-02-23,7.344709873199463,7.519259181789411,6.995611256019567,401,False,False,False,77.53,2023-03-02,7.519259181789411,LOSS,5.0,forex
MXNJPY=X,LONG,2023-03-15,7.217599868774414,6.903494058763817,7.845811488795608,415,False,False,False,33.82,2023-03-16,6.903494058763817,LOSS,1.0,forex
MXNJPY=X,SHORT,2023-05-18,7.813951015472412,8.032430968035138,7.37699111034696,461,False,False,False,70.75,2023-06-07,8.032430968035138,LOSS,14.0,forex
MXNJPY=X,SHORT,2023-06-20,8.307299613952637,8.524021434514879,7.873855972828153,484,False,False,False,77.6,2023-07-31,8.524021434514879,LOSS,29.0,forex
MXNJPY=X,SHORT,2023-08-29,8.722200393676758,8.934428101508791,8.297744978012691,534,False,False,False,72.99,2023-10-03,8.297744978012691,WIN,25.0,forex
MXNJPY=X,LONG,2023-10-09,8.175100326538086,7.8970286765289055,8.731243626556447,563,False,True,True,29.59,2023-11-16,8.731243626556447,WIN,28.0,forex
MXNJPY=X,LONG,2023-12-11,8.353699684143066,8.064487060332814,8.932124931763571,608,False,True,True,33.26,2024-03-15,8.932124931763571,WIN,69.0,forex
MXNJPY=X,LONG,2024-04-18,9.086469650268555,8.881227377148791,9.496954196508081,701,False,False,False,47.65,2024-04-19,8.881227377148791,LOSS,1.0,forex
MXNJPY=X,LONG,2024-06-06,8.893574714660645,8.528284513550018,9.624155116881898,736,False,True,True,23.26,2024-06-10,8.528284513550018,LOSS,2.0,forex
MXNJPY=X,LONG,2024-06-12,8.451077461242676,8.054116441290791,9.244999501146445,740,False,False,False,24.91,2024-07-31,8.054116441290791,LOSS,35.0,forex
MXNJPY=X,LONG,2024-08-06,7.5904998779296875,7.097411577465896,8.576676478857271,779,False,False,False,12.65,2024-09-05,7.097411577465896,LOSS,22.0,forex
MXNJPY=X,SHORT,2024-10-09,7.646758079528809,7.962287004219413,7.0157002301475995,825,False,True,True,62.47,2025-04-07,7.0157002301475995,WIN,127.0,forex
MXNJPY=X,SHORT,2025-05-15,7.563499927520752,7.815601974074508,7.0592958344132395,978,False,True,True,65.79,2025-07-07,7.815601974074508,LOSS,37.0,forex
MXNJPY=X,SHORT,2025-07-10,7.8429999351501465,8.010625435320874,7.507748934808692,1018,False,False,False,71.48,2025-07-31,8.010625435320874,LOSS,15.0,forex
MXNJPY=X,LONG,2025-08-06,7.873866081237793,7.685338205949193,8.250921831814994,1037,False,False,False,43.54,2025-10-08,8.250921831814994,WIN,45.0,forex
MXNJPY=X,SHORT,2026-01-15,8.891807556152344,9.05762451590232,8.56017363665239,1151,False,False,False,75.82,2026-01-21,9.05762451590232,LOSS,4.0,forex
MXNJPY=X,LONG,2026-02-16,8.898799896240234,8.65962207013777,9.377155548445163,1173,False,False,False,46.7,2026-07-22,9.377155548445163,WIN,112.0,forex
MXNJPY=X,LONG,2026-08-05,9.13644027709961,8.949261590156011,9.510797650986806,1295,False,True,True,30.72,,,OPEN,,forex
NZDCAD=X,SHORT,2022-05-27,0.8278449773788452,0.8435430317142566,0.7964488687080225,207,False,False,False,53.23,2022-07-01,0.7964488687080225,WIN,25.0,forex
NZDCAD=X,SHORT,2022-08-03,0.8016600012779236,0.8172356622295612,0.7705086793746483,255,False,False,False,60.31,2022-08-10,0.8172356622295612,LOSS,5.0,forex
NZDCAD=X,SHORT,2022-08-16,0.8209459781646729,0.8367635518153954,0.7893108308632277,264,False,True,True,66.9,2022-09-13,0.7893108308632277,WIN,20.0,forex
NZDCAD=X,SHORT,2022-10-20,0.779807984828949,0.7976956915102107,0.7440325714664255,311,False,False,False,50.87,2022-11-01,0.7976956915102107,LOSS,8.0,forex
NZDCAD=X,SHORT,2022-11-03,0.7967000007629395,0.8144204865575203,0.7612590291737777,321,False,True,True,62.57,2022-11-15,0.8144204865575203,LOSS,8.0,forex
NZDCAD=X,SHORT,2022-11-17,0.8200039863586426,0.8389821120911098,0.782047734893708,331,False,False,False,73.08,2022-11-29,0.8389821120911098,LOSS,8.0,forex
NZDCAD=X,LONG,2022-12-27,0.8548799753189087,0.8346158445152144,0.8954082369262972,359,False,False,False,48.55,2023-02-27,0.8346158445152144,LOSS,44.0,forex
NZDCAD=X,SHORT,2023-03-21,0.8532099723815918,0.8704833741606618,0.8186631688234518,419,False,False,False,63.26,2023-05-31,0.8186631688234518,WIN,51.0,forex
NZDCAD=X,SHORT,2023-07-18,0.8343499898910522,0.8528962914676513,0.7972573867378541,504,False,False,False,70.63,2023-09-18,0.7972573867378541,WIN,44.0,forex
NZDCAD=X,SHORT,2023-10-04,0.8105300068855286,0.8237393387700725,0.7841113431164406,560,False,True,True,62.36,2023-11-15,0.8237393387700725,LOSS,30.0,forex
NZDCAD=X,LONG,2024-01-04,0.8338000178337097,0.8183060325272103,0.8647879884467085,626,False,False,False,48.17,2024-01-23,0.8183060325272103,LOSS,13.0,forex
NZDCAD=X,LONG,2024-01-24,0.8211590051651001,0.8080304098876986,0.8474161957199031,640,False,False,False,27.88,2024-03-29,0.8080304098876986,LOSS,47.0,forex
NZDCAD=X,LONG,2024-04-01,0.8093799948692322,0.7995131462543782,0.8291136920989401,688,False,False,False,21.5,2024-05-15,0.8291136920989401,WIN,32.0,forex
NZDCAD=X,SHORT,2024-05-17,0.8336300253868103,0.8439724654766115,0.8129451452072078,722,False,False,False,71.05,2024-06-04,0.8439724654766115,LOSS,12.0,forex
NZDCAD=X,LONG,2024-07-01,0.8337900042533875,0.8245381819728116,0.8522936488145392,753,False,False,False,41.07,2024-07-22,0.8245381819728116,LOSS,15.0,forex
NZDCAD=X,LONG,2024-07-29,0.8140000104904175,0.8036335884797525,0.8347328545117474,773,False,False,False,23.24,2024-08-20,0.8347328545117474,WIN,16.0,forex
NZDCAD=X,LONG,2024-10-09,0.8369699716567993,0.8210897096109452,0.8687304957485076,825,False,True,True,41.59,2024-11-14,0.8210897096109452,LOSS,26.0,forex
NZDCAD=X,LONG,2024-11-26,0.8191499710083008,0.8066878246964497,0.8440742636320029,859,False,False,False,32.0,2024-12-25,0.8066878246964497,LOSS,21.0,forex
NZDCAD=X,SHORT,2025-01-28,0.8161020278930664,0.8279328859626736,0.7924403117538521,903,False,True,True,63.34,2025-03-17,0.8279328859626736,LOSS,34.0,forex
NZDCAD=X,SHORT,2025-03-19,0.8318300247192383,0.8446807047769013,0.8061286646039123,939,False,False,False,71.27,2025-04-04,0.8061286646039123,WIN,12.0,forex
NZDCAD=X,LONG,2025-04-10,0.7947670221328735,0.7750701260311866,0.8341608143362473,955,False,False,False,20.81,,,OPEN,,forex
NZDCHF=X,LONG,2022-06-24,0.604200005531311,0.5884438853138871,0.6357122459661588,227,False,False,False,26.36,2022-09-08,0.5884438853138871,LOSS,54.0,forex
NZDCHF=X,LONG,2022-09-19,0.5773599743843079,0.563828408719392,0.6044231057141396,288,False,False,False,24.91,2022-09-22,0.563828408719392,LOSS,3.0,forex
NZDCHF=X,SHORT,2022-10-25,0.5700600147247314,0.5869831940586082,0.5362136560569779,314,False,False,False,58.21,2022-11-02,0.5869831940586082,LOSS,6.0,forex
NZDCHF=X,LONG,2022-12-19,0.595329999923706,0.5814182204264033,0.6231535589183115,353,False,True,False,46.01,2022-12-21,0.5814182204264033,LOSS,2.0,forex
NZDCHF=X,LONG,2022-12-26,0.5865380167961121,0.5717214572178988,0.6161711359525386,358,False,False,False,39.41,2023-03-10,0.5717214572178988,LOSS,54.0,forex
NZDCHF=X,SHORT,2023-05-12,0.562720000743866,0.5759244784801599,0.536311045271278,457,False,False,False,60.17,2023-07-19,0.536311045271278,WIN,48.0,forex
NZDCHF=X,LONG,2023-07-21,0.5396599769592285,0.5277173423122681,0.5635452462531494,507,False,False,False,30.74,2023-08-11,0.5277173423122681,LOSS,15.0,forex
NZDCHF=X,SHORT,2023-09-04,0.5259900093078613,0.5348569334208104,0.5082561610819631,538,False,False,False,50.07,2023-09-20,0.5348569334208104,LOSS,12.0,forex
NZDCHF=X,SHORT,2023-09-21,0.5327799916267395,0.5409150425061228,0.516509889867973,551,False,True,True,65.55,2023-09-22,0.5409150425061228,LOSS,1.0,forex
NZDCHF=X,SHORT,2023-09-28,0.5446699857711792,0.5537000520285824,0.5266098532563728,556,False,True,True,77.4,2023-10-18,0.5266098532563728,WIN,14.0,forex
NZDCHF=X,LONG,2023-10-23,0.5206000208854675,0.509854825567193,0.5420904115220166,573,False,False,False,26.73,2023-11-29,0.5420904115220166,WIN,27.0,forex
NZDCHF=X,LONG,2024-01-08,0.531470000743866,0.5202438959458504,0.5539222103398971,628,False,False,False,31.3,2024-05-17,0.5539222103398971,WIN,94.0,forex
NZDCHF=X,SHORT,2024-05-21,0.555400013923645,0.5627707288919618,0.5406585839870115,724,False,False,False,77.5,2024-06-18,0.5406585839870115,WIN,20.0,forex
NZDCHF=X,LONG,2024-07-29,0.5207300186157227,0.5104713922876044,0.5412472712719592,773,False,False,False,13.15,2024-08-05,0.5104713922876044,LOSS,5.0,forex
NZDCHF=X,SHORT,2024-09-26,0.5321400165557861,0.5419868030508357,0.512446443565687,816,False,True,True,65.39,2024-12-06,0.512446443565687,WIN,51.0,forex
NZDCHF=X,LONG,2024-12-24,0.5072730183601379,0.49785172320501087,0.5261156086703921,879,False,False,False,30.45,2025-04-04,0.49785172320501087,LOSS,72.0,forex
NZDCHF=X,LONG,2025-04-08,0.475849986076355,0.45970434229464124,0.5081412736397825,953,False,False,False,18.26,2025-09-29,0.45970434229464124,LOSS,122.0,forex
NZDCHF=X,SHORT,2025-10-31,0.4603999853134155,0.46753102772248517,0.44613790049527624,1099,False,False,False,52.32,2026-01-23,0.46753102772248517,LOSS,58.0,forex
NZDCHF=X,LONG,2026-03-03,0.4630799889564514,0.4525484402678694,0.48414308633361547,1184,False,True,False,40.52,,,OPEN,,forex
NZDJPY=X,SHORT,2022-06-10,85.82099914550781,88.165255392921,81.13248665068144,217,False,False,False,69.89,2022-09-28,81.13248665068144,WIN,78.0,forex
NZDJPY=X,LONG,2022-09-29,82.55500030517578,80.20790541195822,87.2491900916109,296,False,False,False,23.73,2022-11-23,87.2491900916109,WIN,39.0,forex
NZDJPY=X,LONG,2022-12-26,83.51000213623047,80.77766094916075,88.97468451036991,358,False,False,False,24.87,2023-01-02,80.77766094916075,LOSS,5.0,forex
NZDJPY=X,SHORT,2023-03-06,84.52999877929688,86.34302086858918,80.90395460071227,408,False,False,False,62.84,2023-03-24,80.90395460071227,WIN,14.0,forex
NZDJPY=X,SHORT,2023-05-04,83.52100372314453,85.78976402571958,78.98348311799444,451,False,True,True,64.94,2023-05-08,85.78976402571958,LOSS,2.0,forex
NZDJPY=X,SHORT,2023-06-20,87.99500274658203,90.19877832001342,83.58745159971926,484,False,False,False,71.97,2023-11-14,90.19877832001342,LOSS,105.0,forex
NZDJPY=X,LONG,2023-12-18,88.36100006103516,86.3849059371138,92.31318830887787,613,False,True,True,38.33,2024-02-20,92.31318830887787,WIN,46.0,forex
NZDJPY=X,SHORT,2024-02-26,93.09700012207031,94.46793355981504,90.35513324658086,663,False,False,False,77.61,2024-03-28,90.35513324658086,WIN,23.0,forex
NZDJPY=X,SHORT,2024-04-30,93.33100128173828,95.28098992675011,89.43102399171462,709,False,False,False,75.63,2024-05-17,95.28098992675011,LOSS,13.0,forex
NZDJPY=X,LONG,2024-07-29,90.75800323486328,88.38470478017864,95.50460014423257,773,False,False,False,14.75,2024-07-31,88.38470478017864,LOSS,2.0,forex
NZDJPY=X,SHORT,2024-09-26,90.52400207519531,93.84265551493016,83.88669519572562,816,False,True,True,62.49,2025-02-28,83.88669519572562,WIN,110.0,forex
NZDJPY=X,LONG,2025-03-03,84.48799896240234,82.61909921040738,88.22579846639226,927,False,False,False,27.63,2025-04-04,82.61909921040738,LOSS,24.0,forex
NZDJPY=X,LONG,2025-08-01,88.75,87.19628784866178,91.85742430267643,1034,False,False,False,51.2,2025-08-04,87.19628784866178,LOSS,1.0,forex
NZDJPY=X,LONG,2025-08-07,87.24299621582031,85.63306153013012,90.4628655872007,1038,False,False,False,42.7,2025-08-20,85.63306153013012,LOSS,9.0,forex
NZDJPY=X,LONG,2025-08-22,86.3740005493164,84.69498209422127,89.73203745950667,1049,False,False,False,31.72,2025-12-04,89.73203745950667,WIN,74.0,forex
NZDJPY=X,SHORT,2026-01-26,92.46700286865234,94.39728496789459,88.60643867016785,1158,False,False,False,77.97,2026-02-04,94.39728496789459,LOSS,7.0,forex
NZDJPY=X,LONG,2026-02-16,92.16300201416016,89.86371964230028,96.7615667578799,1173,False,False,False,46.98,,,OPEN,,forex
NZDUSD=X,SHORT,2022-06-01,0.6518607139587402,0.6686380993649587,0.6183059431463034,210,False,False,False,59.15,2022-07-01,0.6183059431463034,WIN,22.0,forex
NZDUSD=X,SHORT,2022-07-27,0.624130129814148,0.6392530597953776,0.5938842698516886,250,False,False,False,53.81,2022-08-10,0.6392530597953776,LOSS,10.0,forex
NZDUSD=X,SHORT,2022-10-25,0.5704994797706604,0.5926627068847558,0.5261730255424697,314,False,False,False,52.15,2022-11-07,0.5926627068847558,LOSS,9.0,forex
NZDUSD=X,LONG,2022-12-27,0.6306999325752258,0.6108771132610096,0.6703455712036583,359,False,False,False,51.55,2023-03-08,0.6108771132610096,LOSS,51.0,forex
NZDUSD=X,SHORT,2023-05-12,0.6294216513633728,0.6451443888573345,0.5979761763754494,457,False,False,False,66.31,2023-08-11,0.5979761763754494,WIN,65.0,forex
NZDUSD=X,SHORT,2023-09-21,0.5925294160842896,0.6031060591237404,0.5713761300053879,551,False,False,False,51.14,2023-09-29,0.6031060591237404,LOSS,6.0,forex
NZDUSD=X,SHORT,2023-10-03,0.5941911935806274,0.6063750342050991,0.5698235123316842,559,False,False,False,58.49,2023-11-21,0.6063750342050991,LOSS,35.0,forex
NZDUSD=X,LONG,2024-01-08,0.6248789429664612,0.6103615670480236,0.6539136948033364,628,False,False,False,50.62,2024-01-17,0.6103615670480236,LOSS,7.0,forex
NZDUSD=X,LONG,2024-01-24,0.610340416431427,0.5975794769503034,0.6358622953936741,640,False,False,False,28.21,2024-03-28,0.5975794769503034,LOSS,46.0,forex
NZDUSD=X,SHORT,2024-05-08,0.5997199416160583,0.6109611040216829,0.5772376168048092,715,False,False,False,55.75,2024-05-16,0.6109611040216829,LOSS,6.0,forex
NZDUSD=X,SHORT,2024-05-21,0.6108101606369019,0.6213706782105721,0.5896891254895613,724,False,False,False,68.8,2024-06-06,0.6213706782105721,LOSS,12.0,forex
NZDUSD=X,LONG,2024-07-01,0.6099197268486023,0.6006572491916925,0.6284446821624219,753,False,False,False,42.5,2024-07-22,0.6006572491916925,LOSS,15.0,forex
NZDUSD=X,LONG,2024-07-31,0.5902003049850464,0.580222522893147,0.6101558691688451,775,False,False,False,18.81,2024-08-20,0.6101558691688451,WIN,14.0,forex
NZDUSD=X,LONG,2024-10-11,0.6096000075340271,0.5956615441399121,0.637476934322257,827,False,False,False,34.84,2024-10-29,0.5956615441399121,LOSS,12.0,forex
NZDUSD=X,SHORT,2024-12-03,0.5884602665901184,0.5999553753806495,0.5654700490090563,864,False,False,False,47.03,2024-12-19,0.5654700490090563,WIN,12.0,forex
NZDUSD=X,LONG,2024-12-23,0.5651601552963257,0.5531815747323824,0.5891173164242123,878,False,False,False,25.0,2025-02-03,0.5531815747323824,LOSS,29.0,forex
NZDUSD=X,LONG,2025-04-10,0.5637201070785522,0.5435248242522944,0.6041106727310679,955,False,False,False,32.96,2025-06-03,0.6041106727310679,WIN,36.0,forex
NZDUSD=X,LONG,2025-06-24,0.5995383262634277,0.586081692524736,0.6264515937408113,1006,False,False,False,44.82,2025-08-01,0.586081692524736,LOSS,28.0,forex
NZDUSD=X,LONG,2025-08-22,0.5822314620018005,0.5700531218636777,0.6065881422780461,1049,False,False,False,31.64,2025-10-14,0.5700531218636777,LOSS,37.0,forex
NZDUSD=X,LONG,2025-11-06,0.566899836063385,0.5577504581240024,0.5851985919421503,1103,False,False,False,25.29,2025-12-24,0.5851985919421503,WIN,34.0,forex
NZDUSD=X,SHORT,2026-01-27,0.5970701575279236,0.6083056102517131,0.5745992520803445,1159,False,False,False,76.08,2026-01-29,0.6083056102517131,LOSS,2.0,forex
NZDUSD=X,SHORT,2026-02-02,0.6014494895935059,0.6133057934893973,0.577736881801723,1163,True,False,False,83.16,2026-03-23,0.577736881801723,WIN,35.0,forex
NZDUSD=X,SHORT,2026-04-17,0.5886092185974121,0.6010085080492331,0.5638106396937701,1217,False,False,False,59.67,2026-06-24,0.5638106396937701,WIN,48.0,forex
NZDUSD=X,LONG,2026-06-29,0.5640698671340942,0.5538954989359179,0.5844186035304468,1268,False,False,False,26.39,2026-07-16,0.5844186035304468,WIN,13.0,forex
NZDUSD=X,SHORT,2026-07-20,0.5839995741844177,0.5939768818511064,0.5640449588510403,1283,False,False,False,65.09,,,OPEN,,forex
PLNJPY=X,SHORT,2022-06-10,30.979000091552734,31.945834053605168,29.045332167447867,217,False,False,False,79.37,2022-07-06,29.045332167447867,WIN,18.0,forex
PLNJPY=X,LONG,2022-07-11,29.000999450683594,27.751657488115107,31.499683375820567,238,False,True,True,34.0,2023-04-13,31.499683375820567,WIN,198.0,forex
PLNJPY=X,LONG,2023-06-02,33.03499984741211,32.270272368041574,34.56445480615318,472,False,False,False,53.26,2023-06-16,34.56445480615318,WIN,10.0,forex
PLNJPY=X,SHORT,2023-06-21,34.72600173950195,35.54787130366067,33.08226261118452,485,False,False,False,83.06,2023-06-27,35.54787130366067,LOSS,4.0,forex
PLNJPY=X,LONG,2023-07-31,35.14799880981445,34.21078700870429,37.022422412034786,513,False,False,False,39.73,2023-09-07,34.21078700870429,LOSS,28.0,forex
PLNJPY=X,LONG,2023-09-14,34.18000030517578,33.22203798903292,36.095924937461504,546,False,True,True,28.9,2023-10-31,36.095924937461504,WIN,33.0,forex
PLNJPY=X,LONG,2023-12-05,36.847999572753906,36.05476062937944,38.434477459502844,604,False,False,False,50.89,2023-12-07,36.05476062937944,LOSS,2.0,forex
PLNJPY=X,LONG,2023-12-12,36.237998962402344,35.322614559362506,38.06876776848202,609,False,False,False,36.98,2024-01-02,35.322614559362506,LOSS,15.0,forex
PLNJPY=X,LONG,2024-01-03,35.590999603271484,32.118751699380944,42.535495411052565,625,False,True,True,7.88,2025-11-13,42.535495411052565,WIN,483.0,forex
PLNJPY=X,LONG,2026-01-12,43.62699890136719,43.01290649497394,44.85518371415368,1148,False,False,False,54.18,2026-02-12,43.01290649497394,LOSS,23.0,forex
PLNJPY=X,LONG,2026-02-16,43.04499816894531,42.15907006180654,44.81685438322286,1173,False,True,True,39.54,2026-08-03,42.15907006180654,LOSS,120.0,forex
SGDJPY=X,LONG,2022-05-20,92.55999755859375,90.45645284839662,96.767086978988,202,False,False,False,43.22,2022-06-08,96.767086978988,WIN,13.0,forex
SGDJPY=X,SHORT,2022-06-10,97.22100067138672,99.27062112356242,93.12175976703531,217,False,False,False,78.56,2022-07-14,99.27062112356242,LOSS,24.0,forex
SGDJPY=X,LONG,2022-08-03,96.35099792480469,93.89442297392785,101.26414782655837,255,False,True,True,34.32,2022-09-06,101.26414782655837,WIN,24.0,forex
SGDJPY=X,SHORT,2022-09-12,101.95899963378906,104.10553526985908,97.66592836164904,283,False,False,False,79.12,2022-10-14,104.10553526985908,LOSS,24.0,forex
SGDJPY=X,LONG,2022-11-15,102.05000305175781,99.6030853380356,106.94383847920224,329,False,True,True,35.02,2022-12-01,99.6030853380356,LOSS,12.0,forex
SGDJPY=X,SHORT,2023-01-25,98.67500305175781,101.61521054706176,92.79458806114991,380,False,True,False,54.49,2023-03-08,101.61521054706176,LOSS,30.0,forex
SGDJPY=X,LONG,2023-03-15,99.91000366210938,97.64125510350301,104.4475007793221,415,False,True,True,34.34,2023-03-20,97.64125510350301,LOSS,3.0,forex
SGDJPY=X,SHORT,2023-05-03,102.302001953125,104.49416461722528,97.91767662492444,450,False,False,False,71.92,2023-06-15,104.49416461722528,LOSS,31.0,forex
SGDJPY=X,SHORT,2023-06-20,105.822998046875,107.51748416976697,102.43402580109105,484,False,False,False,75.1,2023-07-28,102.43402580109105,WIN,28.0,forex
SGDJPY=X,SHORT,2023-10-03,109.10800170898438,111.65388377892683,104.01623756909947,559,False,False,False,66.97,2023-11-14,111.65388377892683,LOSS,30.0,forex
SGDJPY=X,SHORT,2023-11-15,111.52300262451172,112.73712897774237,109.09474991805041,590,False,False,False,74.54,2023-12-07,109.09474991805041,WIN,16.0,forex
SGDJPY=X,LONG,2023-12-12,108.6989974975586,106.70889868007754,112.6791951325207,609,False,True,True,30.96,2023-12-14,106.70889868007754,LOSS,2.0,forex
SGDJPY=X,SHORT,2024-01-12,109.06400299072266,111.71981973573806,103.75236950069186,632,False,False,False,61.25,2024-02-16,111.71981973573806,LOSS,25.0,forex
SGDJPY=X,LONG,2024-03-13,110.78900146484375,108.70746690391142,114.9520705867084,675,False,False,False,36.95,2024-04-26,108.70746690391142,LOSS,32.0,forex
SGDJPY=X,SHORT,2024-04-30,114.78399658203125,118.02926268983731,108.29346436641913,709,False,False,False,84.81,2024-06-24,118.02926268983731,LOSS,39.0,forex
SGDJPY=X,SHORT,2024-06-26,117.87300109863281,119.19973757581253,115.21952814427337,750,False,False,False,76.45,2024-07-03,119.19973757581253,LOSS,5.0,forex
SGDJPY=X,LONG,2024-07-19,116.9469985961914,115.09273666640614,120.65552245576194,767,False,False,False,33.65,2024-07-24,115.09273666640614,LOSS,3.0,forex
SGDJPY=X,LONG,2024-07-26,114.41400146484375,112.1223975077723,118.99720937898664,772,False,True,True,28.12,2024-07-31,112.1223975077723,LOSS,3.0,forex
SGDJPY=X,SHORT,2024-09-30,110.9385986328125,113.82856433963816,105.15866721916117,818,False,False,False,65.25,2024-10-04,113.82856433963816,LOSS,4.0,forex
SGDJPY=X,LONG,2024-11-19,115.51699829101562,113.59326893326475,119.36445700651737,854,False,False,False,52.51,2024-11-27,113.59326893326475,LOSS,6.0,forex
SGDJPY=X,LONG,2024-12-05,112.05699920654297,109.8230268469383,116.5249439257523,866,False,False,False,26.24,2024-12-25,109.8230268469383,LOSS,14.0,forex
SGDJPY=X,LONG,2025-02-04,114.16000366210938,111.85818756024543,118.76363586583727,908,False,True,True,38.99,2025-02-07,111.85818756024543,LOSS,3.0,forex
SGDJPY=X,LONG,2025-02-12,112.9000015258789,110.37333997055289,117.95332463653094,914,False,False,False,31.3,2025-03-04,110.37333997055289,LOSS,14.0,forex
SGDJPY=X,SHORT,2025-03-20,111.69499969482422,114.05210995647808,106.9807791715165,940,False,False,False,52.92,2025-04-11,106.9807791715165,WIN,16.0,forex
SGDJPY=X,SHORT,2025-05-06,111.322998046875,113.77007188342287,106.42885037377926,971,False,True,True,61.42,2025-06-23,113.77007188342287,LOSS,34.0,forex
SGDJPY=X,SHORT,2025-07-10,114.1709976196289,115.91696861631713,110.67905562625245,1018,False,False,False,67.19,2025-07-16,115.91696861631713,LOSS,4.0,forex
SGDJPY=X,SHORT,2025-07-17,115.31600189208984,117.07152321098035,111.80495925430884,1023,False,False,False,71.48,2025-10-08,117.07152321098035,LOSS,59.0,forex
SGDJPY=X,SHORT,2025-10-13,117.1709976196289,118.81608787714808,113.88081710459056,1085,False,False,False,70.88,2025-11-12,118.81608787714808,LOSS,22.0,forex
SGDJPY=X,SHORT,2026-01-15,122.99420166015625,124.41894384809038,120.14471728428799,1151,False,False,False,74.71,2026-01-23,124.41894384809038,LOSS,6.0,forex
SGDJPY=X,LONG,2026-02-02,121.97599792480469,120.17435538743177,125.57928299955051,1163,False,False,False,42.36,2026-06-30,125.57928299955051,WIN,106.0,forex
SGDJPY=X,SHORT,2026-07-02,125.4197006225586,126.42937475473657,123.40035235820264,1271,False,False,False,68.11,2026-07-23,126.42937475473657,LOSS,15.0,forex
SGDJPY=X,SHORT,2026-07-28,126.78130340576172,127.65644662579882,125.03101696568751,1289,False,False,False,74.75,2026-07-30,125.03101696568751,WIN,2.0,forex
SGDJPY=X,LONG,2026-08-07,123.41899871826172,121.58595252405235,127.08509110668047,1297,False,True,True,26.98,,,OPEN,,forex
TRYJPY=X,LONG,2022-05-23,8.012999534606934,7.700687686887175,8.63762323004645,203,False,False,False,25.06,2022-06-09,7.700687686887175,LOSS,13.0,forex
TRYJPY=X,SHORT,2022-07-01,8.128999710083008,8.43688965755794,7.513219815133144,232,False,True,True,62.41,2022-07-28,7.513219815133144,WIN,19.0,forex
TRYJPY=X,LONG,2022-08-03,7.429999828338623,7.166727108455551,7.956545268104767,255,False,False,False,20.12,2022-10-14,7.956545268104767,WIN,52.0,forex
TRYJPY=X,LONG,2022-11-17,7.480999946594238,7.212170044192496,8.018659751397722,331,False,False,False,28.0,2022-12-02,7.212170044192496,LOSS,11.0,forex
TRYJPY=X,SHORT,2023-02-08,6.953000068664551,7.178798895150883,6.501402415691887,390,False,False,False,57.13,2023-02-24,7.178798895150883,LOSS,12.0,forex
TRYJPY=X,SHORT,2023-05-03,7.001999855041504,7.212150075961604,6.581699413201303,450,False,True,True,64.97,2023-05-12,6.581699413201303,WIN,7.0,forex
TRYJPY=X,LONG,2023-06-13,5.882999897003174,5.447560998801364,6.753877693406794,479,False,False,False,17.44,2023-06-27,5.447560998801364,LOSS,10.0,forex
TRYJPY=X,SHORT,2023-07-25,5.2230000495910645,5.449475189063285,4.770049770646624,509,False,False,False,28.14,2023-08-24,5.449475189063285,LOSS,22.0,forex
TRYJPY=X,SHORT,2023-08-28,5.513999938964844,5.774358845866964,4.9932821251606025,533,False,False,False,69.31,2023-12-07,4.9932821251606025,WIN,73.0,forex
TRYJPY=X,SHORT,2024-01-09,4.815999984741211,4.965529436094405,4.516941082034823,629,False,False,False,39.44,2024-03-13,4.516941082034823,WIN,46.0,forex
TRYJPY=X,LONG,2024-03-14,4.593999862670898,4.437756055144007,4.906487477724681,676,False,False,False,11.63,2024-04-29,4.906487477724681,WIN,32.0,forex
TRYJPY=X,LONG,2024-06-06,4.810999870300293,4.685373413465759,5.062252783969361,736,False,True,False,37.32,2024-07-18,4.685373413465759,LOSS,30.0,forex
TRYJPY=X,LONG,2024-07-19,4.745999813079834,4.615108302766338,5.007782833706825,767,False,False,False,25.99,2024-07-25,4.615108302766338,LOSS,4.0,forex
TRYJPY=X,SHORT,2024-09-04,4.271999835968018,4.441072373364343,3.9338547611753665,800,False,False,False,43.34,2024-10-23,4.441072373364343,LOSS,35.0,forex
TRYJPY=X,LONG,2024-11-26,4.459000110626221,4.3497401741939665,4.677519983490729,859,False,True,False,51.1,2024-11-27,4.3497401741939665,LOSS,1.0,forex
TRYJPY=X,LONG,2024-12-05,4.330999851226807,4.2170233597314635,4.558952834217493,866,False,False,False,32.18,2025-02-06,4.2170233597314635,LOSS,44.0,forex
TRYJPY=X,LONG,2025-02-10,4.208000183105469,4.108134047179618,4.40773245495717,912,False,False,False,25.49,2025-02-20,4.108134047179618,LOSS,8.0,forex
TRYJPY=X,SHORT,2025-03-19,4.071000099182129,4.230845999993821,3.7513082975587455,939,False,False,False,41.99,2025-04-09,3.7513082975587455,WIN,15.0,forex
TRYJPY=X,SHORT,2025-05-05,3.746000051498413,3.869088225029094,3.499823704437051,970,False,False,False,45.2,2026-02-12,3.499823704437051,WIN,201.0,forex
TRYJPY=X,LONG,2026-05-06,3.4833478927612305,3.419491218738923,3.611061240805846,1230,False,False,False,22.24,2026-07-30,3.419491218738923,LOSS,61.0,forex
TRYJPY=X,LONG,2026-08-07,3.311577081680298,3.2458418541251053,3.443047536790683,1297,False,False,False,14.96,,,OPEN,,forex
USDCAD=X,LONG,2022-07-29,1.2806999683380127,1.2591183987399337,1.3238631075341707,252,False,True,True,42.09,2022-09-16,1.3238631075341707,WIN,35.0,forex
USDCAD=X,SHORT,2022-09-23,1.3471100330352783,1.371485751375829,1.298358596354177,292,False,False,False,74.65,2022-09-26,1.371485751375829,LOSS,1.0,forex
USDCAD=X,SHORT,2022-09-29,1.3627899885177612,1.3906067869039924,1.3071563917452989,296,False,False,False,81.39,2022-10-13,1.3906067869039924,LOSS,10.0,forex
USDCAD=X,SHORT,2023-02-20,1.3481999635696411,1.3697631466384572,1.305073597432009,398,False,False,False,56.24,2023-03-07,1.3697631466384572,LOSS,11.0,forex
USDCAD=X,SHORT,2023-03-13,1.3763799667358398,1.396877679539822,1.3353845411278757,413,False,False,False,75.32,2023-04-13,1.3353845411278757,WIN,23.0,forex
USDCAD=X,SHORT,2023-08-04,1.3350600004196167,1.3524343539122097,1.3003112934344307,517,False,True,True,60.49,2023-08-16,1.3524343539122097,LOSS,8.0,forex
USDCAD=X,SHORT,2023-08-18,1.3545199632644653,1.3693395254977179,1.3248808387979603,527,False,False,False,74.41,2023-10-03,1.3693395254977179,LOSS,32.0,forex
USDCAD=X,LONG,2023-11-30,1.3590199947357178,1.3423278772289282,1.392404229749297,601,False,True,True,34.06,2023-12-14,1.3423278772289282,LOSS,10.0,forex
USDCAD=X,SHORT,2024-01-19,1.348620057106018,1.3636941197929802,1.3184719317320939,637,False,False,False,65.55,2024-04-05,1.3636941197929802,LOSS,55.0,forex
USDCAD=X,SHORT,2024-04-18,1.3771799802780151,1.3939396256618468,1.3436606895103518,701,False,False,False,72.81,2024-08-05,1.3939396256618468,LOSS,77.0,forex
USDCAD=X,SHORT,2024-10-16,1.3781100511550903,1.391352433166091,1.3516252871330892,830,False,False,False,74.34,2024-10-29,1.391352433166091,LOSS,9.0,forex
USDCAD=X,LONG,2024-11-26,1.4098399877548218,1.3928550586044337,1.443809846055598,859,False,False,False,52.34,2024-12-19,1.443809846055598,WIN,17.0,forex
USDCAD=X,SHORT,2024-12-20,1.440310001373291,1.4581365887597926,1.404656826600288,877,False,False,False,79.9,2025-02-03,1.4581365887597926,LOSS,30.0,forex
USDCAD=X,LONG,2025-02-17,1.4184000492095947,1.397752854655888,1.4596944383170083,917,False,True,True,38.85,2025-04-11,1.397752854655888,LOSS,39.0,forex
USDCAD=X,LONG,2025-04-15,1.3899999856948853,1.3633493294216985,1.4433012982412587,958,False,False,False,28.68,2025-06-12,1.3633493294216985,LOSS,40.0,forex
USDCAD=X,SHORT,2025-08-04,1.3778300285339355,1.3942192916260703,1.345051502349666,1035,False,True,True,67.15,2025-09-26,1.3942192916260703,LOSS,39.0,forex
USDCAD=X,LONG,2025-12-10,1.3845499753952026,1.3712279224738848,1.4111940812378383,1127,False,False,False,32.28,2025-12-23,1.3712279224738848,LOSS,9.0,forex
USDCAD=X,SHORT,2026-01-13,1.3875700235366821,1.3992790931036418,1.3641518844027627,1149,False,True,True,65.18,2026-01-27,1.3641518844027627,WIN,10.0,forex
USDCAD=X,SHORT,2026-03-23,1.3709800243377686,1.3852454658474582,1.3424491413183892,1198,False,True,True,60.15,2026-03-26,1.3852454658474582,LOSS,3.0,forex
USDCAD=X,SHORT,2026-04-01,1.3902900218963623,1.4046181017604287,1.3616338621682296,1205,False,False,False,75.97,2026-04-27,1.3616338621682296,WIN,18.0,forex
USDCAD=X,SHORT,2026-05-29,1.378290057182312,1.389479369172462,1.355911433202012,1247,False,True,True,69.33,2026-06-04,1.389479369172462,LOSS,4.0,forex
USDCAD=X,LONG,2026-07-21,1.4071300029754639,1.3946714934385405,1.4320470220493107,1284,False,False,False,35.94,2026-08-07,1.3946714934385405,LOSS,13.0,forex
USDCHF=X,LONG,2022-05-30,0.9578499794006348,0.93835322310206,0.9968434919977842,208,False,True,True,38.01,2022-06-13,0.9968434919977842,WIN,10.0,forex
USDCHF=X,SHORT,2022-09-06,0.9783999919891357,0.9959636532647673,0.9432726694378726,279,False,False,False,70.83,2022-10-10,0.9959636532647673,LOSS,24.0,forex
USDCHF=X,LONG,2022-11-18,0.9526799917221069,0.9239122528276771,1.0102154695109666,332,True,False,False,28.0,2022-12-13,0.9239122528276771,LOSS,17.0,forex
USDCHF=X,SHORT,2023-01-05,0.9295899868011475,0.9483725265330106,0.8920249073374211,366,False,False,False,51.33,2023-04-13,0.8920249073374211,WIN,70.0,forex
USDCHF=X,SHORT,2023-05-16,0.8954600095748901,0.9103846970482453,0.8656106346281798,459,False,False,False,53.23,2023-05-31,0.9103846970482453,LOSS,11.0,forex
USDCHF=X,LONG,2023-07-18,0.8603500127792358,0.8436341034837266,0.8937818313702544,504,False,False,False,24.01,2023-09-06,0.8937818313702544,WIN,36.0,forex
USDCHF=X,SHORT,2023-09-19,0.8972499966621399,0.907853032425715,0.8760439251349896,549,False,True,True,71.03,2023-09-25,0.907853032425715,LOSS,4.0,forex
USDCHF=X,SHORT,2023-09-29,0.9147599935531616,0.9280966868573298,0.8880866069448252,557,False,False,False,88.18,2023-11-15,0.8880866069448252,WIN,33.0,forex
USDCHF=X,SHORT,2024-01-24,0.8695999979972839,0.8846740200148765,0.8394519539620988,640,False,True,True,64.63,2024-02-13,0.8846740200148765,LOSS,14.0,forex
USDCHF=X,SHORT,2024-03-29,0.9010699987411499,0.9143052434416332,0.8745995093401833,687,False,False,False,77.76,2024-04-11,0.9143052434416332,LOSS,9.0,forex
USDCHF=X,LONG,2024-05-08,0.9084799885749817,0.8956431098002736,0.9341537461243978,715,False,False,False,47.96,2024-06-03,0.8956431098002736,LOSS,18.0,forex
USDCHF=X,LONG,2024-06-06,0.8924999833106995,0.8799911543569049,0.9175176412182886,736,False,False,False,27.31,2024-07-25,0.8799911543569049,LOSS,35.0,forex
USDCHF=X,LONG,2024-08-08,0.8592699766159058,0.8397298791607294,0.8983501715262585,781,False,False,False,20.04,2024-09-06,0.8397298791607294,LOSS,21.0,forex
USDCHF=X,SHORT,2024-10-08,0.8545799851417542,0.8692160602083493,0.8253078350085639,824,False,False,False,59.74,2024-10-28,0.8692160602083493,LOSS,14.0,forex
USDCHF=X,SHORT,2024-11-18,0.888670027256012,0.9016410445296382,0.8627279927087594,853,False,False,False,74.87,2024-12-25,0.9016410445296382,LOSS,27.0,forex
USDCHF=X,LONG,2025-01-30,0.9062700271606445,0.8934011459510754,0.9320077895797827,905,False,False,False,47.88,2025-02-25,0.8934011459510754,LOSS,18.0,forex
USDCHF=X,LONG,2025-03-11,0.8799800276756287,0.8639470246554515,0.912046033715983,933,False,False,False,28.63,2025-04-03,0.8639470246554515,LOSS,17.0,forex
USDCHF=X,LONG,2025-04-08,0.8597099781036377,0.8401633217505114,0.8988032908098902,953,False,False,False,20.28,2025-04-09,0.8401633217505114,LOSS,1.0,forex
USDCHF=X,SHORT,2025-05-14,0.8394299745559692,0.860526569475557,0.7972367847167938,977,False,False,False,56.94,2025-06-27,0.7972367847167938,WIN,32.0,forex
USDCHF=X,LONG,2025-07-04,0.7940999865531921,0.7792357775057804,0.8238284046480155,1014,False,False,False,26.95,2026-01-26,0.7792357775057804,LOSS,144.0,forex
USDCHF=X,LONG,2026-01-29,0.7657399773597717,0.7505468748417298,0.7961261823958556,1161,False,False,False,24.59,2026-03-27,0.7961261823958556,WIN,41.0,forex
USDCHF=X,LONG,2026-04-17,0.7832000255584717,0.7699928092755398,0.8096144581243354,1217,False,False,False,39.93,2026-06-23,0.8096144581243354,WIN,47.0,forex
USDCHF=X,LONG,2026-08-04,0.8103700280189514,0.7989184686629276,0.8332731467309991,1294,False,False,False,46.14,,,OPEN,,forex
USDHUF=X,SHORT,2022-07-08,395.79998779296875,413.9784468782597,359.4430696223868,237,False,False,False,77.03,2022-07-12,413.9784468782597,LOSS,2.0,forex
USDHUF=X,SHORT,2022-12-13,393.1499938964844,409.9715699630414,359.5068417633703,349,False,True,False,51.02,2023-01-23,359.5068417633703,WIN,29.0,forex
USDHUF=X,LONG,2023-01-27,355.8800048828125,343.76412913992533,380.11175636858684,382,False,False,False,26.1,2023-04-04,343.76412913992533,LOSS,47.0,forex
USDHUF=X,SHORT,2023-05-16,339.4100036621094,347.9882677942319,322.25347539786435,459,False,False,False,49.02,2023-05-18,347.9882677942319,LOSS,2.0,forex
USDHUF=X,SHORT,2023-05-25,346.0060119628906,355.59882151162043,326.820392865431,466,False,False,False,61.2,2023-07-07,355.59882151162043,LOSS,31.0,forex
USDHUF=X,SHORT,2023-07-10,350.42999267578125,359.99420546934357,331.3015670886566,498,False,True,True,74.45,2023-07-18,331.3015670886566,WIN,6.0,forex
USDHUF=X,SHORT,2023-09-29,370.7799987792969,381.31443020259775,349.71113593269513,557,False,False,False,73.94,2023-11-14,349.71113593269513,WIN,32.0,forex
USDHUF=X,LONG,2023-11-16,346.55999755859375,336.7611060865301,366.15778050272104,591,False,False,False,27.4,2024-03-22,366.15778050272104,WIN,91.0,forex
USDHUF=X,LONG,2024-04-10,359.302001953125,351.2759631579614,375.35407954345214,695,False,True,True,40.27,2024-08-23,351.2759631579614,LOSS,97.0,forex
USDHUF=X,SHORT,2024-10-09,363.75,371.03825886407895,349.1734822718421,825,False,False,False,69.92,2024-10-21,371.03825886407895,LOSS,8.0,forex
USDHUF=X,LONG,2024-12-09,391.4219970703125,381.43103016449066,411.40393088195617,868,False,False,False,57.77,2025-02-25,381.43103016449066,LOSS,55.0,forex
USDHUF=X,LONG,2025-03-07,370.0010070800781,359.1499339045617,391.703153431111,931,False,False,False,24.87,2025-04-11,359.1499339045617,LOSS,25.0,forex
USDHUF=X,SHORT,2025-05-14,361.10101318359375,370.5355262875795,342.23198697562225,977,False,False,False,57.83,2025-06-26,342.23198697562225,WIN,31.0,forex
USDHUF=X,LONG,2025-07-03,338.9100036621094,331.59343943203567,353.5431321222568,1013,False,False,False,25.46,2025-09-15,331.59343943203567,LOSS,52.0,forex
USDHUF=X,LONG,2025-09-18,329.5199890136719,322.6911004525959,343.17776613582384,1068,False,False,False,29.66,2026-01-26,322.6911004525959,LOSS,90.0,forex
USDHUF=X,LONG,2026-01-29,317.20001220703125,310.35841901619324,330.8831985887073,1161,False,False,False,17.71,2026-03-03,330.8831985887073,WIN,23.0,forex
USDHUF=X,SHORT,2026-03-05,330.1189880371094,340.239840582224,309.8772829468801,1186,False,True,True,70.39,2026-03-06,340.239840582224,LOSS,1.0,forex
USDHUF=X,SHORT,2026-03-10,333.239990234375,346.4534346171532,306.81310146881856,1189,False,True,True,76.66,2026-04-16,306.81310146881856,WIN,27.0,forex
USDHUF=X,LONG,2026-04-17,309.25201416015625,297.1844807305546,333.3870810193596,1217,False,False,False,25.73,,,OPEN,,forex
USDILS=X,LONG,2022-08-03,3.3704099655151367,3.2920532257860935,3.527123444973223,255,False,True,True,32.87,2022-08-10,3.2920532257860935,LOSS,5.0,forex
USDILS=X,LONG,2022-08-15,3.23799991607666,3.1484888431687037,3.417022061892573,263,False,False,False,20.07,2022-09-05,3.417022061892573,WIN,15.0,forex
USDILS=X,SHORT,2022-09-08,3.4295899868011475,3.5240570462376137,3.240655867928215,281,False,False,False,64.98,2022-09-26,3.5240570462376137,LOSS,12.0,forex
USDILS=X,LONG,2022-10-19,3.521549940109253,3.4252857511709456,3.7140783179858676,310,False,False,False,52.03,2022-11-11,3.4252857511709456,LOSS,17.0,forex
USDILS=X,LONG,2022-11-17,3.430799961090088,3.325201823540295,3.641996236189674,331,False,True,True,34.35,2023-02-21,3.641996236189674,WIN,68.0,forex
USDILS=X,SHORT,2023-02-23,3.6302599906921387,3.7397175163057748,3.4113449394648665,401,False,False,False,75.66,2023-05-26,3.7397175163057748,LOSS,66.0,forex
USDILS=X,SHORT,2023-05-31,3.7060399055480957,3.7741477719756267,3.5698241726930338,470,True,False,False,68.49,2023-06-13,3.5698241726930338,WIN,9.0,forex
USDILS=X,LONG,2023-06-15,3.5899100303649902,3.492754728971548,3.7842206331518744,481,False,True,True,29.59,2023-08-17,3.7842206331518744,WIN,45.0,forex
USDILS=X,LONG,2023-10-03,3.840090036392212,3.7735532470720035,3.973163615032629,559,False,False,False,49.74,2023-10-13,3.973163615032629,WIN,8.0,forex
USDILS=X,SHORT,2023-10-20,4.039609909057617,4.118646525103841,3.881536676965169,572,False,False,False,82.36,2023-11-06,3.881536676965169,WIN,11.0,forex
USDILS=X,LONG,2023-11-13,3.8700599670410156,3.760262341406899,4.0896552183092485,588,False,True,True,29.29,2023-11-15,3.760262341406899,LOSS,2.0,forex
USDILS=X,SHORT,2024-01-15,3.7283999919891357,3.8100579454673293,3.5650840850327485,633,False,False,False,66.88,2024-02-29,3.5650840850327485,WIN,33.0,forex
USDILS=X,SHORT,2024-03-14,3.635010004043579,3.727242397096802,3.450545217937133,676,False,False,False,57.49,2024-04-03,3.727242397096802,LOSS,14.0,forex
USDILS=X,LONG,2024-05-09,3.7109999656677246,3.6110250667112056,3.9109497635807626,716,False,True,True,43.8,2024-07-15,3.6110250667112056,LOSS,47.0,forex
USDILS=X,LONG,2024-07-16,3.625499963760376,3.5452155067842237,3.7860688777126805,764,False,False,False,28.34,2024-08-01,3.7860688777126805,WIN,12.0,forex
USDILS=X,LONG,2024-10-22,3.7804598808288574,3.679691514396754,3.981996613693064,834,False,False,False,40.9,2024-11-25,3.679691514396754,LOSS,24.0,forex
USDILS=X,LONG,2024-11-28,3.6588799953460693,3.580721423010103,3.815197140018002,861,False,False,False,27.91,2024-12-06,3.580721423010103,LOSS,6.0,forex
USDILS=X,SHORT,2025-03-04,3.595599889755249,3.667697614174045,3.451404440917657,928,False,True,True,56.11,2025-03-14,3.667697614174045,LOSS,8.0,forex
USDILS=X,SHORT,2025-04-11,3.75600004196167,3.867271353395801,3.5334574190934074,956,False,False,False,73.1,2025-05-12,3.5334574190934074,WIN,19.0,forex
USDILS=X,SHORT,2025-06-17,3.483289957046509,3.608111607796815,3.233646655545896,1001,False,False,False,60.68,2025-11-10,3.233646655545896,WIN,104.0,forex
USDILS=X,LONG,2025-11-14,3.2220799922943115,3.1573706238496966,3.3514987291835414,1109,False,False,False,28.78,2026-01-05,3.1573706238496966,LOSS,34.0,forex
USDILS=X,LONG,2026-02-03,3.0998001098632812,3.0474587678704648,3.204482793848914,1164,False,False,False,24.88,2026-04-10,3.0474587678704648,LOSS,48.0,forex
USDILS=X,LONG,2026-04-21,2.987679958343506,2.9079886372963015,3.1470626004379145,1219,False,False,False,24.57,2026-05-06,2.9079886372963015,LOSS,11.0,forex
USDILS=X,SHORT,2026-06-15,2.9184200763702393,3.008081091156721,2.7390980467972756,1258,True,False,False,62.64,2026-07-06,3.008081091156721,LOSS,15.0,forex
USDILS=X,LONG,2026-08-11,3.0039000511169434,2.939704859323377,3.1322904347040756,1299,False,False,False,42.19,,,OPEN,,forex
USDJPY=X,LONG,2022-05-18,129.45399475097656,126.6702317472769,135.02152075837589,200,False,False,False,54.65,2022-05-24,126.6702317472769,LOSS,4.0,forex
USDJPY=X,LONG,2022-05-26,127.1520004272461,124.46021940941296,132.53556246291237,206,False,False,False,41.5,2022-06-07,132.53556246291237,WIN,8.0,forex
USDJPY=X,LONG,2022-07-26,136.43099975585938,133.67436383304934,141.94427160147944,249,False,False,False,50.35,2022-07-29,133.67436383304934,LOSS,3.0,forex
USDJPY=X,LONG,2022-08-03,133.37899780273438,129.6777994097694,140.78139458866434,255,False,True,True,29.6,2022-09-02,140.78139458866434,WIN,22.0,forex
USDJPY=X,SHORT,2022-09-09,143.8560028076172,147.62293378283144,136.32214085718869,282,False,False,False,79.55,2022-10-14,147.62293378283144,LOSS,25.0,forex
USDJPY=X,LONG,2022-10-31,147.81199645996094,144.13739609664245,155.16119718659792,318,False,False,False,49.76,2022-11-10,144.13739609664245,LOSS,8.0,forex
USDJPY=X,LONG,2022-11-17,139.32200622558594,134.63802879250477,148.68996109174827,331,False,True,True,28.44,2022-12-02,134.63802879250477,LOSS,11.0,forex
USDJPY=X,SHORT,2023-02-08,131.04200744628906,135.0713045185706,122.98341330172599,390,False,False,False,58.5,2023-02-17,135.0713045185706,LOSS,7.0,forex
USDJPY=X,SHORT,2023-02-20,134.3070068359375,137.79346259455892,127.33409531869466,398,False,False,False,63.96,2023-03-08,137.79346259455892,LOSS,12.0,forex
USDJPY=X,SHORT,2023-05-03,136.46600341796875,139.7720969900847,129.85381627373687,450,False,False,False,70.43,2023-05-25,139.7720969900847,LOSS,16.0,forex
USDJPY=X,SHORT,2023-05-30,140.4409942626953,143.22344889386855,134.87608500034884,469,False,False,False,72.75,2023-06-23,143.22344889386855,LOSS,18.0,forex
USDJPY=X,LONG,2023-07-18,138.72900390625,135.74656493371114,144.69388185132772,504,False,True,True,34.44,2023-08-11,144.69388185132772,WIN,18.0,forex
USDJPY=X,LONG,2023-10-09,149.16000366210938,147.26802360923128,152.94396376786557,563,False,False,False,54.59,2023-11-21,147.26802360923128,LOSS,31.0,forex
USDJPY=X,LONG,2023-11-23,149.4600067138672,146.74979173073268,154.8804366801362,596,False,False,False,37.31,2023-11-29,146.74979173073268,LOSS,4.0,forex
USDJPY=X,LONG,2023-12-01,147.99899291992188,145.22647156139328,153.54403563697906,602,False,True,True,34.42,2023-12-07,145.22647156139328,LOSS,4.0,forex
USDJPY=X,SHORT,2024-01-09,144.22999572753906,147.52079290437254,137.6484013738721,629,False,True,False,55.06,2024-01-17,147.52079290437254,LOSS,6.0,forex
USDJPY=X,SHORT,2024-01-22,148.12100219726562,151.1791358907173,142.00473481036227,638,False,False,False,68.81,2024-03-20,151.1791358907173,LOSS,42.0,forex
USDJPY=X,LONG,2024-05-07,154.23699951171875,151.02077670557938,160.6694451239975,714,False,False,False,47.86,2024-06-26,160.6694451239975,WIN,36.0,forex
USDJPY=X,SHORT,2024-07-03,161.50399780273438,163.6431247837316,157.22574384073994,755,False,False,False,78.66,2024-07-17,157.22574384073994,WIN,10.0,forex
USDJPY=X,LONG,2024-07-19,157.14999389648438,153.98322116736566,163.4835393547218,767,False,True,True,30.03,2024-07-24,153.98322116736566,LOSS,3.0,forex
USDJPY=X,SHORT,2024-09-24,143.63800048828125,147.43102732885345,136.05194680713686,814,False,False,False,49.07,2024-10-04,147.43102732885345,LOSS,8.0,forex
USDJPY=X,SHORT,2024-10-09,148.15899658203125,152.4412839576124,139.59442183086895,825,False,True,True,63.02,2024-10-23,152.4412839576124,LOSS,10.0,forex
USDJPY=X,LONG,2024-12-05,150.56700134277344,147.1374549261981,157.4260941759241,866,False,True,True,35.47,2024-12-19,157.4260941759241,WIN,10.0,forex
USDJPY=X,LONG,2025-02-10,151.8459930419922,148.46668274367966,158.60461363861725,912,False,False,False,29.98,2025-03-04,148.46668274367966,LOSS,16.0,forex
USDJPY=X,SHORT,2025-03-26,149.9499969482422,152.94321800785121,143.96355482902413,944,False,False,False,56.11,2025-04-11,143.96355482902413,WIN,12.0,forex
USDJPY=X,SHORT,2025-05-14,147.5279998779297,151.774618637023,139.03476235974307,977,False,True,True,61.94,2025-10-08,151.774618637023,LOSS,105.0,forex
USDJPY=X,SHORT,2025-10-13,152.05599975585938,155.03189495605136,146.1042093554754,1085,False,False,False,71.77,2025-11-17,155.03189495605136,LOSS,25.0,forex
USDJPY=X,SHORT,2025-11-24,156.68800354003906,159.18966902436625,151.68467257138468,1115,False,False,False,75.16,2026-01-14,159.18966902436625,LOSS,35.0,forex
USDJPY=X,SHORT,2026-01-15,158.40199279785156,160.61685182275264,153.97227474804941,1151,False,False,False,70.68,2026-01-26,153.97227474804941,WIN,7.0,forex
USDJPY=X,LONG,2026-02-02,155.20199584960938,152.12123431914753,161.36351891053306,1163,True,True,True,32.96,2026-06-18,161.36351891053306,WIN,98.0,forex
USDJPY=X,SHORT,2026-07-02,162.53900146484375,163.88602409175598,159.84495621101928,1271,False,False,False,82.04,2026-07-23,163.88602409175598,LOSS,15.0,forex
USDJPY=X,LONG,2026-08-07,158.40899658203125,155.59833362238084,164.03032250133208,1297,False,True,True,24.24,,,OPEN,,forex
USDMXN=X,SHORT,2022-06-16,20.222150802612305,20.799718660048487,19.06701508773994,221,False,True,True,72.22,2022-07-12,20.799718660048487,LOSS,18.0,forex
USDMXN=X,LONG,2022-08-17,19.903539657592773,19.397057757495794,20.91650345778673,265,False,False,False,34.04,2022-11-10,19.397057757495794,LOSS,61.0,forex
USDMXN=X,LONG,2022-11-14,19.514429092407227,19.124961205919977,20.293364865381726,328,True,False,False,27.18,2022-11-29,19.124961205919977,LOSS,11.0,forex
USDMXN=X,SHORT,2022-12-09,19.621559143066406,20.09590236533601,18.6728726985272,347,False,False,False,56.41,2023-01-18,18.6728726985272,WIN,28.0,forex
USDMXN=X,SHORT,2023-02-08,18.881500244140625,19.345100304571822,17.95430012327823,390,False,False,False,58.16,2023-03-06,17.95430012327823,WIN,18.0,forex
USDMXN=X,SHORT,2023-03-15,18.600500106811523,19.249742343306668,17.302015633821235,415,False,False,False,65.09,2023-06-07,17.302015633821235,WIN,60.0,forex
USDMXN=X,SHORT,2023-07-25,16.826099395751953,17.169379164796382,16.139539857663095,509,False,False,False,47.73,2023-08-03,17.169379164796382,LOSS,7.0,forex
USDMXN=X,SHORT,2023-08-07,17.08099937438965,17.55936368719522,16.124270748778507,518,False,False,False,64.13,2023-09-06,17.55936368719522,LOSS,22.0,forex
USDMXN=X,SHORT,2023-09-11,17.543140411376953,17.996708402394418,16.636004429342023,543,False,True,True,72.2,2023-10-04,17.996708402394418,LOSS,17.0,forex
USDMXN=X,LONG,2023-11-09,17.52519989013672,17.016362695479447,18.54287427945126,586,False,False,False,37.0,2023-12-20,17.016362695479447,LOSS,29.0,forex
USDMXN=X,SHORT,2024-01-22,17.093149185180664,17.43146943384451,16.416508687852975,638,False,False,False,56.92,2024-04-08,16.416508687852975,WIN,55.0,forex
USDMXN=X,SHORT,2024-04-24,16.949199676513672,17.432809386691545,15.981980256157925,705,True,True,True,68.3,2024-06-03,17.432809386691545,LOSS,28.0,forex
USDMXN=X,SHORT,2024-06-06,17.50349998474121,18.106406479831143,16.297686994561346,736,False,False,False,79.06,2024-06-07,18.106406479831143,LOSS,1.0,forex
USDMXN=X,SHORT,2024-06-12,18.58061981201172,19.313043339718938,17.11577275659728,740,False,False,False,79.61,2024-08-05,19.313043339718938,LOSS,38.0,forex
USDMXN=X,SHORT,2024-08-06,19.19502067565918,19.934617493580266,17.715827039817007,779,False,False,False,80.6,2024-08-29,19.934617493580266,LOSS,17.0,forex
USDMXN=X,LONG,2024-09-17,19.20560073852539,18.48789591547168,20.641010384632814,809,False,False,False,43.19,2024-11-06,20.641010384632814,WIN,36.0,forex
USDMXN=X,LONG,2024-12-10,20.245899200439453,19.746159374571043,21.245378852176273,869,False,False,False,46.0,2025-02-03,21.245378852176273,WIN,38.0,forex
USDMXN=X,LONG,2025-03-20,20.0231990814209,19.539347832572005,20.990901579118685,940,False,True,True,34.55,2025-04-09,20.990901579118685,WIN,14.0,forex
USDMXN=X,SHORT,2025-04-10,20.33354949951172,21.005289092497407,18.990070313540343,955,False,True,False,63.28,2025-06-11,18.990070313540343,WIN,42.0,forex
USDMXN=X,LONG,2025-06-16,18.947799682617188,18.599250502965393,19.644898041920776,1000,False,False,False,29.67,2025-07-07,18.599250502965393,LOSS,15.0,forex
USDMXN=X,SHORT,2025-07-30,18.747159957885742,19.06219138348557,18.11709710668609,1032,False,False,False,50.77,2025-12-11,18.11709710668609,WIN,96.0,forex
USDMXN=X,LONG,2026-01-21,17.591999053955078,17.35694357913066,18.062110003603912,1155,False,False,False,20.44,2026-01-26,17.35694357913066,LOSS,3.0,forex
USDMXN=X,LONG,2026-01-27,17.35540008544922,17.100315569887105,17.865569116573447,1159,False,False,False,15.54,2026-02-18,17.100315569887105,LOSS,16.0,forex
USDMXN=X,SHORT,2026-03-05,17.593059539794922,18.00429613602263,16.770586347339503,1186,False,True,True,64.97,2026-03-09,18.00429613602263,LOSS,2.0,forex
USDMXN=X,SHORT,2026-03-10,17.673099517822266,18.16167189178313,16.69595476990054,1189,False,True,True,71.52,,,OPEN,,forex
USDNOK=X,LONG,2022-07-27,9.886679649353027,9.536956156675616,10.586126634707849,250,False,False,False,43.05,2022-08-10,9.536956156675616,LOSS,10.0,forex
USDNOK=X,SHORT,2022-09-06,9.94102954864502,10.298630342760665,9.225827960413728,279,False,False,False,65.01,2022-09-19,10.298630342760665,LOSS,9.0,forex
USDNOK=X,SHORT,2022-09-29,10.696599960327148,11.126170618861929,9.837458643257587,296,False,False,False,80.96,2022-11-25,9.837458643257587,WIN,41.0,forex
USDNOK=X,SHORT,2023-01-09,9.985950469970703,10.385479486110844,9.186892437690421,368,False,True,False,66.2,2023-02-07,10.385479486110844,LOSS,21.0,forex
USDNOK=X,SHORT,2023-02-09,10.311079978942871,10.660098532114464,9.613042872599685,391,False,False,False,67.84,2023-03-07,10.660098532114464,LOSS,18.0,forex
USDNOK=X,SHORT,2023-03-09,10.673199653625488,10.997685555719604,10.024227849437256,411,False,False,False,74.49,2023-05-24,10.997685555719604,LOSS,54.0,forex
USDNOK=X,LONG,2023-06-13,10.788820266723633,10.46210378299881,11.442253234173279,479,False,False,False,41.81,2023-06-16,10.46210378299881,LOSS,3.0,forex
USDNOK=X,LONG,2023-06-19,10.5649995803833,10.207210945155317,11.280576850839267,483,False,True,True,32.02,2023-07-12,10.207210945155317,LOSS,17.0,forex
USDNOK=X,LONG,2023-07-17,10.050800323486328,9.652371343233849,10.847658283991287,503,False,False,False,22.51,2023-07-27,9.652371343233849,LOSS,8.0,forex
USDNOK=X,SHORT,2023-08-18,10.583580017089844,10.926152738940857,9.898434573387817,527,False,False,False,66.67,2023-10-03,10.926152738940857,LOSS,32.0,forex
USDNOK=X,LONG,2023-10-11,10.80286979675293,10.523298617528491,11.362012155201807,565,False,False,False,49.84,2023-12-14,10.523298617528491,LOSS,46.0,forex
USDNOK=X,LONG,2024-03-11,10.422829627990723,10.190666155630124,10.88715657271192,673,False,False,False,40.47,2024-04-01,10.88715657271192,WIN,15.0,forex
USDNOK=X,SHORT,2024-04-03,10.831520080566406,11.093559862287975,10.307440517123268,690,False,False,False,72.85,2024-05-01,11.093559862287975,LOSS,20.0,forex
USDNOK=X,LONG,2024-05-08,10.919300079345703,10.66293161769452,11.43203700264807,715,False,False,False,45.48,2024-05-16,10.66293161769452,LOSS,6.0,forex
USDNOK=X,LONG,2024-05-17,10.688559532165527,10.45527898287287,11.155120630750844,722,False,True,True,35.35,2024-06-04,10.45527898287287,LOSS,12.0,forex
USDNOK=X,SHORT,2024-07-17,10.771820068359375,10.994716344451815,10.326027516174495,765,False,False,False,65.03,2024-07-22,10.994716344451815,LOSS,3.0,forex
USDNOK=X,SHORT,2024-07-29,11.004599571228027,11.258759624771232,10.496279464141619,773,False,False,False,72.97,2024-08-21,10.496279464141619,WIN,17.0,forex
USDNOK=X,LONG,2024-08-22,10.500499725341797,10.23424297864909,11.03301321872721,791,False,False,False,26.35,2024-10-31,11.03301321872721,WIN,50.0,forex
USDNOK=X,LONG,2024-11-21,11.061079978942871,10.799150284933074,11.584939366962466,856,False,False,False,49.35,2024-12-25,10.799150284933074,LOSS,24.0,forex
USDNOK=X,LONG,2025-01-22,11.2846097946167,10.978333189525593,11.897163004798912,899,False,False,False,46.06,2025-03-05,10.978333189525593,LOSS,30.0,forex
USDNOK=X,LONG,2025-03-14,10.681180000305176,10.4230940022359,11.197351996443729,936,False,False,False,21.09,2025-04-02,10.4230940022359,LOSS,13.0,forex
USDNOK=X,SHORT,2025-04-10,10.764240264892578,11.156820833323259,9.979079128031216,955,False,False,False,62.56,2025-06-12,9.979079128031216,WIN,43.0,forex
USDNOK=X,LONG,2025-06-18,9.935999870300293,9.718055130225727,10.371889350449425,1002,False,False,False,31.22,2026-01-26,9.718055130225727,LOSS,156.0,forex
USDNOK=X,LONG,2026-02-02,9.63683032989502,9.411504903303525,10.087481183078008,1163,True,False,False,16.87,2026-04-14,9.411504903303525,LOSS,51.0,forex
USDNOK=X,LONG,2026-04-20,9.379599571228027,9.172364129367821,9.79407045494844,1218,False,False,False,31.23,2026-05-12,9.172364129367821,LOSS,16.0,forex
USDNOK=X,SHORT,2026-06-11,9.466850280761719,9.631700760347599,9.137149321589959,1256,False,True,True,72.52,2026-06-18,9.631700760347599,LOSS,5.0,forex
USDPLN=X,LONG,2022-05-26,4.301809787750244,4.1667950033244505,4.571839356601831,206,False,True,True,36.23,2022-07-05,4.571839356601831,WIN,28.0,forex
USDPLN=X,SHORT,2022-07-08,4.700200080871582,4.863024319976681,4.374551602661384,237,False,False,False,78.54,2022-09-22,4.863024319976681,LOSS,54.0,forex
USDPLN=X,LONG,2022-10-28,4.734799861907959,4.557797674123152,5.088804237477573,317,False,True,True,34.68,2022-11-11,4.557797674123152,LOSS,10.0,forex
USDPLN=X,SHORT,2022-12-30,4.384699821472168,4.488426589651562,4.17724628511338,362,False,False,False,43.03,2023-02-13,4.488426589651562,LOSS,31.0,forex
USDPLN=X,SHORT,2023-02-15,4.446300029754639,4.55618212677421,4.226535835715495,395,False,True,True,64.57,2023-04-13,4.226535835715495,WIN,41.0,forex
USDPLN=X,LONG,2023-04-17,4.2225661277771,4.115810909519764,4.4360765642917706,438,False,False,False,30.93,2023-05-10,4.115810909519764,LOSS,17.0,forex
USDPLN=X,SHORT,2023-05-23,4.162665843963623,4.2626152533548085,3.962767025181252,464,False,False,False,52.37,2023-07-13,3.962767025181252,WIN,37.0,forex
USDPLN=X,SHORT,2023-08-07,4.032299995422363,4.135891811957605,3.8251163623518796,518,False,False,False,58.0,2023-08-23,4.135891811957605,LOSS,12.0,forex
USDPLN=X,SHORT,2023-09-12,4.316309928894043,4.434277774065467,4.080374238551196,544,False,False,False,76.93,2023-10-04,4.434277774065467,LOSS,16.0,forex
USDPLN=X,LONG,2023-10-13,4.307568073272705,4.1930176110223965,4.536668997773322,567,False,False,False,40.9,2023-10-17,4.1930176110223965,LOSS,2.0,forex
USDPLN=X,LONG,2023-10-19,4.221919059753418,4.102909638436913,4.459937902386429,571,False,False,False,34.02,2023-11-14,4.102909638436913,LOSS,18.0,forex
USDPLN=X,LONG,2023-11-22,4.003756046295166,3.8940212887638634,4.223225561357771,595,False,False,False,20.93,2023-12-27,3.8940212887638634,LOSS,25.0,forex
USDPLN=X,SHORT,2024-01-04,3.9804000854492188,4.068939718483504,3.803320819380648,626,False,False,False,53.99,2024-04-16,4.068939718483504,LOSS,73.0,forex
USDPLN=X,SHORT,2024-04-18,4.0650482177734375,4.161935243276325,3.8712741667676625,701,False,True,True,73.88,2024-08-19,3.8712741667676625,WIN,87.0,forex
USDPLN=X,SHORT,2024-10-09,3.9161999225616455,3.9899679885254833,3.76866379063397,825,False,True,True,67.65,2024-10-17,3.9899679885254833,LOSS,6.0,forex
USDPLN=X,LONG,2024-12-03,4.077099800109863,3.9859327428950246,4.259433914539541,864,False,False,False,51.99,2025-02-13,3.9859327428950246,LOSS,51.0,forex
USDPLN=X,SHORT,2025-03-28,3.8731749057769775,3.96361275204353,3.6922992132438726,946,False,False,False,50.03,2025-06-12,3.6922992132438726,WIN,52.0,forex
USDPLN=X,LONG,2025-06-16,3.6942389011383057,3.6056062847518073,3.8715041339113023,1000,False,False,False,37.42,2025-06-30,3.6056062847518073,LOSS,10.0,forex
USDPLN=X,LONG,2025-07-03,3.6100308895111084,3.535209508934772,3.759673650663781,1013,False,False,False,27.74,2026-01-26,3.535209508934772,LOSS,145.0,forex
USDPLN=X,SHORT,2026-03-05,3.664289951324463,3.7439266061475585,3.5050166416782718,1186,False,False,False,75.15,2026-03-30,3.7439266061475585,LOSS,17.0,forex
USDPLN=X,LONG,2026-04-09,3.647049903869629,3.563694587189982,3.813760537228923,1211,False,False,False,43.4,,,OPEN,,forex
USDSEK=X,SHORT,2022-07-08,10.515299797058105,10.83155767976236,9.882784031649596,237,False,False,False,77.54,2022-07-14,9.882784031649596,WIN,4.0,forex
USDSEK=X,LONG,2022-07-25,10.225299835205078,9.845931225383456,10.984037054848322,248,False,False,False,42.16,2022-09-21,10.984037054848322,WIN,42.0,forex
USDSEK=X,LONG,2022-10-06,10.921870231628418,10.510099866289153,11.745410962306948,301,False,False,False,47.14,2022-10-25,10.510099866289153,LOSS,13.0,forex
USDSEK=X,LONG,2022-10-28,10.955699920654297,10.461599363357994,11.943901035246903,317,False,False,False,39.3,2022-11-11,10.461599363357994,LOSS,10.0,forex
USDSEK=X,LONG,2022-11-15,10.489720344543457,9.986348086946116,11.49646485973814,329,False,True,True,31.06,2023-12-22,9.986348086946116,LOSS,288.0,forex
USDSEK=X,SHORT,2024-01-05,10.207260131835938,10.493360087109828,9.635060221288157,627,False,False,False,53.53,2024-01-17,10.493360087109828,LOSS,8.0,forex
USDSEK=X,SHORT,2024-01-22,10.45557975769043,10.69163932456037,9.983460623950549,638,False,True,True,66.16,2024-03-28,10.69163932456037,LOSS,48.0,forex
USDSEK=X,SHORT,2024-04-01,10.677499771118164,10.895923995130406,10.24065132309368,688,False,False,False,72.64,2024-04-12,10.895923995130406,LOSS,9.0,forex
USDSEK=X,LONG,2024-05-17,10.704150199890137,10.466693777013099,11.179063045644213,722,False,True,True,37.15,2024-06-03,10.466693777013099,LOSS,11.0,forex
USDSEK=X,SHORT,2024-07-01,10.566100120544434,10.79854105566097,10.101218250311362,753,False,False,False,56.93,2024-07-24,10.79854105566097,LOSS,17.0,forex
USDSEK=X,SHORT,2024-07-30,10.829950332641602,11.116300145674927,10.25725070657495,774,False,False,False,67.55,2024-08-20,10.25725070657495,WIN,15.0,forex
USDSEK=X,LONG,2024-08-22,10.173870086669922,9.880659727886455,10.760290804236856,791,False,False,False,24.38,2024-09-06,9.880659727886455,LOSS,11.0,forex
USDSEK=X,SHORT,2024-10-08,10.34788990020752,10.602103951850555,9.839461796921448,824,False,True,True,59.65,2024-10-23,10.602103951850555,LOSS,11.0,forex
USDSEK=X,LONG,2024-12-03,10.985509872436523,10.727093304587088,11.502343008135394,864,False,False,False,56.2,2024-12-25,10.727093304587088,LOSS,16.0,forex
USDSEK=X,SHORT,2025-01-15,11.167309761047363,11.424435698646185,10.65305788584972,894,False,False,False,64.85,2025-02-21,10.65305788584972,WIN,27.0,forex
USDSEK=X,SHORT,2025-04-09,10.005009651184082,10.341851273150102,9.331326407252043,954,False,False,False,46.31,2025-05-07,9.331326407252043,WIN,18.0,forex
USDSEK=X,SHORT,2025-05-12,9.711979866027832,10.14298422705901,8.849971143965476,975,False,False,False,48.74,2026-01-27,8.849971143965476,WIN,184.0,forex
USDSEK=X,SHORT,2026-03-05,9.170439720153809,9.391185588779258,8.728947982902909,1186,False,True,True,68.16,2026-03-13,9.391185588779258,LOSS,6.0,forex
USDSEK=X,LONG,2026-04-13,9.324589729309082,9.06557386823779,9.842621451451667,1213,False,True,False,46.56,,,OPEN,,forex
USDTRY=X,SHORT,2022-05-20,15.902649879455566,16.27968084471631,15.148587948934079,202,False,False,False,87.59,2022-05-25,16.27968084471631,LOSS,3.0,forex
USDTRY=X,LONG,2022-07-04,16.733539581298828,16.283462082143313,17.63369457960986,233,False,False,False,47.71,2022-07-21,17.63369457960986,WIN,13.0,forex
USDTRY=X,SHORT,2022-09-28,18.442899703979492,18.60343879488993,18.12182152215862,295,False,False,False,84.12,2022-10-05,18.60343879488993,LOSS,5.0,forex
USDTRY=X,LONG,2022-10-14,18.552900314331055,18.366104377957072,18.92649218707902,307,False,False,False,63.83,2023-02-27,18.92649218707902,WIN,96.0,forex
USDTRY=X,SHORT,2023-03-21,19.00881004333496,19.19580791069358,18.63481430861772,419,False,False,False,85.45,2023-03-24,19.19580791069358,LOSS,3.0,forex
USDTRY=X,SHORT,2023-05-19,19.806859970092773,19.964549588243955,19.49148073379041,462,False,False,False,99.29,2023-05-23,19.964549588243955,LOSS,2.0,forex
USDTRY=X,LONG,2023-06-16,23.650800704956055,22.916648991694093,25.11910413147998,482,False,False,False,96.24,2023-06-23,25.11910413147998,WIN,5.0,forex
USDTRY=X,LONG,2023-07-07,26.12980079650879,25.170655997017874,28.048090395490618,497,False,False,False,81.97,2023-10-19,28.048090395490618,WIN,74.0,forex
USDTRY=X,LONG,2023-12-12,28.96109962463379,28.689695474741555,29.503907924418257,609,False,False,False,72.63,2023-12-29,29.503907924418257,WIN,13.0,forex
USDTRY=X,LONG,2024-01-02,29.428199768066406,28.93546889912756,30.4136615059441,624,False,False,False,50.15,2024-01-23,30.4136615059441,WIN,15.0,forex
USDTRY=X,SHORT,2024-03-08,31.93320083618164,32.29536182742388,31.208878853697158,672,False,False,False,94.07,2024-03-13,32.29536182742388,LOSS,3.0,forex
USDTRY=X,LONG,2024-03-26,32.16780090332031,31.66149327881165,33.180416152337635,684,False,False,False,68.07,2024-04-12,33.180416152337635,WIN,13.0,forex
USDTRY=X,SHORT,2024-06-19,32.55110168457031,33.068846457498296,31.515612138714346,745,False,False,False,67.95,2024-07-12,33.068846457498296,LOSS,17.0,forex
USDTRY=X,SHORT,2024-08-08,33.5123291015625,33.96689953595094,32.60318823278563,781,False,False,False,75.94,2024-08-23,33.96689953595094,LOSS,11.0,forex
USDTRY=X,LONG,2024-10-18,34.19219970703125,33.97302742476683,34.63054427156008,832,False,False,False,52.28,2024-11-19,34.63054427156008,WIN,22.0,forex
USDTRY=X,SHORT,2024-12-16,34.95014953613281,35.13700979081847,34.5764290267615,873,False,False,False,78.77,2024-12-20,35.13700979081847,LOSS,4.0,forex
USDTRY=X,SHORT,2025-02-25,36.454341888427734,36.67437318944692,36.01427928638937,923,False,False,False,85.33,2025-03-14,36.67437318944692,LOSS,13.0,forex
USDTRY=X,SHORT,2025-03-24,37.976688385009766,38.886502618218756,36.157059918591784,942,False,False,False,91.35,2025-05-21,38.886502618218756,LOSS,40.0,forex
USDTRY=X,LONG,2025-06-05,39.264400482177734,38.91334648754133,39.96650847145054,993,False,False,False,75.23,2025-07-07,39.96650847145054,WIN,22.0,forex
USDTRY=X,LONG,2025-09-17,41.30730056762695,41.16322526676956,41.59545116934174,1067,False,False,False,78.37,2025-09-29,41.59545116934174,WIN,8.0,forex
USDTRY=X,LONG,2025-10-31,42.026798248291016,41.84872616045728,42.38294242395848,1099,False,False,False,65.74,2025-11-21,42.38294242395848,WIN,15.0,forex
USDTRY=X,LONG,2026-02-13,43.72809982299805,43.488708889518286,44.20688168995757,1172,False,False,False,76.65,2026-03-17,44.20688168995757,WIN,22.0,forex
USDTRY=X,LONG,2026-04-10,44.638099670410156,44.43074987981058,45.052799251609315,1212,False,False,False,67.57,2026-04-28,45.052799251609315,WIN,12.0,forex
USDTRY=X,LONG,2026-08-07,47.6598014831543,47.51851248560652,47.94237947824985,1297,False,False,False,93.78,,,OPEN,,forex
USDZAR=X,SHORT,2022-07-08,16.68610954284668,17.295794337599776,15.466739953340486,237,False,False,False,72.17,2022-07-14,17.295794337599776,LOSS,4.0,forex
USDZAR=X,LONG,2022-08-01,16.605039596557617,16.032414741274255,17.75028930712434,253,False,False,False,45.56,2022-09-19,17.75028930712434,WIN,35.0,forex
USDZAR=X,LONG,2022-10-31,18.114999771118164,17.38949029199619,19.566018729362114,318,False,False,False,49.0,2022-11-11,17.38949029199619,LOSS,9.0,forex
USDZAR=X,LONG,2022-11-16,17.29050064086914,16.561818847993404,18.747864226620614,330,False,True,True,34.91,2023-01-16,16.561818847993404,LOSS,43.0,forex
USDZAR=X,SHORT,2023-01-23,17.087499618530273,17.777266407416384,15.707966040758052,378,False,True,False,57.14,2023-02-08,17.777266407416384,LOSS,12.0,forex
USDZAR=X,SHORT,2023-02-14,17.810400009155273,18.47030313718358,16.490593753098658,394,False,False,False,66.36,2023-02-24,18.47030313718358,LOSS,8.0,forex
USDZAR=X,LONG,2023-03-27,18.146900177001953,17.539043220760266,19.362614089485326,423,False,False,False,45.84,2023-05-12,19.362614089485326,WIN,34.0,forex
USDZAR=X,SHORT,2023-05-16,18.99690055847168,19.643804741504493,17.703092192406054,459,False,False,False,71.15,2023-05-25,19.643804741504493,LOSS,7.0,forex
USDZAR=X,LONG,2023-06-19,18.199600219726562,17.558165525075385,19.482469609028918,483,False,True,True,28.85,2023-07-25,17.558165525075385,LOSS,26.0,forex
USDZAR=X,LONG,2023-11-08,18.333499908447266,17.77961950533763,19.441260714666534,585,False,False,False,32.72,2024-07-12,17.77961950533763,LOSS,177.0,forex
USDZAR=X,LONG,2024-08-21,17.79400062561035,17.350686293330597,18.68062929016986,790,False,False,False,28.53,2024-09-23,17.350686293330597,LOSS,23.0,forex
USDZAR=X,LONG,2024-09-26,17.264400482177734,16.867895923092394,18.057409600348414,816,False,False,False,26.43,2024-11-12,18.057409600348414,WIN,33.0,forex
USDZAR=X,LONG,2024-11-18,18.166549682617188,16.72921827619149,21.041212495468585,853,False,False,False,22.38,2025-01-15,16.72921827619149,LOSS,41.0,forex
USDZAR=X,LONG,2025-01-16,18.756999969482422,17.53528593299357,21.200428042460125,895,False,False,False,25.03,2025-01-17,17.53528593299357,LOSS,1.0,forex
USDZAR=X,LONG,2025-01-20,18.731700897216797,16.74931074180515,22.69648120804009,897,False,False,False,33.21,2025-12-16,16.74931074180515,LOSS,234.0,forex
USDZAR=X,LONG,2025-12-18,16.766679763793945,16.486233918692456,17.327571453996924,1133,False,False,False,28.05,2026-01-02,16.486233918692456,LOSS,9.0,forex
USDZAR=X,LONG,2026-02-02,16.137269973754883,15.716295971203508,16.979217978857633,1163,True,False,False,16.53,2026-03-19,16.979217978857633,WIN,33.0,forex
USDZAR=X,SHORT,2026-07-27,16.709060668945312,17.140737247544852,15.845707511746234,1288,False,False,False,65.61,,,OPEN,,forex
ZARJPY=X,SHORT,2022-06-10,8.656000137329102,9.013566389986961,7.940867632013383,217,False,False,False,77.58,2022-08-02,7.940867632013383,WIN,37.0,forex
ZARJPY=X,SHORT,2022-08-12,8.165599822998047,8.41412516537968,7.668549138234781,262,False,False,False,56.96,2022-12-01,7.668549138234781,WIN,79.0,forex
ZARJPY=X,LONG,2022-12-06,7.813499927520752,7.489405924997901,8.461687932566454,344,False,False,False,33.51,2023-01-16,7.489405924997901,LOSS,29.0,forex
ZARJPY=X,LONG,2023-01-23,7.5391998291015625,7.223466962185085,8.170665562934518,378,False,False,False,32.17,2023-03-15,7.223466962185085,LOSS,37.0,forex
ZARJPY=X,SHORT,2023-04-04,7.4120001792907715,7.688412864912292,6.859174808047731,429,False,True,True,60.8,2023-06-15,7.688412864912292,LOSS,52.0,forex
ZARJPY=X,SHORT,2023-06-21,7.673999786376953,7.948857242746995,7.124284873636869,485,False,False,False,78.47,2023-07-24,7.948857242746995,LOSS,23.0,forex
ZARJPY=X,LONG,2023-10-09,7.702899932861328,7.449286573704313,8.210126651175358,563,False,True,True,38.65,2023-11-06,8.210126651175358,WIN,20.0,forex
ZARJPY=X,SHORT,2023-11-07,8.187600135803223,8.417362643222221,7.728075120965226,584,False,False,False,69.85,2023-12-05,7.728075120965226,WIN,20.0,forex
ZARJPY=X,SHORT,2024-02-20,7.911399841308594,8.075294226791748,7.583611070342286,659,False,False,False,62.2,2024-03-21,8.075294226791748,LOSS,22.0,forex
ZARJPY=X,SHORT,2024-04-11,8.13700008392334,8.332264940018911,7.746470371732197,696,False,False,False,70.08,2024-04-26,8.332264940018911,LOSS,11.0,forex
ZARJPY=X,SHORT,2024-05-01,8.388699531555176,8.635902897007002,7.894292800651524,710,False,False,False,71.37,2024-05-21,8.635902897007002,LOSS,14.0,forex
ZARJPY=X,LONG,2024-06-03,8.364500045776367,8.13196421939892,8.829571698531261,733,False,False,False,45.47,2024-06-21,8.829571698531261,WIN,14.0,forex
ZARJPY=X,LONG,2024-07-29,8.42490005493164,8.120202022601863,9.034296119591197,773,False,True,True,34.98,2024-08-02,8.120202022601863,LOSS,4.0,forex
ZARJPY=X,LONG,2024-08-06,7.8850998878479,7.517402961452245,8.620493740639212,779,False,False,False,23.11,2024-10-22,8.620493740639212,WIN,55.0,forex
ZARJPY=X,SHORT,2024-11-11,8.668800354003906,8.92735622247837,8.15168861705498,848,False,False,False,75.64,2025-02-03,8.15168861705498,WIN,59.0,forex
ZARJPY=X,SHORT,2025-03-20,8.1943998336792,8.422118381414371,7.738962738208855,940,False,False,False,57.14,2025-04-03,7.738962738208855,WIN,10.0,forex
ZARJPY=X,LONG,2025-04-08,7.548099994659424,7.239715109313007,8.164869765352258,953,False,False,False,23.39,2025-06-09,8.164869765352258,WIN,42.0,forex
ZARJPY=X,LONG,2025-08-06,8.237199783325195,8.064538498767025,8.582522352441536,1037,False,False,False,41.8,2025-09-24,8.582522352441536,WIN,35.0,forex
ZARJPY=X,SHORT,2025-10-13,8.725899696350098,8.932918868239149,8.311861352571995,1085,True,False,False,78.6,2025-10-30,8.932918868239149,LOSS,13.0,forex
ZARJPY=X,SHORT,2025-12-23,9.380900382995605,9.555793189565772,9.031114769855272,1136,False,False,False,81.2,2026-01-05,9.555793189565772,LOSS,7.0,forex
ZARJPY=X,LONG,2026-01-29,9.72819995880127,9.487064677044591,10.210470522314626,1161,False,False,False,53.8,2026-02-02,9.487064677044591,LOSS,2.0,forex
ZARJPY=X,LONG,2026-02-03,9.652400016784668,9.37929928120662,10.198601487940763,1164,False,False,False,49.82,2026-03-09,9.37929928120662,LOSS,24.0,forex
ZARJPY=X,LONG,2026-03-10,9.657500267028809,9.299924172396555,10.372652456293316,1189,False,False,False,37.63,2026-03-19,9.299924172396555,LOSS,7.0,forex
ZARJPY=X,SHORT,2026-04-09,9.655699729919434,9.931739132119901,9.103620925518499,1211,False,False,False,61.0,2026-06-16,9.931739132119901,LOSS,48.0,forex
ZARJPY=X,LONG,2026-07-21,9.841500282287598,9.668341904531037,10.18781703780072,1284,False,False,False,45.0,2026-07-24,9.668341904531037,LOSS,3.0,forex
ZARJPY=X,LONG,2026-07-27,9.787799835205078,9.568812815817626,10.225773873979982,1288,False,True,True,40.87,2026-08-03,9.568812815817626,LOSS,5.0,forex
ZARJPY=X,LONG,2026-08-05,9.621899604797363,9.35526579998192,10.15516721442825,1295,False,True,True,31.08,,,OPEN,,forex
1INCH-USD,SHORT,2022-03-20,1.55587899684906,1.771852726110516,1.1239315383261483,221,False,False,False,63.43,2022-03-28,1.771852726110516,LOSS,8.0,crypto
1INCH-USD,LONG,2022-05-13,0.9190070033073425,0.6596798107878806,1.4376613883462663,275,False,False,False,22.6,2022-06-12,0.6596798107878806,LOSS,30.0,crypto
1INCH-USD,LONG,2022-06-15,0.6292549967765808,0.5065907253420203,0.8745835396457018,308,False,False,False,20.62,2022-08-10,0.8745835396457018,WIN,56.0,crypto
1INCH-USD,LONG,2022-08-21,0.7007570266723633,0.5990153983249725,0.9042402833671448,375,False,False,False,34.98,2022-09-13,0.5990153983249725,LOSS,23.0,crypto
1INCH-USD,SHORT,2022-10-08,0.5998250246047974,0.6613344339835966,0.4768062058471989,423,False,False,False,53.21,2022-11-05,0.6613344339835966,LOSS,28.0,crypto
1INCH-USD,LONG,2022-12-17,0.3893449902534485,0.3487059457138686,0.4706230793326083,493,False,False,False,21.86,2023-01-14,0.4706230793326083,WIN,28.0,crypto
1INCH-USD,SHORT,2023-01-16,0.48746100068092346,0.52700511309299,0.4083727758567903,523,False,True,True,79.11,2023-01-22,0.52700511309299,LOSS,6.0,crypto
1INCH-USD,SHORT,2023-02-22,0.6426929831504822,0.7137604490372866,0.5005580513768733,560,False,False,False,75.99,2023-03-07,0.5005580513768733,WIN,13.0,crypto
1INCH-USD,LONG,2023-03-10,0.4473220109939575,0.38332594800964304,0.5753141369625865,576,False,False,False,28.94,2023-03-19,0.5753141369625865,WIN,9.0,crypto
1INCH-USD,SHORT,2023-04-17,0.5571280121803284,0.6045469008884318,0.46229023476412157,614,False,True,True,62.23,2023-05-01,0.46229023476412157,WIN,14.0,crypto
1INCH-USD,LONG,2023-06-06,0.3349109888076782,0.30231187607492954,0.4001092142731756,664,False,False,False,22.03,2023-06-10,0.30231187607492954,LOSS,4.0,crypto
1INCH-USD,LONG,2023-06-14,0.26236599683761597,0.22724720957090444,0.332603571371039,672,False,False,False,18.57,2023-06-25,0.332603571371039,WIN,11.0,crypto
1INCH-USD,SHORT,2023-06-26,0.31988900899887085,0.3526691893016592,0.25432864839329417,684,False,False,False,55.44,2023-07-14,0.3526691893016592,LOSS,18.0,crypto
1INCH-USD,SHORT,2023-07-17,0.4042910039424896,0.47705764537798934,0.2587577210714902,705,False,True,True,76.57,2023-08-17,0.2587577210714902,WIN,31.0,crypto
1INCH-USD,LONG,2023-08-19,0.24852700531482697,0.21649221400614727,0.31259658793218636,738,False,False,False,23.66,2023-11-01,0.31259658793218636,WIN,74.0,crypto
1INCH-USD,LONG,2023-11-22,0.352508008480072,0.302763043663442,0.4519979381133321,833,False,False,False,45.17,2023-12-26,0.4519979381133321,WIN,34.0,crypto
1INCH-USD,SHORT,2023-12-27,0.4475879967212677,0.49650411669713806,0.34975575676952697,868,False,False,False,73.45,2024-01-01,0.49650411669713806,LOSS,5.0,crypto
1INCH-USD,LONG,2024-01-24,0.3807770013809204,0.3075593839672285,0.5272122362083043,896,False,True,True,37.92,2024-02-24,0.5272122362083043,WIN,31.0,crypto
1INCH-USD,SHORT,2024-02-25,0.49616101384162903,0.559295097212048,0.3698928471007912,928,False,False,False,68.22,2024-03-02,0.559295097212048,LOSS,6.0,crypto
1INCH-USD,SHORT,2024-03-05,0.5413050055503845,0.623689445217396,0.37653612621636157,937,True,False,False,81.86,2024-03-06,0.623689445217396,LOSS,1.0,crypto
1INCH-USD,LONG,2024-03-17,0.5904510021209717,0.48206797637872945,0.8072170536054561,949,False,False,False,47.91,2024-04-12,0.48206797637872945,LOSS,26.0,crypto
1INCH-USD,LONG,2024-04-14,0.4183090031147003,0.3135210998637268,0.6278848096166474,977,False,False,False,27.66,2024-07-05,0.3135210998637268,LOSS,82.0,crypto
1INCH-USD,SHORT,2024-07-16,0.4237230122089386,0.47097566266594226,0.32921771129493127,1070,False,True,True,59.51,2024-08-01,0.32921771129493127,WIN,16.0,crypto
1INCH-USD,LONG,2024-08-06,0.2608489990234375,0.21154192895550095,0.3594631391593106,1091,False,False,False,18.77,2024-11-19,0.3594631391593106,WIN,105.0,crypto
1INCH-USD,LONG,2024-12-20,0.3971390128135681,0.2981742937182571,0.5950684510041901,1227,False,True,True,40.33,2025-01-27,0.2981742937182571,LOSS,38.0,crypto
1INCH-USD,SHORT,2025-03-03,0.22421500086784363,0.2598744942623316,0.15289601407886766,1300,False,False,False,45.52,2025-04-07,0.15289601407886766,WIN,35.0,crypto
1INCH-USD,SHORT,2025-04-27,0.19963900744915009,0.21916170676639635,0.16059360881465756,1355,False,True,True,66.78,2025-05-08,0.21916170676639635,LOSS,11.0,crypto
1INCH-USD,LONG,2025-06-01,0.2116589993238449,0.18469273112090862,0.2655915357297175,1390,False,False,False,41.99,2025-06-18,0.18469273112090862,LOSS,17.0,crypto
1INCH-USD,SHORT,2025-07-15,0.3409680128097534,0.39457788672604616,0.23374826497716794,1434,False,False,False,86.65,2025-08-02,0.23374826497716794,WIN,18.0,crypto
1INCH-USD,SHORT,2025-09-14,0.263945996761322,0.28787600588777523,0.2160859785084156,1495,False,False,False,61.97,2025-10-10,0.2160859785084156,WIN,26.0,crypto
1INCH-USD,LONG,2025-10-12,0.19815999269485474,0.15491035150442756,0.2846592750757091,1523,False,False,False,26.09,2025-11-03,0.15491035150442756,LOSS,22.0,crypto
1INCH-USD,SHORT,2025-11-08,0.20322999358177185,0.2418029413198098,0.12608409810569593,1550,False,True,True,60.82,2026-01-27,0.12608409810569593,WIN,80.0,crypto
1INCH-USD,SHORT,2026-02-27,0.09126800298690796,0.10332842921596745,0.06714715052878897,1661,False,False,False,43.92,2026-03-16,0.10332842921596745,LOSS,17.0,crypto
1INCH-USD,SHORT,2026-03-18,0.0981379970908165,0.10800638485868819,0.07840122155507312,1680,False,False,False,61.35,2026-06-03,0.07840122155507312,WIN,77.0,crypto
1INCH-USD,LONG,2026-06-06,0.06825999915599823,0.06024294930740859,0.08429409885317751,1760,False,False,False,16.23,2026-07-23,0.08429409885317751,WIN,47.0,crypto
1INCH-USD,SHORT,2026-07-25,0.0816269963979721,0.08825907551523038,0.06836283816345556,1809,False,True,True,77.05,2026-07-27,0.08825907551523038,LOSS,2.0,crypto
AAVE-USD,SHORT,2022-03-20,152.47171020507812,174.89060740786311,107.63391579950815,221,False,True,True,62.71,2022-03-28,174.89060740786311,LOSS,8.0,crypto
AAVE-USD,SHORT,2022-03-31,206.27825927734375,236.95577078431157,144.9232362634081,232,False,True,True,81.06,2022-04-01,236.95577078431157,LOSS,1.0,crypto
AAVE-USD,LONG,2022-05-13,82.23719787597656,49.27961128091165,148.15237106610638,275,False,False,False,23.92,2022-06-18,49.27961128091165,LOSS,36.0,crypto
AAVE-USD,SHORT,2022-07-11,69.89631652832031,85.02422172737624,39.64050613020845,334,False,False,False,58.55,2022-07-14,85.02422172737624,LOSS,3.0,crypto
AAVE-USD,SHORT,2022-07-15,90.49964141845703,106.6776977755832,58.1435287042047,338,False,True,True,65.31,2022-07-31,106.6776977755832,LOSS,16.0,crypto
AAVE-USD,LONG,2022-08-22,88.33187103271484,72.8993826339353,119.19684783027392,376,False,False,False,40.38,2022-09-18,72.8993826339353,LOSS,27.0,crypto
AAVE-USD,SHORT,2022-10-20,80.77792358398438,88.21244443894555,65.90888187406202,435,False,True,True,63.35,2022-10-23,88.21244443894555,LOSS,3.0,crypto
AAVE-USD,SHORT,2022-10-24,85.10208892822266,93.10279413470316,69.10067851526165,439,False,True,True,70.01,2022-11-04,93.10279413470316,LOSS,11.0,crypto
AAVE-USD,LONG,2022-11-10,68.05220794677734,53.58883977241068,96.97894429551067,456,False,False,False,29.68,2022-11-22,53.58883977241068,LOSS,12.0,crypto
AAVE-USD,SHORT,2023-01-18,82.24076080322266,91.95209208988435,62.81809822989928,525,False,False,False,87.25,2023-02-02,91.95209208988435,LOSS,15.0,crypto
AAVE-USD,LONG,2023-02-10,78.78968811035156,67.9712621856727,100.42653995970929,548,False,True,False,44.36,2023-03-09,67.9712621856727,LOSS,27.0,crypto
AAVE-USD,LONG,2023-03-11,67.39131164550781,58.19220807576152,85.7895187850004,577,False,False,False,32.96,2023-06-05,58.19220807576152,LOSS,86.0,crypto
AAVE-USD,SHORT,2023-06-26,63.37263488769531,70.97438301969683,48.16913862369228,684,False,True,True,72.47,2023-06-30,70.97438301969683,LOSS,4.0,crypto
AAVE-USD,LONG,2023-08-04,64.11710357666016,56.619026324085866,79.11325808180874,723,False,False,False,35.25,2023-08-17,56.619026324085866,LOSS,13.0,crypto
AAVE-USD,LONG,2023-08-19,56.518070220947266,50.605000986114504,68.34420869061279,738,False,False,False,25.54,2023-09-30,68.34420869061279,WIN,42.0,crypto
AAVE-USD,SHORT,2023-10-24,83.31875610351562,91.83024823898434,66.2957718325782,804,False,False,False,79.86,2023-11-02,91.83024823898434,LOSS,9.0,crypto
AAVE-USD,LONG,2023-11-22,95.17430877685547,81.5922873284884,122.33835167358961,833,False,False,False,44.42,2023-12-28,122.33835167358961,WIN,36.0,crypto
AAVE-USD,SHORT,2023-12-29,112.42680358886719,127.8104842514264,81.65944226374876,870,False,False,False,73.28,2024-03-06,127.8104842514264,LOSS,68.0,crypto
AAVE-USD,LONG,2024-03-20,120.1209716796875,96.13689765787299,168.08911972331651,952,False,False,False,43.22,2024-04-12,96.13689765787299,LOSS,23.0,crypto
AAVE-USD,LONG,2024-04-16,86.8389892578125,65.09827983505986,130.3204081033178,979,False,False,False,31.22,2024-08-20,130.3204081033178,WIN,126.0,crypto
AAVE-USD,SHORT,2024-08-22,135.79823303222656,153.5275628448291,100.33957340702148,1107,False,False,False,77.02,2024-09-11,153.5275628448291,LOSS,20.0,crypto
AAVE-USD,LONG,2024-10-03,143.35914611816406,123.43745309426909,183.202532165954,1149,False,False,False,41.3,2024-11-07,183.202532165954,WIN,35.0,crypto
AAVE-USD,SHORT,2024-11-10,190.37106323242188,213.6072352931647,143.8987191109362,1187,False,False,False,72.03,2024-12-01,213.6072352931647,LOSS,21.0,crypto
AAVE-USD,LONG,2025-03-01,194.85800170898438,151.9979205989443,280.57816392906454,1298,False,False,False,29.1,2025-04-02,151.9979205989443,LOSS,32.0,crypto
AAVE-USD,LONG,2025-04-07,132.0026397705078,103.54435968356039,188.91919994440266,1335,False,False,False,27.78,2025-05-08,188.91919994440266,WIN,31.0,crypto
AAVE-USD,SHORT,2025-05-11,220.73623657226562,247.85422639496582,166.50025692686523,1369,False,False,False,78.95,2025-05-19,247.85422639496582,LOSS,8.0,crypto
AAVE-USD,LONG,2025-06-06,251.04901123046875,216.54580031076495,320.05543306987636,1395,False,False,False,49.45,2025-06-22,216.54580031076495,LOSS,16.0,crypto
AAVE-USD,LONG,2025-06-23,258.0818176269531,216.7730746949595,340.6993034909404,1412,False,False,False,34.86,2025-08-22,340.6993034909404,WIN,60.0,crypto
AAVE-USD,LONG,2025-09-23,275.0709228515625,245.59128916018565,334.0301902343162,1504,False,True,True,33.88,2025-10-10,245.59128916018565,LOSS,17.0,crypto
AAVE-USD,LONG,2025-10-11,234.4127960205078,182.68502918839917,337.8683296847251,1522,False,False,False,29.85,2025-11-04,182.68502918839917,LOSS,24.0,crypto
AAVE-USD,SHORT,2025-11-11,207.57310485839844,245.2781284381242,132.1630576989469,1553,False,False,False,52.34,2026-01-31,132.1630576989469,WIN,81.0,crypto
AAVE-USD,LONG,2026-02-02,128.3800811767578,109.77307969103406,165.59408414820533,1636,False,False,False,27.66,2026-02-05,109.77307969103406,LOSS,3.0,crypto
AAVE-USD,LONG,2026-02-06,113.91563415527344,91.57586818974274,158.59516608633484,1640,False,False,False,21.53,2026-04-05,91.57586818974274,LOSS,58.0,crypto
AAVE-USD,SHORT,2026-04-18,101.42329406738281,115.98574874585988,72.29838471042868,1711,False,False,False,65.26,2026-06-04,72.29838471042868,WIN,47.0,crypto
AAVE-USD,LONG,2026-06-07,63.52293395996094,54.00076489056434,82.56727209875413,1761,False,False,False,15.55,2026-06-25,82.56727209875413,WIN,18.0,crypto
AAVE-USD,SHORT,2026-06-28,90.95198822021484,102.43272503802679,67.99051458459095,1782,False,True,True,71.83,,,OPEN,,crypto
ADA-USD,SHORT,2022-03-20,0.8770920038223267,0.9795306820172739,0.6722146474324322,221,False,False,False,54.91,2022-03-22,0.9795306820172739,LOSS,2.0,crypto
ADA-USD,SHORT,2022-03-28,1.1701840162277222,1.3050427888278486,0.9004664710274692,229,False,True,True,74.5,2022-04-18,0.9004664710274692,WIN,21.0,crypto
ADA-USD,LONG,2022-05-13,0.5288770198822021,0.3675450893892843,0.8515408808680378,275,False,False,False,22.75,2022-10-13,0.3675450893892843,LOSS,153.0,crypto
ADA-USD,LONG,2022-10-16,0.37028101086616516,0.33740109493708287,0.43604084272432975,431,False,False,False,21.36,2022-10-21,0.33740109493708287,LOSS,5.0,crypto
ADA-USD,SHORT,2022-10-27,0.3886969983577728,0.4255274647492216,0.3150360655748753,442,False,False,False,56.33,2022-10-29,0.4255274647492216,LOSS,2.0,crypto
ADA-USD,SHORT,2022-10-30,0.406046986579895,0.44671821874441103,0.324704522250863,445,False,False,False,60.51,2022-11-09,0.324704522250863,WIN,10.0,crypto
ADA-USD,LONG,2022-12-20,0.2590070068836212,0.2342122397099759,0.30859654123091185,496,False,False,False,21.65,2023-01-09,0.30859654123091185,WIN,20.0,crypto
ADA-USD,SHORT,2023-01-15,0.3503679931163788,0.3796771777889826,0.2917496237711712,522,False,True,True,82.4,2023-01-22,0.3796771777889826,LOSS,7.0,crypto
ADA-USD,LONG,2023-02-11,0.36920198798179626,0.33267561503721066,0.4422547338709675,549,False,True,False,44.99,2023-03-03,0.33267561503721066,LOSS,20.0,crypto
ADA-USD,SHORT,2023-04-17,0.4341669976711273,0.4707010320058054,0.3610989290017712,614,False,False,False,75.97,2023-05-08,0.3610989290017712,WIN,21.0,crypto
ADA-USD,SHORT,2023-05-29,0.3791379928588867,0.402499468817566,0.3324150409415282,656,False,True,True,56.55,2023-06-07,0.3324150409415282,WIN,9.0,crypto
ADA-USD,LONG,2023-06-13,0.27498599886894226,0.23766708945965875,0.3496238176875093,671,False,False,False,20.88,2023-07-13,0.3496238176875093,WIN,30.0,crypto
ADA-USD,SHORT,2023-07-14,0.3288010060787201,0.36738529756572175,0.2516324231047168,702,False,True,True,73.6,2023-08-17,0.2516324231047168,WIN,34.0,crypto
ADA-USD,LONG,2023-08-18,0.2638919949531555,0.24186464066261,0.3079467035342466,737,False,False,False,24.22,2023-09-11,0.24186464066261,LOSS,24.0,crypto
ADA-USD,LONG,2023-09-12,0.24586999416351318,0.22971571246520942,0.2781785575601207,762,False,False,False,26.82,2023-10-23,0.2781785575601207,WIN,41.0,crypto
ADA-USD,SHORT,2023-10-28,0.29124999046325684,0.30924130402465766,0.2552673633404552,808,False,True,True,77.33,2023-11-02,0.30924130402465766,LOSS,5.0,crypto
ADA-USD,LONG,2024-01-08,0.5409359931945801,0.4536882783574124,0.7154314228689155,880,False,False,False,36.73,2024-01-23,0.4536882783574124,LOSS,15.0,crypto
ADA-USD,SHORT,2024-02-11,0.5414100289344788,0.5913611344044805,0.44150781799447536,914,False,False,False,62.01,2024-02-15,0.5913611344044805,LOSS,4.0,crypto
ADA-USD,SHORT,2024-02-16,0.5988720059394836,0.6536591088354197,0.4892978001476116,919,False,False,False,69.98,2024-02-28,0.6536591088354197,LOSS,12.0,crypto
ADA-USD,SHORT,2024-03-03,0.7282379865646362,0.801792993205982,0.5811279732819448,935,False,False,False,80.67,2024-03-14,0.801792993205982,LOSS,11.0,crypto
ADA-USD,LONG,2024-03-17,0.681098997592926,0.5678840983696374,0.9075287960395033,949,False,False,False,45.12,2024-04-03,0.5678840983696374,LOSS,17.0,crypto
ADA-USD,LONG,2024-04-14,0.46891099214553833,0.3801182499681783,0.6464964765002584,977,False,False,False,24.2,2024-06-18,0.3801182499681783,LOSS,65.0,crypto
ADA-USD,LONG,2024-06-20,0.38424399495124817,0.34639748350485033,0.45993701784404384,1044,False,False,False,27.98,2024-07-05,0.34639748350485033,LOSS,15.0,crypto
ADA-USD,SHORT,2024-07-16,0.43818899989128113,0.4823909280895064,0.3497851434948306,1070,False,True,True,63.2,2024-08-04,0.3497851434948306,WIN,19.0,crypto
ADA-USD,LONG,2024-08-06,0.3307819962501526,0.27962924431799807,0.4330875001144616,1091,False,False,False,24.64,2024-11-08,0.4330875001144616,WIN,94.0,crypto
ADA-USD,SHORT,2024-11-12,0.5739179849624634,0.6531696170551036,0.415414720777183,1189,False,False,False,87.04,2024-11-15,0.6531696170551036,LOSS,3.0,crypto
ADA-USD,LONG,2024-12-12,1.1250159740447998,0.9166058863940739,1.5418361493462516,1219,False,False,False,58.1,2024-12-19,0.9166058863940739,LOSS,7.0,crypto
ADA-USD,LONG,2024-12-20,0.9510110020637512,0.7476978490286853,1.357637308133883,1227,False,False,False,37.99,2025-02-03,0.7476978490286853,LOSS,45.0,crypto
ADA-USD,LONG,2025-02-07,0.7070930004119873,0.5433859409453368,1.0345071193452884,1276,False,False,False,25.63,2025-03-02,1.0345071193452884,WIN,23.0,crypto
ADA-USD,SHORT,2025-03-03,0.8552640080451965,1.0625704238870906,0.4406511763614085,1300,False,False,False,74.41,2025-10-10,0.4406511763614085,WIN,221.0,crypto
ADA-USD,LONG,2025-10-12,0.7015050053596497,0.5544869871405937,0.9955410417977615,1523,False,False,False,27.13,2025-11-03,0.5544869871405937,LOSS,22.0,crypto
ADA-USD,LONG,2025-11-23,0.4085490107536316,0.3354308054421909,0.554785421376513,1565,False,False,False,23.23,2025-12-31,0.3354308054421909,LOSS,38.0,crypto
ADA-USD,SHORT,2026-01-03,0.3893750011920929,0.43445322286728816,0.29921855784170237,1606,False,False,False,54.09,2026-01-06,0.43445322286728816,LOSS,3.0,crypto
ADA-USD,SHORT,2026-01-07,0.40189000964164734,0.4484491074495567,0.30877181402582865,1610,False,False,False,60.05,2026-01-31,0.30877181402582865,WIN,24.0,crypto
ADA-USD,LONG,2026-02-02,0.2989000082015991,0.25712629578550067,0.382447433033796,1636,False,False,False,26.78,2026-02-05,0.25712629578550067,LOSS,3.0,crypto
ADA-USD,LONG,2026-02-06,0.2762340009212494,0.22618261662541286,0.37633676951292244,1640,False,False,False,23.06,2026-06-01,0.22618261662541286,LOSS,115.0,crypto
ADA-USD,LONG,2026-06-06,0.15725600719451904,0.13280117646962186,0.2061656686443134,1760,False,False,False,10.8,2026-08-06,0.2061656686443134,WIN,61.0,crypto
ADA-USD,SHORT,2026-08-08,0.19921599328517914,0.2181808301682308,0.1612863195190758,1823,False,True,True,71.72,,,OPEN,,crypto
ALGO-USD,SHORT,2022-03-28,0.9081940054893494,1.0111351971241234,0.7023116222198014,229,False,True,True,71.19,2022-04-11,0.7023116222198014,WIN,14.0,crypto
ALGO-USD,SHORT,2022-05-08,0.7259299755096436,0.8532992368615814,0.4711914528057679,270,False,False,False,55.58,2022-05-11,0.4711914528057679,WIN,3.0,crypto
ALGO-USD,SHORT,2022-06-26,0.33229801058769226,0.39454553623818084,0.2078029592867151,319,False,False,False,48.83,2022-09-23,0.39454553623818084,LOSS,89.0,crypto
ALGO-USD,SHORT,2022-09-24,0.3839679956436157,0.4302462094767985,0.2914115679772502,409,False,True,True,73.35,2022-10-13,0.2914115679772502,WIN,19.0,crypto
ALGO-USD,SHORT,2022-11-01,0.3600179851055145,0.3937944359676424,0.29246508338125876,447,False,True,True,65.29,2022-11-04,0.3937944359676424,LOSS,3.0,crypto
ALGO-USD,SHORT,2022-11-06,0.4041379988193512,0.4519414596058552,0.3085310772463432,452,False,True,True,81.97,2022-11-08,0.3085310772463432,WIN,2.0,crypto
ALGO-USD,LONG,2022-12-17,0.19459599256515503,0.16618938385674495,0.2514092099819752,493,False,False,False,24.58,2022-12-22,0.16618938385674495,LOSS,5.0,crypto
ALGO-USD,SHORT,2023-01-05,0.18354399502277374,0.20110178066826379,0.14842842373179366,512,False,False,False,48.59,2023-01-09,0.20110178066826379,LOSS,4.0,crypto
ALGO-USD,SHORT,2023-01-16,0.2342890053987503,0.25496107488009295,0.192944866436065,523,False,True,True,79.18,2023-01-24,0.25496107488009295,LOSS,8.0,crypto
ALGO-USD,LONG,2023-03-05,0.22718599438667297,0.20024313386492634,0.28107171543016624,571,False,False,False,35.39,2023-03-09,0.20024313386492634,LOSS,4.0,crypto
ALGO-USD,LONG,2023-03-11,0.18922099471092224,0.16219985675600312,0.24326327062076047,577,False,False,False,24.17,2023-05-08,0.16219985675600312,LOSS,58.0,crypto
ALGO-USD,LONG,2023-05-26,0.15005099773406982,0.13859272013979795,0.17296755292261357,653,False,False,False,27.46,2023-06-05,0.13859272013979795,LOSS,10.0,crypto
ALGO-USD,LONG,2023-06-09,0.12421300262212753,0.11248899965878525,0.1476610085488121,667,False,False,False,17.87,2023-06-10,0.11248899965878525,LOSS,1.0,crypto
ALGO-USD,LONG,2023-06-12,0.11260800063610077,0.0984154178393067,0.1409931662296889,670,False,False,False,14.75,2023-08-17,0.0984154178393067,LOSS,66.0,crypto
ALGO-USD,LONG,2023-08-19,0.09671500325202942,0.08673819501526098,0.1166686197255663,738,False,False,False,29.92,2023-11-05,0.1166686197255663,WIN,78.0,crypto
ALGO-USD,SHORT,2023-12-12,0.1980389952659607,0.22455606359386582,0.14500485861015044,853,False,False,False,84.48,2023-12-21,0.22455606359386582,LOSS,9.0,crypto
ALGO-USD,LONG,2024-01-08,0.19516800343990326,0.15860277980922094,0.2682984507012679,880,False,False,False,36.59,2024-01-23,0.15860277980922094,LOSS,15.0,crypto
ALGO-USD,SHORT,2024-02-13,0.17789800465106964,0.1946764072547162,0.14434119944377655,916,False,False,False,60.99,2024-02-16,0.1946764072547162,LOSS,3.0,crypto
ALGO-USD,SHORT,2024-02-17,0.19044999778270721,0.20792545816294744,0.15549907702222676,920,False,False,False,66.79,2024-02-25,0.20792545816294744,LOSS,8.0,crypto
ALGO-USD,SHORT,2024-03-03,0.25082099437713623,0.2794215370282554,0.1936199090748979,935,False,False,False,79.9,2024-03-07,0.2794215370282554,LOSS,4.0,crypto
ALGO-USD,LONG,2024-03-20,0.2505120038986206,0.19541241071114934,0.36071119027356313,952,False,False,False,42.43,2024-04-12,0.19541241071114934,LOSS,23.0,crypto
ALGO-USD,LONG,2024-04-14,0.1795469969511032,0.1374613800432612,0.26371823076678724,977,False,False,False,25.24,2024-06-18,0.1374613800432612,LOSS,65.0,crypto
ALGO-USD,LONG,2024-06-19,0.1385429948568344,0.11861367555129448,0.17840163346791427,1043,False,False,False,25.53,2024-07-05,0.11861367555129448,LOSS,16.0,crypto
ALGO-USD,SHORT,2024-07-17,0.15483200550079346,0.17136246477976452,0.12177108694285133,1071,False,True,True,62.1,2024-08-03,0.12177108694285133,WIN,17.0,crypto
ALGO-USD,LONG,2024-08-06,0.11258800327777863,0.09475524889873958,0.1482535120358567,1091,False,False,False,23.18,2024-08-24,0.1482535120358567,WIN,18.0,crypto
ALGO-USD,SHORT,2024-08-25,0.14180099964141846,0.1559289220468271,0.11354515483060118,1110,False,True,True,69.47,2024-09-06,0.11354515483060118,WIN,12.0,crypto
ALGO-USD,SHORT,2024-11-13,0.14582699537277222,0.16354497899322915,0.11039102813185836,1190,False,False,False,73.12,2024-11-15,0.16354497899322915,LOSS,2.0,crypto
ALGO-USD,SHORT,2024-11-17,0.18369999527931213,0.2109728217927934,0.12915434225234962,1194,False,False,False,80.68,2024-11-18,0.2109728217927934,LOSS,1.0,crypto
ALGO-USD,LONG,2024-12-20,0.34757000207901,0.2431063883724956,0.5564972294920388,1227,False,False,False,40.12,2025-02-03,0.2431063883724956,LOSS,45.0,crypto
ALGO-USD,LONG,2025-02-07,0.26962101459503174,0.18979754405471283,0.42926795567566955,1276,False,False,False,30.08,2025-03-10,0.18979754405471283,LOSS,31.0,crypto
ALGO-USD,SHORT,2025-03-26,0.20685000717639923,0.23887108032724486,0.14280786087470798,1323,False,False,False,49.87,2025-05-09,0.23887108032724486,LOSS,44.0,crypto
ALGO-USD,LONG,2025-05-31,0.19387100636959076,0.16540401452790326,0.25080499005296575,1389,False,False,False,34.87,2025-06-18,0.16540401452790326,LOSS,18.0,crypto
ALGO-USD,SHORT,2025-06-30,0.18545900285243988,0.2061999146621068,0.14397717923310605,1419,False,False,False,53.31,2025-07-10,0.2061999146621068,LOSS,10.0,crypto
ALGO-USD,SHORT,2025-07-18,0.29396599531173706,0.3374403841440519,0.20701721764710734,1437,True,False,False,88.88,2025-09-22,0.20701721764710734,WIN,66.0,crypto
ALGO-USD,LONG,2025-09-24,0.2129790037870407,0.1888117689340656,0.26131347349299094,1505,False,False,False,34.47,2025-10-10,0.1888117689340656,LOSS,16.0,crypto
ALGO-USD,LONG,2025-10-11,0.18194100260734558,0.14648783339443966,0.2528473410331574,1522,False,False,False,28.66,2025-11-04,0.14648783339443966,LOSS,24.0,crypto
ALGO-USD,LONG,2025-11-05,0.16182200610637665,0.1357002631779449,0.21406549196324015,1547,False,False,False,29.01,2025-11-21,0.1357002631779449,LOSS,16.0,crypto
ALGO-USD,LONG,2025-12-16,0.11686199903488159,0.1016712893097583,0.14724341848512817,1588,False,False,False,27.78,2026-01-31,0.1016712893097583,LOSS,46.0,crypto
ALGO-USD,SHORT,2026-03-17,0.09476599842309952,0.10433705632398264,0.07562388262133327,1679,False,False,False,61.26,2026-04-01,0.10433705632398264,LOSS,15.0,crypto
ALGO-USD,SHORT,2026-04-06,0.11895100027322769,0.13325464038290494,0.0903437200538732,1699,False,True,True,76.76,2026-05-08,0.13325464038290494,LOSS,32.0,crypto
ALGO-USD,LONG,2026-05-18,0.10879000276327133,0.09608061048534855,0.1342087873191169,1741,False,False,False,39.83,2026-05-30,0.1342087873191169,WIN,12.0,crypto
ALGO-USD,SHORT,2026-07-25,0.08410099893808365,0.09078520663079194,0.07073258355266707,1809,False,False,False,50.7,2026-08-03,0.09078520663079194,LOSS,9.0,crypto
ALGO-USD,SHORT,2026-08-05,0.08818099647760391,0.09581615905498836,0.07291067132283502,1820,False,True,True,61.41,,,OPEN,,crypto
ANKR-USD,SHORT,2022-03-28,0.0844699963927269,0.09439615877236152,0.06461767163345766,229,False,True,True,71.83,2022-03-30,0.09439615877236152,LOSS,2.0,crypto
ANKR-USD,SHORT,2022-04-01,0.09504800289869308,0.10687027632082771,0.07140345605442383,233,False,False,False,73.88,2022-04-11,0.07140345605442383,WIN,10.0,crypto
ANKR-USD,LONG,2022-05-13,0.03548099845647812,0.021743186735293196,0.06295662189884796,275,False,False,False,20.24,2022-11-09,0.021743186735293196,LOSS,180.0,crypto
ANKR-USD,LONG,2022-11-10,0.023060999810695648,0.018098700335328805,0.032985598761429334,456,False,False,False,24.34,2022-12-17,0.018098700335328805,LOSS,37.0,crypto
ANKR-USD,LONG,2022-12-20,0.017921999096870422,0.015665414747709074,0.02243516779519312,496,False,False,False,23.59,2022-12-28,0.015665414747709074,LOSS,8.0,crypto
ANKR-USD,LONG,2022-12-30,0.015255999751389027,0.01343785009336045,0.01889229906744618,506,False,False,False,21.56,2023-01-08,0.01889229906744618,WIN,9.0,crypto
ANKR-USD,SHORT,2023-01-16,0.022710999473929405,0.025787211833140106,0.016558574755508003,523,False,True,True,75.94,2023-01-23,0.025787211833140106,LOSS,7.0,crypto
ANKR-USD,LONG,2023-02-14,0.02871200069785118,0.02375265538098397,0.0386306913315856,552,False,True,False,52.09,2023-02-21,0.0386306913315856,WIN,7.0,crypto
ANKR-USD,LONG,2023-03-05,0.034446001052856445,0.026586970511532027,0.05016406213550528,571,False,False,False,44.98,2023-03-10,0.026586970511532027,LOSS,5.0,crypto
ANKR-USD,LONG,2023-04-22,0.032526999711990356,0.02827445448331222,0.04103209016934663,619,False,True,True,38.5,2023-05-08,0.02827445448331222,LOSS,16.0,crypto
ANKR-USD,LONG,2023-05-09,0.026321999728679657,0.023201546021793015,0.03256290714245294,636,False,False,False,26.68,2023-06-06,0.023201546021793015,LOSS,28.0,crypto
ANKR-USD,SHORT,2023-06-22,0.022133000195026398,0.024476605260912936,0.017445790063253322,680,False,False,False,51.38,2023-06-23,0.024476605260912936,LOSS,1.0,crypto
ANKR-USD,SHORT,2023-06-26,0.02416200004518032,0.02766124882403903,0.0171635024874629,684,False,False,False,60.53,2023-09-11,0.0171635024874629,WIN,77.0,crypto
ANKR-USD,SHORT,2023-09-17,0.01840599998831749,0.019913496688144308,0.015391006588663853,767,False,False,False,51.07,2023-09-23,0.019913496688144308,LOSS,6.0,crypto
ANKR-USD,SHORT,2023-09-24,0.019449999555945396,0.02095365538247868,0.01644268790287883,774,False,False,False,58.62,2023-10-21,0.02095365538247868,LOSS,27.0,crypto
ANKR-USD,SHORT,2023-10-26,0.022012999281287193,0.023821026395981822,0.018396945051897935,806,False,True,True,69.76,2023-11-01,0.023821026395981822,LOSS,6.0,crypto
ANKR-USD,LONG,2023-11-24,0.02501700073480606,0.022113977543197407,0.030823047118023368,835,False,False,False,49.1,2023-12-19,0.030823047118023368,WIN,25.0,crypto
ANKR-USD,LONG,2024-01-04,0.027789000421762466,0.02382497004085341,0.03571706118358058,876,False,False,False,39.86,2024-01-08,0.02382497004085341,LOSS,4.0,crypto
ANKR-USD,SHORT,2024-02-10,0.024636000394821167,0.02672300445403459,0.020461992276394322,913,False,False,False,53.61,2024-02-14,0.02672300445403459,LOSS,4.0,crypto
ANKR-USD,SHORT,2024-02-21,0.0297200009226799,0.03297715034781941,0.023205702072400886,924,False,False,False,79.85,2024-02-25,0.03297715034781941,LOSS,4.0,crypto
ANKR-USD,LONG,2024-03-17,0.05005799978971481,0.03972308529548889,0.07072782877816666,949,False,False,False,54.06,2024-03-20,0.03972308529548889,LOSS,3.0,crypto
ANKR-USD,LONG,2024-04-14,0.043772999197244644,0.030319932673001388,0.07067913224573116,977,False,True,True,35.6,2024-06-18,0.030319932673001388,LOSS,65.0,crypto
ANKR-USD,LONG,2024-06-19,0.030859999358654022,0.02540913176685091,0.041761734542260245,1043,False,False,False,25.08,2024-07-05,0.02540913176685091,LOSS,16.0,crypto
ANKR-USD,SHORT,2024-07-21,0.03246400132775307,0.036254665498026334,0.024882672987206533,1075,False,False,False,58.98,2024-08-04,0.024882672987206533,WIN,14.0,crypto
ANKR-USD,SHORT,2024-09-22,0.028533000499010086,0.03136384613835266,0.02287130922032493,1138,False,True,True,72.33,2024-09-27,0.03136384613835266,LOSS,5.0,crypto
ANKR-USD,LONG,2024-11-05,0.02334900014102459,0.02064936108051729,0.02874827826203919,1182,False,False,False,31.38,2024-11-10,0.02874827826203919,WIN,5.0,crypto
ANKR-USD,SHORT,2024-11-13,0.029680000618100166,0.033405634304592056,0.022228733245116386,1190,False,False,False,74.29,2024-11-18,0.033405634304592056,LOSS,5.0,crypto
ANKR-USD,LONG,2024-12-11,0.04715000092983246,0.037081326593683496,0.06728734960213038,1218,False,False,False,49.15,2024-12-19,0.037081326593683496,LOSS,8.0,crypto
ANKR-USD,LONG,2024-12-20,0.03688199818134308,0.027570425573159647,0.05550514339770994,1227,False,True,True,36.16,2025-01-27,0.027570425573159647,LOSS,38.0,crypto
ANKR-USD,LONG,2025-01-29,0.0265749990940094,0.02133271113197164,0.03705957501808492,1267,False,False,False,28.66,2025-02-03,0.02133271113197164,LOSS,5.0,crypto
ANKR-USD,SHORT,2025-02-21,0.023029999807476997,0.02693103753262956,0.015227924357171872,1290,False,False,False,44.88,2025-04-06,0.015227924357171872,WIN,44.0,crypto
ANKR-USD,SHORT,2025-04-20,0.018631000071763992,0.021015974315549232,0.013861051584193512,1348,False,True,True,61.04,2025-04-26,0.021015974315549232,LOSS,6.0,crypto
ANKR-USD,SHORT,2025-04-27,0.019989000633358955,0.02237552499687516,0.015215951906326547,1355,False,True,True,72.95,2025-06-13,0.015215951906326547,WIN,47.0,crypto
ANKR-USD,LONG,2025-06-23,0.01423100009560585,0.012330397725807228,0.018032204835203094,1412,True,False,False,25.72,2025-07-18,0.018032204835203094,WIN,25.0,crypto
ANKR-USD,SHORT,2025-09-14,0.015402999706566334,0.01660635256963613,0.012996293980426739,1495,False,False,False,58.53,2025-10-10,0.012996293980426739,WIN,26.0,crypto
ANKR-USD,LONG,2025-10-12,0.011188999749720097,0.009185520818448704,0.015195957612262882,1523,False,False,False,25.56,2025-10-30,0.009185520818448704,LOSS,18.0,crypto
ANKR-USD,LONG,2025-12-19,0.006513999775052071,0.005701128228072078,0.008139742869012055,1591,False,False,False,21.71,2026-01-29,0.005701128228072078,LOSS,41.0,crypto
ANKR-USD,LONG,2026-02-02,0.005142999812960625,0.004417749319900958,0.006593500799079959,1636,False,False,False,24.37,2026-02-05,0.004417749319900958,LOSS,3.0,crypto
ANKR-USD,SHORT,2026-03-07,0.004364000167697668,0.00501595863458315,0.0030600832339267043,1669,False,False,False,50.98,2026-03-18,0.00501595863458315,LOSS,11.0,crypto
ANKR-USD,SHORT,2026-03-19,0.004788000136613846,0.005536192040931989,0.003291616327977559,1681,False,False,False,66.08,2026-03-21,0.005536192040931989,LOSS,2.0,crypto
ANKR-USD,SHORT,2026-03-22,0.005293999798595905,0.00618174973831772,0.0035184999191522764,1684,False,True,True,70.51,2026-06-23,0.0035184999191522764,WIN,93.0,crypto
ANKR-USD,SHORT,2026-07-05,0.0036619999445974827,0.004004564159090223,0.0029768715156120017,1789,False,False,False,50.16,2026-07-11,0.004004564159090223,LOSS,6.0,crypto
ANKR-USD,SHORT,2026-07-12,0.0037350000347942114,0.0041627768347169,0.0028794464349488347,1796,False,False,False,59.15,,,OPEN,,crypto
API3-USD,LONG,2022-04-12,4.1020097732543945,2.9751875193202255,6.355654281122733,244,False,False,False,31.56,2022-05-09,2.9751875193202255,LOSS,27.0,crypto
API3-USD,LONG,2022-05-10,2.374768018722534,1.5177111982896347,4.088881659588333,272,False,False,False,27.47,2022-05-12,1.5177111982896347,LOSS,2.0,crypto
API3-USD,LONG,2022-05-13,1.6308389902114868,0.6973769339961428,3.4977631026421747,275,False,False,False,21.49,2024-02-12,3.4977631026421747,WIN,640.0,crypto
API3-USD,SHORT,2024-02-15,4.54482889175415,5.320091604904639,2.9943034654531733,918,False,False,False,77.67,2024-03-05,2.9943034654531733,WIN,19.0,crypto
API3-USD,LONG,2024-03-06,3.512712001800537,2.739440123934931,5.05925575753175,938,False,False,False,40.25,2024-04-12,2.739440123934931,LOSS,37.0,crypto
API3-USD,LONG,2024-04-14,2.4011390209198,1.7186474981971012,3.766122066365197,977,False,False,False,24.85,2024-07-05,1.7186474981971012,LOSS,82.0,crypto
API3-USD,SHORT,2024-07-17,2.0255041122436523,2.3450198518507213,1.3864726330295145,1071,False,False,False,49.24,2024-08-04,1.3864726330295145,WIN,18.0,crypto
API3-USD,SHORT,2024-08-25,1.7003580331802368,1.954914054461116,1.1912459906184782,1110,False,False,False,61.78,2024-10-20,1.954914054461116,LOSS,56.0,crypto
API3-USD,SHORT,2024-10-21,1.7923170328140259,2.088014770537094,1.2009215573678897,1167,False,True,True,72.65,2024-11-23,2.088014770537094,LOSS,33.0,crypto
API3-USD,SHORT,2024-12-04,2.526110887527466,2.9224828841064823,1.733366894369433,1211,False,False,False,74.7,2024-12-19,1.733366894369433,WIN,15.0,crypto
API3-USD,LONG,2024-12-20,1.6702929735183716,1.194097889202186,2.6226831421507426,1227,False,False,False,35.09,2025-01-27,1.194097889202186,LOSS,38.0,crypto
API3-USD,LONG,2025-01-29,1.1861859560012817,0.9603555185745852,1.6378468308546748,1267,False,False,False,29.01,2025-02-02,0.9603555185745852,LOSS,4.0,crypto
API3-USD,LONG,2025-02-05,0.8635630011558533,0.6273185421303213,1.3360519192069171,1274,False,False,False,23.53,2025-03-04,0.6273185421303213,LOSS,27.0,crypto
API3-USD,SHORT,2025-03-21,0.8632869720458984,1.0698035597940587,0.45025379654957787,1318,False,True,True,66.93,2025-03-22,1.0698035597940587,LOSS,1.0,crypto
API3-USD,SHORT,2025-03-25,1.2578680515289307,1.5621433027279152,0.6493175491309615,1322,False,True,True,74.35,2025-05-31,0.6493175491309615,WIN,67.0,crypto
API3-USD,LONG,2025-06-23,0.6160479784011841,0.5059563604042281,0.8362312143950961,1412,False,False,False,28.85,2025-07-21,0.8362312143950961,WIN,28.0,crypto
API3-USD,SHORT,2025-07-22,0.8530150055885315,0.9798637035996745,0.5993176095662456,1441,False,True,True,78.97,2025-08-19,0.9798637035996745,LOSS,28.0,crypto
API3-USD,SHORT,2025-08-23,1.4714640378952026,1.7798072927487414,0.8547775281881251,1473,False,False,False,85.95,2025-09-22,0.8547775281881251,WIN,30.0,crypto
API3-USD,SHORT,2025-10-09,0.8137230277061462,0.9579770620843296,0.5252149589497794,1520,False,False,False,56.78,2025-10-10,0.5252149589497794,WIN,1.0,crypto
API3-USD,LONG,2025-12-16,0.4483709931373596,0.3820850938345641,0.5809427917429506,1588,False,False,False,28.88,2025-12-18,0.3820850938345641,LOSS,2.0,crypto
API3-USD,LONG,2025-12-19,0.40303701162338257,0.33523607379504616,0.5386388872800554,1591,False,False,False,24.08,2026-01-31,0.33523607379504616,LOSS,43.0,crypto
API3-USD,LONG,2026-02-02,0.347353994846344,0.29157456339101107,0.45891285775700985,1636,False,False,False,26.48,2026-02-05,0.29157456339101107,LOSS,3.0,crypto
API3-USD,LONG,2026-02-06,0.3083670139312744,0.24482084348456865,0.43545935482468595,1640,False,False,False,23.18,2026-02-07,0.43545935482468595,WIN,1.0,crypto
API3-USD,SHORT,2026-03-14,0.28626498579978943,0.3214720308606658,0.21585089567803672,1676,False,False,False,46.54,2026-04-18,0.3214720308606658,LOSS,35.0,crypto
API3-USD,SHORT,2026-04-19,0.32672199606895447,0.37987742056008467,0.22041114708669407,1712,False,True,True,81.1,2026-04-24,0.37987742056008467,LOSS,5.0,crypto
API3-USD,LONG,2026-05-18,0.33741700649261475,0.28514440987974854,0.44196219971834716,1741,False,False,False,41.32,2026-06-02,0.28514440987974854,LOSS,15.0,crypto
API3-USD,LONG,2026-06-06,0.2524470090866089,0.21034758321705269,0.3366458608257213,1760,False,False,False,24.56,2026-07-01,0.21034758321705269,LOSS,25.0,crypto
APT-USD,SHORT,2022-06-29,0.005557999946177006,0.006242598534744968,0.004188802769041081,221,False,False,False,24.37,2022-07-27,0.006242598534744968,LOSS,28.0,crypto
APT-USD,SHORT,2022-07-31,0.005923999939113855,0.006534338878481946,0.0047033220603776744,253,False,False,False,65.64,2022-08-22,0.0047033220603776744,WIN,22.0,crypto
APT-USD,SHORT,2022-10-01,0.0036150000523775816,0.004009658769503399,0.0028256826181259475,315,False,False,False,52.3,2022-10-15,0.004009658769503399,LOSS,14.0,crypto
APT-USD,SHORT,2022-10-20,0.0036359999794512987,0.006178668666682478,-0.0014493373950110605,334,True,False,False,71.67,2023-12-25,0.006178668666682478,LOSS,431.0,crypto
APT-USD,LONG,2024-02-07,0.0013160000089555979,0.0007879317078732096,0.0023721366111203743,809,False,True,True,39.8,2024-03-18,0.0007879317078732096,LOSS,40.0,crypto
APT-USD,LONG,2024-05-02,0.0007689999765716493,0.000692812719871784,0.0009213744899713799,894,False,False,False,35.46,2024-05-16,0.000692812719871784,LOSS,14.0,crypto
APT-USD,SHORT,2024-06-05,0.0007670000195503235,0.000811975774125869,0.0006770485103992324,928,False,False,False,67.5,2024-06-19,0.0006770485103992324,WIN,14.0,crypto
APT-USD,LONG,2024-07-21,0.00043200000072829425,0.0003993550274220283,0.0004972899473408262,972,False,False,False,9.57,2024-08-21,0.0003993550274220283,LOSS,31.0,crypto
APT-USD,SHORT,2024-08-25,0.0004020000051241368,0.00041153983605447483,0.00038292034326346076,1007,False,False,False,35.57,2024-08-30,0.00038292034326346076,WIN,5.0,crypto
APT-USD,SHORT,2024-09-22,0.0004039999912492931,0.0004119863549919821,0.0003880272637639151,1035,False,False,False,66.54,2024-09-27,0.0003880272637639151,WIN,5.0,crypto
APT-USD,LONG,2024-10-30,0.00036299999919719994,0.00035230031598043116,0.0003843993656307375,1073,False,False,False,22.77,2024-10-31,0.00035230031598043116,LOSS,1.0,crypto
APT-USD,LONG,2024-11-04,0.00017499999376013875,0.0001440503923183389,0.00023689919664373845,1078,False,False,False,4.76,2024-11-10,0.0001440503923183389,LOSS,6.0,crypto
APT-USD,SHORT,2024-12-05,0.0002229999954579398,0.0002458097865121857,0.00017738041334944797,1109,False,False,False,59.27,2025-01-18,0.00017738041334944797,WIN,44.0,crypto
APT-USD,LONG,2025-01-19,0.00020399999630171806,0.00018289959878398324,0.0002462007913371877,1154,False,False,False,15.65,2025-01-20,0.00018289959878398324,LOSS,1.0,crypto
APT-USD,SHORT,2025-02-25,0.0001429999974789098,0.00014707922886540036,0.00013484153470592864,1191,False,False,False,38.5,2025-04-19,0.00013484153470592864,WIN,53.0,crypto
APT-USD,LONG,2025-04-20,0.0001340000017080456,0.00013273205045897005,0.0001365359042061967,1245,False,False,False,22.69,2025-05-08,0.0001365359042061967,WIN,18.0,crypto
APT-USD,SHORT,2025-05-15,0.0001610000035725534,0.0001721353381905977,0.0001387293343364648,1270,True,True,True,94.9,2025-05-17,0.0001387293343364648,WIN,2.0,crypto
ARB-USD,LONG,2022-03-25,0.0013299999991431832,0.0010841553517784625,0.0018216892938726246,226,False,False,False,26.21,2022-05-05,0.0010841553517784625,LOSS,41.0,crypto
ARB-USD,LONG,2022-05-10,0.0009309999877586961,0.0008174662287720167,0.0011580675057320548,272,False,False,False,23.11,2022-05-12,0.0008174662287720167,LOSS,2.0,crypto
ARB-USD,SHORT,2022-05-18,0.0011490000179037452,0.0013099210694820203,0.0008271579147471949,280,False,False,False,57.56,2022-05-19,0.0008271579147471949,WIN,1.0,crypto
ARB-USD,SHORT,2022-07-05,0.00020199999562464654,0.00023400409885021383,0.00013799178917351198,328,False,False,False,32.4,2022-07-19,0.00023400409885021383,LOSS,14.0,crypto
ARB-USD,SHORT,2022-07-22,0.00022699999681208283,0.0002521736979134026,0.0001766525946094433,345,False,False,False,56.98,2022-09-30,0.0002521736979134026,LOSS,70.0,crypto
ARB-USD,SHORT,2022-10-05,0.0004030000127386302,0.00044121692458769446,0.0003265661890405016,420,False,True,True,88.19,2022-11-09,0.0003265661890405016,WIN,35.0,crypto
ARB-USD,LONG,2022-11-14,0.0003319999959785491,0.0002942724353924403,0.00040745511715076677,460,False,False,False,34.64,2023-01-14,0.00040745511715076677,WIN,61.0,crypto
ARB-USD,SHORT,2023-01-17,0.00042299999040551484,0.0004416290910410433,0.00038574178913445786,524,False,True,True,89.57,2023-01-20,0.0004416290910410433,LOSS,3.0,crypto
ARB-USD,LONG,2023-02-12,0.0004360000020824373,0.00041252214889934535,0.00048295570844862114,550,False,True,False,46.63,2023-02-15,0.00048295570844862114,WIN,3.0,crypto
ARB-USD,SHORT,2023-03-21,0.02112700045108795,0.026318117440644294,0.010744766471975267,587,False,False,False,98.2,2023-03-22,0.010744766471975267,WIN,1.0,crypto
ARB-USD,LONG,2023-04-27,0.0005890000029467046,-0.0004135751894935823,0.0025941503878272785,624,False,False,False,40.73,2023-07-19,0.0025941503878272785,WIN,83.0,crypto
ARB-USD,SHORT,2023-07-24,1.1845250129699707,1.4877124091313667,0.5781502206471787,712,False,False,False,95.35,2023-12-07,0.5781502206471787,WIN,136.0,crypto
ARB-USD,LONG,2023-12-12,0.0004149999876972288,-0.17376622740580827,0.34877745477470823,853,False,False,False,10.24,,,OPEN,,crypto
ARK-USD,SHORT,2022-03-23,0.9286360144615173,1.0274653982325346,0.7309772469194828,224,False,True,True,57.52,2022-03-27,1.0274653982325346,LOSS,4.0,crypto
ARK-USD,SHORT,2022-04-02,1.2395440340042114,1.412847492843038,0.8929371163265585,234,False,False,False,79.59,2022-04-30,0.8929371163265585,WIN,28.0,crypto
ARK-USD,LONG,2022-05-10,0.6009050011634827,0.4672993319281744,0.8681163396340992,272,False,False,False,21.94,2022-05-11,0.4672993319281744,LOSS,1.0,crypto
ARK-USD,LONG,2022-05-13,0.4402790069580078,0.28543048834286017,0.7499760441883031,275,False,False,False,15.2,2022-06-01,0.7499760441883031,WIN,19.0,crypto
ARK-USD,SHORT,2022-06-02,0.6170880198478699,0.7627927452064206,0.3256785691307684,295,False,False,False,64.07,2022-11-09,0.3256785691307684,WIN,160.0,crypto
ARK-USD,LONG,2022-11-10,0.29023998975753784,0.24378284861393995,0.3831542720447336,456,False,False,False,17.8,2022-11-14,0.24378284861393995,LOSS,4.0,crypto
ARK-USD,SHORT,2022-12-12,0.33540600538253784,0.4445467111970468,0.11712459375351991,488,False,True,True,74.01,2023-02-21,0.4445467111970468,LOSS,71.0,crypto
ARK-USD,LONG,2023-03-12,0.30570000410079956,0.26105135483458336,0.39499730263323196,578,False,False,False,28.51,2023-04-07,0.39499730263323196,WIN,26.0,crypto
ARK-USD,LONG,2023-05-09,0.2825799882411957,0.2491900838454031,0.34935979703278086,636,False,False,False,27.77,2023-06-05,0.2491900838454031,LOSS,27.0,crypto
ARK-USD,LONG,2023-06-11,0.22754399478435516,0.2028319460631316,0.2769680922268023,669,False,False,False,24.65,2023-07-11,0.2769680922268023,WIN,30.0,crypto
ARK-USD,SHORT,2023-07-16,0.3132520020008087,0.42409340818634156,0.09156918962974303,704,False,False,False,84.56,2023-09-16,0.42409340818634156,LOSS,62.0,crypto
ARK-USD,SHORT,2023-09-18,0.47079700231552124,0.5752788139696947,0.2618333790071743,768,False,False,False,80.67,2023-09-19,0.5752788139696947,LOSS,1.0,crypto
ARK-USD,SHORT,2023-09-20,0.649150013923645,0.7787622787668639,0.3899254842372073,770,False,False,False,85.66,2023-10-30,0.7787622787668639,LOSS,40.0,crypto
ARK-USD,SHORT,2023-11-05,1.502606987953186,1.814115018912608,0.879590926034342,816,False,False,False,93.58,2023-11-10,1.814115018912608,LOSS,5.0,crypto
ARK-USD,LONG,2024-01-10,0.807774007320404,0.6457843909941268,1.1317532399729586,882,True,True,True,25.34,2024-01-25,1.1317532399729586,WIN,15.0,crypto
ARK-USD,SHORT,2024-01-26,0.8856279850006104,1.0719633736961545,0.5129572076095221,898,False,True,False,58.67,2024-03-04,1.0719633736961545,LOSS,38.0,crypto
ARK-USD,SHORT,2024-03-05,0.9940140247344971,1.1487977215020604,0.6844466311993704,937,False,False,False,70.43,2024-03-08,1.1487977215020604,LOSS,3.0,crypto
ARK-USD,LONG,2024-04-14,0.7790420055389404,0.5629501262866352,1.2112257640435509,977,False,False,False,25.85,2024-06-21,0.5629501262866352,LOSS,68.0,crypto
ARK-USD,LONG,2024-06-25,0.4800400137901306,0.35734139035680634,0.7254372606567792,1049,False,False,False,26.26,2024-07-04,0.35734139035680634,LOSS,9.0,crypto
ARK-USD,SHORT,2024-07-22,0.38754400610923767,0.45159477335021003,0.25944247162729295,1076,False,False,False,50.92,2024-08-05,0.25944247162729295,WIN,14.0,crypto
ARK-USD,SHORT,2024-08-25,0.35325300693511963,0.3998888492136671,0.25998132237802474,1110,False,False,False,58.89,2024-09-20,0.3998888492136671,LOSS,26.0,crypto
ARK-USD,SHORT,2024-09-22,0.4584360122680664,0.5385268480417797,0.2982543407206397,1138,False,True,True,86.37,2024-09-29,0.5385268480417797,LOSS,7.0,crypto
ARK-USD,LONG,2024-11-05,0.5093960165977478,0.41246637371318506,0.7032553023668733,1182,False,True,False,35.59,2024-11-11,0.7032553023668733,WIN,6.0,crypto
ARK-USD,LONG,2024-12-11,0.6413859724998474,0.4870341170684146,0.950089683362713,1218,False,False,False,37.27,2024-12-19,0.4870341170684146,LOSS,8.0,crypto
ARK-USD,LONG,2024-12-20,0.5150589942932129,0.3833214603056674,0.7785340622683039,1227,False,False,False,29.6,2025-02-03,0.3833214603056674,LOSS,45.0,crypto
ARK-USD,SHORT,2025-02-18,0.4431059956550598,0.5625831115463348,0.20415176387250988,1287,False,False,False,59.03,2025-02-19,0.5625831115463348,LOSS,1.0,crypto
ARK-USD,SHORT,2025-02-21,0.48488500714302063,0.6144875716507479,0.22567987812756618,1290,False,False,False,57.23,2025-07-12,0.6144875716507479,LOSS,141.0,crypto
ARK-USD,SHORT,2025-07-13,0.4548470079898834,0.5349220119767808,0.2946970000160887,1432,False,False,False,75.0,2025-07-20,0.5349220119767808,LOSS,7.0,crypto
ARK-USD,LONG,2025-08-03,0.4277780055999756,0.3612136900455828,0.5609066367087612,1453,False,False,False,40.92,2025-10-10,0.3612136900455828,LOSS,68.0,crypto
ARK-USD,LONG,2025-10-12,0.38566499948501587,0.3253674048118774,0.5062601888312928,1523,False,False,False,27.91,2025-10-17,0.3253674048118774,LOSS,5.0,crypto
ARK-USD,SHORT,2025-11-12,0.3145509958267212,0.36974258122626613,0.2041678250276313,1554,False,False,False,51.78,2026-02-03,0.2041678250276313,WIN,83.0,crypto
ARK-USD,LONG,2026-02-06,0.1845560073852539,0.1396471204362807,0.27437378128320034,1640,False,False,False,13.86,2026-06-04,0.1396471204362807,LOSS,118.0,crypto
ARK-USD,SHORT,2026-07-05,0.1098330020904541,0.12534542922994285,0.0788081478114766,1789,False,False,False,44.45,,,OPEN,,crypto
ATOM-USD,SHORT,2022-02-27,26.751556396484375,32.14096734370715,15.972734502038819,200,False,False,False,55.58,2022-03-01,32.14096734370715,LOSS,2.0,crypto
ATOM-USD,SHORT,2022-03-04,30.54886245727539,36.429605903920226,18.78737556398572,205,False,False,False,63.11,2022-04-30,18.78737556398572,WIN,57.0,crypto
ATOM-USD,LONG,2022-05-10,13.604043960571289,10.25560577761599,20.300920326481886,272,False,False,False,21.8,2022-05-11,10.25560577761599,LOSS,1.0,crypto
ATOM-USD,SHORT,2022-06-26,8.044570922851562,9.693723764979756,4.746265238595175,319,False,False,False,54.34,2022-07-18,9.693723764979756,LOSS,22.0,crypto
ATOM-USD,LONG,2022-08-21,10.642571449279785,9.11856767182065,13.690579004198057,375,False,True,False,42.46,2022-09-08,13.690579004198057,WIN,18.0,crypto
ATOM-USD,SHORT,2022-09-11,15.682127952575684,17.815778421182326,11.414827015362398,396,False,False,False,72.26,2022-10-13,11.414827015362398,WIN,32.0,crypto
ATOM-USD,SHORT,2022-11-02,13.294816970825195,14.743347713913849,10.397755484647888,448,True,True,True,64.05,2022-11-04,14.743347713913849,LOSS,2.0,crypto
ATOM-USD,SHORT,2022-11-06,14.48029899597168,16.064654393083174,11.311588201748691,452,False,False,False,68.82,2022-11-09,11.311588201748691,WIN,3.0,crypto
ATOM-USD,LONG,2022-12-17,8.797897338867188,7.799141831236836,10.79540835412789,493,False,False,False,30.94,2023-01-09,10.79540835412789,WIN,23.0,crypto
ATOM-USD,SHORT,2023-01-14,12.894696235656738,13.869778848061381,10.944531010847452,521,False,False,False,84.61,2023-01-29,13.869778848061381,LOSS,15.0,crypto
ATOM-USD,LONG,2023-02-10,13.709134101867676,12.062298954245568,17.00280439711189,548,False,False,False,49.78,2023-03-03,12.062298954245568,LOSS,21.0,crypto
ATOM-USD,LONG,2023-03-09,11.008208274841309,9.73150915090176,13.561606522720407,575,False,False,False,30.65,2023-06-07,9.73150915090176,LOSS,90.0,crypto
ATOM-USD,LONG,2023-06-12,8.754095077514648,7.835413306419976,10.591458619703994,670,False,False,False,25.22,2023-08-16,7.835413306419976,LOSS,65.0,crypto
ATOM-USD,LONG,2023-08-18,7.577132225036621,6.973539213496752,8.784318248116358,737,False,False,False,20.47,2023-08-31,6.973539213496752,LOSS,13.0,crypto
ATOM-USD,SHORT,2023-09-20,7.276811122894287,7.8313644056106595,6.167704557461542,770,False,False,False,60.52,2023-10-30,7.8313644056106595,LOSS,40.0,crypto
ATOM-USD,SHORT,2023-10-31,7.934500217437744,8.572980579384812,6.657539493543609,811,False,True,True,77.69,2023-11-06,8.572980579384812,LOSS,6.0,crypto
ATOM-USD,LONG,2024-01-04,10.264856338500977,8.730106041557926,13.334356932387077,876,False,True,True,41.07,2024-01-23,8.730106041557926,LOSS,19.0,crypto
ATOM-USD,SHORT,2024-02-11,9.737347602844238,10.546394379739619,8.119254049053477,914,False,False,False,58.13,2024-02-18,10.546394379739619,LOSS,7.0,crypto
ATOM-USD,SHORT,2024-02-20,10.368412017822266,11.20763888957494,8.689958274316918,923,False,False,False,67.88,2024-02-27,11.20763888957494,LOSS,7.0,crypto
ATOM-USD,LONG,2024-03-17,12.268336296081543,10.390773276453077,16.023462335338476,949,False,False,False,46.48,2024-04-12,10.390773276453077,LOSS,26.0,crypto
ATOM-USD,LONG,2024-04-15,8.136923789978027,6.5578077524318985,11.295155865070285,978,False,False,False,25.21,2024-06-18,6.5578077524318985,LOSS,64.0,crypto
ATOM-USD,LONG,2024-06-19,6.886107921600342,6.157612233553613,8.343099297693799,1043,False,False,False,26.51,2024-07-04,6.157612233553613,LOSS,15.0,crypto
ATOM-USD,SHORT,2024-07-18,6.310193061828613,6.93174133092127,5.0670965236433005,1072,False,False,False,50.51,2024-08-03,5.0670965236433005,WIN,16.0,crypto
ATOM-USD,LONG,2024-08-06,4.898070812225342,4.174141094808297,6.345930247059432,1091,False,False,False,20.91,2024-09-03,4.174141094808297,LOSS,28.0,crypto
ATOM-USD,SHORT,2024-09-20,4.525493144989014,4.957455538514524,3.661568357937993,1136,False,False,False,56.12,2024-09-25,4.957455538514524,LOSS,5.0,crypto
ATOM-USD,SHORT,2024-09-28,5.018680095672607,5.478866306403109,4.098307674211604,1144,False,True,True,68.95,2024-10-10,4.098307674211604,WIN,12.0,crypto
ATOM-USD,SHORT,2024-11-12,5.3314619064331055,5.951635924265717,4.091113870767883,1189,False,True,True,75.31,2024-11-16,5.951635924265717,LOSS,4.0,crypto
ATOM-USD,LONG,2024-12-11,8.830166816711426,7.046217388411062,12.398065673312153,1218,False,False,False,47.06,2024-12-19,7.046217388411062,LOSS,8.0,crypto
ATOM-USD,LONG,2024-12-23,6.93660306930542,5.2979711490871715,10.213866909741917,1230,False,True,True,33.46,2025-02-02,5.2979711490871715,LOSS,41.0,crypto
ATOM-USD,LONG,2025-02-08,4.573163032531738,3.6008852518536916,6.517718593887832,1277,False,False,False,26.27,2025-03-10,3.6008852518536916,LOSS,30.0,crypto
ATOM-USD,SHORT,2025-03-20,4.678826808929443,5.304766314303464,3.426947798181402,1317,False,False,False,57.85,2025-05-10,5.304766314303464,LOSS,51.0,crypto
ATOM-USD,SHORT,2025-05-13,5.282489776611328,5.815528089675762,4.21641315048246,1371,False,False,False,68.66,2025-05-31,4.21641315048246,WIN,18.0,crypto
ATOM-USD,SHORT,2025-07-12,4.583495140075684,4.981490691514697,3.7875040371976567,1431,False,True,True,66.45,2025-07-18,4.981490691514697,LOSS,6.0,crypto
ATOM-USD,SHORT,2025-09-14,4.642557144165039,5.007480028299478,3.912711375896162,1495,False,True,True,61.24,2025-10-10,3.912711375896162,WIN,26.0,crypto
ATOM-USD,LONG,2025-10-11,3.1443049907684326,2.493274352523656,4.446366267257986,1522,False,False,False,21.5,2025-11-03,2.493274352523656,LOSS,23.0,crypto
ATOM-USD,LONG,2025-11-04,2.509350061416626,2.069062316281329,3.38992555168722,1546,False,False,False,25.48,2025-12-15,2.069062316281329,LOSS,41.0,crypto
ATOM-USD,LONG,2025-12-19,1.9637919664382935,1.6960234571517134,2.4993289850114535,1591,False,False,False,24.57,2026-01-06,2.4993289850114535,WIN,18.0,crypto
ATOM-USD,SHORT,2026-01-07,2.4318079948425293,2.6545060629110284,1.986411858705531,1610,False,True,True,72.3,2026-01-10,2.6545060629110284,LOSS,3.0,crypto
ATOM-USD,SHORT,2026-04-08,1.779778003692627,1.9190665103306324,1.5012009904166161,1701,False,False,False,56.07,2026-04-24,1.9190665103306324,LOSS,16.0,crypto
ATOM-USD,SHORT,2026-04-26,2.003288984298706,2.1296053934293946,1.750656166037329,1719,False,True,True,72.04,2026-05-12,2.1296053934293946,LOSS,16.0,crypto
ATOM-USD,SHORT,2026-05-13,2.0411150455474854,2.22437928241921,1.6745865718040358,1736,False,True,True,72.77,2026-05-26,2.22437928241921,LOSS,13.0,crypto
ATOM-USD,LONG,2026-06-03,1.854498028755188,1.642868333991683,2.277757418282198,1757,False,False,False,35.42,2026-06-05,1.642868333991683,LOSS,2.0,crypto
ATOM-USD,LONG,2026-06-07,1.711827039718628,1.4846367144509336,2.1662076902540166,1761,False,False,False,27.82,2026-07-19,1.4846367144509336,LOSS,42.0,crypto
ATOM-USD,LONG,2026-07-26,1.398408055305481,1.3043103028405394,1.586603560235364,1810,False,False,False,23.88,2026-07-27,1.3043103028405394,LOSS,1.0,crypto
ATOM-USD,LONG,2026-08-02,1.2638989686965942,1.1694291487967172,1.4528386084963483,1817,True,False,False,16.08,,,OPEN,,crypto
AVAX-USD,SHORT,2022-03-20,84.72430419921875,98.2876794446974,57.597553708261444,221,False,False,False,64.71,2022-03-30,98.2876794446974,LOSS,10.0,crypto
AVAX-USD,LONG,2022-05-10,44.56028366088867,32.563924827240356,68.5530013281853,272,False,False,False,23.77,2022-05-11,32.563924827240356,LOSS,1.0,crypto
AVAX-USD,LONG,2022-05-13,32.13642883300781,17.8126035866541,60.78407932571524,275,False,False,False,21.01,2022-06-12,17.8126035866541,LOSS,30.0,crypto
AVAX-USD,SHORT,2022-06-26,19.692432403564453,24.846364776752672,9.384567657188015,319,False,False,False,50.92,2022-07-19,24.846364776752672,LOSS,23.0,crypto
AVAX-USD,SHORT,2022-07-20,23.59771728515625,27.660132919765783,15.472886015937185,343,False,True,True,66.95,2022-08-07,27.660132919765783,LOSS,18.0,crypto
AVAX-USD,LONG,2022-08-21,22.977310180664062,19.224458108222233,30.48301432554772,375,False,False,False,36.55,2022-08-28,19.224458108222233,LOSS,7.0,crypto
AVAX-USD,LONG,2022-08-29,19.349014282226562,15.855919401690098,26.33520404329949,383,False,False,False,27.33,2022-10-11,15.855919401690098,LOSS,43.0,crypto
AVAX-USD,SHORT,2022-10-24,15.759552001953125,17.15685014383323,12.964955718192918,439,False,False,False,49.26,2022-10-26,17.15685014383323,LOSS,2.0,crypto
AVAX-USD,SHORT,2022-11-01,18.66878318786621,20.324710466201438,15.356928631195757,447,False,True,True,71.63,2022-11-05,20.324710466201438,LOSS,4.0,crypto
AVAX-USD,SHORT,2023-01-16,16.740787506103516,18.587765879951895,13.046830758406756,523,False,True,True,78.82,2023-01-24,18.587765879951895,LOSS,8.0,crypto
AVAX-USD,LONG,2023-02-13,17.6209716796875,15.238768634543128,22.385377769976245,551,False,True,False,45.32,2023-03-08,15.238768634543128,LOSS,23.0,crypto
AVAX-USD,SHORT,2023-04-19,18.993925094604492,20.9124863411079,15.156802601597676,616,True,True,True,76.87,2023-05-08,15.156802601597676,WIN,19.0,crypto
AVAX-USD,SHORT,2023-06-05,13.897244453430176,14.966327421324516,11.759078517641495,663,False,False,False,48.44,2023-06-10,11.759078517641495,WIN,5.0,crypto
AVAX-USD,LONG,2023-06-13,11.787354469299316,10.445272159910315,14.471519088077319,671,False,False,False,24.83,2023-07-14,14.471519088077319,WIN,31.0,crypto
AVAX-USD,LONG,2023-08-03,12.446003913879395,11.495836070448693,14.346339600740798,722,False,False,False,37.12,2023-08-16,11.495836070448693,LOSS,13.0,crypto
AVAX-USD,LONG,2023-08-18,10.799485206604004,9.904763512553743,12.588928594704527,737,False,False,False,18.81,2023-08-22,9.904763512553743,LOSS,4.0,crypto
AVAX-USD,SHORT,2023-10-02,9.327079772949219,9.962035498271185,8.057168322305287,782,False,False,False,59.22,2023-10-04,9.962035498271185,LOSS,2.0,crypto
AVAX-USD,SHORT,2023-10-07,10.363143920898438,11.277368567347501,8.53469462800031,787,False,True,True,70.02,2023-10-26,11.277368567347501,LOSS,19.0,crypto
AVAX-USD,LONG,2023-12-29,40.21108627319336,32.87206527859241,54.88912826239526,870,False,False,False,53.34,2024-01-08,32.87206527859241,LOSS,10.0,crypto
AVAX-USD,SHORT,2024-02-13,39.765350341796875,44.388245705451936,30.519559614486752,916,False,False,False,66.47,2024-02-29,44.388245705451936,LOSS,16.0,crypto
AVAX-USD,SHORT,2024-03-03,42.6048583984375,47.495674861823076,32.82322547166635,935,False,False,False,70.0,2024-03-11,47.495674861823076,LOSS,8.0,crypto
AVAX-USD,SHORT,2024-03-13,54.948246002197266,62.49027181748891,39.864194371613976,945,False,False,False,77.21,2024-03-18,62.49027181748891,LOSS,5.0,crypto
AVAX-USD,LONG,2024-04-04,46.506927490234375,38.42847939625332,62.66382367819648,967,False,True,True,39.5,2024-04-12,38.42847939625332,LOSS,8.0,crypto
AVAX-USD,LONG,2024-04-14,37.316444396972656,28.52616764788101,54.89699789515595,977,False,True,True,26.88,2024-06-17,28.52616764788101,LOSS,64.0,crypto
AVAX-USD,LONG,2024-06-19,26.89194107055664,22.955381763933197,34.76505968380353,1043,False,False,False,25.87,2024-07-05,22.955381763933197,LOSS,16.0,crypto
AVAX-USD,SHORT,2024-07-23,29.841068267822266,33.718796110605304,22.08561258225619,1077,False,True,True,65.19,2024-08-04,22.08561258225619,WIN,12.0,crypto
AVAX-USD,LONG,2024-08-06,20.877193450927734,16.90006396814024,28.83145241650272,1091,False,False,False,24.93,2024-09-26,28.83145241650272,WIN,51.0,crypto
AVAX-USD,LONG,2024-10-26,25.386613845825195,22.56547085737012,31.028899822735347,1172,False,False,False,37.98,2024-11-04,22.56547085737012,LOSS,9.0,crypto
AVAX-USD,LONG,2024-11-05,23.99547576904297,21.29292924334966,29.400568820429584,1182,False,False,False,31.1,2024-11-09,29.400568820429584,WIN,4.0,crypto
AVAX-USD,SHORT,2024-11-12,34.04673385620117,38.245449676264144,25.649302216075228,1189,False,False,False,77.76,2024-11-22,38.245449676264144,LOSS,10.0,crypto
AVAX-USD,LONG,2024-12-11,48.37092590332031,39.72141342677103,65.66995085641888,1218,False,False,False,50.81,2024-12-19,39.72141342677103,LOSS,8.0,crypto
AVAX-USD,LONG,2024-12-23,39.02850341796875,30.19687802404261,56.69175420582103,1230,False,True,True,35.8,2025-02-02,30.19687802404261,LOSS,41.0,crypto
AVAX-USD,LONG,2025-02-03,28.41798210144043,22.02049809580336,41.212950112714566,1272,False,False,False,29.14,2025-02-24,22.02049809580336,LOSS,21.0,crypto
AVAX-USD,SHORT,2025-03-03,20.9365177154541,25.52609396994387,11.757365206474567,1300,False,False,False,49.25,2025-05-10,25.52609396994387,LOSS,68.0,crypto
AVAX-USD,SHORT,2025-05-11,24.7523250579834,27.632549378547495,18.991876416855206,1369,False,True,True,72.4,2025-06-05,18.991876416855206,WIN,25.0,crypto
AVAX-USD,SHORT,2025-07-18,23.524816513061523,26.036045091665592,18.502359355853386,1437,False,False,False,76.71,2025-07-21,26.036045091665592,LOSS,3.0,crypto
AVAX-USD,SHORT,2025-09-14,29.49125862121582,32.50086051162084,23.472054840405775,1495,False,False,False,71.4,2025-09-18,32.50086051162084,LOSS,4.0,crypto
AVAX-USD,SHORT,2025-09-19,33.7672233581543,37.36627562256838,26.56911882932613,1500,False,False,False,81.16,2025-10-10,26.56911882932613,WIN,21.0,crypto
AVAX-USD,LONG,2025-10-12,22.583330154418945,16.758218071256408,34.23355432074402,1523,False,False,False,28.67,2025-11-03,16.758218071256408,LOSS,22.0,crypto
AVAX-USD,SHORT,2025-12-04,14.399070739746094,16.30432005252029,10.588572114197703,1576,False,False,False,48.19,2026-01-31,10.588572114197703,WIN,58.0,crypto
AVAX-USD,SHORT,2026-02-27,8.959959983825684,10.092557622313244,6.694764706850563,1661,False,False,False,48.1,2026-03-13,10.092557622313244,LOSS,14.0,crypto
AVAX-USD,SHORT,2026-03-17,10.196188926696777,11.147111151007376,8.29434447807558,1679,False,True,True,67.77,2026-06-02,8.29434447807558,WIN,77.0,crypto
AVAX-USD,LONG,2026-06-07,6.796093940734863,5.875191124496547,8.637899573211495,1761,False,False,False,16.04,2026-06-19,5.875191124496547,LOSS,12.0,crypto
AVAX-USD,SHORT,2026-07-04,6.964107990264893,7.694219231309528,5.503885508175621,1788,False,False,False,53.67,,,OPEN,,crypto
AXS-USD,SHORT,2022-03-26,66.88520812988281,76.23606283981985,48.183498710008735,227,False,True,True,76.4,2022-04-11,48.183498710008735,WIN,16.0,crypto
AXS-USD,SHORT,2022-06-01,20.93156623840332,26.86581943216134,9.063059850887278,294,False,False,False,50.08,2022-10-21,9.063059850887278,WIN,142.0,crypto
AXS-USD,LONG,2022-10-23,9.012158393859863,7.853128265513564,11.330218650552462,438,False,False,False,20.43,2022-11-05,11.330218650552462,WIN,13.0,crypto
AXS-USD,SHORT,2022-11-06,9.828866004943848,11.311764505980728,6.863069002870088,452,False,False,False,57.95,2022-11-09,6.863069002870088,WIN,3.0,crypto
AXS-USD,SHORT,2022-12-08,8.259428024291992,9.651446333521529,5.475391405832919,484,False,False,False,60.67,2023-01-14,9.651446333521529,LOSS,37.0,crypto
AXS-USD,SHORT,2023-01-16,8.961734771728516,10.106677031551772,6.671850252082002,523,False,True,True,80.67,2023-01-22,10.106677031551772,LOSS,6.0,crypto
AXS-USD,LONG,2023-03-05,8.780794143676758,7.486181807239361,11.370018816551552,571,False,False,False,35.41,2023-03-09,7.486181807239361,LOSS,4.0,crypto
AXS-USD,LONG,2023-03-11,7.352900981903076,6.059799151222247,9.939104643264734,577,False,False,False,26.6,2023-06-09,6.059799151222247,LOSS,90.0,crypto
AXS-USD,LONG,2023-06-12,4.915676116943359,4.190174886402295,6.366678578025487,670,False,False,False,20.71,2023-06-24,6.366678578025487,WIN,12.0,crypto
AXS-USD,LONG,2023-08-05,5.839803218841553,5.342394346549684,6.834620963425291,724,False,False,False,38.3,2023-08-16,5.342394346549684,LOSS,11.0,crypto
AXS-USD,LONG,2023-08-19,4.9460248947143555,4.445188295495486,5.947698093152095,738,False,False,False,23.64,2023-09-02,4.445188295495486,LOSS,14.0,crypto
AXS-USD,SHORT,2023-09-17,4.484683990478516,4.968366919136049,3.5173181331634495,767,False,False,False,52.27,2023-10-28,4.968366919136049,LOSS,41.0,crypto
AXS-USD,SHORT,2023-10-31,5.464733123779297,5.98558824871191,4.423022873914071,811,False,True,True,81.3,2023-11-06,5.98558824871191,LOSS,6.0,crypto
AXS-USD,LONG,2023-11-22,5.897769927978516,5.0732607133560315,7.546788357223484,833,False,True,False,43.7,2023-12-08,7.546788357223484,WIN,16.0,crypto
AXS-USD,SHORT,2023-12-26,9.83967399597168,11.215981428084957,7.087059131745125,867,False,False,False,82.59,2024-01-08,7.087059131745125,WIN,13.0,crypto
AXS-USD,SHORT,2024-02-13,7.599641799926758,8.325439757363375,6.148045885053524,916,False,False,False,60.4,2024-02-16,8.325439757363375,LOSS,3.0,crypto
AXS-USD,SHORT,2024-02-17,7.953824996948242,8.721081023870788,6.419312943103151,920,False,False,False,63.02,2024-02-27,8.721081023870788,LOSS,10.0,crypto
AXS-USD,SHORT,2024-02-28,9.051446914672852,9.966135741337686,7.222069261343183,931,False,False,False,70.07,2024-03-02,9.966135741337686,LOSS,3.0,crypto
AXS-USD,SHORT,2024-03-03,10.308870315551758,11.490907051384063,7.944796843887147,935,False,False,False,83.78,2024-03-09,11.490907051384063,LOSS,6.0,crypto
AXS-USD,LONG,2024-03-20,10.159975051879883,8.011701822062543,14.456521511514563,952,False,False,False,40.52,2024-04-12,8.011701822062543,LOSS,23.0,crypto
AXS-USD,LONG,2024-04-14,7.333103179931641,5.6278578462875295,10.743593847219863,977,False,False,False,26.24,2024-06-18,5.6278578462875295,LOSS,65.0,crypto
AXS-USD,LONG,2024-06-19,5.99675178527832,5.056153857249181,7.877947641336599,1043,False,False,False,29.15,2024-07-04,5.056153857249181,LOSS,15.0,crypto
AXS-USD,SHORT,2024-07-22,6.115549087524414,6.762956797881961,4.8207336668093195,1076,False,False,False,62.77,2024-08-04,4.8207336668093195,WIN,13.0,crypto
AXS-USD,SHORT,2024-09-22,4.899777889251709,5.370909536851403,3.9575145940523218,1138,False,True,True,62.83,2024-09-26,5.370909536851403,LOSS,4.0,crypto
AXS-USD,SHORT,2024-09-28,5.402294158935547,5.867563085123002,4.471756306560637,1144,False,True,True,67.27,2024-10-03,4.471756306560637,WIN,5.0,crypto
AXS-USD,SHORT,2024-11-12,5.496565818786621,6.159163271033683,4.171370914292497,1189,False,True,True,70.97,2024-11-16,6.159163271033683,LOSS,4.0,crypto
AXS-USD,SHORT,2024-11-25,7.521424770355225,8.811504268667806,4.941265773730063,1202,False,False,False,76.83,2024-12-02,8.811504268667806,LOSS,7.0,crypto
AXS-USD,LONG,2024-12-11,7.982367992401123,6.252124453219516,11.442855070764336,1218,False,False,False,45.89,2024-12-19,6.252124453219516,LOSS,8.0,crypto
AXS-USD,LONG,2024-12-20,6.411724090576172,4.851405984164677,9.532360303399162,1227,False,True,True,34.1,2025-02-02,4.851405984164677,LOSS,44.0,crypto
AXS-USD,LONG,2025-02-03,4.433623790740967,3.4299854524459246,6.440900467331051,1272,False,False,False,26.96,2025-02-25,3.4299854524459246,LOSS,22.0,crypto
AXS-USD,SHORT,2025-03-18,3.3731160163879395,3.916163603349738,2.287020842464343,1315,False,False,False,46.57,2025-04-07,2.287020842464343,WIN,20.0,crypto
AXS-USD,SHORT,2025-04-27,2.4924440383911133,2.8226686774741605,1.8319947602250188,1355,False,False,False,55.96,2025-05-09,2.8226686774741605,LOSS,12.0,crypto
AXS-USD,SHORT,2025-05-12,3.1384758949279785,3.500731986575319,2.413963711633298,1370,False,True,True,69.33,2025-05-14,3.500731986575319,LOSS,2.0,crypto
AXS-USD,SHORT,2025-05-15,3.0519800186157227,3.514678280030596,2.126583495785976,1373,True,True,True,75.54,2025-06-21,2.126583495785976,WIN,37.0,crypto
AXS-USD,SHORT,2025-07-14,2.4495320320129395,2.738656870127118,1.8712823557845821,1433,False,True,True,61.55,2025-07-18,2.738656870127118,LOSS,4.0,crypto
AXS-USD,SHORT,2025-07-22,2.894274950027466,3.2100085170228314,2.2628078160367346,1441,False,True,True,74.32,2025-08-01,2.2628078160367346,WIN,10.0,crypto
AXS-USD,SHORT,2025-09-14,2.5417580604553223,2.8070053128829313,2.011263555600104,1495,False,True,True,62.94,2025-10-10,2.011263555600104,WIN,26.0,crypto
AXS-USD,LONG,2025-10-12,1.7023119926452637,1.2770864603656102,2.5527630572045705,1523,False,False,False,25.79,2025-11-03,1.2770864603656102,LOSS,22.0,crypto
AXS-USD,LONG,2025-12-19,0.8750529885292053,0.7223113684630776,1.1805362286614607,1591,False,False,False,26.29,2026-01-14,1.1805362286614607,WIN,26.0,crypto
AXS-USD,SHORT,2026-01-15,1.0828020572662354,1.2627755946614307,0.7228549824758446,1618,False,True,True,74.21,2026-01-16,1.2627755946614307,LOSS,1.0,crypto
AXS-USD,SHORT,2026-01-19,1.6560360193252563,2.0218045654446914,0.9244989270863861,1622,False,True,True,78.0,2026-01-20,2.0218045654446914,LOSS,1.0,crypto
AXS-USD,LONG,2026-03-10,1.121878981590271,0.9163921650543665,1.53285261466208,1672,False,False,False,34.54,2026-04-25,1.53285261466208,WIN,46.0,crypto
AXS-USD,SHORT,2026-04-29,1.393375039100647,1.6186588373764275,0.942807442549086,1722,False,True,True,69.01,2026-06-05,0.942807442549086,WIN,37.0,crypto
AXS-USD,LONG,2026-06-07,0.943792998790741,0.780668071400301,1.2700428535716208,1761,False,False,False,23.51,,,OPEN,,crypto
BAND-USD,SHORT,2022-03-25,4.027670860290527,4.553148998197364,2.976714584476854,226,False,True,True,60.29,2022-03-27,4.553148998197364,LOSS,2.0,crypto
BAND-USD,SHORT,2022-03-28,4.319727897644043,4.881539506176316,3.196104680579497,229,False,True,True,67.59,2022-03-30,4.881539506176316,LOSS,2.0,crypto
BAND-USD,SHORT,2022-04-04,5.1672539710998535,5.882488007648477,3.7367858980026067,236,False,True,True,74.79,2022-04-11,3.7367858980026067,WIN,7.0,crypto
BAND-USD,LONG,2022-05-13,1.7270400524139404,1.024019858018114,3.1330804412055935,275,False,False,False,20.08,2022-10-13,1.024019858018114,LOSS,153.0,crypto
BAND-USD,LONG,2022-10-15,1.077038049697876,0.9578190702919686,1.3154760085096908,430,False,False,False,30.05,2022-11-03,1.3154760085096908,WIN,19.0,crypto
BAND-USD,SHORT,2022-11-07,2.4215939044952393,2.988355798550888,1.2880701163839419,453,False,False,False,85.79,2023-06-05,1.2880701163839419,WIN,210.0,crypto
BAND-USD,LONG,2023-06-11,1.0202770233154297,0.8591987467343796,1.34243357647753,669,False,False,False,23.01,2023-06-25,1.34243357647753,WIN,14.0,crypto
BAND-USD,SHORT,2023-06-26,1.2665079832077026,1.42149858411947,0.9565267813841678,684,False,False,False,58.75,2023-07-20,1.42149858411947,LOSS,24.0,crypto
BAND-USD,LONG,2023-08-18,1.0105199813842773,0.8899266697885034,1.2517066045758252,737,False,False,False,21.99,2023-10-15,1.2517066045758252,WIN,58.0,crypto
BAND-USD,SHORT,2023-10-17,1.3355220556259155,1.512822804889532,0.9809205570986825,797,False,False,False,73.01,2023-10-18,1.512822804889532,LOSS,1.0,crypto
BAND-USD,LONG,2023-11-22,1.405385971069336,1.1880766554910143,1.8400046022259793,833,False,False,False,40.58,2023-12-14,1.8400046022259793,WIN,22.0,crypto
BAND-USD,SHORT,2024-01-01,2.094360113143921,2.4113471242441444,1.4603860909434738,873,False,False,False,72.02,2024-01-02,2.4113471242441444,LOSS,1.0,crypto
BAND-USD,LONG,2024-01-10,1.7413909435272217,1.3667532446160056,2.490666341349654,882,False,False,False,39.32,2024-03-02,2.490666341349654,WIN,52.0,crypto
BAND-USD,SHORT,2024-03-03,2.393136978149414,2.661311432851892,1.856788068744458,935,False,False,False,78.6,2024-03-07,2.661311432851892,LOSS,4.0,crypto
BAND-USD,LONG,2024-03-20,2.0801620483398438,1.6232772614006912,2.993931622218149,952,False,True,True,34.9,2024-04-13,1.6232772614006912,LOSS,24.0,crypto
BAND-USD,LONG,2024-04-14,1.4978339672088623,1.1033591061490569,2.286783689328473,977,False,False,False,25.24,2024-06-18,1.1033591061490569,LOSS,65.0,crypto
BAND-USD,SHORT,2024-07-17,1.207726001739502,1.3694330355388353,0.8843119341408352,1071,False,False,False,55.94,2024-07-20,1.3694330355388353,LOSS,3.0,crypto
BAND-USD,SHORT,2024-07-22,1.389760971069336,1.5792364131446177,1.0108100869187724,1076,False,True,True,69.46,2024-07-27,1.5792364131446177,LOSS,5.0,crypto
BAND-USD,SHORT,2024-09-22,1.2309000492095947,1.3588595466628892,0.9749810543030057,1138,False,True,True,66.43,2024-11-03,0.9749810543030057,WIN,42.0,crypto
BAND-USD,SHORT,2024-11-12,1.2994869947433472,1.4593138831468662,0.9798332179363092,1189,False,False,False,65.98,2024-11-23,1.4593138831468662,LOSS,11.0,crypto
BAND-USD,SHORT,2024-12-01,1.8792959451675415,2.1083065446965477,1.4212747461095292,1208,False,False,False,78.21,2024-12-03,2.1083065446965477,LOSS,2.0,crypto
BAND-USD,SHORT,2024-12-04,2.181303024291992,2.4435043834390737,1.6569003059978291,1211,False,False,False,84.42,2024-12-09,1.6569003059978291,WIN,5.0,crypto
BAND-USD,LONG,2025-02-07,0.8808860182762146,0.6673636813285668,1.3079306921715101,1276,False,False,False,26.35,2025-04-02,0.6673636813285668,LOSS,54.0,crypto
BAND-USD,LONG,2025-04-07,0.6143519878387451,0.5030003732878556,0.8370552169405241,1335,False,False,False,26.34,2025-04-26,0.8370552169405241,WIN,19.0,crypto
BAND-USD,SHORT,2025-04-27,0.8190649747848511,0.903852919431787,0.6494890854909792,1355,False,True,True,72.66,2025-05-09,0.903852919431787,LOSS,12.0,crypto
BAND-USD,LONG,2025-06-23,0.5885189771652222,0.49962318159675323,0.76631056830216,1412,False,False,False,28.37,2025-07-20,0.76631056830216,WIN,27.0,crypto
BAND-USD,SHORT,2025-07-22,0.7860950231552124,0.8764571728372011,0.6053707237912349,1441,False,True,True,76.58,2025-08-02,0.6053707237912349,WIN,11.0,crypto
BAND-USD,SHORT,2025-08-24,1.0271769762039185,1.248484445769889,0.5845620370719775,1474,False,False,False,75.98,2025-10-10,0.5845620370719775,WIN,47.0,crypto
BAND-USD,LONG,2025-10-12,0.5491849780082703,0.4267667971394695,0.7940213397458717,1523,False,False,False,27.2,2025-11-04,0.4267667971394695,LOSS,23.0,crypto
BAND-USD,LONG,2025-11-22,0.37011200189590454,0.2956126610435296,0.5191106836006544,1564,False,False,False,28.23,2025-12-18,0.2956126610435296,LOSS,26.0,crypto
BAND-USD,SHORT,2026-01-07,0.349931001663208,0.3852478036431627,0.27929739770329864,1610,False,False,False,60.98,2026-01-25,0.27929739770329864,WIN,18.0,crypto
BAND-USD,LONG,2026-02-01,0.24694199860095978,0.21152431923857418,0.317777357325731,1635,False,False,False,21.7,2026-02-06,0.21152431923857418,LOSS,5.0,crypto
BAND-USD,SHORT,2026-03-15,0.23385000228881836,0.2642147325487509,0.1731205417689533,1677,False,False,False,55.86,2026-04-17,0.2642147325487509,LOSS,33.0,crypto
BAND-USD,SHORT,2026-04-18,0.2174309939146042,0.251023303546651,0.1502463746505106,1711,False,False,False,63.08,2026-05-11,0.251023303546651,LOSS,23.0,crypto
BAND-USD,SHORT,2026-05-12,0.24031400680541992,0.26319109087209713,0.1945598386720655,1735,False,True,True,70.11,2026-05-27,0.1945598386720655,WIN,15.0,crypto
BAND-USD,LONG,2026-06-26,0.14696399867534637,0.12793442397726848,0.18502314807150216,1780,False,False,False,25.37,,,OPEN,,crypto
BAT-USD,SHORT,2022-03-20,0.8205839991569519,0.9299410766334308,0.601869844203994,221,False,True,True,64.99,2022-03-31,0.9299410766334308,LOSS,11.0,crypto
BAT-USD,LONG,2022-05-10,0.4675140082836151,0.36182107089363397,0.6788998830635774,272,False,False,False,26.44,2022-05-11,0.36182107089363397,LOSS,1.0,crypto
BAT-USD,LONG,2022-05-13,0.38554298877716064,0.2634111169765881,0.6298067323783058,275,False,False,False,22.84,2022-06-14,0.2634111169765881,LOSS,32.0,crypto
BAT-USD,SHORT,2022-06-22,0.3646259903907776,0.44242474777298646,0.20902847562635984,315,False,False,False,51.6,2022-07-05,0.44242474777298646,LOSS,13.0,crypto
BAT-USD,SHORT,2022-08-13,0.4581499993801117,0.5094440554237207,0.3555618872928936,367,False,True,True,68.06,2022-08-20,0.3555618872928936,WIN,7.0,crypto
BAT-USD,LONG,2022-08-21,0.369488000869751,0.3188421991746936,0.47077960425986576,375,False,False,False,31.1,2022-09-06,0.3188421991746936,LOSS,16.0,crypto
BAT-USD,SHORT,2022-10-27,0.2854610085487366,0.309594014761676,0.23719499612285777,442,False,False,False,50.87,2022-10-29,0.309594014761676,LOSS,2.0,crypto
BAT-USD,SHORT,2022-10-31,0.29658299684524536,0.3215719744214077,0.24660504169292063,446,False,False,False,53.98,2022-11-02,0.3215719744214077,LOSS,2.0,crypto
BAT-USD,SHORT,2022-11-06,0.31685200333595276,0.35003789392993434,0.2504802221479896,452,False,True,True,67.58,2022-11-09,0.2504802221479896,WIN,3.0,crypto
BAT-USD,LONG,2022-12-20,0.18900799751281738,0.1685919765050714,0.22984003952830934,496,False,False,False,23.32,2022-12-28,0.1685919765050714,LOSS,8.0,crypto
BAT-USD,SHORT,2023-01-17,0.22971700131893158,0.24972285121503116,0.18970530152673243,524,False,True,True,75.37,2023-01-19,0.24972285121503116,LOSS,2.0,crypto
BAT-USD,LONG,2023-02-26,0.31132298707962036,0.27390700898569487,0.38615494326747135,564,False,False,False,50.2,2023-03-03,0.27390700898569487,LOSS,5.0,crypto
BAT-USD,LONG,2023-03-12,0.22543799877166748,0.18988085927232284,0.29655227777035675,578,False,False,False,27.4,2023-04-01,0.29655227777035675,WIN,20.0,crypto
BAT-USD,SHORT,2023-04-02,0.26450100541114807,0.3027872917254146,0.18792843278261506,599,False,True,True,61.1,2023-04-05,0.3027872917254146,LOSS,3.0,crypto
BAT-USD,LONG,2023-04-22,0.2538529932498932,0.223581994309909,0.3143949911298616,619,False,False,False,38.52,2023-05-08,0.223581994309909,LOSS,16.0,crypto
BAT-USD,LONG,2023-05-09,0.21806000173091888,0.19540448194839508,0.2633710412959665,636,False,False,False,29.33,2023-06-08,0.19540448194839508,LOSS,30.0,crypto
BAT-USD,LONG,2023-06-15,0.1678760051727295,0.15066777605782505,0.20229246340253837,673,False,False,False,20.66,2023-06-25,0.20229246340253837,WIN,10.0,crypto
BAT-USD,LONG,2023-08-20,0.1756560057401657,0.15649392606099055,0.21398016509851603,739,False,False,False,32.73,2023-11-01,0.21398016509851603,WIN,73.0,crypto
BAT-USD,LONG,2023-11-23,0.21098700165748596,0.185520612109308,0.26191978075384187,834,False,False,False,46.12,2023-12-25,0.26191978075384187,WIN,32.0,crypto
BAT-USD,LONG,2024-01-08,0.24247199296951294,0.20839468274049586,0.3106266134275471,880,False,False,False,40.28,2024-01-23,0.20839468274049586,LOSS,15.0,crypto
BAT-USD,SHORT,2024-02-13,0.23411999642848969,0.2531556968011943,0.19604859568308042,916,False,False,False,58.95,2024-02-18,0.2531556968011943,LOSS,5.0,crypto
BAT-USD,SHORT,2024-02-20,0.2524870038032532,0.2739701147061117,0.2095207819975361,923,False,False,False,74.54,2024-02-28,0.2739701147061117,LOSS,8.0,crypto
BAT-USD,SHORT,2024-03-03,0.31688299775123596,0.353279202580703,0.24409058809230189,935,False,False,False,86.04,2024-03-07,0.353279202580703,LOSS,4.0,crypto
BAT-USD,LONG,2024-03-20,0.30110400915145874,0.2429274696546116,0.41745708814515303,952,False,False,False,37.79,2024-04-13,0.2429274696546116,LOSS,24.0,crypto
BAT-USD,LONG,2024-04-14,0.2592430114746094,0.20186680889757302,0.3739954166286821,977,False,False,False,31.23,2024-06-17,0.20186680889757302,LOSS,64.0,crypto
BAT-USD,LONG,2024-06-19,0.18747800588607788,0.16286495995735017,0.2367040977435333,1043,False,False,False,24.86,2024-07-05,0.16286495995735017,LOSS,16.0,crypto
BAT-USD,SHORT,2024-07-18,0.188619002699852,0.20696614209336148,0.15192472391283302,1072,False,False,False,57.03,2024-07-24,0.20696614209336148,LOSS,6.0,crypto
BAT-USD,SHORT,2024-08-25,0.18781399726867676,0.20531608789188635,0.15280981602225757,1110,False,True,True,65.49,2024-09-06,0.15280981602225757,WIN,12.0,crypto
BAT-USD,SHORT,2024-09-22,0.18745000660419464,0.20319065871953862,0.15596870237350668,1138,False,True,True,71.65,2024-11-02,0.15596870237350668,WIN,41.0,crypto
BAT-USD,SHORT,2024-11-13,0.18734300136566162,0.2080899119104347,0.1458491802761155,1190,False,True,True,70.17,2024-11-16,0.2080899119104347,LOSS,3.0,crypto
BAT-USD,SHORT,2024-11-17,0.19648300111293793,0.2221220207352578,0.14520496186829818,1194,False,False,False,71.54,2024-11-18,0.2221220207352578,LOSS,1.0,crypto
BAT-USD,LONG,2024-12-11,0.2908779978752136,0.2301094229771605,0.41241514767131987,1218,False,False,False,45.0,2024-12-19,0.2301094229771605,LOSS,8.0,crypto
BAT-USD,LONG,2024-12-20,0.22543099522590637,0.16933475453735763,0.33762347660300385,1227,False,True,True,34.87,2025-02-03,0.16933475453735763,LOSS,45.0,crypto
BAT-USD,LONG,2025-02-07,0.17166699469089508,0.13302299475411997,0.2489549945644453,1276,False,False,False,27.62,2025-03-31,0.13302299475411997,LOSS,52.0,crypto
BAT-USD,SHORT,2025-04-27,0.1450819969177246,0.1594345836262856,0.11637682350060263,1355,False,True,True,67.76,2025-05-09,0.1594345836262856,LOSS,12.0,crypto
BAT-USD,LONG,2025-05-31,0.12938299775123596,0.11254697008227048,0.16305505308916693,1389,False,False,False,34.38,2025-06-22,0.11254697008227048,LOSS,22.0,crypto
BAT-USD,LONG,2025-06-23,0.12281999737024307,0.10894577388593064,0.15056844433886793,1412,True,False,False,27.96,2025-07-12,0.15056844433886793,WIN,19.0,crypto
BAT-USD,SHORT,2025-07-16,0.15666499733924866,0.17027202772157707,0.12945093657459184,1435,False,True,True,74.25,2025-07-20,0.17027202772157707,LOSS,4.0,crypto
BAT-USD,SHORT,2025-09-14,0.15852099657058716,0.17276431441506365,0.13003436088163417,1495,False,False,False,60.98,2025-10-09,0.17276431441506365,LOSS,25.0,crypto
BAT-USD,SHORT,2025-10-10,0.1341329962015152,0.15810069069277552,0.08619760721899455,1521,False,False,False,66.75,2025-10-12,0.15810069069277552,LOSS,2.0,crypto
BAT-USD,SHORT,2025-10-14,0.20039300620555878,0.2393200481023314,0.12253892241201353,1525,False,False,False,70.03,2025-11-10,0.2393200481023314,LOSS,27.0,crypto
BAT-USD,LONG,2025-11-15,0.17853300273418427,0.13531052106834776,0.2649779660658573,1557,False,True,True,39.82,2025-11-28,0.2649779660658573,WIN,13.0,crypto
BAT-USD,SHORT,2025-11-29,0.2675980031490326,0.31319817628844787,0.17639765687020204,1571,False,False,False,75.28,2026-01-25,0.17639765687020204,WIN,57.0,crypto
BAT-USD,LONG,2026-01-26,0.17439599335193634,0.14595521053009458,0.23127755899561986,1629,False,False,False,30.32,2026-01-30,0.14595521053009458,LOSS,4.0,crypto
BAT-USD,LONG,2026-02-04,0.12102299928665161,0.09477090324154067,0.1735271913768735,1638,False,False,False,19.07,2026-03-08,0.09477090324154067,LOSS,32.0,crypto
BAT-USD,SHORT,2026-03-18,0.10172300040721893,0.1136872748654508,0.0777944514907552,1680,False,False,False,49.32,2026-03-24,0.1136872748654508,LOSS,6.0,crypto
BAT-USD,SHORT,2026-03-26,0.10157699882984161,0.11536420500964929,0.07400258647022626,1688,False,False,False,55.83,2026-05-28,0.11536420500964929,LOSS,63.0,crypto
BAT-USD,SHORT,2026-05-31,0.1172569990158081,0.13145146168362712,0.08886807368017008,1754,False,True,True,69.31,2026-06-05,0.08886807368017008,WIN,5.0,crypto
BAT-USD,LONG,2026-06-06,0.08290600031614304,0.06636347676447267,0.11599104741948377,1760,False,False,False,32.19,2026-07-29,0.06636347676447267,LOSS,53.0,crypto
BAT-USD,LONG,2026-08-01,0.06527400016784668,0.05904139941142593,0.07773920168068818,1816,False,False,False,20.2,,,OPEN,,crypto
BCH-USD,SHORT,2022-03-24,366.1062927246094,403.67897475822264,290.96092865738285,225,False,True,True,66.98,2022-04-30,290.96092865738285,WIN,37.0,crypto
BCH-USD,LONG,2022-05-10,231.91481018066406,194.87427308264753,305.9958843766971,272,False,False,False,24.9,2022-05-11,194.87427308264753,LOSS,1.0,crypto
BCH-USD,LONG,2022-05-13,202.2874298095703,152.85908337893596,301.144122670839,275,False,False,False,23.48,2022-06-12,152.85908337893596,LOSS,30.0,crypto
BCH-USD,LONG,2022-06-17,120.93612670898438,92.31820524631823,178.17196963431667,310,False,False,False,19.78,2022-11-09,92.31820524631823,LOSS,145.0,crypto
BCH-USD,LONG,2022-11-10,102.8276596069336,88.23173408211936,132.01951065656206,456,False,False,False,27.43,2023-01-21,132.01951065656206,WIN,72.0,crypto
BCH-USD,LONG,2023-02-13,123.85804748535156,113.97405541914343,143.62603161776784,551,False,True,False,41.5,2023-02-20,143.62603161776784,WIN,7.0,crypto
BCH-USD,LONG,2023-03-10,111.6947250366211,100.38683745830613,134.31050019325102,576,False,False,False,26.4,2023-03-14,134.31050019325102,WIN,4.0,crypto
BCH-USD,SHORT,2023-04-15,132.8057861328125,141.39578267391371,115.62579305061007,612,False,False,False,60.38,2023-04-26,115.62579305061007,WIN,11.0,crypto
BCH-USD,LONG,2023-06-06,114.7855453491211,108.02809666791308,128.30044271153713,664,False,False,False,35.89,2023-06-10,108.02809666791308,LOSS,4.0,crypto
BCH-USD,LONG,2023-06-13,105.27336883544922,97.4310378074546,120.95803089143845,671,False,False,False,32.32,2023-06-21,120.95803089143845,WIN,8.0,crypto
BCH-USD,SHORT,2023-06-25,195.39999389648438,221.44423353052585,143.31151462840143,683,False,False,False,90.32,2023-06-26,221.44423353052585,LOSS,1.0,crypto
BCH-USD,SHORT,2023-06-27,230.1822509765625,260.48693394430944,169.57288504106862,685,False,False,False,81.7,2023-06-30,260.48693394430944,LOSS,3.0,crypto
BCH-USD,LONG,2023-08-20,188.9172821044922,166.5429706595002,233.66590499447614,739,False,True,True,25.41,2023-09-27,233.66590499447614,WIN,38.0,crypto
BCH-USD,SHORT,2023-09-29,235.29722595214844,255.00966111764492,195.87235562115546,779,False,False,False,70.69,2023-10-02,255.00966111764492,LOSS,3.0,crypto
BCH-USD,LONG,2023-11-22,224.07984924316406,204.34293330676337,263.55368111596545,833,False,True,True,32.35,2023-12-27,263.55368111596545,WIN,35.0,crypto
BCH-USD,SHORT,2024-02-10,247.73220825195312,264.3803596749275,214.4359054060044,913,False,False,False,59.41,2024-02-11,264.3803596749275,LOSS,1.0,crypto
BCH-USD,SHORT,2024-02-13,270.8520812988281,293.88607078467913,224.7841023271261,916,False,False,False,73.98,2024-02-27,293.88607078467913,LOSS,14.0,crypto
BCH-USD,SHORT,2024-03-03,469.36279296875,529.7570885025129,348.5742019012241,935,False,False,False,93.26,2024-03-27,529.7570885025129,LOSS,24.0,crypto
BCH-USD,LONG,2024-04-14,527.90087890625,407.81798881818594,768.0666590823781,977,False,False,False,38.62,2024-05-01,407.81798881818594,LOSS,17.0,crypto
BCH-USD,SHORT,2024-05-16,444.84912109375,501.16419408203427,332.21897511718146,1009,False,True,False,50.16,2024-05-20,501.16419408203427,LOSS,4.0,crypto
BCH-USD,SHORT,2024-05-22,498.79437255859375,553.4971756838062,389.3887663081689,1015,False,False,False,61.94,2024-06-18,389.3887663081689,WIN,27.0,crypto
BCH-USD,LONG,2024-06-20,389.8619384765625,347.0039668533211,475.57788172304527,1044,False,False,False,27.38,2024-06-24,347.0039668533211,LOSS,4.0,crypto
BCH-USD,SHORT,2024-07-16,387.09423828125,434.41817262092536,292.4463696018993,1070,False,False,False,58.81,2024-07-29,434.41817262092536,LOSS,13.0,crypto
BCH-USD,SHORT,2024-07-30,432.6112060546875,479.5159701722103,338.8016778196419,1084,False,False,False,67.35,2024-08-04,338.8016778196419,WIN,5.0,crypto
BCH-USD,SHORT,2024-10-15,354.6675720214844,387.0455607028623,289.9115946587285,1161,False,True,True,67.09,2024-10-29,387.0455607028623,LOSS,14.0,crypto
BCH-USD,SHORT,2024-11-12,434.3050231933594,487.7509607370847,327.4131481059087,1189,False,False,False,77.21,2024-11-21,487.7509607370847,LOSS,9.0,crypto
BCH-USD,LONG,2024-12-11,547.3112182617188,454.16048753344603,733.6126797182642,1218,False,False,False,48.29,2024-12-19,454.16048753344603,LOSS,8.0,crypto
BCH-USD,LONG,2024-12-21,456.0484619140625,371.45838223006666,625.2286212820542,1228,False,True,True,35.95,2025-02-02,371.45838223006666,LOSS,43.0,crypto
BCH-USD,LONG,2025-02-08,323.50653076171875,266.7332108258857,437.05317063338487,1277,False,False,False,26.35,2025-04-06,266.7332108258857,LOSS,57.0,crypto
BCH-USD,SHORT,2025-04-14,323.5287780761719,372.0557060299636,226.47492216858848,1342,False,False,False,60.1,2025-04-25,372.0557060299636,LOSS,11.0,crypto
BCH-USD,LONG,2025-06-06,396.12689208984375,358.4267950198117,471.5270862299078,1395,False,False,False,42.34,2025-06-16,471.5270862299078,WIN,10.0,crypto
BCH-USD,SHORT,2025-06-20,473.8587646484375,522.9304995918624,375.71529476158776,1409,False,False,False,71.69,2025-07-01,522.9304995918624,LOSS,11.0,crypto
BCH-USD,SHORT,2025-07-28,571.1161499023438,625.384011708433,462.5804262901652,1447,False,False,False,72.22,2025-08-13,625.384011708433,LOSS,16.0,crypto
BCH-USD,LONG,2025-08-20,560.5867309570312,509.71849138667744,662.3232100977389,1470,False,False,False,44.27,2025-10-10,509.71849138667744,LOSS,51.0,crypto
BCH-USD,LONG,2025-10-12,541.6370239257812,480.92857961824734,663.0539125408491,1523,False,True,True,30.34,2025-10-17,480.92857961824734,LOSS,5.0,crypto
BCH-USD,SHORT,2025-12-20,592.2434692382812,661.5432315475612,453.6439446197214,1592,False,False,False,64.51,2026-01-03,661.5432315475612,LOSS,14.0,crypto
BCH-USD,SHORT,2026-01-04,639.0763549804688,695.4297905114463,526.3694839185137,1607,False,False,False,66.53,2026-01-31,526.3694839185137,WIN,27.0,crypto
BCH-USD,LONG,2026-02-01,515.9072875976562,462.6425968649478,622.4366690630732,1635,False,False,False,28.15,2026-02-05,462.6425968649478,LOSS,4.0,crypto
BCH-USD,SHORT,2026-05-07,450.0602722167969,476.9387104815685,396.30339568725367,1730,False,False,False,59.65,2026-05-18,396.30339568725367,WIN,11.0,crypto
BCH-USD,LONG,2026-05-21,380.53485107421875,350.03349752296396,441.53755817672834,1744,False,False,False,23.5,2026-05-23,350.03349752296396,LOSS,2.0,crypto
BCH-USD,SHORT,2026-07-07,239.4724578857422,265.2799964614575,187.85738073431162,1791,False,False,False,62.01,,,OPEN,,crypto
BNB-USD,SHORT,2022-03-25,410.8111572265625,442.64528976356905,347.1428921525494,226,False,True,True,61.47,2022-03-30,442.64528976356905,LOSS,5.0,crypto
BNB-USD,SHORT,2022-03-31,428.9161071777344,461.60326043052527,363.5418006721526,232,False,True,True,70.98,2022-05-07,363.5418006721526,WIN,37.0,crypto
BNB-USD,LONG,2022-05-10,319.32696533203125,276.1092099015932,405.76247619290734,272,False,False,False,24.07,2022-05-11,276.1092099015932,LOSS,1.0,crypto
BNB-USD,LONG,2022-05-13,290.5841979980469,232.95880347551315,405.8349870431143,275,False,False,False,24.96,2022-06-13,232.95880347551315,LOSS,31.0,crypto
BNB-USD,LONG,2022-06-15,233.39671325683594,192.24396669124542,315.702206388017,308,False,False,False,21.85,2022-06-18,192.24396669124542,LOSS,3.0,crypto
BNB-USD,SHORT,2022-07-20,258.33880615234375,284.10363588851413,206.80914668000298,343,False,True,True,67.02,2022-07-29,284.10363588851413,LOSS,9.0,crypto
BNB-USD,LONG,2022-08-21,302.0562744140625,273.36614153441366,359.4365401733602,375,False,True,False,40.28,2022-08-29,273.36614153441366,LOSS,8.0,crypto
BNB-USD,SHORT,2022-10-05,294.1376647949219,313.5781840375748,255.25662630961608,420,False,True,True,64.1,2022-10-30,313.5781840375748,LOSS,25.0,crypto
BNB-USD,SHORT,2022-11-02,320.1505432128906,342.0185674337726,276.41449477112667,448,False,False,False,78.35,2022-11-04,342.0185674337726,LOSS,2.0,crypto
BNB-USD,SHORT,2022-11-05,349.25372314453125,375.0482747450034,297.6646199435869,451,False,False,False,83.15,2022-11-08,375.0482747450034,LOSS,3.0,crypto
BNB-USD,LONG,2022-12-17,242.52928161621094,214.22941318631345,299.1290184760059,493,False,False,False,23.5,2023-01-14,299.1290184760059,WIN,28.0,crypto
BNB-USD,SHORT,2023-01-15,302.0706481933594,320.739238038701,264.73346850267615,522,False,False,False,79.0,2023-01-24,320.739238038701,LOSS,9.0,crypto
BNB-USD,LONG,2023-02-12,312.9296569824219,289.55272927325444,359.68351240075674,550,False,False,False,50.24,2023-02-13,289.55272927325444,LOSS,1.0,crypto
BNB-USD,LONG,2023-02-15,317.1692199707031,289.84113193566156,371.82539604078625,553,True,False,False,42.08,2023-03-03,289.84113193566156,LOSS,16.0,crypto
BNB-USD,SHORT,2023-03-18,331.5242919921875,357.45276715126124,279.66734167404,584,False,False,False,72.76,2023-06-05,279.66734167404,WIN,79.0,crypto
BNB-USD,LONG,2023-06-13,243.89053344726562,222.4231193252287,286.8253616913395,671,True,False,False,15.89,2023-08-17,222.4231193252287,LOSS,65.0,crypto
BNB-USD,LONG,2023-08-23,216.3992919921875,205.09677012539208,239.00433572577833,742,True,False,False,19.61,2023-09-11,205.09677012539208,LOSS,19.0,crypto
BNB-USD,SHORT,2023-10-02,214.7579345703125,223.27314884779867,197.72750601534017,782,False,False,False,58.09,2023-10-23,223.27314884779867,LOSS,21.0,crypto
BNB-USD,SHORT,2023-10-25,222.179931640625,233.00152982036818,200.53673528113865,805,False,True,True,66.41,2023-11-02,233.00152982036818,LOSS,8.0,crypto
BNB-USD,SHORT,2023-11-07,246.39529418945312,260.2912480544817,218.603386459396,818,False,False,False,83.49,2023-11-20,260.2912480544817,LOSS,13.0,crypto
BNB-USD,LONG,2023-11-22,236.1365966796875,213.1275129816891,282.1547640756843,833,False,True,False,40.59,2023-12-26,282.1547640756843,WIN,34.0,crypto
BNB-USD,SHORT,2023-12-29,313.8787536621094,340.23923882275585,261.1577833408164,870,False,False,False,83.77,2024-02-15,340.23923882275585,LOSS,48.0,crypto
BNB-USD,SHORT,2024-02-17,352.9081115722656,374.9647120490618,308.79491061867327,920,False,False,False,78.69,2024-02-21,374.9647120490618,LOSS,4.0,crypto
BNB-USD,SHORT,2024-03-14,602.9887084960938,665.7289372281007,477.5082510320799,946,False,False,False,88.1,2024-06-04,665.7289372281007,LOSS,82.0,crypto
BNB-USD,SHORT,2024-06-07,683.3609619140625,730.3074606503404,589.4679644415066,1031,False,False,False,81.8,2024-06-18,589.4679644415066,WIN,11.0,crypto
BNB-USD,SHORT,2024-07-17,568.9127197265625,617.473583454484,471.79099227071947,1071,False,False,False,56.36,2024-08-05,471.79099227071947,WIN,19.0,crypto
BNB-USD,LONG,2024-08-06,484.3238220214844,428.22707590770534,596.5173142490424,1091,False,False,False,23.76,2024-08-23,596.5173142490424,WIN,17.0,crypto
BNB-USD,LONG,2024-11-05,563.612060546875,528.7050575356075,633.4260665694101,1182,False,True,True,37.08,2024-11-09,633.4260665694101,WIN,4.0,crypto
BNB-USD,SHORT,2024-11-12,627.0038452148438,677.0934028652249,526.8247299140814,1189,False,False,False,73.38,2024-11-23,677.0934028652249,LOSS,11.0,crypto
BNB-USD,SHORT,2024-12-04,739.2527465820312,815.7197705043623,586.3186987373692,1211,False,False,False,74.64,2025-02-03,586.3186987373692,WIN,61.0,crypto
BNB-USD,LONG,2025-02-07,578.0668334960938,517.8545380720225,698.4914243442363,1276,False,False,False,23.9,2025-02-12,698.4914243442363,WIN,5.0,crypto
BNB-USD,SHORT,2025-02-13,668.2775268554688,744.2004731851363,516.4316341961337,1282,False,False,False,63.5,2025-03-11,516.4316341961337,WIN,26.0,crypto
BNB-USD,SHORT,2025-04-23,605.8150024414062,641.6066885003042,534.2316303236103,1351,False,True,True,62.33,2025-05-09,641.6066885003042,LOSS,16.0,crypto
BNB-USD,SHORT,2025-05-11,650.6254272460938,685.204694339699,581.4668930588832,1369,False,False,False,73.88,2025-05-12,685.204694339699,LOSS,1.0,crypto
BNB-USD,LONG,2025-06-06,643.4342041015625,604.9331943122367,720.4362236802142,1395,False,False,False,40.71,2025-06-22,604.9331943122367,LOSS,16.0,crypto
BNB-USD,LONG,2025-06-23,641.2962036132812,605.7934658420038,712.3016791558362,1412,False,True,True,31.41,2025-07-16,712.3016791558362,WIN,23.0,crypto
BNB-USD,SHORT,2025-07-23,776.6404418945312,822.566730096876,684.7878654898418,1442,False,False,False,87.95,2025-07-27,822.566730096876,LOSS,4.0,crypto
BNB-USD,SHORT,2025-09-18,981.835205078125,1032.072729731308,881.3601557717589,1499,False,False,False,77.08,2025-09-20,1032.072729731308,LOSS,2.0,crypto
BNB-USD,SHORT,2025-09-22,993.0140380859375,1056.1342477786466,866.7736187005194,1503,True,False,False,81.36,2025-10-02,1056.1342477786466,LOSS,10.0,crypto
BNB-USD,LONG,2025-10-18,1093.1524658203125,913.025937735515,1453.4055219899076,1529,False,False,False,45.35,2025-11-04,913.025937735515,LOSS,17.0,crypto
BNB-USD,SHORT,2025-12-04,900.0661010742188,989.0567190801769,722.0848650623025,1576,False,True,False,52.26,2026-02-04,722.0848650623025,WIN,62.0,crypto
BNB-USD,LONG,2026-02-06,657.4215087890625,568.810082773646,834.6443608198956,1640,False,False,False,15.61,2026-06-05,568.810082773646,LOSS,119.0,crypto
BNB-USD,LONG,2026-06-07,603.6289672851562,546.6993680700098,717.4881657154492,1761,False,False,False,32.71,2026-06-25,546.6993680700098,LOSS,18.0,crypto
BNB-USD,SHORT,2026-07-07,576.7965698242188,613.6297441434068,503.13022118584263,1791,False,False,False,52.32,,,OPEN,,crypto
BNT-USD,SHORT,2022-03-20,2.3561720848083496,2.5574762222147567,1.9535638099955355,221,False,False,False,56.97,2022-03-24,2.5574762222147567,LOSS,4.0,crypto
BNT-USD,SHORT,2022-03-25,2.570552110671997,2.75993617546866,2.191783981078671,226,False,True,True,66.31,2022-03-28,2.75993617546866,LOSS,3.0,crypto
BNT-USD,SHORT,2022-03-30,2.7759830951690674,2.9558128464787505,2.416323592549701,231,False,True,True,72.48,2022-04-11,2.416323592549701,WIN,12.0,crypto
BNT-USD,LONG,2022-04-12,2.2618329524993896,2.06662335070679,2.6522521560845886,244,False,False,False,32.32,2022-04-29,2.06662335070679,LOSS,17.0,crypto
BNT-USD,LONG,2022-05-10,1.6127959489822388,1.3977478761771347,2.042892094592447,272,False,False,False,19.55,2022-05-11,1.3977478761771347,LOSS,1.0,crypto
BNT-USD,LONG,2022-05-13,1.4112930297851562,1.1400508203474018,1.9537774486606652,275,False,False,False,16.9,2022-06-11,1.1400508203474018,LOSS,29.0,crypto
BNT-USD,LONG,2022-06-19,0.5254939794540405,0.3177188251517847,0.9410442880585522,312,False,False,False,13.39,2022-12-31,0.3177188251517847,LOSS,195.0,crypto
BNT-USD,SHORT,2023-01-02,0.3582729995250702,0.40182628002214693,0.2711664385309167,509,False,False,False,58.83,2023-01-14,0.40182628002214693,LOSS,12.0,crypto
BNT-USD,SHORT,2023-01-16,0.4076730012893677,0.4459304059658035,0.331158191936496,523,False,True,True,74.9,2023-02-02,0.4459304059658035,LOSS,17.0,crypto
BNT-USD,LONG,2023-02-14,0.4362959861755371,0.3959299592920686,0.5170280399424741,552,False,True,False,47.45,2023-02-21,0.5170280399424741,WIN,7.0,crypto
BNT-USD,LONG,2023-03-05,0.4450399875640869,0.4028098837528724,0.5295001951865159,571,False,False,False,42.9,2023-03-09,0.4028098837528724,LOSS,4.0,crypto
BNT-USD,LONG,2023-03-11,0.3970069885253906,0.3536908933712124,0.4836391788337471,577,False,False,False,29.04,2023-03-16,0.4836391788337471,WIN,5.0,crypto
BNT-USD,LONG,2023-04-22,0.4858410060405731,0.4257608634523035,0.6060012912171123,619,False,False,False,33.49,2023-05-08,0.4257608634523035,LOSS,16.0,crypto
BNT-USD,SHORT,2023-05-29,0.4168910086154938,0.45180809403597644,0.34705683777452845,656,False,False,False,45.73,2023-06-10,0.34705683777452845,WIN,12.0,crypto
BNT-USD,SHORT,2023-06-22,0.3794099986553192,0.4157929087927243,0.30664417838050906,680,False,False,False,51.11,2023-07-04,0.4157929087927243,LOSS,12.0,crypto
BNT-USD,LONG,2023-08-04,0.5496039986610413,0.49021425689135145,0.6683834822004209,723,True,False,False,37.86,2023-08-09,0.6683834822004209,WIN,5.0,crypto
BNT-USD,SHORT,2023-09-16,0.4283910095691681,0.4875122835701796,0.31014846156714504,766,False,True,True,57.1,2023-10-08,0.4875122835701796,LOSS,22.0,crypto
BNT-USD,SHORT,2023-10-10,0.4995799958705902,0.5868357076106682,0.3250685723904343,790,False,False,False,67.45,2023-10-16,0.5868357076106682,LOSS,6.0,crypto
BNT-USD,SHORT,2023-11-13,0.8635299801826477,1.2293034130471,0.13198311445374333,824,True,False,False,94.55,,,OPEN,,crypto
BTC-USD,SHORT,2022-03-30,47062.6640625,50125.93145984373,40936.12926781255,231,False,False,False,71.86,2022-04-11,40936.12926781255,WIN,12.0,crypto
BTC-USD,LONG,2022-04-12,40127.18359375,36920.1815116404,46541.18775796919,244,False,False,False,33.76,2022-05-05,36920.1815116404,LOSS,23.0,crypto
BTC-USD,LONG,2022-05-13,29283.103515625,25114.73550032894,37619.83954621712,275,False,False,False,24.39,2022-06-13,25114.73550032894,LOSS,31.0,crypto
BTC-USD,LONG,2022-06-17,20471.482421875,17052.63974457649,27309.167776472023,310,False,False,False,20.93,2022-11-09,17052.63974457649,LOSS,145.0,crypto
BTC-USD,LONG,2022-11-10,17586.771484375,15655.05379169902,21450.20686972696,456,False,False,False,23.1,2022-11-21,15655.05379169902,LOSS,11.0,crypto
BTC-USD,SHORT,2022-12-15,17364.865234375,18240.292933655586,15614.009835813828,491,False,False,False,60.82,2023-01-12,18240.292933655586,LOSS,28.0,crypto
BTC-USD,SHORT,2023-01-17,21161.51953125,22077.750194466054,19329.05820481789,524,False,False,False,89.47,2023-01-20,22077.750194466054,LOSS,3.0,crypto
BTC-USD,LONG,2023-02-12,21788.203125,20608.47130305877,24147.66676888246,550,False,False,False,46.9,2023-02-15,24147.66676888246,WIN,3.0,crypto
BTC-USD,LONG,2023-03-11,20632.41015625,19186.49156662686,23524.24733549628,577,False,False,False,26.4,2023-03-13,23524.24733549628,WIN,2.0,crypto
BTC-USD,LONG,2023-04-25,28307.59765625,26436.233383092665,32050.32620256467,622,True,False,False,42.79,2023-05-12,26436.233383092665,LOSS,17.0,crypto
BTC-USD,SHORT,2023-06-25,30480.26171875,32373.82727166487,26693.130612920257,683,False,False,False,72.39,2023-08-17,26693.130612920257,WIN,53.0,crypto
BTC-USD,LONG,2023-08-22,26031.65625,24734.741859050035,28625.48503189993,741,False,False,False,19.94,2023-10-16,28625.48503189993,WIN,55.0,crypto
BTC-USD,SHORT,2023-10-26,34156.6484375,36340.40326024027,29789.138792019454,806,False,False,False,88.84,2023-11-09,36340.40326024027,LOSS,14.0,crypto
BTC-USD,LONG,2023-11-22,37432.33984375,34901.98200652732,42493.05551819535,833,False,False,False,52.22,2023-12-05,42493.05551819535,WIN,13.0,crypto
BTC-USD,LONG,2024-01-15,42511.96875,38526.37725870326,50483.151732593484,887,False,False,False,41.86,2024-01-23,38526.37725870326,LOSS,8.0,crypto
BTC-USD,SHORT,2024-02-15,51938.5546875,55082.08348840985,45651.4970856803,918,False,False,False,82.57,2024-02-27,55082.08348840985,LOSS,12.0,crypto
BTC-USD,LONG,2024-03-20,67913.671875,59954.00003494955,83833.0155551009,952,False,False,False,45.45,2024-04-17,59954.00003494955,LOSS,28.0,crypto
BTC-USD,LONG,2024-04-18,63512.75390625,56255.63622036312,78026.98927802376,981,False,True,True,37.8,2024-07-05,56255.63622036312,LOSS,78.0,crypto
BTC-USD,SHORT,2024-07-18,63974.06640625,68648.69764501606,54624.80392871788,1072,False,False,False,59.63,2024-07-27,68648.69764501606,LOSS,9.0,crypto
BTC-USD,SHORT,2024-11-12,87955.8125,94275.28502873334,75316.86744253332,1189,False,False,False,85.24,2024-11-20,94275.28502873334,LOSS,8.0,crypto
BTC-USD,LONG,2024-12-21,97224.7265625,88669.72759690088,114334.72449369825,1228,False,False,False,49.0,2025-02-25,88669.72759690088,LOSS,66.0,crypto
BTC-USD,LONG,2025-03-01,86031.9140625,78406.7760065716,101282.1901743568,1298,False,True,True,24.28,2025-03-10,78406.7760065716,LOSS,9.0,crypto
BTC-USD,SHORT,2025-04-27,93754.84375,99718.43758892136,81827.65607215729,1355,False,False,False,70.36,2025-05-08,99718.43758892136,LOSS,11.0,crypto
BTC-USD,LONG,2025-06-01,105652.1015625,100085.44524571867,116785.41419606266,1390,False,False,False,50.82,2025-06-22,100085.44524571867,LOSS,21.0,crypto
BTC-USD,SHORT,2025-07-15,117777.1875,123439.08679645139,106453.38890709722,1434,False,False,False,77.21,2025-08-13,123439.08679645139,LOSS,29.0,crypto
BTC-USD,SHORT,2025-10-04,122425.4296875,127527.70450307716,112220.88005634569,1515,False,False,False,70.06,2025-10-10,112220.88005634569,WIN,6.0,crypto
BTC-USD,LONG,2025-11-15,95549.1484375,87473.61461889568,111700.21607470865,1557,False,False,False,29.22,2025-11-20,87473.61461889568,LOSS,5.0,crypto
BTC-USD,LONG,2025-11-22,84648.359375,76030.23307588095,101884.61197323809,1564,False,False,False,22.55,2026-01-31,76030.23307588095,LOSS,70.0,crypto
BTC-USD,LONG,2026-02-02,78688.765625,72280.26173100444,91505.77341299111,1636,False,False,False,22.22,2026-02-04,72280.26173100444,LOSS,2.0,crypto
BTC-USD,LONG,2026-02-06,70555.390625,61361.048565030665,88944.07474493867,1640,False,False,False,14.84,2026-06-04,61361.048565030665,LOSS,118.0,crypto
BTC-USD,LONG,2026-06-06,60867.4140625,55969.103775658004,70664.03463618399,1760,False,False,False,14.09,,,OPEN,,crypto
CAKE-USD,SHORT,2022-03-18,6.394567966461182,7.333446662665036,4.516810574053473,219,False,False,False,54.59,2022-03-25,7.333446662665036,LOSS,7.0,crypto
CAKE-USD,SHORT,2022-03-31,8.800233840942383,9.832766646253766,6.735168230319616,232,False,True,True,76.1,2022-04-03,9.832766646253766,LOSS,3.0,crypto
CAKE-USD,LONG,2022-04-27,7.5684428215026855,6.435041268465904,9.83524592757625,259,False,False,False,38.71,2022-05-09,6.435041268465904,LOSS,12.0,crypto
CAKE-USD,LONG,2022-05-13,4.327922821044922,2.877544056697724,7.228680349739317,275,False,False,False,21.22,2022-06-15,2.877544056697724,LOSS,33.0,crypto
CAKE-USD,LONG,2022-06-17,2.925666093826294,2.235649132582495,4.305700016313891,310,False,False,False,23.06,2022-08-07,4.305700016313891,WIN,51.0,crypto
CAKE-USD,LONG,2022-08-20,3.7403979301452637,3.3277269799481903,4.56573983053941,374,False,False,False,36.22,2022-09-12,4.56573983053941,WIN,23.0,crypto
CAKE-USD,SHORT,2022-09-30,4.751070022583008,5.148003613119495,3.9572028415100338,415,False,True,True,71.35,2022-11-08,5.148003613119495,LOSS,39.0,crypto
CAKE-USD,LONG,2022-11-10,4.315784931182861,3.66685342751541,5.613647938517764,456,False,False,False,28.64,2022-11-21,3.66685342751541,LOSS,11.0,crypto
CAKE-USD,LONG,2022-12-17,3.3596510887145996,3.0146882095037615,4.049576847136276,493,False,False,False,21.82,2023-01-24,4.049576847136276,WIN,38.0,crypto
CAKE-USD,LONG,2023-02-15,4.248620986938477,3.827749559660251,5.090363841494928,553,False,True,False,45.11,2023-03-03,3.827749559660251,LOSS,16.0,crypto
CAKE-USD,LONG,2023-04-22,3.403686046600342,3.1942745738260863,3.822508992148853,619,False,False,False,29.58,2023-04-24,3.1942745738260863,LOSS,2.0,crypto
CAKE-USD,LONG,2023-04-28,2.7575340270996094,2.462289347600664,3.3480233860975,625,False,False,False,16.48,2023-05-05,2.462289347600664,LOSS,7.0,crypto
CAKE-USD,SHORT,2023-05-31,1.6351449489593506,1.795088059568241,1.3152587277415697,658,False,False,False,33.87,2023-06-12,1.3152587277415697,WIN,12.0,crypto
CAKE-USD,SHORT,2023-06-26,1.5328470468521118,1.6909778546087866,1.2165854313387623,684,False,False,False,57.99,2023-09-10,1.2165854313387623,WIN,76.0,crypto
CAKE-USD,SHORT,2023-10-03,1.190034031867981,1.2455183367205565,1.07906542216283,783,False,False,False,64.62,2023-10-14,1.07906542216283,WIN,11.0,crypto
CAKE-USD,SHORT,2023-11-03,1.5186660289764404,1.6519076489514488,1.2521827890264237,814,False,True,True,86.26,2023-11-04,1.6519076489514488,LOSS,1.0,crypto
CAKE-USD,SHORT,2023-11-07,2.1947720050811768,2.4905514392132955,1.6032131368169393,818,False,False,False,92.69,2023-11-15,2.4905514392132955,LOSS,8.0,crypto
CAKE-USD,LONG,2023-12-16,2.2952840328216553,2.0183966541457092,2.8490587901735474,857,False,False,False,44.91,2023-12-23,2.8490587901735474,WIN,7.0,crypto
CAKE-USD,SHORT,2023-12-24,2.8394880294799805,3.2208300028511445,2.0768040827376524,865,False,False,False,70.45,2023-12-26,3.2208300028511445,LOSS,2.0,crypto
CAKE-USD,SHORT,2023-12-29,3.4650959968566895,4.015040645970197,2.365206698629674,870,False,False,False,81.1,2024-01-23,2.365206698629674,WIN,25.0,crypto
CAKE-USD,SHORT,2024-02-17,2.7328720092773438,2.9790574254108106,2.24050117701041,920,False,False,False,60.01,2024-02-23,2.9790574254108106,LOSS,6.0,crypto
CAKE-USD,SHORT,2024-02-25,3.133449077606201,3.458024794879508,2.4842976430595876,928,False,False,False,76.69,2024-03-04,3.458024794879508,LOSS,8.0,crypto
CAKE-USD,SHORT,2024-03-14,4.761020183563232,5.454988354829664,3.37308384103037,946,False,False,False,87.12,2024-04-12,3.37308384103037,WIN,29.0,crypto
CAKE-USD,LONG,2024-04-14,2.816901922225952,2.1555069525732975,4.1396918615312615,977,False,False,False,24.39,2024-06-24,2.1555069525732975,LOSS,71.0,crypto
CAKE-USD,SHORT,2024-07-17,1.997567057609558,2.2168391116144748,1.5590229495997248,1071,False,False,False,50.45,2024-08-04,1.5590229495997248,WIN,18.0,crypto
CAKE-USD,LONG,2024-08-06,1.4913660287857056,1.2606676502187915,1.9527627859195338,1091,False,False,False,18.12,2024-08-23,1.9527627859195338,WIN,17.0,crypto
CAKE-USD,SHORT,2024-08-25,1.9636659622192383,2.1838065641384463,1.5233847583808222,1110,False,True,True,66.77,2024-09-27,2.1838065641384463,LOSS,33.0,crypto
CAKE-USD,SHORT,2024-09-28,2.1462221145629883,2.3614985325359967,1.7156692786169714,1144,False,True,True,73.37,2024-11-01,1.7156692786169714,WIN,34.0,crypto
CAKE-USD,LONG,2024-11-05,1.6182210445404053,1.4563398639181937,1.9419834057848284,1182,False,False,False,30.36,2024-11-09,1.9419834057848284,WIN,4.0,crypto
CAKE-USD,SHORT,2024-11-12,1.9650249481201172,2.189569283436315,1.5159362774877216,1189,False,True,True,69.69,2024-11-23,2.189569283436315,LOSS,11.0,crypto
CAKE-USD,SHORT,2024-11-26,2.6153950691223145,3.0087145561833855,1.8287560950001724,1203,False,False,False,77.39,2024-11-27,3.0087145561833855,LOSS,1.0,crypto
CAKE-USD,SHORT,2024-11-28,3.0500741004943848,3.512810506550676,2.124601288381802,1205,False,False,False,80.22,2024-12-03,3.512810506550676,LOSS,5.0,crypto
CAKE-USD,LONG,2024-12-20,2.525512933731079,1.8230164090447367,3.930505983103764,1227,False,True,True,33.53,2025-01-27,1.8230164090447367,LOSS,38.0,crypto
CAKE-USD,LONG,2025-02-05,1.4321800470352173,1.0806799473417368,2.1351802464221783,1274,False,False,False,22.32,2025-02-12,2.1351802464221783,WIN,7.0,crypto
CAKE-USD,SHORT,2025-02-14,2.4591128826141357,3.042621473870616,1.292095700101175,1283,False,False,False,70.78,2025-07-27,3.042621473870616,LOSS,163.0,crypto
CAKE-USD,SHORT,2025-07-28,2.927000045776367,3.2831192481143647,2.214761641100372,1447,False,False,False,77.72,2025-10-03,3.2831192481143647,LOSS,67.0,crypto
CAKE-USD,SHORT,2025-10-04,3.422739028930664,3.8677849239414988,2.5326472389089947,1515,False,False,False,75.23,2025-10-06,3.8677849239414988,LOSS,2.0,crypto
CAKE-USD,SHORT,2025-10-08,4.043239116668701,4.703394304477313,2.7229287410514775,1519,False,False,False,76.07,2025-10-10,2.7229287410514775,WIN,2.0,crypto
CAKE-USD,LONG,2025-11-22,2.263927936553955,1.861289754930871,3.0692042998001234,1564,False,False,False,34.04,2025-12-17,1.861289754930871,LOSS,25.0,crypto
CAKE-USD,LONG,2025-12-19,1.8392390012741089,1.5942630980044121,2.3291908078135024,1591,False,False,False,27.15,2026-01-31,1.5942630980044121,LOSS,43.0,crypto
CAKE-USD,LONG,2026-02-02,1.5813469886779785,1.395256583019289,1.9535277999953577,1636,False,False,False,22.72,2026-02-05,1.395256583019289,LOSS,3.0,crypto
CAKE-USD,LONG,2026-02-06,1.3845150470733643,1.1605946078793876,1.8323559254613175,1640,False,False,False,19.66,2026-06-05,1.1605946078793876,LOSS,119.0,crypto
CAKE-USD,SHORT,2026-07-06,1.4372379779815674,1.556680881617178,1.1983521707103462,1790,False,True,True,65.69,,,OPEN,,crypto
CELO-USD,SHORT,2022-03-06,2.55177903175354,3.061891742616419,1.5315536100277818,207,False,False,False,53.14,2022-03-17,3.061891742616419,LOSS,11.0,crypto
CELO-USD,SHORT,2022-03-19,3.047705888748169,3.5709476570950827,2.0012223520543415,220,False,True,True,61.14,2022-03-29,3.5709476570950827,LOSS,10.0,crypto
CELO-USD,SHORT,2022-04-05,4.253015995025635,4.974375083977116,2.810297817122672,237,False,False,False,83.34,2022-04-25,2.810297817122672,WIN,20.0,crypto
CELO-USD,LONG,2022-05-13,1.5647989511489868,0.9640318524128173,2.766333148621326,275,False,False,False,24.8,2022-06-12,0.9640318524128173,LOSS,30.0,crypto
CELO-USD,SHORT,2022-07-08,0.9348940253257751,1.0818757892017792,0.6409304975737671,331,False,False,False,49.66,2022-07-30,1.0818757892017792,LOSS,22.0,crypto
CELO-USD,SHORT,2022-07-31,1.0293200016021729,1.1708819491778437,0.7461961064508311,354,False,False,False,61.42,2022-08-08,1.1708819491778437,LOSS,8.0,crypto
CELO-USD,LONG,2022-08-21,0.9314129948616028,0.7987981047004973,1.1966427751838138,375,False,False,False,36.8,2022-08-28,0.7987981047004973,LOSS,7.0,crypto
CELO-USD,LONG,2022-10-21,0.7149140238761902,0.6443268152551541,0.8560884411182623,436,False,False,False,32.31,2022-11-08,0.6443268152551541,LOSS,18.0,crypto
CELO-USD,LONG,2022-11-10,0.5186859965324402,0.39797250180194316,0.7601129859934342,456,False,False,False,20.88,2022-11-28,0.7601129859934342,WIN,18.0,crypto
CELO-USD,SHORT,2023-01-17,0.6834949851036072,0.7625011606541131,0.5254826340025953,524,False,True,True,83.25,2023-01-23,0.7625011606541131,LOSS,6.0,crypto
CELO-USD,LONG,2023-02-11,0.7860910296440125,0.6666508935825584,1.0249713017669206,549,False,True,False,47.68,2023-03-04,0.6666508935825584,LOSS,21.0,crypto
CELO-USD,LONG,2023-03-05,0.691182017326355,0.5869483800263782,0.8996492919263086,571,False,False,False,37.53,2023-03-09,0.5869483800263782,LOSS,4.0,crypto
CELO-USD,LONG,2023-03-10,0.5751709938049316,0.47216336034718925,0.7811862607204164,576,False,False,False,28.44,2023-06-06,0.47216336034718925,LOSS,88.0,crypto
CELO-USD,SHORT,2023-06-26,0.46884799003601074,0.5254264393199304,0.35569109146817146,684,False,False,False,61.97,2023-07-02,0.5254264393199304,LOSS,6.0,crypto
CELO-USD,SHORT,2023-07-04,0.5618460178375244,0.6431627898929269,0.39921247372671953,692,False,True,True,73.86,2023-08-17,0.39921247372671953,WIN,44.0,crypto
CELO-USD,LONG,2023-08-20,0.42969799041748047,0.3793210794358625,0.5304518123807164,739,False,False,False,33.9,2023-11-01,0.5304518123807164,WIN,73.0,crypto
CELO-USD,SHORT,2023-11-04,0.5988730192184448,0.6639711209243878,0.46867681580655884,815,False,False,False,79.83,2023-12-17,0.6639711209243878,LOSS,43.0,crypto
CELO-USD,SHORT,2023-12-24,0.7079809904098511,0.7989184010568502,0.5261061691158528,865,False,False,False,69.84,2023-12-27,0.7989184010568502,LOSS,3.0,crypto
CELO-USD,SHORT,2023-12-29,0.8251399993896484,0.9435470395509331,0.5883259190670791,870,False,False,False,80.59,2024-02-25,0.9435470395509331,LOSS,58.0,crypto
CELO-USD,SHORT,2024-02-28,0.9443470239639282,1.0731085875039197,0.6868238968839453,931,False,False,False,75.22,2024-02-29,1.0731085875039197,LOSS,1.0,crypto
CELO-USD,SHORT,2024-03-03,1.1480669975280762,1.318692705713298,0.8068155811576325,935,False,False,False,85.19,2024-03-11,1.318692705713298,LOSS,8.0,crypto
CELO-USD,LONG,2024-04-14,0.8120669722557068,0.5710358164936984,1.2941292837797236,977,False,False,False,29.01,2024-06-18,0.5710358164936984,LOSS,65.0,crypto
CELO-USD,SHORT,2024-07-18,0.5726150274276733,0.6390817081578102,0.43968166596739966,1072,False,False,False,53.53,2024-08-04,0.43968166596739966,WIN,17.0,crypto
CELO-USD,SHORT,2024-08-25,0.5163739919662476,0.5710455985015503,0.407030778895642,1110,False,False,False,61.51,2024-09-04,0.407030778895642,WIN,10.0,crypto
CELO-USD,SHORT,2024-09-22,0.5137289762496948,0.5648729574918715,0.4114410137653415,1138,False,True,True,70.13,2024-09-25,0.5648729574918715,LOSS,3.0,crypto
CELO-USD,SHORT,2024-09-26,0.635761022567749,0.7069196588410476,0.49344375002115193,1142,False,False,False,84.35,2024-10-01,0.7069196588410476,LOSS,5.0,crypto
CELO-USD,LONG,2024-10-22,0.8021479845046997,0.6857127028999292,1.0350185477142406,1168,False,False,False,57.22,2024-10-24,0.6857127028999292,LOSS,2.0,crypto
CELO-USD,LONG,2024-10-29,0.6677989959716797,0.558271061656844,0.886854864601351,1175,False,True,True,38.97,2024-11-03,0.558271061656844,LOSS,5.0,crypto
CELO-USD,SHORT,2024-11-25,0.8107569813728333,0.9357393961971129,0.560792151724274,1202,False,False,False,65.53,2024-11-30,0.9357393961971129,LOSS,5.0,crypto
CELO-USD,LONG,2024-12-20,0.6835860013961792,0.5177241068856775,1.0153097904171826,1227,False,False,False,31.51,2025-01-27,0.5177241068856775,LOSS,38.0,crypto
CELO-USD,LONG,2025-02-07,0.41038501262664795,0.32224465067000574,0.5866657365399324,1276,False,False,False,22.1,2025-03-10,0.32224465067000574,LOSS,31.0,crypto
CELO-USD,SHORT,2025-03-21,0.3628790080547333,0.4107096253399224,0.26721777348435505,1318,False,False,False,47.8,2025-04-06,0.26721777348435505,WIN,16.0,crypto
CELO-USD,SHORT,2025-05-11,0.42686599493026733,0.4801818893129623,0.3202342061648774,1369,False,True,True,73.41,2025-05-31,0.3202342061648774,WIN,20.0,crypto
CELO-USD,SHORT,2025-07-04,0.26799800992012024,0.3042159463274997,0.1955621371053613,1423,False,False,False,49.42,2025-07-08,0.3042159463274997,LOSS,4.0,crypto
CELO-USD,SHORT,2025-07-16,0.34288299083709717,0.38067938112775795,0.2672902102557756,1435,False,True,True,71.17,2025-07-20,0.38067938112775795,LOSS,4.0,crypto
CELO-USD,SHORT,2025-09-14,0.3185259997844696,0.35201054147963434,0.25155691639414013,1495,False,False,False,60.72,2025-09-25,0.25155691639414013,WIN,11.0,crypto
CELO-USD,LONG,2025-09-26,0.25308600068092346,0.22116995262887726,0.31691809678501587,1507,False,False,False,29.21,2025-10-03,0.31691809678501587,WIN,7.0,crypto
CELO-USD,SHORT,2025-10-04,0.3333970010280609,0.38203798265819805,0.23611503776778664,1515,False,True,True,70.76,2025-10-05,0.38203798265819805,LOSS,1.0,crypto
CELO-USD,SHORT,2025-10-07,0.3872630000114441,0.46123714833687224,0.2393147033605878,1518,False,False,False,73.28,2025-10-10,0.2393147033605878,WIN,3.0,crypto
CELO-USD,LONG,2025-11-18,0.18760399520397186,0.14463952923638448,0.2735329271391466,1560,False,False,False,32.15,2025-12-14,0.14463952923638448,LOSS,26.0,crypto
CELO-USD,SHORT,2026-01-07,0.12508900463581085,0.1437608961167714,0.08774522167388976,1610,False,False,False,51.74,2026-01-17,0.1437608961167714,LOSS,10.0,crypto
CELO-USD,LONG,2026-02-02,0.09528400003910065,0.07725678219903387,0.1313384357192342,1636,False,False,False,29.55,2026-02-05,0.07725678219903387,LOSS,3.0,crypto
CELO-USD,LONG,2026-02-06,0.08407899737358093,0.0647918581399908,0.12265327584076119,1640,False,False,False,22.79,2026-06-04,0.0647918581399908,LOSS,118.0,crypto
CELO-USD,SHORT,2026-06-20,0.06481000036001205,0.07295667532936673,0.04851665042130271,1774,False,False,False,49.66,2026-06-28,0.07295667532936673,LOSS,8.0,crypto
CELO-USD,SHORT,2026-06-29,0.06369999796152115,0.07746965142201968,0.03616069104052408,1783,False,False,False,53.2,,,OPEN,,crypto
CHZ-USD,SHORT,2022-03-06,0.20785300433635712,0.24676866970295286,0.13002167360316563,207,False,False,False,64.93,2022-03-25,0.24676866970295286,LOSS,19.0,crypto
CHZ-USD,SHORT,2022-03-26,0.2414799928665161,0.27158036513111145,0.18127924833732545,227,False,True,True,71.47,2022-03-27,0.27158036513111145,LOSS,1.0,crypto
CHZ-USD,SHORT,2022-03-28,0.25826799869537354,0.2928548701778467,0.18909425573042715,229,False,True,True,74.4,2022-03-29,0.2928548701778467,LOSS,1.0,crypto
CHZ-USD,SHORT,2022-03-31,0.28244900703430176,0.3272176838854235,0.19291165333205829,232,False,False,False,76.83,2022-04-29,0.19291165333205829,WIN,29.0,crypto
CHZ-USD,LONG,2022-05-10,0.14215999841690063,0.10637171869275808,0.21373655786518575,272,False,False,False,26.79,2022-05-11,0.10637171869275808,LOSS,1.0,crypto
CHZ-USD,LONG,2022-05-13,0.11117199808359146,0.06937005895125989,0.1947758763482546,275,False,False,False,22.26,2022-08-15,0.1947758763482546,WIN,94.0,crypto
CHZ-USD,SHORT,2022-08-18,0.21032799780368805,0.24018082719083694,0.15062233902939026,372,False,False,False,83.22,2022-08-23,0.24018082719083694,LOSS,5.0,crypto
CHZ-USD,LONG,2022-08-31,0.21626999974250793,0.17476225230407116,0.2992854946193815,385,False,False,False,51.24,2022-10-13,0.17476225230407116,LOSS,43.0,crypto
CHZ-USD,SHORT,2022-10-31,0.22063900530338287,0.2504491091699556,0.1610187975702374,446,False,False,False,64.26,2022-11-04,0.2504491091699556,LOSS,4.0,crypto
CHZ-USD,SHORT,2022-11-07,0.27506300806999207,0.31401106438636184,0.19716689543725252,453,False,False,False,76.67,2022-11-08,0.19716689543725252,WIN,1.0,crypto
CHZ-USD,SHORT,2023-01-06,0.10980899631977081,0.12366325030291035,0.08210048835349174,513,False,False,False,43.47,2023-01-10,0.12366325030291035,LOSS,4.0,crypto
CHZ-USD,SHORT,2023-01-16,0.1356229931116104,0.15038840688658192,0.1060921655616674,523,False,True,True,72.51,2023-01-24,0.15038840688658192,LOSS,8.0,crypto
CHZ-USD,LONG,2023-03-05,0.12193799763917923,0.1060763780984302,0.1536612367206773,571,False,False,False,37.12,2023-03-09,0.1060763780984302,LOSS,4.0,crypto
CHZ-USD,LONG,2023-03-10,0.11010699719190598,0.09393031186597955,0.14246036784375882,576,False,False,False,26.51,2023-06-05,0.09393031186597955,LOSS,87.0,crypto
CHZ-USD,LONG,2023-06-13,0.06836500018835068,0.058190361210556756,0.08871427814393852,671,False,False,False,12.81,2023-08-17,0.058190361210556756,LOSS,65.0,crypto
CHZ-USD,LONG,2023-08-20,0.06534899771213531,0.059265473923874386,0.07751604528865717,739,False,False,False,25.45,2023-09-01,0.059265473923874386,LOSS,12.0,crypto
CHZ-USD,SHORT,2023-09-17,0.05699700117111206,0.060844537518774305,0.04930192847578757,767,False,False,False,43.89,2023-09-30,0.060844537518774305,LOSS,13.0,crypto
CHZ-USD,SHORT,2023-10-02,0.061507001519203186,0.06565269322628764,0.05321561810503428,782,False,False,False,68.64,2023-10-23,0.06565269322628764,LOSS,21.0,crypto
CHZ-USD,SHORT,2023-10-26,0.06474100053310394,0.07008950810618574,0.05404398538694036,806,False,True,True,70.82,2023-11-02,0.07008950810618574,LOSS,7.0,crypto
CHZ-USD,LONG,2023-11-22,0.0723709985613823,0.06304657259661695,0.09101985049091299,833,False,True,False,41.75,2023-12-08,0.09101985049091299,WIN,16.0,crypto
CHZ-USD,LONG,2024-01-08,0.07759299874305725,0.06773709408855189,0.09730480805206798,880,False,False,False,37.35,2024-01-16,0.09730480805206798,WIN,8.0,crypto
CHZ-USD,SHORT,2024-01-17,0.10005000233650208,0.11432746300393287,0.07149508100164048,889,False,False,False,68.28,2024-01-26,0.11432746300393287,LOSS,9.0,crypto
CHZ-USD,SHORT,2024-02-17,0.11322899907827377,0.124864643975974,0.08995770928287333,920,False,False,False,67.38,2024-02-20,0.124864643975974,LOSS,3.0,crypto
CHZ-USD,SHORT,2024-02-21,0.11947999894618988,0.13318758619526583,0.09206482444803799,924,False,False,False,70.93,2024-02-22,0.13318758619526583,LOSS,1.0,crypto
CHZ-USD,SHORT,2024-02-28,0.13843199610710144,0.15530014597982275,0.10469569636165882,931,False,False,False,75.85,2024-03-01,0.15530014597982275,LOSS,2.0,crypto
CHZ-USD,SHORT,2024-03-03,0.1536169946193695,0.17396327476543239,0.11292443432724375,935,False,False,False,77.96,2024-04-12,0.11292443432724375,WIN,40.0,crypto
CHZ-USD,LONG,2024-04-14,0.10777000337839127,0.07897625513805265,0.1653574998590685,977,False,False,False,30.61,2024-06-18,0.07897625513805265,LOSS,65.0,crypto
CHZ-USD,LONG,2024-06-19,0.0799650028347969,0.060072615760486184,0.11974977698341835,1043,False,False,False,25.6,2024-07-05,0.060072615760486184,LOSS,16.0,crypto
CHZ-USD,SHORT,2024-07-18,0.06982900202274323,0.07958224125057664,0.050322523567076394,1072,False,False,False,45.75,2024-08-05,0.050322523567076394,WIN,18.0,crypto
CHZ-USD,SHORT,2024-08-25,0.06063900142908096,0.06711043399537753,0.047696136296487834,1110,False,False,False,59.22,2024-09-06,0.047696136296487834,WIN,12.0,crypto
CHZ-USD,SHORT,2024-09-22,0.05758500099182129,0.06255788338624624,0.04763923620297139,1138,False,True,True,64.83,2024-09-25,0.06255788338624624,LOSS,3.0,crypto
CHZ-USD,SHORT,2024-09-28,0.06877099722623825,0.07549380765070778,0.0553253763772992,1144,False,True,True,76.07,2024-10-09,0.07549380765070778,LOSS,11.0,crypto
CHZ-USD,LONG,2024-10-27,0.06186499819159508,0.0534045831395623,0.07878582829566064,1173,False,False,False,37.26,2024-11-18,0.07878582829566064,WIN,22.0,crypto
CHZ-USD,SHORT,2024-11-25,0.0908769965171814,0.10560471861239047,0.061421552326763246,1202,False,False,False,72.77,2024-12-01,0.10560471861239047,LOSS,6.0,crypto
CHZ-USD,LONG,2024-12-20,0.0892459973692894,0.06634497407786634,0.13504804395213552,1227,False,True,True,37.14,2025-01-27,0.06634497407786634,LOSS,38.0,crypto
CHZ-USD,LONG,2025-01-29,0.06544400006532669,0.05393781740712051,0.08845636538173905,1267,False,False,False,28.8,2025-02-03,0.05393781740712051,LOSS,5.0,crypto
CHZ-USD,SHORT,2025-03-26,0.047637999057769775,0.05340149842473844,0.03611100032383245,1323,False,False,False,52.45,2025-04-07,0.03611100032383245,WIN,12.0,crypto
CHZ-USD,SHORT,2025-04-27,0.041058000177145004,0.045617362037798016,0.03193927645583898,1355,False,False,False,60.71,2025-05-09,0.045617362037798016,LOSS,12.0,crypto
CHZ-USD,SHORT,2025-05-11,0.048037998378276825,0.05286969004761475,0.038374615039600976,1369,False,True,True,71.5,2025-05-30,0.038374615039600976,WIN,19.0,crypto
CHZ-USD,LONG,2025-05-31,0.03898800164461136,0.03376276832153657,0.04943846829076094,1389,False,False,False,35.11,2025-06-20,0.03376276832153657,LOSS,20.0,crypto
CHZ-USD,SHORT,2025-07-14,0.040323998779058456,0.0441580891875617,0.03265581796205197,1433,False,True,True,65.43,2025-07-18,0.0441580891875617,LOSS,4.0,crypto
CHZ-USD,SHORT,2025-09-14,0.042236000299453735,0.04552273039264324,0.03566254011307472,1495,False,True,True,64.08,2025-10-01,0.04552273039264324,LOSS,17.0,crypto
CHZ-USD,SHORT,2025-10-03,0.04542199894785881,0.049376486414888676,0.03751302401379908,1514,False,False,False,65.71,2025-10-10,0.03751302401379908,WIN,7.0,crypto
CHZ-USD,LONG,2025-10-12,0.035064999014139175,0.028081888209026892,0.04903122062436374,1523,False,False,False,29.63,2025-11-03,0.028081888209026892,LOSS,22.0,crypto
CHZ-USD,SHORT,2025-11-11,0.03268999978899956,0.0368489885364687,0.02437202229406127,1553,False,False,False,55.32,2025-12-20,0.0368489885364687,LOSS,39.0,crypto
CHZ-USD,SHORT,2026-01-01,0.04109499976038933,0.04583012456721806,0.03162475014673187,1604,False,False,False,74.1,2026-01-02,0.04583012456721806,LOSS,1.0,crypto
CHZ-USD,LONG,2026-01-30,0.049279000610113144,0.04068328552177865,0.06647043078678214,1633,False,False,False,44.54,2026-02-05,0.04068328552177865,LOSS,6.0,crypto
CHZ-USD,SHORT,2026-03-11,0.03847299888730049,0.043829545783604484,0.027759905094692505,1673,False,False,False,52.54,2026-03-30,0.043829545783604484,LOSS,19.0,crypto
CHZ-USD,SHORT,2026-04-01,0.04115699976682663,0.0457759215291281,0.03191915624222369,1694,False,False,False,65.9,2026-04-20,0.0457759215291281,LOSS,19.0,crypto
CHZ-USD,LONG,2026-05-25,0.03676600009202957,0.030437520307770187,0.04942295966054834,1748,False,False,False,32.91,2026-06-04,0.030437520307770187,LOSS,10.0,crypto
CHZ-USD,SHORT,2026-08-10,0.012950999662280083,0.014214520105797723,0.010423958775244803,1825,False,False,False,35.49,,,OPEN,,crypto
CRO-USD,SHORT,2022-03-30,0.47401899099349976,0.5132925953216317,0.3954717823372358,231,False,False,False,68.55,2022-04-18,0.3954717823372358,WIN,19.0,crypto
CRO-USD,LONG,2022-05-03,0.2909480035305023,0.24470308961530207,0.3834378313609028,265,False,False,False,16.52,2022-05-09,0.24470308961530207,LOSS,6.0,crypto
CRO-USD,SHORT,2022-05-31,0.18920500576496124,0.2199883414136001,0.12763833446768352,293,False,False,False,40.63,2022-06-13,0.12763833446768352,WIN,13.0,crypto
CRO-USD,LONG,2022-06-14,0.11859899759292603,0.09252311327702017,0.17075076622473773,307,False,False,False,19.68,2022-11-09,0.09252311327702017,LOSS,148.0,crypto
CRO-USD,LONG,2022-12-18,0.057030998170375824,0.050604964256989335,0.0698830659971488,494,False,False,False,27.6,2023-01-13,0.0698830659971488,WIN,26.0,crypto
CRO-USD,SHORT,2023-01-15,0.07417599856853485,0.07925882793235228,0.06401033984089999,522,False,True,True,82.77,2023-01-16,0.07925882793235228,LOSS,1.0,crypto
CRO-USD,SHORT,2023-01-17,0.07893600314855576,0.08505960545236249,0.06668879854094228,524,False,True,True,81.77,2023-02-08,0.08505960545236249,LOSS,22.0,crypto
CRO-USD,LONG,2023-02-11,0.07722999900579453,0.07073668430137768,0.09021662841462821,549,False,True,False,46.52,2023-02-21,0.09021662841462821,WIN,10.0,crypto
CRO-USD,LONG,2023-03-05,0.07355599850416183,0.06737505830875176,0.08591787889498198,571,False,False,False,38.4,2023-03-09,0.06737505830875176,LOSS,4.0,crypto
CRO-USD,LONG,2023-03-11,0.06494300067424774,0.05877951395415049,0.07726997411444224,577,False,False,False,25.81,2023-04-27,0.07726997411444224,WIN,47.0,crypto
CRO-USD,SHORT,2023-04-29,0.07558199763298035,0.0822698307487222,0.062206331401496645,626,False,True,True,69.87,2023-05-12,0.062206331401496645,WIN,13.0,crypto
CRO-USD,LONG,2023-06-11,0.05509600043296814,0.051064567466257496,0.06315886636638943,669,False,False,False,26.72,2023-08-25,0.051064567466257496,LOSS,75.0,crypto
CRO-USD,SHORT,2023-09-09,0.05189099907875061,0.05431219999057161,0.04704859725510861,759,False,False,False,52.86,2023-10-23,0.05431219999057161,LOSS,44.0,crypto
CRO-USD,SHORT,2023-10-27,0.059060998260974884,0.06200820290318112,0.053166588976562415,807,False,True,True,82.1,2023-11-01,0.06200820290318112,LOSS,5.0,crypto
CRO-USD,LONG,2023-11-22,0.09453500062227249,0.0791026134582462,0.1253997749503251,833,False,False,False,50.33,2024-01-22,0.0791026134582462,LOSS,61.0,crypto
CRO-USD,SHORT,2024-02-11,0.08636900037527084,0.0928743956362147,0.07335820985338312,914,False,False,False,58.49,2024-02-13,0.0928743956362147,LOSS,2.0,crypto
CRO-USD,SHORT,2024-02-16,0.09070099890232086,0.09758140892992749,0.0769401788471076,919,False,False,False,65.14,2024-02-26,0.09758140892992749,LOSS,10.0,crypto
CRO-USD,SHORT,2024-03-03,0.14194199442863464,0.15707976195688678,0.11166645937213038,935,False,False,False,93.37,2024-03-05,0.15707976195688678,LOSS,2.0,crypto
CRO-USD,LONG,2024-03-20,0.14011099934577942,0.11232978462952495,0.19567342877828836,952,False,False,False,41.5,2024-05-31,0.11232978462952495,LOSS,72.0,crypto
CRO-USD,LONG,2024-06-04,0.11137799918651581,0.10164986816252936,0.1308342612344887,1028,False,False,False,30.34,2024-06-11,0.10164986816252936,LOSS,7.0,crypto
CRO-USD,LONG,2024-06-12,0.10412999987602234,0.0925827342914955,0.12722453104507603,1036,False,False,False,28.64,2024-06-18,0.0925827342914955,LOSS,6.0,crypto
CRO-USD,SHORT,2024-07-17,0.09289699792861938,0.10042473493089396,0.07784152392407023,1071,False,False,False,57.59,2024-08-04,0.07784152392407023,WIN,18.0,crypto
CRO-USD,SHORT,2024-09-22,0.08580099791288376,0.09224226746318323,0.07291845881228481,1138,False,True,True,64.73,2024-10-25,0.07291845881228481,WIN,33.0,crypto
CRO-USD,SHORT,2024-11-12,0.17591699957847595,0.21357638134416845,0.10059823604709095,1189,False,False,False,92.8,2024-12-04,0.21357638134416845,LOSS,22.0,crypto
CRO-USD,LONG,2024-12-11,0.18495500087738037,0.14771066198004018,0.25944367867206075,1218,False,False,False,47.59,2024-12-20,0.14771066198004018,LOSS,9.0,crypto
CRO-USD,LONG,2025-02-03,0.11366400122642517,0.09000639857816498,0.16097920652294556,1272,False,False,False,24.5,2025-02-09,0.09000639857816498,LOSS,6.0,crypto
CRO-USD,SHORT,2025-03-03,0.07678300142288208,0.09267799498987067,0.0449930142889049,1300,False,False,False,40.59,2025-03-06,0.09267799498987067,LOSS,3.0,crypto
CRO-USD,SHORT,2025-03-09,0.08045300096273422,0.09827998491152674,0.04479903306514918,1306,False,False,False,48.91,2025-03-24,0.09827998491152674,LOSS,15.0,crypto
CRO-USD,SHORT,2025-03-26,0.10027600079774857,0.11814212331964685,0.06454375575395199,1323,False,True,True,70.04,2025-07-17,0.11814212331964685,LOSS,113.0,crypto
CRO-USD,LONG,2025-08-20,0.14306800067424774,0.12464757126546755,0.17990885949180813,1470,False,False,False,42.6,2025-08-26,0.17990885949180813,WIN,6.0,crypto
CRO-USD,SHORT,2025-08-29,0.28438800573349,0.3432743800285913,0.1666152571432874,1479,False,False,False,90.2,2025-10-10,0.1666152571432874,WIN,42.0,crypto
CRO-USD,LONG,2025-10-11,0.15577399730682373,0.11621349912983558,0.23489499366080002,1522,False,False,False,26.07,2025-11-04,0.11621349912983558,LOSS,24.0,crypto
CRO-USD,LONG,2025-12-19,0.09528300166130066,0.08455856907952379,0.1167318668248544,1591,False,False,False,26.61,2026-01-30,0.08455856907952379,LOSS,42.0,crypto
CRO-USD,SHORT,2026-03-18,0.07660000026226044,0.08221707351549046,0.0653658537558004,1680,True,False,False,56.64,2026-05-12,0.08221707351549046,LOSS,55.0,crypto
CRO-USD,SHORT,2026-05-13,0.0750569999217987,0.08064898858144408,0.06387302260250796,1736,False,True,True,73.7,2026-06-02,0.06387302260250796,WIN,20.0,crypto
CRO-USD,LONG,2026-06-06,0.05829000100493431,0.05316882050025071,0.06853236201430152,1760,False,False,False,20.99,2026-06-30,0.05316882050025071,LOSS,24.0,crypto
CRO-USD,SHORT,2026-07-06,0.05912800133228302,0.06354360524875785,0.05029679349933336,1790,False,False,False,57.73,2026-07-16,0.06354360524875785,LOSS,10.0,crypto
CRO-USD,SHORT,2026-07-18,0.059422001242637634,0.06511546913490546,0.04803506545810199,1802,False,False,False,63.59,2026-08-08,0.04803506545810199,WIN,21.0,crypto
CRV-USD,SHORT,2022-03-20,2.147130012512207,2.503243858685784,1.4349023201650528,221,False,False,False,50.67,2022-03-27,2.503243858685784,LOSS,7.0,crypto
CRV-USD,SHORT,2022-03-31,2.627007007598877,2.998165950118954,1.884689122558723,232,False,True,True,67.91,2022-04-03,2.998165950118954,LOSS,3.0,crypto
CRV-USD,LONG,2022-05-13,1.319970965385437,0.7513068714777821,2.457299153200747,275,False,False,False,29.74,2022-06-13,0.7513068714777821,LOSS,31.0,crypto
CRV-USD,LONG,2022-06-14,0.730800986289978,0.4618887007272305,1.268625557415473,307,False,False,False,23.66,2022-07-18,1.268625557415473,WIN,34.0,crypto
CRV-USD,LONG,2022-08-22,1.1002750396728516,0.8800618120524659,1.5407014949136228,376,False,False,False,35.31,2022-09-21,0.8800618120524659,LOSS,30.0,crypto
CRV-USD,SHORT,2022-10-19,0.8513649702072144,0.954863726430022,0.644367457761599,434,False,False,False,53.58,2022-10-27,0.954863726430022,LOSS,8.0,crypto
CRV-USD,SHORT,2022-11-05,0.9968640208244324,1.1139067145787582,0.7627786333157807,451,False,True,True,64.45,2022-11-08,0.7627786333157807,WIN,3.0,crypto
CRV-USD,SHORT,2023-01-18,0.8964290022850037,1.0059573577414367,0.6773722913721376,525,False,True,True,89.26,2023-01-20,1.0059573577414367,LOSS,2.0,crypto
CRV-USD,SHORT,2023-04-05,1.001952052116394,1.1224142724071935,0.7610276115347951,602,False,False,False,56.2,2023-06-06,0.7610276115347951,WIN,62.0,crypto
CRV-USD,LONG,2023-06-13,0.6486589908599854,0.5755809781851328,0.7948150162096905,671,False,False,False,22.76,2023-06-14,0.5755809781851328,LOSS,1.0,crypto
CRV-USD,LONG,2023-06-15,0.6076449751853943,0.524777643233249,0.7733796390896848,673,False,False,False,20.31,2023-06-30,0.7733796390896848,WIN,15.0,crypto
CRV-USD,SHORT,2023-07-02,0.7651439905166626,0.8455612773974341,0.6043094167551195,690,False,True,True,60.86,2023-07-13,0.8455612773974341,LOSS,11.0,crypto
CRV-USD,LONG,2023-08-01,0.6146349906921387,0.5200418085518511,0.8038213549727138,720,False,False,False,21.67,2023-08-17,0.5200418085518511,LOSS,16.0,crypto
CRV-USD,SHORT,2023-09-17,0.43202900886535645,0.4740873812144913,0.34791226416708676,767,False,False,False,42.61,2023-09-22,0.4740873812144913,LOSS,5.0,crypto
CRV-USD,SHORT,2023-09-27,0.5172240138053894,0.5696470652563321,0.41237791090350395,777,False,True,True,67.99,2023-10-19,0.41237791090350395,WIN,22.0,crypto
CRV-USD,SHORT,2023-11-06,0.574072003364563,0.6249080144297355,0.4723999812342179,817,False,True,True,74.19,2023-11-11,0.6249080144297355,LOSS,5.0,crypto
CRV-USD,LONG,2023-12-20,0.5807380080223083,0.4967181614766867,0.7487777011135517,861,False,False,False,42.61,2024-01-08,0.4967181614766867,LOSS,19.0,crypto
CRV-USD,SHORT,2024-02-10,0.49362701177597046,0.5472671072805886,0.3863468207667342,913,False,False,False,52.91,2024-02-16,0.5472671072805886,LOSS,6.0,crypto
CRV-USD,SHORT,2024-02-17,0.5270879864692688,0.5795457368959624,0.4221724856158815,920,False,True,True,61.44,2024-02-23,0.5795457368959624,LOSS,6.0,crypto
CRV-USD,SHORT,2024-03-03,0.6676520109176636,0.7489766524178842,0.5050027279172222,935,False,False,False,81.81,2024-03-04,0.7489766524178842,LOSS,1.0,crypto
CRV-USD,LONG,2024-03-20,0.6715030074119568,0.5284846432260015,0.9575397357838673,952,False,False,False,39.31,2024-04-12,0.5284846432260015,LOSS,23.0,crypto
CRV-USD,LONG,2024-04-14,0.4522309899330139,0.3446034401170104,0.667486089565021,977,False,False,False,22.83,2024-06-13,0.3446034401170104,LOSS,60.0,crypto
CRV-USD,LONG,2024-06-15,0.3123280107975006,0.23888543175917595,0.4592131688741499,1039,False,False,False,22.71,2024-07-05,0.23888543175917595,LOSS,20.0,crypto
CRV-USD,SHORT,2024-07-11,0.2682270109653473,0.31930724956729406,0.16606653376145375,1065,False,False,False,47.55,2024-08-13,0.31930724956729406,LOSS,33.0,crypto
CRV-USD,SHORT,2024-08-17,0.3150779902935028,0.369108930247968,0.20701611038457246,1102,False,True,True,64.63,2024-11-16,0.369108930247968,LOSS,91.0,crypto
CRV-USD,SHORT,2024-11-20,0.3742780089378357,0.4391736261941379,0.24448677442523126,1197,False,False,False,75.87,2024-11-22,0.4391736261941379,LOSS,2.0,crypto
CRV-USD,LONG,2024-12-23,0.9516689777374268,0.6764757974961205,1.5020553382200392,1230,False,False,False,44.04,2025-01-28,0.6764757974961205,LOSS,36.0,crypto
CRV-USD,LONG,2025-01-29,0.7003139853477478,0.5143132936825026,1.0723153686782383,1267,False,True,True,34.53,2025-02-03,0.5143132936825026,LOSS,5.0,crypto
CRV-USD,SHORT,2025-03-03,0.41282299160957336,0.5268450617532064,0.1847788513223072,1300,False,False,False,46.7,2025-03-25,0.5268450617532064,LOSS,22.0,crypto
CRV-USD,SHORT,2025-03-28,0.5043039917945862,0.5996778989518309,0.3135561774800968,1325,False,False,False,70.01,2025-04-11,0.5996778989518309,LOSS,14.0,crypto
CRV-USD,SHORT,2025-05-11,0.7806940078735352,0.8904054476154173,0.5612711283897709,1369,False,False,False,71.97,2025-06-17,0.5612711283897709,WIN,37.0,crypto
CRV-USD,SHORT,2025-07-19,0.9812819957733154,1.1196878881266892,0.7044702110665679,1438,False,False,False,81.95,2025-07-26,1.1196878881266892,LOSS,7.0,crypto
CRV-USD,SHORT,2025-10-04,0.7780370116233826,0.8736005330373665,0.5869099687954147,1515,False,False,False,56.11,2025-10-10,0.5869099687954147,WIN,6.0,crypto
CRV-USD,LONG,2025-10-12,0.5633159875869751,0.3981009237920562,0.8937461151768129,1523,False,False,False,24.8,2025-11-04,0.3981009237920562,LOSS,23.0,crypto
CRV-USD,SHORT,2025-11-11,0.4680350124835968,0.5660098739220919,0.2720852896066066,1553,False,False,False,51.67,2026-02-02,0.2720852896066066,WIN,83.0,crypto
CRV-USD,SHORT,2026-02-27,0.2420700043439865,0.2779825557228141,0.17024490158633132,1661,False,False,False,45.9,2026-05-11,0.2779825557228141,LOSS,73.0,crypto
CRV-USD,SHORT,2026-05-13,0.266400009393692,0.29636760894762604,0.20646481028582397,1736,False,True,True,68.72,2026-06-02,0.20646481028582397,WIN,20.0,crypto
CTSI-USD,SHORT,2022-03-20,0.34208399057388306,0.4014749704037499,0.22330203091414935,221,False,False,False,52.44,2022-03-27,0.4014749704037499,LOSS,7.0,crypto
CTSI-USD,SHORT,2022-03-28,0.40347200632095337,0.4657171196529249,0.2789817796570103,229,False,True,True,65.6,2022-03-30,0.4657171196529249,LOSS,2.0,crypto
CTSI-USD,SHORT,2022-04-02,0.4957849979400635,0.5740935966285677,0.33916780056305496,234,False,True,True,73.23,2022-04-11,0.33916780056305496,WIN,9.0,crypto
CTSI-USD,LONG,2022-05-10,0.20699399709701538,0.15031153575850897,0.3203589197740282,272,False,False,False,25.19,2022-05-11,0.15031153575850897,LOSS,1.0,crypto
CTSI-USD,LONG,2022-05-13,0.18287000060081482,0.1139979232191424,0.32061415536415966,275,False,False,False,23.74,2022-11-09,0.1139979232191424,LOSS,180.0,crypto
CTSI-USD,SHORT,2022-12-07,0.11891300231218338,0.13667791802562712,0.0833831708852959,483,False,True,True,64.72,2022-12-09,0.13667791802562712,LOSS,2.0,crypto
CTSI-USD,SHORT,2022-12-10,0.12278299778699875,0.14288771485789892,0.08257356364519841,486,False,True,True,61.71,2023-01-22,0.14288771485789892,LOSS,43.0,crypto
CTSI-USD,LONG,2023-02-10,0.15237900614738464,0.12568398042425544,0.20576905759364306,548,False,True,False,48.44,2023-03-09,0.12568398042425544,LOSS,27.0,crypto
CTSI-USD,LONG,2023-03-11,0.11907900124788284,0.09725417671721204,0.16272865030922445,577,False,False,False,29.83,2023-03-20,0.16272865030922445,WIN,9.0,crypto
CTSI-USD,SHORT,2023-04-19,0.30066001415252686,0.3547444490277478,0.19249114440208492,616,False,False,False,85.14,2023-05-08,0.19249114440208492,WIN,19.0,crypto
CTSI-USD,LONG,2023-06-12,0.12740099430084229,0.09949623532944252,0.18321051224364182,670,False,False,False,27.46,2023-07-10,0.18321051224364182,WIN,28.0,crypto
CTSI-USD,SHORT,2023-07-11,0.1579979956150055,0.1833649336689278,0.10726411950716086,699,False,True,True,67.12,2023-12-12,0.1833649336689278,LOSS,154.0,crypto
CTSI-USD,SHORT,2023-12-23,0.19892999529838562,0.2229858116606455,0.15081836257386588,864,False,False,False,74.78,2023-12-25,0.2229858116606455,LOSS,2.0,crypto
CTSI-USD,SHORT,2023-12-28,0.22942599654197693,0.2602218384782552,0.1678343126694204,869,False,False,False,82.58,2024-01-21,0.2602218384782552,LOSS,24.0,crypto
CTSI-USD,SHORT,2024-02-09,0.2879689931869507,0.3368089919523723,0.19028899565610746,912,False,False,False,70.99,2024-02-13,0.3368089919523723,LOSS,4.0,crypto
CTSI-USD,SHORT,2024-02-26,0.353085994720459,0.40996298341095455,0.23933201733946785,929,False,False,False,74.15,2024-02-28,0.40996298341095455,LOSS,2.0,crypto
CTSI-USD,SHORT,2024-02-29,0.395332008600235,0.46221363496119905,0.26156875587830686,932,False,False,False,81.63,2024-03-20,0.26156875587830686,WIN,20.0,crypto
CTSI-USD,LONG,2024-04-14,0.2023400068283081,0.1457671759214772,0.3154856686419699,977,False,False,False,22.61,2024-07-04,0.1457671759214772,LOSS,81.0,crypto
CTSI-USD,SHORT,2024-07-22,0.16022400557994843,0.1800804132472886,0.12051119024526807,1076,False,False,False,62.69,2024-08-05,0.12051119024526807,WIN,14.0,crypto
CTSI-USD,SHORT,2024-08-25,0.14601300656795502,0.1632085682631585,0.11162188317754806,1110,False,True,True,62.94,2024-10-23,0.1632085682631585,LOSS,59.0,crypto
CTSI-USD,LONG,2024-11-05,0.1168690025806427,0.09879096742022311,0.15302507290148187,1182,False,False,False,32.94,2024-11-09,0.15302507290148187,WIN,4.0,crypto
CTSI-USD,SHORT,2024-11-12,0.1426669955253601,0.16448834875752738,0.09902428906102556,1189,False,True,True,67.63,2024-11-22,0.16448834875752738,LOSS,10.0,crypto
CTSI-USD,LONG,2024-12-11,0.20688700675964355,0.1667707777546237,0.28711946476968325,1218,False,False,False,45.9,2024-12-18,0.1667707777546237,LOSS,7.0,crypto
CTSI-USD,LONG,2024-12-20,0.15720899403095245,0.11861457633508427,0.23439782942268883,1227,False,False,False,35.0,2025-02-02,0.11861457633508427,LOSS,44.0,crypto
CTSI-USD,LONG,2025-02-03,0.1094530001282692,0.08507707363961706,0.15820485310557347,1272,False,False,False,29.81,2025-02-25,0.08507707363961706,LOSS,22.0,crypto
CTSI-USD,LONG,2025-04-07,0.049998000264167786,0.03972093601135789,0.07055212876978757,1335,False,False,False,18.69,2025-04-26,0.07055212876978757,WIN,19.0,crypto
CTSI-USD,SHORT,2025-04-27,0.06668400019407272,0.07481483121861243,0.050422338144993306,1355,False,False,False,68.57,2025-05-09,0.07481483121861243,LOSS,12.0,crypto
CTSI-USD,LONG,2025-05-31,0.06406000256538391,0.053879855400817966,0.0844202968945158,1389,False,False,False,36.53,2025-06-21,0.053879855400817966,LOSS,21.0,crypto
CTSI-USD,SHORT,2025-07-17,0.07417500019073486,0.08286120040412286,0.05680259976395888,1436,False,True,True,69.47,2025-07-23,0.08286120040412286,LOSS,6.0,crypto
CTSI-USD,LONG,2025-09-23,0.07699999958276749,0.06358491807321047,0.10383016260188152,1504,False,False,False,42.1,2025-10-10,0.06358491807321047,LOSS,17.0,crypto
CTSI-USD,LONG,2025-10-12,0.05893699824810028,0.04285178514564618,0.09110742445300848,1523,False,False,False,27.98,2025-11-04,0.04285178514564618,LOSS,23.0,crypto
CTSI-USD,SHORT,2025-11-22,0.04543299973011017,0.05834006040774714,0.019618878374836224,1564,False,False,False,50.97,,,OPEN,,crypto
CVX-USD,SHORT,2022-03-20,18.87844467163086,22.794050083148285,11.047233848596008,221,False,False,False,52.86,2022-03-24,22.794050083148285,LOSS,4.0,crypto
CVX-USD,SHORT,2022-03-29,29.19844627380371,33.84211797377374,19.911102873863655,230,False,False,False,79.26,2022-04-02,33.84211797377374,LOSS,4.0,crypto
CVX-USD,LONG,2022-05-13,12.607139587402344,7.0461966490367205,23.729025464133592,275,False,False,False,24.6,2022-06-10,7.0461966490367205,LOSS,28.0,crypto
CVX-USD,LONG,2022-06-17,3.626689910888672,1.8089919947734376,7.26208574311914,310,False,False,False,16.81,2022-07-18,7.26208574311914,WIN,31.0,crypto
CVX-USD,LONG,2022-08-21,5.366703033447266,4.2822483646082095,7.535612371125378,375,False,False,False,30.79,2022-11-09,4.2822483646082095,LOSS,80.0,crypto
CVX-USD,LONG,2022-11-10,4.204926013946533,3.4256854053779824,5.763407231083635,456,False,False,False,25.77,2022-11-13,5.763407231083635,WIN,3.0,crypto
CVX-USD,LONG,2022-12-17,3.4534199237823486,3.003006078122432,4.354247615102182,493,False,False,False,30.78,2023-01-06,3.003006078122432,LOSS,20.0,crypto
CVX-USD,SHORT,2023-01-10,3.392868995666504,3.6706936395331264,2.837219707933259,517,False,False,False,50.73,2023-01-13,3.6706936395331264,LOSS,3.0,crypto
CVX-USD,SHORT,2023-01-18,4.773972034454346,5.309682066940675,3.7025519694816875,525,False,True,True,86.26,2023-01-22,5.309682066940675,LOSS,4.0,crypto
CVX-USD,LONG,2023-03-12,5.4204630851745605,4.701136804038139,6.859115647447403,578,False,False,False,33.39,2023-05-08,4.701136804038139,LOSS,57.0,crypto
CVX-USD,LONG,2023-06-06,4.010103225708008,3.623813751576179,4.782682173971666,664,False,False,False,26.18,2023-06-10,3.623813751576179,LOSS,4.0,crypto
CVX-USD,LONG,2023-06-11,3.527941942214966,3.1390001403896757,4.305825545865546,669,False,False,False,23.08,2023-06-15,3.1390001403896757,LOSS,4.0,crypto
CVX-USD,SHORT,2023-06-22,3.767333984375,4.118616421000691,3.064769111123619,680,False,False,False,52.37,2023-07-04,4.118616421000691,LOSS,12.0,crypto
CVX-USD,SHORT,2023-07-05,4.092634201049805,4.439559235516613,3.3987841321161874,693,False,True,True,63.03,2023-07-24,3.3987841321161874,WIN,19.0,crypto
CVX-USD,LONG,2023-07-25,3.52726411819458,3.230815228671455,4.1201618972408305,713,False,False,False,28.45,2023-07-31,3.230815228671455,LOSS,6.0,crypto
CVX-USD,LONG,2023-08-18,2.7940471172332764,2.481305725254742,3.4195299011903453,737,False,False,False,24.36,2023-09-10,2.481305725254742,LOSS,23.0,crypto
CVX-USD,LONG,2023-09-12,2.361114025115967,2.15944863454661,2.76444480625468,762,False,False,False,19.34,2023-09-22,2.76444480625468,WIN,10.0,crypto
CVX-USD,SHORT,2023-09-26,2.9968950748443604,3.245375404785309,2.499934414962463,776,False,True,True,67.97,2023-10-19,2.499934414962463,WIN,23.0,crypto
CVX-USD,SHORT,2023-11-07,3.4018518924713135,3.697810874941082,2.8099339275317767,818,False,True,True,74.23,2023-11-10,3.697810874941082,LOSS,3.0,crypto
CVX-USD,LONG,2023-12-21,3.38311505317688,2.9867618506467943,4.175821458237051,862,False,False,False,37.72,2024-01-06,2.9867618506467943,LOSS,16.0,crypto
CVX-USD,SHORT,2024-02-05,2.9769809246063232,3.355746021325388,2.2194507311681937,908,False,False,False,54.51,2024-02-12,3.355746021325388,LOSS,7.0,crypto
CVX-USD,SHORT,2024-02-17,3.630842924118042,3.952163126030669,2.9882025202927878,920,False,False,False,71.51,2024-02-18,3.952163126030669,LOSS,1.0,crypto
CVX-USD,SHORT,2024-02-19,4.2050909996032715,4.6525181371089595,3.3102367245918956,922,False,False,False,85.01,2024-02-21,4.6525181371089595,LOSS,2.0,crypto
CVX-USD,LONG,2024-03-17,4.415949821472168,3.584119055420932,6.07961135357464,949,False,False,False,39.6,2024-03-19,3.584119055420932,LOSS,2.0,crypto
CVX-USD,LONG,2024-03-20,3.9516239166259766,3.0918402092024326,5.671191331473064,952,False,True,True,34.32,2024-04-12,3.0918402092024326,LOSS,23.0,crypto
CVX-USD,LONG,2024-04-14,2.6951661109924316,2.009593373992111,4.066311584993073,977,False,False,False,23.39,2024-06-13,2.009593373992111,LOSS,60.0,crypto
CVX-USD,SHORT,2024-07-30,3.1337809562683105,3.78714535800877,1.8270521527873917,1084,False,False,False,68.78,2024-09-06,1.8270521527873917,WIN,38.0,crypto
CVX-USD,SHORT,2024-09-22,2.155432939529419,2.4419982191521603,1.5823023802839362,1138,False,False,False,56.85,2024-10-25,1.5823023802839362,WIN,33.0,crypto
CVX-USD,LONG,2024-10-26,1.5475319623947144,1.3579365566180326,1.926722773948078,1172,False,False,False,26.32,2024-11-08,1.926722773948078,WIN,13.0,crypto
CVX-USD,SHORT,2024-11-13,2.0494699478149414,2.3314367275221684,1.4855363884004875,1190,False,True,True,67.92,2024-11-19,2.3314367275221684,LOSS,6.0,crypto
CVX-USD,SHORT,2024-11-20,2.47908091545105,3.042050568320447,1.3531416097122557,1197,False,False,False,80.51,2024-11-23,3.042050568320447,LOSS,3.0,crypto
CVX-USD,LONG,2024-12-23,5.00692892074585,3.3843990688998113,8.251988624437926,1230,False,False,False,38.68,2025-01-25,3.3843990688998113,LOSS,33.0,crypto
CVX-USD,LONG,2025-01-29,2.9057979583740234,2.0241017614543573,4.669190352213356,1267,False,False,False,29.86,2025-02-03,2.0241017614543573,LOSS,5.0,crypto
CVX-USD,SHORT,2025-02-24,2.283998966217041,2.881600001543904,1.0887968955633154,1293,False,False,False,54.61,2025-04-22,2.881600001543904,LOSS,57.0,crypto
CVX-USD,SHORT,2025-04-24,2.813699960708618,3.264305031978366,1.9124898181691226,1352,False,False,False,71.66,2025-05-02,3.264305031978366,LOSS,8.0,crypto
CVX-USD,LONG,2025-06-02,2.767258882522583,2.260302011887842,3.781172623792065,1391,False,False,False,36.27,2025-06-22,2.260302011887842,LOSS,20.0,crypto
CVX-USD,SHORT,2025-07-17,4.499327182769775,5.208584071407406,3.0808134054945135,1436,False,False,False,87.33,2025-07-24,5.208584071407406,LOSS,7.0,crypto
CVX-USD,SHORT,2025-09-19,3.8704640865325928,4.403619957375535,2.804152344846708,1500,False,False,False,60.49,2025-10-10,2.804152344846708,WIN,21.0,crypto
CVX-USD,LONG,2025-10-12,2.569451093673706,1.736180170424764,4.23599294017159,1523,False,False,False,25.57,2025-11-20,1.736180170424764,LOSS,39.0,crypto
CVX-USD,SHORT,2025-11-27,1.8891019821166992,2.192527914648202,1.2822501170536933,1569,False,False,False,48.31,2026-01-03,2.192527914648202,LOSS,37.0,crypto
CVX-USD,SHORT,2026-01-04,2.0731329917907715,2.4410201425558222,1.33735869026067,1607,False,True,True,74.03,2026-06-04,1.33735869026067,WIN,151.0,crypto
CVX-USD,LONG,2026-06-07,1.262503981590271,1.0759507396867305,1.635610465397352,1761,False,False,False,21.01,2026-06-25,1.0759507396867305,LOSS,18.0,crypto
CVX-USD,SHORT,2026-07-07,1.2091779708862305,1.3603667845360141,0.9068003435866632,1791,False,False,False,57.69,2026-07-14,1.3603667845360141,LOSS,7.0,crypto
CVX-USD,SHORT,2026-07-15,1.2841949462890625,1.4402125629085172,0.9721597130501531,1799,False,False,False,61.39,2026-08-05,1.4402125629085172,LOSS,21.0,crypto
CVX-USD,SHORT,2026-08-07,1.4753999710083008,1.6303271580214858,1.1655455969819308,1822,False,True,True,69.85,2026-08-09,1.6303271580214858,LOSS,2.0,crypto
CVX-USD,SHORT,2026-08-11,1.6399999856948853,1.8229140324809272,1.2741718921228014,1826,False,False,False,77.06,,,OPEN,,crypto
DASH-USD,SHORT,2022-03-25,126.28829956054688,142.55976319425304,93.74537229313455,226,False,True,True,71.43,2022-04-26,93.74537229313455,WIN,32.0,crypto
DASH-USD,LONG,2022-05-10,73.38912963867188,59.691855595822744,100.78367772437014,272,False,False,False,26.4,2022-05-11,59.691855595822744,LOSS,1.0,crypto
DASH-USD,LONG,2022-05-13,58.13600158691406,41.39978958761734,91.6084255855075,275,False,False,False,21.13,2022-06-13,41.39978958761734,LOSS,31.0,crypto
DASH-USD,SHORT,2022-06-25,52.307552337646484,60.358995902705345,36.20466520752876,318,False,False,False,51.4,2022-11-09,36.20466520752876,WIN,137.0,crypto
DASH-USD,LONG,2022-11-10,36.86806869506836,30.90157090504927,48.80106427510654,456,False,False,False,29.71,2022-12-12,48.80106427510654,WIN,32.0,crypto
DASH-USD,LONG,2023-03-12,53.44081115722656,44.31429148795555,71.69385049576859,578,False,False,False,22.57,2023-05-08,44.31429148795555,LOSS,57.0,crypto
DASH-USD,LONG,2023-05-09,42.06634521484375,37.379528472709794,51.43997869911166,636,False,False,False,24.92,2023-06-10,37.379528472709794,LOSS,32.0,crypto
DASH-USD,LONG,2023-06-13,29.711172103881836,25.55904330902326,38.01542969359899,671,False,False,False,18.38,2023-06-30,38.01542969359899,WIN,17.0,crypto
DASH-USD,SHORT,2023-08-10,32.34779357910156,34.47891467849337,28.085551380317952,729,False,False,False,52.87,2023-08-16,28.085551380317952,WIN,6.0,crypto
DASH-USD,LONG,2023-08-19,26.72966957092285,24.25882910209215,31.671350508584254,738,False,False,False,24.78,2023-11-07,31.671350508584254,WIN,80.0,crypto
DASH-USD,LONG,2023-11-22,29.17227554321289,25.993069116315468,35.53068839700774,833,False,False,False,40.86,2023-12-09,35.53068839700774,WIN,17.0,crypto
DASH-USD,SHORT,2023-12-28,36.89323425292969,40.391955337502715,29.895792083783633,869,False,False,False,73.02,2024-01-03,29.895792083783633,WIN,6.0,crypto
DASH-USD,LONG,2024-01-04,30.077165603637695,25.92332124179272,38.384854327327645,876,False,False,False,37.54,2024-01-08,25.92332124179272,LOSS,4.0,crypto
DASH-USD,SHORT,2024-02-13,27.89375877380371,30.15663299839371,23.36801032462371,916,False,False,False,53.78,2024-02-17,30.15663299839371,LOSS,4.0,crypto
DASH-USD,SHORT,2024-02-20,29.85640525817871,32.19529092860539,25.178633917325357,923,False,True,True,62.97,2024-02-27,32.19529092860539,LOSS,7.0,crypto
DASH-USD,SHORT,2024-02-28,31.196596145629883,34.06999158325202,25.44980527038561,931,False,False,False,71.33,2024-03-01,34.06999158325202,LOSS,2.0,crypto
DASH-USD,SHORT,2024-03-03,38.04314422607422,42.22377330234974,29.681886073523174,935,False,False,False,84.96,2024-03-11,42.22377330234974,LOSS,8.0,crypto
DASH-USD,LONG,2024-03-17,37.14015579223633,30.920048623408825,49.580370129891335,949,False,False,False,47.5,2024-04-12,30.920048623408825,LOSS,26.0,crypto
DASH-USD,LONG,2024-04-14,30.139846801757812,24.13683677916486,42.14586684694372,977,False,False,False,29.2,2024-06-18,24.13683677916486,LOSS,65.0,crypto
DASH-USD,LONG,2024-06-19,23.68031120300293,21.128219335181868,28.784494938645054,1043,False,False,False,23.75,2024-07-05,21.128219335181868,LOSS,16.0,crypto
DASH-USD,SHORT,2024-07-17,27.50313949584961,30.342559691741,21.82429910406683,1071,False,True,True,66.75,2024-08-04,21.82429910406683,WIN,18.0,crypto
DASH-USD,LONG,2024-08-05,22.100223541259766,18.78487282691964,28.73092496994002,1090,False,False,False,30.0,2024-11-16,28.73092496994002,WIN,103.0,crypto
DASH-USD,SHORT,2024-11-17,27.385709762573242,30.464750157965963,21.2276289717878,1194,False,False,False,75.66,2024-11-23,30.464750157965963,LOSS,6.0,crypto
DASH-USD,LONG,2024-12-20,38.095428466796875,27.773067315894366,58.74015076860189,1227,False,True,True,37.84,2025-02-02,27.773067315894366,LOSS,44.0,crypto
DASH-USD,LONG,2025-02-05,25.33469581604004,18.95614463252985,38.09179818306042,1274,False,False,False,28.56,2025-04-07,18.95614463252985,LOSS,61.0,crypto
DASH-USD,LONG,2025-04-09,20.76881217956543,18.085948350580388,26.134539837535513,1337,False,False,False,26.78,2025-06-22,18.085948350580388,LOSS,74.0,crypto
DASH-USD,LONG,2025-06-23,19.75779914855957,17.727950086959357,23.817497271759997,1412,True,False,False,26.78,2025-07-18,23.817497271759997,WIN,25.0,crypto
DASH-USD,SHORT,2025-07-21,25.027467727661133,27.206643073394737,20.669117036193924,1440,False,False,False,80.23,2025-07-30,20.669117036193924,WIN,9.0,crypto
DASH-USD,LONG,2025-09-26,20.685977935791016,18.637541902152513,24.78285000306802,1507,False,False,False,30.64,2025-10-01,24.78285000306802,WIN,5.0,crypto
DASH-USD,SHORT,2025-10-03,31.64492416381836,36.41268123046277,22.10941003052953,1514,False,False,False,79.17,2025-10-05,36.41268123046277,LOSS,2.0,crypto
DASH-USD,SHORT,2025-11-05,105.16072082519531,131.51786228883847,52.44643789790899,1547,False,False,False,88.88,2025-11-06,131.51786228883847,LOSS,1.0,crypto
DASH-USD,SHORT,2025-12-29,42.386924743652344,50.945023398995566,25.2707274329659,1601,False,True,False,49.79,2026-01-13,50.945023398995566,LOSS,15.0,crypto
DASH-USD,SHORT,2026-01-17,74.52029418945312,90.3784357398678,42.80401108862378,1620,False,False,False,85.19,2026-01-18,90.3784357398678,LOSS,1.0,crypto
DASH-USD,SHORT,2026-03-05,34.306766510009766,40.74639102599421,21.427517478040883,1667,False,False,False,46.11,2026-04-10,40.74639102599421,LOSS,36.0,crypto
DASH-USD,SHORT,2026-04-12,41.010921478271484,47.25279951333638,28.5271654081417,1705,False,False,False,77.45,2026-05-04,47.25279951333638,LOSS,22.0,crypto
DASH-USD,SHORT,2026-05-08,50.25798416137695,57.84347565178734,35.087001180556186,1731,False,False,False,79.12,2026-06-04,35.087001180556186,WIN,27.0,crypto
DASH-USD,LONG,2026-07-28,31.367280960083008,28.344153116353485,37.41353664754205,1812,False,False,False,36.61,,,OPEN,,crypto
DGB-USD,SHORT,2022-03-20,0.020434999838471413,0.023233408524961807,0.014838182465490624,221,False,False,False,58.05,2022-03-24,0.023233408524961807,LOSS,4.0,crypto
DGB-USD,SHORT,2022-03-25,0.02317100018262863,0.02599794734665714,0.017517105854571613,226,False,True,True,62.21,2022-03-27,0.02599794734665714,LOSS,2.0,crypto
DGB-USD,SHORT,2022-03-29,0.033236000686883926,0.03935428277984602,0.020999436500959742,230,False,True,True,72.2,2022-04-29,0.020999436500959742,WIN,31.0,crypto
DGB-USD,LONG,2022-05-10,0.014790999703109264,0.010866790918594991,0.02263941727213781,272,False,False,False,26.58,2022-05-11,0.010866790918594991,LOSS,1.0,crypto
DGB-USD,LONG,2022-05-12,0.011606000363826752,0.007066085661091675,0.020685829769296907,274,False,False,False,22.67,2022-11-09,0.007066085661091675,LOSS,181.0,crypto
DGB-USD,SHORT,2022-12-15,0.008685999549925327,0.009964796732720929,0.006128405184334124,491,False,True,True,75.56,2023-01-14,0.009964796732720929,LOSS,30.0,crypto
DGB-USD,SHORT,2023-01-17,0.009975999593734741,0.010775989026013153,0.008376020729177917,524,False,True,True,84.19,2023-01-24,0.010775989026013153,LOSS,7.0,crypto
DGB-USD,LONG,2023-02-11,0.009936000220477581,0.00873677087058803,0.012334458920256683,549,False,True,False,44.65,2023-02-21,0.012334458920256683,WIN,10.0,crypto
DGB-USD,LONG,2023-03-12,0.009643999859690666,0.008414792746602562,0.012102414085866875,578,True,False,False,28.84,2023-05-08,0.008414792746602562,LOSS,57.0,crypto
DGB-USD,LONG,2023-05-10,0.008022000081837177,0.007280565895551231,0.009504868454409069,637,False,False,False,28.13,2023-06-05,0.007280565895551231,LOSS,26.0,crypto
DGB-USD,LONG,2023-06-17,0.006134000141173601,0.005476613259686643,0.007448773904147518,675,False,False,False,21.35,2023-07-01,0.007448773904147518,WIN,14.0,crypto
DGB-USD,SHORT,2023-07-04,0.008069000206887722,0.009020245561401932,0.006166509497859303,692,False,True,True,70.91,2023-09-11,0.006166509497859303,WIN,69.0,crypto
DGB-USD,SHORT,2023-10-18,0.006471000146120787,0.006856950295613465,0.00569909984713543,798,False,False,False,59.97,2023-10-23,0.006856950295613465,LOSS,5.0,crypto
DGB-USD,SHORT,2023-10-26,0.007164999842643738,0.007657384558649957,0.0061802304106313,806,False,True,True,68.01,2023-11-06,0.007657384558649957,LOSS,11.0,crypto
DGB-USD,SHORT,2023-11-11,0.008592999540269375,0.00916595379441902,0.007447091031970086,822,False,False,False,82.22,2023-11-21,0.007447091031970086,WIN,10.0,crypto
DGB-USD,LONG,2023-11-22,0.007542999926954508,0.006779079263158174,0.009070841254547175,833,False,True,False,40.0,2023-12-09,0.009070841254547175,WIN,17.0,crypto
DGB-USD,LONG,2024-01-04,0.008902999572455883,0.007856478886941968,0.010996040943483713,876,False,False,False,44.57,2024-01-08,0.007856478886941968,LOSS,4.0,crypto
DGB-USD,SHORT,2024-02-11,0.007817000150680542,0.008438746747631525,0.006573506956778576,914,False,False,False,55.23,2024-02-15,0.008438746747631525,LOSS,4.0,crypto
DGB-USD,SHORT,2024-02-17,0.008639000356197357,0.009347425092885657,0.007222150882820758,920,False,False,False,64.94,2024-02-18,0.009347425092885657,LOSS,1.0,crypto
DGB-USD,SHORT,2024-02-20,0.009211000055074692,0.010084225707869935,0.007464548749484205,923,False,False,False,73.85,2024-02-22,0.010084225707869935,LOSS,2.0,crypto
DGB-USD,SHORT,2024-02-27,0.0123089998960495,0.013854110093608608,0.009218779500931282,930,False,False,False,86.72,2024-03-01,0.013854110093608608,LOSS,3.0,crypto
DGB-USD,LONG,2024-03-20,0.013931999914348125,0.010735629980211325,0.020324739782621726,952,False,False,False,41.71,2024-04-01,0.020324739782621726,WIN,12.0,crypto
DGB-USD,LONG,2024-04-14,0.012628000229597092,0.008981663979262203,0.019920672730266868,977,False,True,True,34.71,2024-06-14,0.008981663979262203,LOSS,61.0,crypto
DGB-USD,LONG,2024-06-15,0.009208999574184418,0.008020550480274669,0.011585897762003916,1039,False,False,False,27.62,2024-06-18,0.008020550480274669,LOSS,3.0,crypto
DGB-USD,LONG,2024-06-20,0.007947999984025955,0.0066792575798435595,0.010485484792390747,1044,False,False,False,19.82,2024-07-05,0.0066792575798435595,LOSS,15.0,crypto
DGB-USD,SHORT,2024-07-20,0.008419999852776527,0.009335901888567272,0.006588195781195037,1074,False,False,False,58.9,2024-08-03,0.006588195781195037,WIN,14.0,crypto
DGB-USD,LONG,2024-10-26,0.006047000177204609,0.005465308899518192,0.007210382732577443,1172,False,False,False,34.23,2024-11-03,0.005465308899518192,LOSS,8.0,crypto
DGB-USD,LONG,2024-11-05,0.005394000094383955,0.004755368608537414,0.006671263066077036,1182,False,False,False,24.81,2024-11-10,0.006671263066077036,WIN,5.0,crypto
DGB-USD,SHORT,2024-11-12,0.006839999929070473,0.007681152295445054,0.00515769519632131,1189,False,True,True,68.78,2024-11-13,0.007681152295445054,LOSS,1.0,crypto
DGB-USD,LONG,2024-12-20,0.012133999727666378,0.008194312293697525,0.020013374595604084,1227,False,True,True,39.11,2025-02-03,0.008194312293697525,LOSS,45.0,crypto
DGB-USD,SHORT,2025-03-03,0.008090999908745289,0.009816931520620293,0.004639136684995281,1300,False,False,False,56.31,2025-03-08,0.009816931520620293,LOSS,5.0,crypto
DGB-USD,SHORT,2025-03-09,0.009974000044167042,0.012072278513550949,0.005777443105399228,1306,False,False,False,69.7,2025-03-26,0.012072278513550949,LOSS,17.0,crypto
DGB-USD,SHORT,2025-03-27,0.010560999624431133,0.012380030082073674,0.006922938709146051,1324,False,False,False,69.91,2025-05-13,0.012380030082073674,LOSS,47.0,crypto
DGB-USD,SHORT,2025-05-15,0.010866000317037106,0.012455658962168603,0.00768668302677411,1373,False,False,False,69.68,2025-06-21,0.00768668302677411,WIN,37.0,crypto
DGB-USD,LONG,2025-06-23,0.00760400015860796,0.006663219416363273,0.009485561643097334,1412,False,False,False,24.36,2025-07-18,0.009485561643097334,WIN,25.0,crypto
DGB-USD,LONG,2025-09-26,0.007410000078380108,0.006603864035904331,0.009022272163331662,1507,False,False,False,27.95,2025-10-10,0.006603864035904331,LOSS,14.0,crypto
DGB-USD,SHORT,2025-11-03,0.007300000172108412,0.00897430919994421,0.003951382116436815,1545,False,True,True,69.18,2025-11-04,0.00897430919994421,LOSS,1.0,crypto
DGB-USD,SHORT,2025-11-06,0.009864999912679195,0.012384787595244813,0.00482542454754796,1548,False,False,False,71.68,2026-01-31,0.00482542454754796,WIN,86.0,crypto
DGB-USD,LONG,2026-02-02,0.0050479997880756855,0.004281882457446935,0.006580234449333186,1636,False,False,False,27.73,2026-02-05,0.004281882457446935,LOSS,3.0,crypto
DGB-USD,LONG,2026-02-06,0.0043390002101659775,0.0035242651088726374,0.005968470412752658,1640,False,False,False,24.56,2026-04-26,0.0035242651088726374,LOSS,79.0,crypto
DGB-USD,LONG,2026-04-27,0.00395399983972311,0.003440831298179836,0.004980336922809659,1720,False,False,False,34.23,2026-05-28,0.003440831298179836,LOSS,31.0,crypto
DGB-USD,LONG,2026-05-30,0.003244000021368265,0.0028580308666241085,0.004015938330856578,1753,False,False,False,24.96,2026-06-04,0.0028580308666241085,LOSS,5.0,crypto
DGB-USD,LONG,2026-06-06,0.00278700003400445,0.0023880055351645116,0.0035849890316843264,1760,False,False,False,20.77,2026-06-08,0.0023880055351645116,LOSS,2.0,crypto
DGB-USD,SHORT,2026-07-06,0.00253800000064075,0.0028429822470553232,0.0019280355078116033,1790,False,False,False,49.34,2026-07-16,0.0028429822470553232,LOSS,10.0,crypto
DGB-USD,SHORT,2026-07-17,0.0029200001154094934,0.0034196691533221893,0.0019206620395841017,1801,False,True,True,77.57,2026-07-18,0.0034196691533221893,LOSS,1.0,crypto
DGB-USD,SHORT,2026-07-21,0.003152000019326806,0.0038667859731432927,0.0017224281116938328,1805,True,True,True,71.96,2026-07-26,0.0038667859731432927,LOSS,5.0,crypto
DODO-USD,SHORT,2022-03-20,0.41892701387405396,0.47884947946438916,0.29908208269338354,221,False,False,False,53.9,2022-03-27,0.47884947946438916,LOSS,7.0,crypto
DODO-USD,SHORT,2022-03-28,0.4836440086364746,0.5435960782189646,0.3637398694714946,229,False,True,True,64.03,2022-03-30,0.5435960782189646,LOSS,2.0,crypto
DODO-USD,SHORT,2022-03-31,0.5166699886322021,0.5865619756435236,0.3768860146095592,232,False,True,True,71.3,2022-04-01,0.5865619756435236,LOSS,1.0,crypto
DODO-USD,SHORT,2022-04-02,0.5578020215034485,0.6445789032159183,0.38424825807850893,234,False,True,True,71.19,2022-04-11,0.38424825807850893,WIN,9.0,crypto
DODO-USD,LONG,2022-05-13,0.152661994099617,0.07727315574563313,0.3034396708075847,275,False,False,False,21.04,2023-02-28,0.3034396708075847,WIN,291.0,crypto
DODO-USD,LONG,2023-04-22,0.15907500684261322,0.13233929140843048,0.2125464377109787,619,False,False,False,34.37,2023-05-08,0.13233929140843048,LOSS,16.0,crypto
DODO-USD,SHORT,2023-05-29,0.13270500302314758,0.14616354741353133,0.1057879142423801,656,False,False,False,51.78,2023-06-10,0.1057879142423801,WIN,12.0,crypto
DODO-USD,SHORT,2023-08-09,0.11813700199127197,0.14279162937251214,0.06882774722879165,728,False,True,True,72.74,2023-11-30,0.14279162937251214,LOSS,113.0,crypto
DODO-USD,SHORT,2023-12-27,0.21484699845314026,0.25252190652515516,0.13949718230911046,868,False,False,False,79.94,2024-02-28,0.25252190652515516,LOSS,63.0,crypto
DODO-USD,LONG,2024-03-17,0.25982001423835754,0.2015352750421952,0.3763894926306822,949,False,False,False,49.13,2024-04-12,0.2015352750421952,LOSS,26.0,crypto
DODO-USD,LONG,2024-04-14,0.16511699557304382,0.1153334482531252,0.2646840902128811,977,False,False,False,26.43,2024-07-04,0.1153334482531252,LOSS,81.0,crypto
DODO-USD,SHORT,2024-07-17,0.1234000027179718,0.14034714576217053,0.08950571662957435,1071,False,False,False,50.86,2024-07-30,0.14034714576217053,LOSS,13.0,crypto
DODO-USD,SHORT,2024-08-19,0.11639200150966644,0.13952420741057503,0.07012758970784927,1104,False,False,False,61.06,2024-08-23,0.13952420741057503,LOSS,4.0,crypto
DODO-USD,SHORT,2024-09-25,0.14318899810314178,0.16680432525133831,0.09595834380674872,1141,False,False,False,74.77,2024-11-04,0.09595834380674872,WIN,40.0,crypto
DODO-USD,LONG,2024-11-05,0.10402300208806992,0.08884315497149674,0.13438269632121627,1182,False,False,False,33.04,2024-11-23,0.13438269632121627,WIN,18.0,crypto
DODO-USD,SHORT,2024-12-05,0.20384499430656433,0.23479146249719526,0.14195205792530247,1212,False,False,False,83.12,2024-12-19,0.14195205792530247,WIN,14.0,crypto
DODO-USD,LONG,2024-12-20,0.1471710056066513,0.10569847524992601,0.2301160663201019,1227,False,True,True,40.31,2025-01-24,0.10569847524992601,LOSS,35.0,crypto
DODO-USD,LONG,2025-01-25,0.10536599904298782,0.08152170616260208,0.1530545848037593,1263,False,False,False,30.11,2025-02-03,0.08152170616260208,LOSS,9.0,crypto
DODO-USD,SHORT,2025-02-13,0.1007549986243248,0.12964550104400896,0.04297399378495648,1282,False,False,False,60.98,2025-04-15,0.04297399378495648,WIN,61.0,crypto
DODO-USD,SHORT,2025-05-12,0.059230998158454895,0.06771476072881256,0.042263473017739556,1370,False,True,True,66.37,2025-05-30,0.042263473017739556,WIN,18.0,crypto
DODO-USD,LONG,2025-05-31,0.041877999901771545,0.03347105085530978,0.05869189799469508,1389,False,False,False,31.88,2025-06-22,0.03347105085530978,LOSS,22.0,crypto
DODO-USD,LONG,2025-06-23,0.037599001079797745,0.031627849926604175,0.049541303386184884,1412,False,False,False,27.65,2025-07-16,0.049541303386184884,WIN,23.0,crypto
DODO-USD,SHORT,2025-07-17,0.047944001853466034,0.05444732025422375,0.03493736505195061,1436,False,True,True,72.58,2025-10-10,0.03493736505195061,WIN,85.0,crypto
DODO-USD,LONG,2025-10-12,0.035613998770713806,0.0262750388444664,0.05429191862320862,1523,False,False,False,28.84,2025-11-03,0.0262750388444664,LOSS,22.0,crypto
DODO-USD,SHORT,2025-11-27,0.02596599981188774,0.03163390569652905,0.01463018804260513,1569,False,False,False,58.58,2026-02-05,0.01463018804260513,WIN,70.0,crypto
DODO-USD,LONG,2026-02-06,0.015540000051259995,0.01214857415314613,0.022322851847487724,1640,False,False,False,28.22,2026-04-23,0.022322851847487724,WIN,76.0,crypto
DODO-USD,LONG,2026-05-14,0.019672000780701637,0.0165287105974858,0.025958581147133314,1737,False,True,False,44.1,2026-05-24,0.0165287105974858,LOSS,10.0,crypto
DODO-USD,SHORT,2026-06-25,0.016954999417066574,0.020318366657517645,0.010228264936164431,1779,False,True,True,61.18,2026-06-30,0.020318366657517645,LOSS,5.0,crypto
DODO-USD,SHORT,2026-07-02,0.019200000911951065,0.02262127474180325,0.012357453252246693,1786,False,True,True,65.68,2026-07-12,0.02262127474180325,LOSS,10.0,crypto
DODO-USD,SHORT,2026-07-13,0.02114799991250038,0.025774209762234976,0.011895580213031193,1797,False,False,False,72.01,2026-07-15,0.025774209762234976,LOSS,2.0,crypto
DODO-USD,SHORT,2026-07-16,0.021710999310016632,0.02778336774480681,0.009566262440436277,1800,False,False,False,72.22,2026-08-05,0.02778336774480681,LOSS,20.0,crypto
DOGE-USD,SHORT,2022-03-20,0.11915399879217148,0.1311623978405564,0.09513720069540166,221,False,False,False,50.84,2022-03-24,0.1311623978405564,LOSS,4.0,crypto
DOGE-USD,SHORT,2022-03-30,0.14320999383926392,0.1571123813068314,0.11540521890412897,231,False,True,True,66.18,2022-04-05,0.1571123813068314,LOSS,6.0,crypto
DOGE-USD,SHORT,2022-04-06,0.14341700077056885,0.16535710017980845,0.09953680195208964,238,False,True,True,77.22,2022-04-25,0.16535710017980845,LOSS,19.0,crypto
DOGE-USD,LONG,2022-05-13,0.08833099901676178,0.06423581615743112,0.1365213647354231,275,False,False,False,24.43,2022-06-12,0.06423581615743112,LOSS,30.0,crypto
DOGE-USD,LONG,2022-06-15,0.06300000101327896,0.05018308028576757,0.08863384246830175,308,False,False,False,21.64,2022-06-18,0.05018308028576757,LOSS,3.0,crypto
DOGE-USD,SHORT,2022-06-27,0.0722389966249466,0.08491119153402572,0.046894606806788336,320,False,False,False,54.15,2022-08-16,0.08491119153402572,LOSS,50.0,crypto
DOGE-USD,SHORT,2022-08-17,0.08015400171279907,0.09037174651292236,0.059718512112552496,371,False,True,True,72.9,2022-09-06,0.059718512112552496,WIN,20.0,crypto
DOGE-USD,SHORT,2022-09-25,0.06115199998021126,0.06776319516049198,0.047929609619649816,410,False,False,False,53.1,2022-10-26,0.06776319516049198,LOSS,31.0,crypto
DOGE-USD,SHORT,2022-11-02,0.12782999873161316,0.15370338374657586,0.07608322870168777,448,True,False,False,91.82,2022-11-09,0.07608322870168777,WIN,7.0,crypto
DOGE-USD,LONG,2022-12-17,0.0792670026421547,0.06633552517497866,0.10512995757650676,493,False,False,False,31.71,2023-03-09,0.06633552517497866,LOSS,82.0,crypto
DOGE-USD,LONG,2023-03-11,0.06659399718046188,0.05923463500167141,0.08131272153804284,577,False,False,False,21.94,2023-04-01,0.08131272153804284,WIN,21.0,crypto
DOGE-USD,SHORT,2023-04-02,0.07908900082111359,0.08825888606975522,0.06074923032383031,599,False,True,True,63.5,2023-04-03,0.08825888606975522,LOSS,1.0,crypto
DOGE-USD,SHORT,2023-04-05,0.09281700104475021,0.10562417670170239,0.06720264973084586,602,False,False,False,68.72,2023-06-05,0.06720264973084586,WIN,61.0,crypto
DOGE-USD,LONG,2023-06-06,0.07037299871444702,0.06530679692615134,0.08050540229103839,664,False,False,False,28.31,2023-06-10,0.06530679692615134,LOSS,4.0,crypto
DOGE-USD,SHORT,2023-06-24,0.06674200296401978,0.07213452745802393,0.05595695397601147,682,False,False,False,56.81,2023-07-14,0.07213452745802393,LOSS,20.0,crypto
DOGE-USD,SHORT,2023-07-26,0.07795800268650055,0.08582979867234992,0.0622144107148018,714,False,False,False,73.27,2023-08-17,0.0622144107148018,WIN,22.0,crypto
DOGE-USD,LONG,2023-08-19,0.0637580007314682,0.057268910007156365,0.07673618218009187,738,False,False,False,31.71,2023-11-09,0.07673618218009187,WIN,82.0,crypto
DOGE-USD,SHORT,2023-12-09,0.0985419973731041,0.10843120709076222,0.07876357793778785,850,False,False,False,80.96,2024-01-07,0.07876357793778785,WIN,29.0,crypto
DOGE-USD,SHORT,2024-02-13,0.08108899742364883,0.08656947386124444,0.07012804454845761,916,False,True,False,55.95,2024-02-14,0.08656947386124444,LOSS,1.0,crypto
DOGE-USD,SHORT,2024-02-17,0.08359300345182419,0.08989477954074804,0.07098945127397649,920,False,False,False,63.84,2024-02-19,0.08989477954074804,LOSS,2.0,crypto
DOGE-USD,SHORT,2024-02-20,0.08614300191402435,0.09332878809899355,0.07177142954408597,923,False,False,False,67.51,2024-02-27,0.09332878809899355,LOSS,7.0,crypto
DOGE-USD,SHORT,2024-03-05,0.15393699705600739,0.1864715207358726,0.08886794969627698,937,True,False,False,95.29,2024-03-14,0.1864715207358726,LOSS,9.0,crypto
DOGE-USD,LONG,2024-04-14,0.1622850000858307,0.12064793973955965,0.24555912077837277,977,False,True,True,40.44,2024-05-01,0.12064793973955965,LOSS,17.0,crypto
DOGE-USD,SHORT,2024-05-22,0.16616299748420715,0.1890311879743488,0.12042661650392383,1015,False,False,False,61.04,2024-06-18,0.12042661650392383,WIN,27.0,crypto
DOGE-USD,LONG,2024-06-19,0.12234099954366684,0.10539198046561614,0.15623903769976824,1043,False,False,False,28.6,2024-07-04,0.10539198046561614,LOSS,15.0,crypto
DOGE-USD,SHORT,2024-07-18,0.11949600279331207,0.13365050637093598,0.09118699563806426,1072,False,False,False,53.24,2024-07-20,0.13365050637093598,LOSS,2.0,crypto
DOGE-USD,SHORT,2024-07-23,0.13039100170135498,0.14671973553462134,0.09773353403482227,1077,False,False,False,64.6,2024-08-05,0.09773353403482227,WIN,13.0,crypto
DOGE-USD,SHORT,2024-09-14,0.10546699911355972,0.11584765892995114,0.0847056794807769,1130,False,False,False,57.43,2024-09-26,0.11584765892995114,LOSS,12.0,crypto
DOGE-USD,SHORT,2024-09-29,0.1246739998459816,0.13667994299184633,0.10066211355425214,1145,False,False,False,75.08,2024-10-18,0.13667994299184633,LOSS,19.0,crypto
DOGE-USD,SHORT,2024-10-20,0.14208300411701202,0.1564805072236649,0.11328799790370625,1166,False,False,False,79.68,2024-10-28,0.1564805072236649,LOSS,8.0,crypto
DOGE-USD,SHORT,2024-11-14,0.36164599657058716,0.42980191358636055,0.22533416253904037,1191,False,False,False,92.93,2024-11-23,0.42980191358636055,LOSS,9.0,crypto
DOGE-USD,LONG,2024-12-11,0.41449201107025146,0.33236326939164484,0.5787494944274647,1218,False,False,False,49.85,2024-12-19,0.33236326939164484,LOSS,8.0,crypto
DOGE-USD,LONG,2024-12-22,0.31219199299812317,0.23986085973590712,0.45685425952255526,1229,False,True,True,34.17,2025-02-03,0.23986085973590712,LOSS,43.0,crypto
DOGE-USD,SHORT,2025-03-03,0.19907599687576294,0.24263714700415737,0.11195369661897409,1300,False,False,False,47.28,2025-05-10,0.24263714700415737,LOSS,68.0,crypto
DOGE-USD,SHORT,2025-05-11,0.23150800168514252,0.26098534533054163,0.1725533143943443,1369,False,False,False,83.14,2025-06-05,0.1725533143943443,WIN,25.0,crypto
DOGE-USD,LONG,2025-06-06,0.1789730042219162,0.15131620813528845,0.2342865963951717,1395,False,False,False,30.2,2025-06-22,0.15131620813528845,LOSS,16.0,crypto
DOGE-USD,SHORT,2025-07-04,0.16287100315093994,0.1823005175468304,0.124011974359159,1423,False,False,False,50.39,2025-07-09,0.1823005175468304,LOSS,5.0,crypto
DOGE-USD,SHORT,2025-07-14,0.19743099808692932,0.21967992704176434,0.15293314017725929,1433,False,True,True,64.98,2025-07-16,0.21967992704176434,LOSS,2.0,crypto
DOGE-USD,SHORT,2025-07-21,0.2717190086841583,0.3044580600696838,0.2062409059131074,1440,False,False,False,86.04,2025-08-01,0.2062409059131074,WIN,11.0,crypto
DOGE-USD,SHORT,2025-09-14,0.27858999371528625,0.30932584061563456,0.21711829991458964,1495,False,False,False,75.59,2025-10-10,0.21711829991458964,WIN,26.0,crypto
DOGE-USD,LONG,2025-10-12,0.20779499411582947,0.159556903680119,0.3042711749872504,1523,False,False,False,31.01,2025-11-04,0.159556903680119,LOSS,23.0,crypto
DOGE-USD,SHORT,2026-01-07,0.1462550014257431,0.161711686466402,0.11534163134442532,1610,False,True,True,64.98,2026-01-29,0.11534163134442532,WIN,22.0,crypto
DOGE-USD,SHORT,2026-03-17,0.10015899688005447,0.11147436496979903,0.07752826070056537,1679,False,False,False,60.17,2026-05-04,0.11147436496979903,LOSS,48.0,crypto
DOGE-USD,SHORT,2026-05-06,0.1124270036816597,0.12040222576594946,0.09647655951308018,1729,False,True,True,81.16,2026-06-02,0.09647655951308018,WIN,27.0,crypto
DOGE-USD,LONG,2026-06-06,0.0818530023097992,0.07276643613232787,0.10002613466474183,1760,False,False,False,17.24,2026-06-25,0.07276643613232787,LOSS,19.0,crypto
DOT-USD,SHORT,2022-03-17,18.751731872558594,21.140558606518656,13.974078404638469,218,False,False,False,56.92,2022-03-24,21.140558606518656,LOSS,7.0,crypto
DOT-USD,SHORT,2022-03-25,20.547285079956055,22.82798849841152,15.985878243045121,226,False,True,True,66.51,2022-03-28,22.82798849841152,LOSS,3.0,crypto
DOT-USD,LONG,2022-04-12,17.785879135131836,15.276308565660225,22.80502027407506,244,False,False,False,34.52,2022-04-30,15.276308565660225,LOSS,18.0,crypto
DOT-USD,LONG,2022-05-10,11.358491897583008,8.827734372245503,16.420006948258017,272,False,False,False,24.39,2022-05-11,8.827734372245503,LOSS,1.0,crypto
DOT-USD,LONG,2022-05-13,10.493300437927246,7.3286511739747535,16.82259896583223,275,False,False,False,22.56,2022-06-13,7.3286511739747535,LOSS,31.0,crypto
DOT-USD,SHORT,2022-07-20,7.464480876922607,8.494355697914564,5.404731234938694,343,False,False,False,57.8,2022-07-30,8.494355697914564,LOSS,10.0,crypto
DOT-USD,SHORT,2022-08-01,8.194031715393066,9.366639220598366,5.848816704982468,355,False,True,True,66.15,2022-08-09,9.366639220598366,LOSS,8.0,crypto
DOT-USD,LONG,2022-08-21,7.438866138458252,6.308579023485718,9.69944036840332,375,False,False,False,36.03,2022-09-19,6.308579023485718,LOSS,29.0,crypto
DOT-USD,SHORT,2022-10-27,6.336136817932129,6.82501712769912,5.3583761983981475,442,False,False,False,58.52,2022-11-04,6.82501712769912,LOSS,8.0,crypto
DOT-USD,SHORT,2022-11-05,7.019451141357422,7.579101567573003,5.900150288926259,451,False,True,True,66.73,2022-11-09,5.900150288926259,WIN,4.0,crypto
DOT-USD,LONG,2022-12-17,4.710334777832031,4.262503087927375,5.605998157641343,493,False,False,False,29.06,2022-12-28,4.262503087927375,LOSS,11.0,crypto
DOT-USD,SHORT,2023-01-16,5.810772895812988,6.292912499123899,4.846493689191167,523,False,True,True,79.39,2023-01-21,6.292912499123899,LOSS,5.0,crypto
DOT-USD,LONG,2023-02-11,6.278796195983887,5.579395083891558,7.677598420168545,549,False,True,False,48.07,2023-02-19,7.677598420168545,WIN,8.0,crypto
DOT-USD,LONG,2023-03-05,5.980068206787109,5.297789246120247,7.344626128120835,571,False,False,False,37.57,2023-03-09,5.297789246120247,LOSS,4.0,crypto
DOT-USD,LONG,2023-03-10,5.554636001586914,4.872869892984882,6.918168218790978,576,False,False,False,30.16,2023-04-18,6.918168218790978,WIN,39.0,crypto
DOT-USD,SHORT,2023-04-19,6.319921016693115,6.879503404929321,5.200756240220704,616,True,False,False,64.96,2023-05-11,5.200756240220704,WIN,22.0,crypto
DOT-USD,SHORT,2023-05-30,5.4438018798828125,5.760823164797444,4.809759310053549,657,False,False,False,50.09,2023-06-10,4.809759310053549,WIN,11.0,crypto
DOT-USD,LONG,2023-06-13,4.622073173522949,4.246007413509832,5.374204693549183,671,False,False,False,25.43,2023-07-02,5.374204693549183,WIN,19.0,crypto
DOT-USD,LONG,2023-08-04,4.988202095031738,4.643919709603516,5.676766865888183,723,False,False,False,40.02,2023-08-16,4.643919709603516,LOSS,12.0,crypto
DOT-USD,LONG,2023-08-19,4.517584800720215,4.1960046710903995,5.1607450599798455,738,False,False,False,27.77,2023-09-01,4.1960046710903995,LOSS,13.0,crypto
DOT-USD,SHORT,2023-10-02,4.123762130737305,4.342840194531927,3.6856060031480595,782,False,False,False,58.72,2023-10-12,3.6856060031480595,WIN,10.0,crypto
DOT-USD,SHORT,2023-10-26,4.236405849456787,4.5464630706083,3.6162914071537617,806,False,True,True,64.52,2023-10-31,4.5464630706083,LOSS,5.0,crypto
DOT-USD,LONG,2024-01-04,7.881475925445557,6.618730289937822,10.406967196461025,876,False,False,False,48.51,2024-01-08,6.618730289937822,LOSS,4.0,crypto
DOT-USD,SHORT,2024-02-10,7.208862781524658,7.8610645188268995,5.904459306920176,913,False,False,False,56.39,2024-02-15,7.8610645188268995,LOSS,5.0,crypto
DOT-USD,SHORT,2024-02-16,7.657581806182861,8.319078494898314,6.334588428751957,919,False,False,False,67.57,2024-02-27,8.319078494898314,LOSS,11.0,crypto
DOT-USD,SHORT,2024-03-05,9.330388069152832,10.632685957621751,6.725792292214994,937,False,False,False,83.27,2024-03-07,10.632685957621751,LOSS,2.0,crypto
DOT-USD,LONG,2024-03-17,10.115609169006348,8.354679255463028,13.637468996092988,949,False,False,False,50.07,2024-04-03,8.354679255463028,LOSS,17.0,crypto
DOT-USD,LONG,2024-04-14,6.8693461418151855,5.4877882006301295,9.632462024185298,977,False,False,False,24.6,2024-06-24,5.4877882006301295,LOSS,71.0,crypto
DOT-USD,SHORT,2024-07-03,6.069333076477051,6.7015342449615405,4.804930739508071,1057,False,False,False,57.45,2024-08-04,4.804930739508071,WIN,32.0,crypto
DOT-USD,LONG,2024-08-06,4.506931781768799,3.779838848621184,5.961117648064029,1091,False,False,False,17.68,2024-11-03,3.779838848621184,LOSS,89.0,crypto
DOT-USD,SHORT,2024-11-12,5.334292888641357,5.958300105749664,4.086278454424745,1189,False,False,False,81.76,2024-11-17,5.958300105749664,LOSS,5.0,crypto
DOT-USD,LONG,2024-12-11,9.006820678710938,6.985892173941156,13.0486776882505,1218,False,False,False,49.44,2024-12-19,6.985892173941156,LOSS,8.0,crypto
DOT-USD,LONG,2024-12-20,7.293115139007568,5.463588946194667,10.95216752463337,1227,False,True,True,35.93,2025-02-02,5.463588946194667,LOSS,44.0,crypto
DOT-USD,LONG,2025-02-05,4.692637920379639,3.55921431271046,6.959485135717996,1274,False,False,False,28.99,2025-04-07,3.55921431271046,LOSS,61.0,crypto
DOT-USD,LONG,2025-04-09,3.639357089996338,3.0728146977778983,4.772441874433217,1337,False,False,False,26.02,2025-05-09,4.772441874433217,WIN,30.0,crypto
DOT-USD,SHORT,2025-05-11,5.0924458503723145,5.60173953832564,4.073858474465663,1369,False,False,False,78.77,2025-05-30,4.073858474465663,WIN,19.0,crypto
DOT-USD,LONG,2025-06-23,3.4198780059814453,2.968960259552586,4.321713498839164,1412,False,False,False,23.13,2025-07-18,4.321713498839164,WIN,25.0,crypto
DOT-USD,SHORT,2025-09-14,4.322048187255859,4.702593025670298,3.560958510426982,1495,False,False,False,68.91,2025-09-19,4.702593025670298,LOSS,5.0,crypto
DOT-USD,LONG,2025-10-12,3.2469899654388428,2.439522451731338,4.861924992853853,1523,False,False,False,28.29,2025-11-04,2.439522451731338,LOSS,23.0,crypto
DOT-USD,SHORT,2025-11-11,3.0523529052734375,3.589002445541579,1.9790538247371545,1553,False,False,False,55.97,2025-12-01,1.9790538247371545,WIN,20.0,crypto
DOT-USD,SHORT,2025-12-28,1.848762035369873,2.088353194942184,1.3695797162252514,1600,False,False,False,47.04,2026-01-02,2.088353194942184,LOSS,5.0,crypto
DOT-USD,SHORT,2026-01-07,2.143120050430298,2.384286694171609,1.6607867629476756,1610,False,False,False,64.33,2026-01-30,1.6607867629476756,WIN,23.0,crypto
DOT-USD,LONG,2026-02-02,1.542801022529602,1.3153703874923264,1.9976622926041534,1636,False,False,False,24.17,2026-02-05,1.3153703874923264,LOSS,3.0,crypto
DOT-USD,SHORT,2026-03-01,1.537121057510376,1.7920941657549907,1.0271748410211465,1663,False,False,False,62.14,2026-06-04,1.0271748410211465,WIN,95.0,crypto
DOT-USD,LONG,2026-06-07,0.9706199765205383,0.8319821134178221,1.2478957027259707,1761,False,False,False,21.04,2026-06-25,0.8319821134178221,LOSS,18.0,crypto
DOT-USD,SHORT,2026-08-06,0.8203529715538025,0.8836877417653457,0.6936834311307161,1821,False,False,False,55.12,,,OPEN,,crypto
EGLD-USD,SHORT,2022-03-25,181.82151794433594,206.14986583922519,133.16482215455744,226,False,True,True,72.36,2022-03-28,206.14986583922519,LOSS,3.0,crypto
EGLD-USD,LONG,2022-05-13,87.71490478515625,63.75391346690026,135.63688742166823,275,False,False,False,20.23,2022-06-09,63.75391346690026,LOSS,27.0,crypto
EGLD-USD,SHORT,2022-07-19,60.788291931152344,69.90719499397224,42.55048580551255,342,False,False,False,57.18,2022-11-09,42.55048580551255,WIN,113.0,crypto
EGLD-USD,LONG,2022-11-10,47.691917419433594,40.03352982775307,63.00869260279464,456,False,False,False,22.78,2022-11-22,40.03352982775307,LOSS,12.0,crypto
EGLD-USD,LONG,2022-12-20,35.91034698486328,32.041466008701235,43.648108937187374,496,False,False,False,21.38,2023-01-21,43.648108937187374,WIN,32.0,crypto
EGLD-USD,LONG,2023-02-14,44.31283950805664,39.3360620443592,54.26639443545152,552,False,True,False,45.43,2023-03-09,39.3360620443592,LOSS,23.0,crypto
EGLD-USD,LONG,2023-03-10,38.42566680908203,33.12560937229967,49.02578168264675,576,False,False,False,29.88,2023-03-20,49.02578168264675,WIN,10.0,crypto
EGLD-USD,SHORT,2023-04-16,43.24592971801758,46.79131856206491,36.15515202992292,613,False,True,True,56.97,2023-04-27,46.79131856206491,LOSS,11.0,crypto
EGLD-USD,SHORT,2023-04-28,43.29793167114258,48.16647709387555,33.560840825676635,625,False,True,True,61.11,2023-06-10,33.560840825676635,WIN,43.0,crypto
EGLD-USD,LONG,2023-06-13,30.62403678894043,27.599299862910243,36.6735106410008,671,False,False,False,20.38,2023-07-13,36.6735106410008,WIN,30.0,crypto
EGLD-USD,LONG,2023-07-26,32.48368835449219,29.80324889379428,37.844567275888004,714,False,False,False,37.08,2023-08-15,29.80324889379428,LOSS,20.0,crypto
EGLD-USD,SHORT,2023-09-20,25.764806747436523,27.71238210739715,21.86965602751527,770,False,False,False,55.03,2023-09-21,27.71238210739715,LOSS,1.0,crypto
EGLD-USD,SHORT,2023-10-27,28.702550888061523,31.463567027753978,23.180518608676614,807,False,True,True,69.8,2023-11-01,31.463567027753978,LOSS,5.0,crypto
EGLD-USD,SHORT,2023-11-06,44.49959945678711,50.109472442211334,33.27985348593866,817,False,False,False,90.97,2023-12-03,50.109472442211334,LOSS,27.0,crypto
EGLD-USD,SHORT,2023-12-11,63.63407897949219,71.64485860563558,47.61251972720541,852,False,False,False,78.12,2023-12-24,71.64485860563558,LOSS,13.0,crypto
EGLD-USD,LONG,2024-01-08,55.357200622558594,44.20282315936103,77.66595554895372,880,False,True,True,33.82,2024-03-13,77.66595554895372,WIN,65.0,crypto
EGLD-USD,LONG,2024-03-17,64.50411987304688,53.2274519754879,87.05745566816482,949,False,False,False,45.11,2024-04-02,53.2274519754879,LOSS,16.0,crypto
EGLD-USD,LONG,2024-04-14,41.198265075683594,31.909501660613593,59.775791905823596,977,False,False,False,21.77,2024-06-14,31.909501660613593,LOSS,61.0,crypto
EGLD-USD,LONG,2024-06-19,29.427047729492188,25.315034921015474,37.651073346445614,1043,False,False,False,26.5,2024-07-17,37.651073346445614,WIN,28.0,crypto
EGLD-USD,LONG,2024-08-06,26.81508445739746,22.634681342700603,35.17589068679118,1091,False,False,False,20.66,2024-11-03,22.634681342700603,LOSS,89.0,crypto
EGLD-USD,SHORT,2024-11-12,31.581628799438477,35.52767127479326,23.689543848728903,1189,False,True,True,77.3,2024-11-23,35.52767127479326,LOSS,11.0,crypto
EGLD-USD,LONG,2024-12-20,36.141536712646484,27.072426462421642,54.27975721309617,1227,False,True,True,34.07,2025-01-27,27.072426462421642,LOSS,38.0,crypto
EGLD-USD,SHORT,2025-02-23,23.265277862548828,26.805737631848476,16.18435832394953,1292,False,False,False,45.93,2025-03-29,16.18435832394953,WIN,34.0,crypto
EGLD-USD,LONG,2025-04-07,13.041945457458496,10.555209483625058,18.015417405125373,1335,False,False,False,23.62,2025-04-25,18.015417405125373,WIN,18.0,crypto
EGLD-USD,SHORT,2025-04-27,17.03798484802246,19.306131917446542,12.501690709174298,1355,False,True,True,66.03,2025-05-09,19.306131917446542,LOSS,12.0,crypto
EGLD-USD,LONG,2025-05-31,15.502016067504883,12.96673171341564,20.572584775683367,1389,False,False,False,33.23,2025-06-21,12.96673171341564,LOSS,21.0,crypto
EGLD-USD,SHORT,2025-07-03,14.095087051391602,15.750115992536953,10.785029169100898,1422,False,False,False,51.38,2025-07-11,15.750115992536953,LOSS,8.0,crypto
EGLD-USD,SHORT,2025-07-14,15.353856086730957,16.93369733690842,12.194173586376031,1433,False,True,True,64.06,2025-07-18,16.93369733690842,LOSS,4.0,crypto
EGLD-USD,LONG,2025-09-24,13.050070762634277,11.647545511324429,15.855121265253974,1505,False,False,False,35.07,2025-10-10,11.647545511324429,LOSS,16.0,crypto
EGLD-USD,LONG,2025-10-12,10.646710395812988,7.974767669254101,15.990595848930763,1523,False,False,False,29.12,2025-11-04,7.974767669254101,LOSS,23.0,crypto
EGLD-USD,SHORT,2025-11-10,10.091693878173828,11.777876003878593,6.719329626764299,1552,False,False,False,52.1,2025-12-01,6.719329626764299,WIN,21.0,crypto
EGLD-USD,SHORT,2025-12-06,7.956445217132568,9.171684110442227,5.525967430513251,1578,False,False,False,55.21,2025-12-31,5.525967430513251,WIN,25.0,crypto
EGLD-USD,LONG,2026-02-02,4.805391788482666,4.053823511705648,6.308528342036702,1636,False,False,False,27.08,2026-02-05,4.053823511705648,LOSS,3.0,crypto
EGLD-USD,LONG,2026-02-06,4.530368804931641,3.633969098602412,6.323168217590098,1640,False,False,False,23.61,2026-04-02,3.633969098602412,LOSS,55.0,crypto
EGLD-USD,SHORT,2026-04-18,4.218514919281006,4.649707568466644,3.35612962090973,1711,False,True,True,67.34,2026-05-08,4.649707568466644,LOSS,20.0,crypto
EGLD-USD,SHORT,2026-05-09,4.562554836273193,4.944578229529827,3.798508049759926,1732,False,True,True,67.76,2026-05-26,3.798508049759926,WIN,17.0,crypto
EGLD-USD,SHORT,2026-07-05,2.7054429054260254,3.0067902747269506,2.102748166824175,1789,False,False,False,46.83,2026-07-09,3.0067902747269506,LOSS,4.0,crypto
EGLD-USD,SHORT,2026-07-10,2.8550989627838135,3.203227320797334,2.1588422467567723,1794,False,False,False,54.54,2026-07-14,3.203227320797334,LOSS,4.0,crypto
EGLD-USD,SHORT,2026-07-15,3.1700310707092285,3.5752751290599,2.3595429540078854,1799,False,True,True,72.21,,,OPEN,,crypto
ENJ-USD,SHORT,2022-03-20,1.4406189918518066,1.650111882620554,1.0216332103143118,221,False,False,False,54.73,2022-03-24,1.650111882620554,LOSS,4.0,crypto
ENJ-USD,SHORT,2022-03-28,1.7099039554595947,1.927088330435244,1.2755352055082962,229,False,True,True,67.92,2022-03-31,1.927088330435244,LOSS,3.0,crypto
ENJ-USD,LONG,2022-05-01,1.0987839698791504,0.886033498100337,1.524284913436777,263,False,False,False,24.4,2022-05-09,0.886033498100337,LOSS,8.0,crypto
ENJ-USD,SHORT,2022-06-01,0.6359120011329651,0.7895978697804742,0.3285402638379469,294,False,False,False,44.0,2022-11-09,0.3285402638379469,WIN,161.0,crypto
ENJ-USD,LONG,2022-12-20,0.26467400789260864,0.23508470026578165,0.3238526231462626,496,False,False,False,26.31,2022-12-30,0.23508470026578165,LOSS,10.0,crypto
ENJ-USD,SHORT,2023-01-17,0.360615998506546,0.3958539529683883,0.2901400895828614,524,False,True,True,83.02,2023-01-18,0.3958539529683883,LOSS,1.0,crypto
ENJ-USD,LONG,2023-02-11,0.4605819880962372,0.3913314677473807,0.5990830287939501,549,False,True,False,51.49,2023-03-08,0.3913314677473807,LOSS,25.0,crypto
ENJ-USD,LONG,2023-03-11,0.35376501083374023,0.2895714791293031,0.4821520742426145,577,False,False,False,32.66,2023-04-07,0.4821520742426145,WIN,27.0,crypto
ENJ-USD,SHORT,2023-04-08,0.44075000286102295,0.4987594810991556,0.3247310463847577,605,False,True,True,64.5,2023-05-12,0.3247310463847577,WIN,34.0,crypto
ENJ-USD,LONG,2023-06-13,0.256740003824234,0.2251896161742264,0.31984077912424924,671,False,False,False,24.65,2023-06-25,0.31984077912424924,WIN,12.0,crypto
ENJ-USD,SHORT,2023-06-26,0.2923009991645813,0.3218492287715175,0.2332045399507089,684,False,False,False,58.49,2023-07-04,0.3218492287715175,LOSS,8.0,crypto
ENJ-USD,LONG,2023-08-19,0.2446720004081726,0.22129113031931566,0.2914337405858865,738,False,False,False,23.45,2023-09-13,0.22129113031931566,LOSS,25.0,crypto
ENJ-USD,SHORT,2023-10-30,0.2683910131454468,0.2933906987705933,0.2183916418951537,810,False,True,True,74.66,2023-11-05,0.2933906987705933,LOSS,6.0,crypto
ENJ-USD,LONG,2024-01-08,0.32262200117111206,0.2733085742682497,0.42124885497683673,880,False,True,True,33.97,2024-01-19,0.2733085742682497,LOSS,11.0,crypto
ENJ-USD,SHORT,2024-02-17,0.32516899704933167,0.3524986349910616,0.2705097211658718,920,False,False,False,67.99,2024-02-19,0.3524986349910616,LOSS,2.0,crypto
ENJ-USD,SHORT,2024-02-20,0.3436039984226227,0.3755676705091233,0.2796766542496214,923,False,False,False,74.62,2024-02-27,0.3755676705091233,LOSS,7.0,crypto
ENJ-USD,SHORT,2024-02-28,0.41131600737571716,0.45737898762094964,0.3191900468852522,931,False,False,False,79.6,2024-02-29,0.45737898762094964,LOSS,1.0,crypto
ENJ-USD,SHORT,2024-03-03,0.5171779990196228,0.5848690584129614,0.38179588023294553,935,False,False,False,86.25,2024-03-04,0.5848690584129614,LOSS,1.0,crypto
ENJ-USD,LONG,2024-03-17,0.5406339764595032,0.42461540512385904,0.7726711191307915,949,False,False,False,49.53,2024-04-02,0.42461540512385904,LOSS,16.0,crypto
ENJ-USD,SHORT,2024-05-19,0.3084299862384796,0.3482256894727751,0.22883857976988864,1012,False,False,False,55.3,2024-05-21,0.3482256894727751,LOSS,2.0,crypto
ENJ-USD,SHORT,2024-05-24,0.3496679961681366,0.39523813632566296,0.2585277158530839,1017,False,True,True,60.47,2024-05-28,0.39523813632566296,LOSS,4.0,crypto
ENJ-USD,SHORT,2024-07-22,0.1939460039138794,0.21805449038023397,0.14572903098117024,1076,True,False,False,59.62,2024-08-04,0.14572903098117024,WIN,13.0,crypto
ENJ-USD,SHORT,2024-08-25,0.16116100549697876,0.18053843134498787,0.12240615380096054,1110,False,False,False,62.03,2024-09-29,0.18053843134498787,LOSS,35.0,crypto
ENJ-USD,LONG,2024-11-05,0.13325700163841248,0.11533858850803713,0.16909382789916316,1182,False,False,False,32.63,2024-11-10,0.16909382789916316,WIN,5.0,crypto
ENJ-USD,SHORT,2024-11-12,0.1684899926185608,0.19016321999092106,0.12514353787384025,1189,False,True,True,67.95,2024-11-18,0.19016321999092106,LOSS,6.0,crypto
ENJ-USD,SHORT,2024-11-19,0.19961999356746674,0.23178022603106901,0.13529952864026218,1196,False,False,False,70.23,2024-11-23,0.23178022603106901,LOSS,4.0,crypto
ENJ-USD,SHORT,2024-11-25,0.27486100792884827,0.319443211769658,0.18569660024722878,1202,False,False,False,81.05,2024-11-30,0.319443211769658,LOSS,5.0,crypto
ENJ-USD,LONG,2024-12-11,0.3021160066127777,0.23298805009976775,0.4403719196387976,1218,False,False,False,46.5,2024-12-19,0.23298805009976775,LOSS,8.0,crypto
ENJ-USD,LONG,2024-12-20,0.22983600199222565,0.16277245401566193,0.3639630979453531,1227,False,True,True,34.82,2025-01-21,0.16277245401566193,LOSS,32.0,crypto
ENJ-USD,LONG,2025-01-29,0.14478600025177002,0.11253618496212273,0.2092856308310646,1267,False,False,False,26.96,2025-02-03,0.11253618496212273,LOSS,5.0,crypto
ENJ-USD,SHORT,2025-02-23,0.1210549995303154,0.1427278719247875,0.07770925474137119,1292,False,False,False,44.19,2025-04-02,0.07770925474137119,WIN,38.0,crypto
ENJ-USD,LONG,2025-04-07,0.06678199768066406,0.0541744355288183,0.09199712198435558,1335,False,False,False,23.89,2025-04-20,0.09199712198435558,WIN,13.0,crypto
ENJ-USD,SHORT,2025-04-23,0.08750800043344498,0.10547851794606226,0.0515669654082104,1351,False,True,True,63.18,2025-10-10,0.0515669654082104,WIN,170.0,crypto
ENJ-USD,LONG,2025-10-12,0.05077499896287918,0.038597239201838655,0.07513051848496023,1523,False,False,False,26.7,2025-11-03,0.038597239201838655,LOSS,22.0,crypto
ENJ-USD,SHORT,2025-11-10,0.045131999999284744,0.05309075196943419,0.02921449605898585,1552,False,False,False,51.18,2025-12-01,0.02921449605898585,WIN,21.0,crypto
ENJ-USD,SHORT,2025-12-10,0.03328400105237961,0.0379322637472543,0.023987475662630223,1582,False,False,False,54.04,2026-01-31,0.023987475662630223,WIN,52.0,crypto
ENJ-USD,LONG,2026-02-02,0.024071000516414642,0.01965789755117349,0.03289720644689695,1636,False,False,False,29.49,2026-02-06,0.01965789755117349,LOSS,4.0,crypto
ENJ-USD,SHORT,2026-03-21,0.022902000695466995,0.02740422349902351,0.013897555088353969,1683,False,True,True,69.61,2026-04-08,0.02740422349902351,LOSS,18.0,crypto
ENJ-USD,SHORT,2026-04-10,0.028325999155640602,0.03497522077697564,0.01502755591297053,1703,False,True,True,77.65,2026-04-12,0.03497522077697564,LOSS,2.0,crypto
ENJ-USD,SHORT,2026-04-16,0.07540799677371979,0.09669618343535503,0.03283162345044929,1709,False,False,False,95.72,2026-06-04,0.03283162345044929,WIN,49.0,crypto
ENJ-USD,LONG,2026-06-07,0.030762000009417534,0.02514016759329072,0.04200566484167116,1761,False,False,False,22.41,2026-07-27,0.02514016759329072,LOSS,50.0,crypto
ENJ-USD,LONG,2026-07-28,0.02553199976682663,0.02285627529809168,0.03088344870429653,1812,False,False,False,29.87,,,OPEN,,crypto
ENS-USD,SHORT,2022-07-05,9.334094047546387,11.25161326653121,5.49905560957674,238,False,False,False,53.93,2022-07-18,11.25161326653121,LOSS,13.0,crypto
ENS-USD,SHORT,2022-07-19,10.958372116088867,12.752746846121326,7.3696226560239495,252,False,True,True,64.44,2022-07-21,12.752746846121326,LOSS,2.0,crypto
ENS-USD,SHORT,2022-07-22,12.22812557220459,14.321358340957762,8.041660034698246,255,False,True,True,69.93,2022-07-27,14.321358340957762,LOSS,5.0,crypto
ENS-USD,SHORT,2022-07-28,15.160303115844727,17.698010542462935,10.08488826260831,261,False,True,True,73.71,2022-08-05,17.698010542462935,LOSS,8.0,crypto
ENS-USD,LONG,2022-08-21,13.198970794677734,10.530502818495815,18.535906747041572,285,False,False,False,38.87,2022-10-13,18.535906747041572,WIN,53.0,crypto
ENS-USD,LONG,2022-11-10,13.049844741821289,9.73399883215274,19.68153656115839,366,False,False,False,23.25,2023-05-25,9.73399883215274,LOSS,196.0,crypto
ENS-USD,SHORT,2023-05-29,10.587888717651367,11.444622962036822,8.874420228880457,566,False,False,False,50.23,2023-06-10,8.874420228880457,WIN,12.0,crypto
ENS-USD,LONG,2023-06-12,7.645564079284668,6.60253462481513,9.731622988223744,580,False,False,False,19.16,2023-07-13,9.731622988223744,WIN,31.0,crypto
ENS-USD,LONG,2023-08-05,8.91344165802002,8.200648954258469,10.339027065543121,634,False,False,False,37.35,2023-08-16,8.200648954258469,LOSS,11.0,crypto
ENS-USD,LONG,2023-08-19,8.086618423461914,7.353519535022153,9.552816200341436,648,False,False,False,29.8,2023-09-01,7.353519535022153,LOSS,13.0,crypto
ENS-USD,SHORT,2023-09-17,7.388431072235107,7.995296218415663,6.174700779873996,677,False,False,False,49.91,2023-09-30,7.995296218415663,LOSS,13.0,crypto
ENS-USD,SHORT,2023-10-02,7.84004020690918,8.45765671758638,6.60480718555478,692,False,False,False,68.56,2023-11-05,8.45765671758638,LOSS,34.0,crypto
ENS-USD,SHORT,2023-12-28,10.19565200805664,11.43255447802025,7.721847068129421,779,False,False,False,69.88,2024-01-03,11.43255447802025,LOSS,6.0,crypto
ENS-USD,SHORT,2024-01-05,14.266947746276855,16.82425650239146,9.152330234047646,787,False,False,False,86.55,2024-01-10,16.82425650239146,LOSS,5.0,crypto
ENS-USD,LONG,2024-03-17,22.64069938659668,17.83358628124204,32.254925597305956,859,False,False,False,40.82,2024-04-12,17.83358628124204,LOSS,26.0,crypto
ENS-USD,LONG,2024-04-14,13.976497650146484,9.714215648991916,22.501061652455622,887,False,False,False,25.12,2024-05-22,22.501061652455622,WIN,38.0,crypto
ENS-USD,SHORT,2024-05-25,22.786100387573242,26.524043723756076,15.310213715207574,928,False,False,False,76.54,2024-05-26,26.524043723756076,LOSS,1.0,crypto
ENS-USD,SHORT,2024-05-27,25.044370651245117,29.366437826906573,16.400236299922206,930,False,False,False,78.19,2024-06-01,29.366437826906573,LOSS,5.0,crypto
ENS-USD,LONG,2024-08-08,20.18929672241211,15.457569040152821,29.652752086930686,1003,True,False,False,28.81,2024-09-06,15.457569040152821,LOSS,29.0,crypto
ENS-USD,SHORT,2024-09-22,18.218637466430664,20.573300941198962,13.509310516894068,1048,False,False,False,57.32,2024-09-27,20.573300941198962,LOSS,5.0,crypto
ENS-USD,SHORT,2024-09-28,20.123876571655273,22.590765528141908,15.190098658682004,1054,False,False,False,67.63,2024-11-04,15.190098658682004,WIN,37.0,crypto
ENS-USD,SHORT,2024-11-12,18.379493713378906,21.565761084503404,12.006958971129912,1099,False,True,True,65.09,2024-11-25,21.565761084503404,LOSS,13.0,crypto
ENS-USD,SHORT,2024-11-26,22.520444869995117,26.76687369415167,14.027587221682012,1113,False,False,False,71.46,2024-11-27,26.76687369415167,LOSS,1.0,crypto
ENS-USD,SHORT,2024-11-29,33.30754470825195,39.16159651283938,21.599441099077097,1116,False,False,False,78.91,2024-11-30,39.16159651283938,LOSS,1.0,crypto
ENS-USD,SHORT,2024-12-02,40.97327423095703,48.93897730561402,25.04186808164306,1119,False,False,False,81.52,2024-12-16,48.93897730561402,LOSS,14.0,crypto
ENS-USD,LONG,2025-02-05,27.463703155517578,20.834330872947383,40.72244772065797,1184,False,True,True,34.52,2025-02-28,20.834330872947383,LOSS,23.0,crypto
ENS-USD,SHORT,2025-04-28,18.241708755493164,20.657655877113385,13.409814512252723,1266,False,True,True,67.23,2025-05-08,20.657655877113385,LOSS,10.0,crypto
ENS-USD,LONG,2025-05-31,20.809978485107422,17.57538460372665,27.279166247868964,1299,False,True,False,46.38,2025-06-21,17.57538460372665,LOSS,21.0,crypto
ENS-USD,LONG,2025-06-23,18.823394775390625,15.921550159394322,24.627084007383232,1322,False,False,False,29.35,2025-07-16,24.627084007383232,WIN,23.0,crypto
ENS-USD,SHORT,2025-07-18,27.30903434753418,30.51878349134838,20.88953605990578,1347,False,False,False,82.15,2025-07-26,30.51878349134838,LOSS,8.0,crypto
ENS-USD,LONG,2025-09-26,20.26236915588379,17.97807053072485,24.830966406201668,1417,False,False,False,29.44,2025-10-10,17.97807053072485,LOSS,14.0,crypto
ENS-USD,LONG,2025-10-12,16.956270217895508,13.093819253818431,24.68117214604966,1433,False,False,False,25.53,2025-11-03,13.093819253818431,LOSS,22.0,crypto
ENS-USD,SHORT,2025-12-04,11.754556655883789,13.336631559318151,8.590406849015064,1486,False,False,False,48.19,2026-01-25,8.590406849015064,WIN,52.0,crypto
ENS-USD,LONG,2026-02-02,6.760749816894531,5.644556445554278,8.993136559575039,1546,False,False,False,21.67,2026-02-05,5.644556445554278,LOSS,3.0,crypto
ENS-USD,SHORT,2026-03-18,6.3103179931640625,7.094029699466618,4.742894580558952,1590,False,False,False,59.78,2026-05-09,7.094029699466618,LOSS,52.0,crypto
ENS-USD,SHORT,2026-05-12,7.002697944641113,7.772527883848504,5.463038066226332,1645,False,True,True,73.65,2026-06-02,5.463038066226332,WIN,21.0,crypto
ENS-USD,LONG,2026-06-06,4.529820919036865,3.7644320425296174,6.060598672051361,1670,False,False,False,21.48,,,OPEN,,crypto
ETC-USD,SHORT,2022-03-26,47.2000617980957,53.794493416160726,34.01119856196566,227,False,False,False,82.66,2022-04-24,34.01119856196566,WIN,29.0,crypto
ETC-USD,SHORT,2022-05-26,22.021522521972656,26.611141846155135,12.842283873607698,288,False,False,False,48.55,2022-06-18,12.842283873607698,WIN,23.0,crypto
ETC-USD,SHORT,2022-07-20,23.279903411865234,26.841314864708945,16.157080506177813,343,False,True,True,80.91,2022-07-23,26.841314864708945,LOSS,3.0,crypto
ETC-USD,LONG,2022-08-23,34.297916412353516,28.06178698235296,46.77017527235463,377,False,False,False,45.37,2022-09-19,28.06178698235296,LOSS,27.0,crypto
ETC-USD,SHORT,2022-10-30,24.531824111938477,27.41078792105422,18.773896493706992,445,False,False,False,54.98,2022-11-09,18.773896493706992,WIN,10.0,crypto
ETC-USD,LONG,2022-12-20,15.949490547180176,14.054025941595143,19.740419758350242,496,False,False,False,25.68,2023-01-06,19.740419758350242,WIN,17.0,crypto
ETC-USD,SHORT,2023-01-09,20.15105628967285,22.245945223230002,15.96127842255855,516,False,True,True,65.76,2023-01-14,22.245945223230002,LOSS,5.0,crypto
ETC-USD,LONG,2023-02-11,21.489086151123047,19.021104647221758,26.425049158925624,549,False,True,False,45.51,2023-03-07,19.021104647221758,LOSS,24.0,crypto
ETC-USD,LONG,2023-03-11,17.30178451538086,15.119622247058832,21.666109052024915,577,False,False,False,28.2,2023-03-18,21.666109052024915,WIN,7.0,crypto
ETC-USD,SHORT,2023-04-15,22.12044334411621,24.101434150007538,18.158461732333556,612,False,True,True,64.73,2023-05-08,18.158461732333556,WIN,23.0,crypto
ETC-USD,SHORT,2023-05-29,18.368478775024414,19.478848856852775,16.147738611367693,656,False,False,False,50.49,2023-06-10,16.147738611367693,WIN,12.0,crypto
ETC-USD,LONG,2023-06-13,15.24944019317627,13.859027288968417,18.030266001591976,671,False,False,False,25.41,2023-06-23,18.030266001591976,WIN,10.0,crypto
ETC-USD,SHORT,2023-06-25,18.36353874206543,20.135853688901065,14.818908848394159,683,False,True,True,71.66,2023-06-30,20.135853688901065,LOSS,5.0,crypto
ETC-USD,LONG,2023-08-08,17.948997497558594,16.87674834063226,20.09349581141126,727,False,False,False,38.07,2023-08-15,16.87674834063226,LOSS,7.0,crypto
ETC-USD,LONG,2023-08-19,15.544931411743164,14.280742948287603,18.073308338654286,738,False,False,False,25.23,2023-11-05,18.073308338654286,WIN,78.0,crypto
ETC-USD,LONG,2023-11-22,19.00896453857422,16.999785459482965,23.027322696756727,833,False,False,False,46.17,2023-12-09,23.027322696756727,WIN,17.0,crypto
ETC-USD,SHORT,2024-01-13,28.58997344970703,32.72372931067419,20.32246172777272,885,False,False,False,74.87,2024-03-02,32.72372931067419,LOSS,49.0,crypto
ETC-USD,SHORT,2024-03-05,34.262760162353516,39.23397340112326,24.32033368481403,937,False,False,False,79.28,2024-03-08,39.23397340112326,LOSS,3.0,crypto
ETC-USD,LONG,2024-03-17,31.946256637573242,26.20775047825521,43.423268956209306,949,False,False,False,42.82,2024-04-13,26.20775047825521,LOSS,27.0,crypto
ETC-USD,LONG,2024-04-14,27.044130325317383,21.35940943854131,38.41357209886953,977,False,True,True,33.55,2024-07-04,21.35940943854131,LOSS,81.0,crypto
ETC-USD,SHORT,2024-07-17,22.978439331054688,25.273402097102963,18.388513798958137,1071,False,False,False,55.72,2024-08-04,18.388513798958137,WIN,18.0,crypto
ETC-USD,SHORT,2024-09-22,18.908185958862305,20.32823409781694,16.068089680953037,1138,False,False,False,59.69,2024-09-26,20.32823409781694,LOSS,4.0,crypto
ETC-USD,SHORT,2024-09-28,20.575834274291992,22.05429702955722,17.61890876376154,1144,False,True,True,69.32,2024-11-03,17.61890876376154,WIN,36.0,crypto
ETC-USD,SHORT,2024-11-12,22.85076141357422,25.25228745158954,18.047709337543573,1189,False,False,False,79.81,2024-11-16,25.25228745158954,LOSS,4.0,crypto
ETC-USD,LONG,2024-12-11,33.55359649658203,27.030914112273276,46.59896126519954,1218,False,False,False,47.22,2024-12-19,27.030914112273276,LOSS,8.0,crypto
ETC-USD,LONG,2024-12-22,25.95163917541504,20.227236318646295,37.40044488895253,1229,False,True,True,36.48,2025-02-03,20.227236318646295,LOSS,43.0,crypto
ETC-USD,LONG,2025-02-07,19.804298400878906,15.873886942055236,27.665121318526246,1276,False,False,False,28.66,2025-04-03,15.873886942055236,LOSS,55.0,crypto
ETC-USD,LONG,2025-04-09,15.301082611083984,13.085139166844298,19.732969499563357,1337,True,False,False,26.66,2025-05-10,19.732969499563357,WIN,31.0,crypto
ETC-USD,SHORT,2025-05-11,19.938098907470703,21.85206958538262,16.11015755164687,1369,False,True,True,76.27,2025-06-13,16.11015755164687,WIN,33.0,crypto
ETC-USD,LONG,2025-06-23,16.415597915649414,14.628197778251963,19.990398190444317,1412,False,False,False,32.4,2025-07-16,19.990398190444317,WIN,23.0,crypto
ETC-USD,SHORT,2025-07-21,24.030195236206055,26.57330751134485,18.943970685928463,1440,False,False,False,87.38,2025-09-22,18.943970685928463,WIN,63.0,crypto
ETC-USD,LONG,2025-09-26,18.409029006958008,16.72549313721079,21.776100746452443,1507,False,False,False,28.93,2025-10-10,16.72549313721079,LOSS,14.0,crypto
ETC-USD,LONG,2025-10-11,15.051284790039062,12.020125280211463,21.11360380969426,1522,False,False,False,24.89,2025-12-17,12.020125280211463,LOSS,67.0,crypto
ETC-USD,LONG,2025-12-19,12.34589672088623,10.831232952990451,15.37522425667779,1591,False,False,False,32.32,2026-01-29,10.831232952990451,LOSS,41.0,crypto
ETC-USD,LONG,2026-02-02,9.816176414489746,8.687718928643285,12.073091386182668,1636,False,False,False,23.51,2026-02-05,8.687718928643285,LOSS,3.0,crypto
ETC-USD,LONG,2026-02-06,8.837206840515137,7.416554187522159,11.678512146501092,1640,False,False,False,18.95,2026-06-04,7.416554187522159,LOSS,118.0,crypto
ETC-USD,LONG,2026-07-25,6.700494766235352,6.262371645879367,7.576741006947321,1809,False,False,False,32.6,,,OPEN,,crypto
ETH-USD,SHORT,2022-03-19,2946.257080078125,3241.4886694469774,2355.7939013404202,220,False,True,True,60.51,2022-03-27,3241.4886694469774,LOSS,8.0,crypto
ETH-USD,SHORT,2022-03-30,3385.157958984375,3645.354869344313,2864.764138264499,231,False,False,False,75.14,2022-04-25,2864.764138264499,WIN,26.0,crypto
ETH-USD,LONG,2022-05-10,2343.510986328125,2043.9901669711887,2942.5526250419975,272,False,False,False,26.4,2022-05-11,2043.9901669711887,LOSS,1.0,crypto
ETH-USD,LONG,2022-05-13,2014.418212890625,1638.348122949987,2766.558392771901,275,False,False,False,24.11,2022-06-11,1638.348122949987,LOSS,29.0,crypto
ETH-USD,LONG,2022-06-15,1233.2064208984375,968.5167140347658,1762.585834625781,308,False,False,False,20.49,2022-06-18,968.5167140347658,LOSS,3.0,crypto
ETH-USD,SHORT,2022-07-08,1222.5062255859375,1401.4090595273033,864.700557703206,331,False,False,False,50.02,2022-07-18,1401.4090595273033,LOSS,10.0,crypto
ETH-USD,SHORT,2022-07-20,1520.20068359375,1722.2490564876473,1116.1039378059554,343,False,True,True,67.66,2022-07-28,1722.2490564876473,LOSS,8.0,crypto
ETH-USD,LONG,2022-08-23,1662.7698974609375,1455.0392073768578,2078.231277629097,377,False,True,False,43.59,2022-08-27,1455.0392073768578,LOSS,4.0,crypto
ETH-USD,LONG,2022-08-29,1553.037353515625,1346.8716590279714,1965.3687424909322,383,False,False,False,33.81,2022-09-18,1346.8716590279714,LOSS,20.0,crypto
ETH-USD,SHORT,2022-10-18,1310.447021484375,1414.2478762885316,1102.8453118760617,433,False,False,False,48.89,2022-10-25,1414.2478762885316,LOSS,7.0,crypto
ETH-USD,SHORT,2022-10-30,1590.7833251953125,1720.1543026599597,1332.041370266018,445,False,True,True,72.82,2022-11-08,1332.041370266018,WIN,9.0,crypto
ETH-USD,SHORT,2023-01-05,1250.4385986328125,1307.5323219499446,1136.2511519985483,512,False,True,True,58.29,2023-01-09,1307.5323219499446,LOSS,4.0,crypto
ETH-USD,SHORT,2023-01-17,1567.8460693359375,1651.3716027132957,1400.795002581221,524,False,False,False,87.88,2023-01-20,1651.3716027132957,LOSS,3.0,crypto
ETH-USD,LONG,2023-02-11,1539.9267578125,1426.4816183599003,1766.8170367176995,549,False,False,False,43.25,2023-03-09,1426.4816183599003,LOSS,26.0,crypto
ETH-USD,LONG,2023-03-11,1482.61669921875,1371.5217610663262,1704.8065755235975,577,False,False,False,29.77,2023-03-14,1704.8065755235975,WIN,3.0,crypto
ETH-USD,SHORT,2023-04-17,2076.242919921875,2211.117264939569,1806.4942298864871,614,False,False,False,75.77,2023-04-25,1806.4942298864871,WIN,8.0,crypto
ETH-USD,SHORT,2023-05-31,1874.1304931640625,1979.0696264590208,1664.2522265741459,658,False,False,False,58.81,2023-06-14,1664.2522265741459,WIN,14.0,crypto
ETH-USD,LONG,2023-06-15,1665.519775390625,1551.0379583460126,1894.4834094798498,673,False,False,False,29.09,2023-06-21,1894.4834094798498,WIN,6.0,crypto
ETH-USD,LONG,2023-08-20,1684.85205078125,1594.1204279545598,1866.3152964346305,739,False,False,False,20.92,2023-09-11,1594.1204279545598,LOSS,22.0,crypto
ETH-USD,SHORT,2023-10-02,1663.6275634765625,1751.8146788415627,1487.2533327465621,782,False,False,False,69.87,2023-10-23,1751.8146788415627,LOSS,21.0,crypto
ETH-USD,SHORT,2023-10-27,1780.0452880859375,1889.2788232227697,1561.5782178122731,807,False,False,False,75.63,2023-11-05,1889.2788232227697,LOSS,9.0,crypto
ETH-USD,SHORT,2024-01-12,2524.460205078125,2771.5536216526457,2030.2733719290836,884,False,False,False,71.57,2024-02-14,2771.5536216526457,LOSS,33.0,crypto
ETH-USD,SHORT,2024-02-16,2803.69140625,2985.5251163554317,2440.0239860391366,919,False,False,False,80.15,2024-02-20,2985.5251163554317,LOSS,4.0,crypto
ETH-USD,LONG,2024-03-20,3513.39306640625,3023.824510877045,4492.53017746466,952,False,False,False,37.31,2024-04-13,3023.824510877045,LOSS,24.0,crypto
ETH-USD,SHORT,2024-05-19,3071.843017578125,3337.1537817174217,2541.2214892995316,1012,False,True,False,53.87,2024-05-20,3337.1537817174217,LOSS,1.0,crypto
ETH-USD,SHORT,2024-05-24,3726.9345703125,4100.705903610801,2979.3919037158976,1017,False,False,False,71.9,2024-07-05,2979.3919037158976,WIN,42.0,crypto
ETH-USD,LONG,2024-07-06,3069.3779296875,2800.2172622994804,3607.6992644635393,1060,False,False,False,24.86,2024-08-04,2800.2172622994804,LOSS,29.0,crypto
ETH-USD,LONG,2024-08-06,2458.723876953125,2090.0678953386646,3196.035840182046,1091,False,False,False,19.51,2024-11-10,3196.035840182046,WIN,96.0,crypto
ETH-USD,SHORT,2024-11-12,3246.25732421875,3544.8671404306183,2649.0376917950134,1189,False,False,False,80.24,2024-11-25,3544.8671404306183,LOSS,13.0,crypto
ETH-USD,LONG,2024-12-11,3832.822021484375,3410.7026053459435,4677.060853761238,1218,False,False,False,53.3,2024-12-19,3410.7026053459435,LOSS,8.0,crypto
ETH-USD,LONG,2024-12-23,3415.785400390625,2961.3923765670474,4324.57144803778,1230,False,True,True,36.66,2025-01-13,2961.3923765670474,LOSS,21.0,crypto
ETH-USD,LONG,2025-02-05,2787.779052734375,2318.691539097895,3725.9540800073346,1274,False,False,False,31.33,2025-02-26,2318.691539097895,LOSS,21.0,crypto
ETH-USD,LONG,2025-04-09,1668.0400390625,1383.7084585058742,2236.7032001757516,1337,False,False,False,23.79,2025-05-09,2236.7032001757516,WIN,30.0,crypto
ETH-USD,SHORT,2025-05-11,2510.23779296875,2771.9415517096973,1986.8302754868555,1369,False,False,False,87.2,2025-05-29,2771.9415517096973,LOSS,18.0,crypto
ETH-USD,LONG,2025-06-06,2477.19482421875,2207.890727488994,3015.803017678262,1395,False,False,False,45.4,2025-06-22,2207.890727488994,LOSS,16.0,crypto
ETH-USD,LONG,2025-06-23,2421.824951171875,2121.4951374328616,3022.484578649902,1412,False,False,False,31.65,2025-07-11,3022.484578649902,WIN,18.0,crypto
ETH-USD,SHORT,2025-07-12,2942.91162109375,3192.661056570225,2443.4127501408,1431,False,False,False,72.86,2025-07-16,3192.661056570225,LOSS,4.0,crypto
ETH-USD,SHORT,2025-07-19,3595.273681640625,3888.075620050856,3009.6698048201633,1438,False,False,False,85.9,2025-07-28,3888.075620050856,LOSS,9.0,crypto
ETH-USD,LONG,2025-09-26,4035.887939453125,3679.2143656880035,4749.235086983368,1507,False,True,True,28.62,2025-10-07,4749.235086983368,WIN,11.0,crypto
ETH-USD,LONG,2025-11-05,3425.171142578125,2958.105670988091,4359.302085758193,1547,False,False,False,28.51,2025-11-17,2958.105670988091,LOSS,12.0,crypto
ETH-USD,SHORT,2025-12-05,3024.432861328125,3400.1344809765533,2273.0296220312684,1577,False,False,False,50.65,2025-12-10,3400.1344809765533,LOSS,5.0,crypto
ETH-USD,SHORT,2025-12-11,3237.056884765625,3605.2553829855797,2500.6598883257157,1583,False,False,False,59.33,2026-01-31,2500.6598883257157,WIN,51.0,crypto
ETH-USD,LONG,2026-02-02,2344.356689453125,2009.530079867754,3014.009908623867,1636,False,False,False,22.02,2026-02-05,2009.530079867754,LOSS,3.0,crypto
ETH-USD,SHORT,2026-03-05,2071.60546875,2353.019156456704,1508.778093336592,1667,False,False,False,53.32,2026-03-16,2353.019156456704,LOSS,11.0,crypto
ETH-USD,SHORT,2026-03-18,2203.671630859375,2452.466489193379,1706.081914191367,1680,False,False,False,65.47,2026-04-17,2452.466489193379,LOSS,30.0,crypto
ETH-USD,LONG,2026-05-14,2280.934814453125,2127.9130010103586,2586.978441338658,1737,False,True,False,44.58,2026-05-17,2127.9130010103586,LOSS,3.0,crypto
ETH-USD,LONG,2026-05-20,2126.9833984375,1978.4610070004398,2424.0281813116203,1743,False,False,False,32.24,2026-05-28,1978.4610070004398,LOSS,8.0,crypto
ETH-USD,LONG,2026-06-03,1811.7322998046875,1655.3929565060193,2124.410986402024,1757,False,False,False,20.64,2026-06-05,1655.3929565060193,LOSS,2.0,crypto
ETH-USD,LONG,2026-06-07,1686.396240234375,1496.211444978519,2066.765830746087,1761,False,False,False,11.47,,,OPEN,,crypto
FIL-USD,SHORT,2022-03-25,18.854961395263672,20.909304590099243,14.74627500559253,226,False,False,False,57.45,2022-03-27,20.909304590099243,LOSS,2.0,crypto
FIL-USD,SHORT,2022-03-31,24.253955841064453,27.659057497220434,17.44375252875249,232,False,True,True,74.97,2022-04-26,17.44375252875249,WIN,26.0,crypto
FIL-USD,LONG,2022-05-10,11.341856956481934,8.381095392997489,17.263380083450823,272,False,False,False,25.55,2022-05-11,8.381095392997489,LOSS,1.0,crypto
FIL-USD,LONG,2022-05-13,8.730104446411133,5.441730666344296,15.306852006544807,275,False,False,False,20.36,2022-06-13,5.441730666344296,LOSS,31.0,crypto
FIL-USD,SHORT,2022-06-22,5.5327558517456055,6.770889086714181,3.056489381808454,315,False,False,False,40.8,2022-07-30,6.770889086714181,LOSS,38.0,crypto
FIL-USD,SHORT,2022-08-02,8.1564302444458,9.901396351934256,4.66649802946889,356,False,True,True,70.87,2022-11-08,4.66649802946889,WIN,98.0,crypto
FIL-USD,LONG,2022-12-20,2.980649948120117,2.413153595579926,4.115642653200499,496,False,False,False,22.2,2023-01-14,4.115642653200499,WIN,25.0,crypto
FIL-USD,SHORT,2023-01-16,4.566012859344482,5.120064372722613,3.4579098325882214,523,False,True,True,77.25,2023-01-21,5.120064372722613,LOSS,5.0,crypto
FIL-USD,LONG,2023-02-11,5.1034932136535645,4.2970549324852065,6.71636977599028,549,False,True,False,46.77,2023-02-17,6.71636977599028,WIN,6.0,crypto
FIL-USD,SHORT,2023-04-11,6.115200042724609,6.8910775533933775,4.563445021387073,608,False,True,True,57.81,2023-05-08,4.563445021387073,WIN,27.0,crypto
FIL-USD,LONG,2023-05-10,4.606917858123779,4.07294770850313,5.674858157365078,637,False,False,False,26.52,2023-06-05,4.07294770850313,LOSS,26.0,crypto
FIL-USD,SHORT,2023-07-04,4.5468010902404785,5.082204368783921,3.475994533153594,692,False,True,True,68.81,2023-08-17,3.475994533153594,WIN,44.0,crypto
FIL-USD,LONG,2023-08-19,3.5657100677490234,3.2295376980258785,4.238054807195313,738,False,False,False,22.47,2023-08-25,3.2295376980258785,LOSS,6.0,crypto
FIL-USD,SHORT,2023-09-18,3.3305420875549316,3.592180488918199,2.8072652848283965,768,False,False,False,51.04,2023-10-23,3.592180488918199,LOSS,35.0,crypto
FIL-USD,SHORT,2023-10-26,3.7360100746154785,4.026825378201705,3.154379467443025,806,False,True,True,71.43,2023-11-02,4.026825378201705,LOSS,7.0,crypto
FIL-USD,LONG,2023-11-22,4.4747419357299805,3.789941217609388,5.844343371971165,833,False,False,False,45.39,2023-12-16,5.844343371971165,WIN,24.0,crypto
FIL-USD,SHORT,2023-12-29,5.804851055145264,6.590338850728881,4.233875463978029,870,False,False,False,72.85,2023-12-31,6.590338850728881,LOSS,2.0,crypto
FIL-USD,SHORT,2024-01-02,7.171186923980713,8.237639495598556,5.038281780745027,874,False,False,False,78.4,2024-01-22,5.038281780745027,WIN,20.0,crypto
FIL-USD,SHORT,2024-02-10,5.357882976531982,5.914649862914426,4.244349203767095,913,False,False,False,55.98,2024-02-15,5.914649862914426,LOSS,5.0,crypto
FIL-USD,SHORT,2024-02-21,7.236228942871094,8.134064694375496,5.440557439862289,924,False,False,False,84.25,2024-02-22,8.134064694375496,LOSS,1.0,crypto
FIL-USD,LONG,2024-03-20,8.63406753540039,6.550194617794022,12.801813370613129,952,False,False,False,40.64,2024-04-12,6.550194617794022,LOSS,23.0,crypto
FIL-USD,LONG,2024-04-14,6.163818836212158,4.40377706142898,9.683902385778515,977,False,False,False,26.83,2024-06-18,4.40377706142898,LOSS,65.0,crypto
FIL-USD,LONG,2024-06-21,4.395113945007324,3.6839801049022576,5.8173816252174575,1045,False,False,False,28.47,2024-07-05,3.6839801049022576,LOSS,14.0,crypto
FIL-USD,SHORT,2024-07-18,4.383535861968994,4.950391652512214,3.249824280882555,1072,False,False,False,56.42,2024-08-05,3.249824280882555,WIN,18.0,crypto
FIL-USD,SHORT,2024-08-25,4.159570217132568,4.615093693848365,3.2485232637009744,1110,False,True,True,62.89,2024-09-04,3.2485232637009744,WIN,10.0,crypto
FIL-USD,SHORT,2024-09-28,4.129866123199463,4.5083472226723105,3.3729039242537677,1144,False,True,True,68.94,2024-10-25,3.3729039242537677,WIN,27.0,crypto
FIL-USD,SHORT,2024-11-12,4.24172306060791,4.721323796444467,3.282521588934797,1189,False,True,True,72.36,2024-11-16,4.721323796444467,LOSS,4.0,crypto
FIL-USD,LONG,2024-12-20,5.206638813018799,3.9248493039130516,7.770217831230293,1227,False,True,True,36.2,2025-02-02,3.9248493039130516,LOSS,44.0,crypto
FIL-USD,LONG,2025-02-07,3.185631036758423,2.3408963754533527,4.875100359368563,1276,False,False,False,23.82,2025-04-06,2.3408963754533527,LOSS,58.0,crypto
FIL-USD,LONG,2025-04-09,2.472104072570801,2.037382348137548,3.341547521437306,1337,False,False,False,26.71,2025-06-22,2.037382348137548,LOSS,74.0,crypto
FIL-USD,LONG,2025-06-23,2.261953115463257,1.9543598929182067,2.877139560553357,1412,False,False,False,26.84,2025-07-18,2.877139560553357,WIN,25.0,crypto
FIL-USD,SHORT,2025-07-21,2.9250330924987793,3.2250345118119212,2.3250302538724954,1440,False,True,True,74.25,2025-08-01,2.3250302538724954,WIN,11.0,crypto
FIL-USD,SHORT,2025-09-14,2.5170040130615234,2.7437237366937204,2.0635645657971295,1495,False,True,True,63.75,2025-10-10,2.0635645657971295,WIN,26.0,crypto
FIL-USD,LONG,2025-10-12,1.6614710092544556,1.193029669531872,2.5983536886996226,1523,False,False,False,23.75,2025-11-07,2.5983536886996226,WIN,26.0,crypto
FIL-USD,SHORT,2025-11-09,2.774259090423584,3.4900283465495257,1.3427205781717007,1551,False,False,False,70.02,2025-12-12,1.3427205781717007,WIN,33.0,crypto
FIL-USD,LONG,2025-12-19,1.3097820281982422,1.0731598144918166,1.7830264556110933,1591,True,False,False,28.72,2026-01-31,1.0731598144918166,LOSS,43.0,crypto
FIL-USD,LONG,2026-02-02,1.0828460454940796,0.9123615619343832,1.4238150126134723,1636,False,False,False,23.44,2026-02-05,0.9123615619343832,LOSS,3.0,crypto
FIL-USD,SHORT,2026-02-27,0.9938210248947144,1.1464895087773277,0.6884840571294877,1661,False,False,False,52.0,2026-05-06,1.1464895087773277,LOSS,68.0,crypto
FIL-USD,SHORT,2026-05-09,1.202273964881897,1.3431067598524231,0.9206083749408447,1732,False,True,True,83.86,2026-05-23,0.9206083749408447,WIN,14.0,crypto
FIL-USD,SHORT,2026-07-06,0.7932599782943726,0.8861776399167545,0.6074246550496087,1790,False,False,False,53.76,,,OPEN,,crypto
FLOW-USD,SHORT,2022-03-25,6.326138019561768,7.123102809018667,4.732208440647968,226,False,True,True,63.1,2022-03-28,7.123102809018667,LOSS,3.0,crypto
FLOW-USD,SHORT,2022-03-31,6.8017120361328125,7.685360978365881,5.034414151666676,232,False,True,True,70.62,2022-04-02,7.685360978365881,LOSS,2.0,crypto
FLOW-USD,LONG,2022-05-10,3.8702919483184814,2.8999042792394465,5.811067286476551,272,False,False,False,25.3,2022-05-11,2.8999042792394465,LOSS,1.0,crypto
FLOW-USD,LONG,2022-05-13,2.8943490982055664,1.739210068859302,5.204627156898095,275,False,False,False,24.86,2022-06-13,1.739210068859302,LOSS,31.0,crypto
FLOW-USD,LONG,2022-06-15,1.6621149778366089,1.1831751007423055,2.6199947320252157,308,False,False,False,21.36,2022-06-18,1.1831751007423055,LOSS,3.0,crypto
FLOW-USD,LONG,2022-06-19,1.374014973640442,0.9159845248412251,2.2900758712388756,312,True,False,False,19.33,2022-08-04,2.2900758712388756,WIN,46.0,crypto
FLOW-USD,SHORT,2022-08-06,2.5727570056915283,3.047737068287436,1.6227968804997133,360,False,True,True,76.92,2022-08-08,3.047737068287436,LOSS,2.0,crypto
FLOW-USD,SHORT,2022-08-09,2.9835240840911865,3.5048670751270317,1.9408381020194962,363,False,True,True,76.44,2022-08-26,1.9408381020194962,WIN,17.0,crypto
FLOW-USD,LONG,2022-10-16,1.4978519678115845,1.324556972809075,1.8444419578166036,431,False,False,False,28.3,2022-10-29,1.8444419578166036,WIN,13.0,crypto
FLOW-USD,SHORT,2022-10-30,1.7167179584503174,1.907551671814455,1.3350505317220422,445,False,True,True,67.75,2022-11-03,1.907551671814455,LOSS,4.0,crypto
FLOW-USD,LONG,2022-12-20,0.7784749865531921,0.6552249599033887,1.024975039852799,496,True,False,False,18.27,2022-12-30,0.6552249599033887,LOSS,10.0,crypto
FLOW-USD,SHORT,2023-01-17,1.0522680282592773,1.1806759251604697,0.7954522344568926,524,False,True,True,78.07,2023-01-22,1.1806759251604697,LOSS,5.0,crypto
FLOW-USD,LONG,2023-03-11,0.8748509883880615,0.7138813224951049,1.1967903201739747,577,False,False,False,28.88,2023-06-01,0.7138813224951049,LOSS,82.0,crypto
FLOW-USD,LONG,2023-06-15,0.4594149887561798,0.38864613351893007,0.6009526992306793,673,False,False,False,11.71,2023-06-22,0.6009526992306793,WIN,7.0,crypto
FLOW-USD,SHORT,2023-07-03,0.6937000155448914,0.8010180510775693,0.4790639444795355,691,False,True,True,70.29,2023-08-17,0.4790639444795355,WIN,45.0,crypto
FLOW-USD,LONG,2023-08-19,0.4641309976577759,0.4132180717781856,0.5659568494169565,738,False,False,False,20.97,2023-09-10,0.4132180717781856,LOSS,22.0,crypto
FLOW-USD,SHORT,2023-09-17,0.4353620111942291,0.4758594596610534,0.35436711426058054,767,False,False,False,59.43,2023-10-23,0.4758594596610534,LOSS,36.0,crypto
FLOW-USD,SHORT,2023-10-26,0.5067089796066284,0.5502399597999856,0.419647019219914,806,False,True,True,70.64,2023-10-29,0.5502399597999856,LOSS,3.0,crypto
FLOW-USD,LONG,2023-11-22,0.6396589875221252,0.5372052794009621,0.8445664037644516,833,False,True,False,47.6,2023-12-09,0.8445664037644516,WIN,17.0,crypto
FLOW-USD,LONG,2024-01-04,0.8526939749717712,0.6965081544087037,1.1650656160979063,876,False,False,False,45.68,2024-01-23,0.6965081544087037,LOSS,19.0,crypto
FLOW-USD,SHORT,2024-02-17,0.9327409863471985,1.033139208257193,0.7319445425272093,920,False,False,False,73.7,2024-02-24,1.033139208257193,LOSS,7.0,crypto
FLOW-USD,LONG,2024-03-17,1.3625080585479736,1.0897964094975667,1.9079313566487874,949,False,False,False,50.39,2024-04-12,1.0897964094975667,LOSS,26.0,crypto
FLOW-USD,LONG,2024-04-14,0.9329230189323425,0.7026229408165487,1.39352317516393,977,False,False,False,27.27,2024-06-14,0.7026229408165487,LOSS,61.0,crypto
FLOW-USD,LONG,2024-06-19,0.6244850158691406,0.5235690874409775,0.8263168727254668,1043,False,False,False,23.25,2024-07-05,0.5235690874409775,LOSS,16.0,crypto
FLOW-USD,SHORT,2024-07-18,0.6054840087890625,0.6743906938851016,0.4676706385969842,1072,False,False,False,52.53,2024-07-24,0.6743906938851016,LOSS,6.0,crypto
FLOW-USD,SHORT,2024-09-22,0.5770329833030701,0.632023422847017,0.4670521042151763,1138,False,True,True,62.65,2024-09-27,0.632023422847017,LOSS,5.0,crypto
FLOW-USD,SHORT,2024-09-28,0.6179649829864502,0.6705049692828063,0.5128850103937379,1144,False,True,True,67.18,2024-10-03,0.5128850103937379,WIN,5.0,crypto
FLOW-USD,SHORT,2024-11-12,0.6113330125808716,0.6756749440384974,0.48264914966562,1189,False,True,True,71.2,2024-11-16,0.6756749440384974,LOSS,4.0,crypto
FLOW-USD,SHORT,2024-11-17,0.642208993434906,0.7259224290465626,0.4747821222115929,1194,False,False,False,71.04,2024-11-18,0.7259224290465626,LOSS,1.0,crypto
FLOW-USD,LONG,2024-12-11,0.9760990142822266,0.7657887174947298,1.3967196078572202,1218,False,False,False,47.59,2024-12-19,0.7657887174947298,LOSS,8.0,crypto
FLOW-USD,LONG,2024-12-20,0.7438920140266418,0.5544710313246399,1.1227339794306457,1227,False,True,True,33.72,2025-02-02,0.5544710313246399,LOSS,44.0,crypto
FLOW-USD,LONG,2025-02-03,0.534555971622467,0.4122573114022557,0.7791532920628897,1272,False,False,False,28.56,2025-03-04,0.4122573114022557,LOSS,29.0,crypto
FLOW-USD,SHORT,2025-03-20,0.42155298590660095,0.47790220772927694,0.308854542261249,1317,False,False,False,49.22,2025-04-07,0.308854542261249,WIN,18.0,crypto
FLOW-USD,LONG,2025-04-09,0.34650298953056335,0.29487714177007474,0.4497546850515406,1337,False,False,False,23.78,2025-05-10,0.4497546850515406,WIN,31.0,crypto
FLOW-USD,LONG,2025-06-23,0.330594003200531,0.2910234873812784,0.40973503483903617,1412,False,False,False,26.24,2025-07-16,0.40973503483903617,WIN,23.0,crypto
FLOW-USD,SHORT,2025-07-18,0.415816992521286,0.4523705927369603,0.34270979208993746,1437,False,True,True,74.48,2025-07-21,0.4523705927369603,LOSS,3.0,crypto
FLOW-USD,LONG,2025-09-26,0.3538919985294342,0.31661370253187904,0.42844859052454454,1507,False,False,False,30.63,2025-10-10,0.31661370253187904,LOSS,14.0,crypto
FLOW-USD,LONG,2025-10-11,0.2703849971294403,0.20687894160025622,0.3973971081878085,1522,False,False,False,24.05,2025-12-11,0.20687894160025622,LOSS,61.0,crypto
FLOW-USD,LONG,2025-12-19,0.17667700350284576,0.1544463830627707,0.2211382443829959,1591,False,False,False,21.74,2025-12-27,0.1544463830627707,LOSS,8.0,crypto
FLOW-USD,LONG,2026-01-01,0.09434899687767029,0.06526613785291435,0.15251471492718216,1604,False,False,False,10.67,2026-01-28,0.06526613785291435,LOSS,27.0,crypto
FLOW-USD,SHORT,2026-03-08,0.03955699875950813,0.052262371581390354,0.01414625311574369,1670,False,False,False,49.39,2026-03-09,0.052262371581390354,LOSS,1.0,crypto
FLOW-USD,SHORT,2026-03-12,0.05311400070786476,0.06945530136267257,0.020431399398249145,1674,False,False,False,60.1,,,OPEN,,crypto
FTM-USD,SHORT,2022-03-03,1.8712519407272339,2.26851881246058,1.0767181972605417,204,False,True,False,54.95,2022-03-14,1.0767181972605417,WIN,11.0,crypto
FTM-USD,SHORT,2022-04-02,1.535709023475647,1.7674678282322065,1.072191413962528,234,False,False,False,62.92,2022-04-18,1.072191413962528,WIN,16.0,crypto
FTM-USD,LONG,2022-05-01,0.788902997970581,0.6037981220174491,1.159112749876845,263,False,False,False,19.41,2022-05-09,0.6037981220174491,LOSS,8.0,crypto
FTM-USD,LONG,2022-05-13,0.33015599846839905,0.12190509838991279,0.7466577986253715,275,False,False,False,18.4,2024-03-07,0.7466577986253715,WIN,664.0,crypto
FTM-USD,SHORT,2024-03-08,0.8230220079421997,0.9594342136155114,0.5501975965955763,940,False,False,False,83.18,2024-03-16,0.9594342136155114,LOSS,8.0,crypto
FTM-USD,LONG,2024-03-31,1.004196047782898,0.7964253056878462,1.4197375319730015,963,False,False,False,52.12,2024-04-05,0.7964253056878462,LOSS,5.0,crypto
FTM-USD,LONG,2024-04-06,0.8488609790802002,0.6576067065930704,1.2313695240544598,969,False,False,False,42.02,2024-04-13,0.6576067065930704,LOSS,7.0,crypto
FTM-USD,SHORT,2024-05-21,0.8750159740447998,1.0116957153318715,0.6016564914706564,1014,False,False,False,67.09,2024-06-17,0.6016564914706564,WIN,27.0,crypto
FTM-USD,SHORT,2024-07-17,0.509427011013031,0.5904691526339356,0.34734272777122177,1071,False,False,False,50.68,2024-08-04,0.34734272777122177,WIN,18.0,crypto
FTM-USD,LONG,2024-08-06,0.31697899103164673,0.23478563018528825,0.4813657127243637,1091,False,False,False,21.99,2024-08-23,0.4813657127243637,WIN,17.0,crypto
FTM-USD,SHORT,2024-08-26,0.478193998336792,0.5554872849063308,0.32360742519771435,1111,False,True,True,71.72,2024-09-17,0.5554872849063308,LOSS,22.0,crypto
FTM-USD,SHORT,2024-09-19,0.6312389969825745,0.719865851695999,0.4539852875557253,1135,False,False,False,76.15,2024-09-26,0.719865851695999,LOSS,7.0,crypto
FTM-USD,LONG,2024-10-27,0.683243989944458,0.5752268289110823,0.8992783120112093,1173,False,False,False,44.57,2024-11-03,0.5752268289110823,LOSS,7.0,crypto
FTM-USD,LONG,2024-11-05,0.58263099193573,0.47981503258647096,0.788262910634248,1182,False,True,True,33.45,2024-11-10,0.788262910634248,WIN,5.0,crypto
FTM-USD,SHORT,2024-11-25,0.9777550101280212,1.142355199823438,0.6485546307371877,1202,False,False,False,71.19,2024-12-02,1.142355199823438,LOSS,7.0,crypto
FTM-USD,LONG,2024-12-20,0.992264986038208,0.7064664762216566,1.5638620056713108,1227,False,True,True,42.11,2024-12-30,0.7064664762216566,LOSS,10.0,crypto
GALA-USD,SHORT,2022-03-25,0.24495400488376617,0.2864767851435497,0.16190844436419916,226,False,True,False,55.71,2022-03-28,0.2864767851435497,LOSS,3.0,crypto
GALA-USD,SHORT,2022-03-31,0.2537379860877991,0.2968960926883086,0.16742177288678006,232,True,True,False,61.8,2022-04-26,0.16742177288678006,WIN,26.0,crypto
GALA-USD,LONG,2022-05-12,0.06849599629640579,0.028729817626629996,0.1480283536359574,274,False,False,False,22.38,2022-11-03,0.028729817626629996,LOSS,175.0,crypto
GALA-USD,LONG,2022-12-20,0.01946599967777729,0.016368519860217957,0.025660959312895956,496,False,False,False,22.08,2022-12-29,0.016368519860217957,LOSS,9.0,crypto
GALA-USD,SHORT,2023-01-11,0.038373999297618866,0.04618226717656991,0.022757463539716777,518,False,True,True,88.75,2023-01-13,0.04618226717656991,LOSS,2.0,crypto
GALA-USD,LONG,2023-02-11,0.045572999864816666,0.03565014213752741,0.06541871531939518,549,False,True,False,42.87,2023-03-04,0.03565014213752741,LOSS,20.0,crypto
GALA-USD,SHORT,2023-03-15,0.03802099823951721,0.046393670145919136,0.021275654426713364,580,False,False,False,57.01,2023-03-18,0.046393670145919136,LOSS,3.0,crypto
GALA-USD,SHORT,2023-03-20,0.042924001812934875,0.051727195308849366,0.025317614821105894,585,False,True,True,60.43,2023-06-10,0.025317614821105894,WIN,82.0,crypto
GALA-USD,LONG,2023-06-11,0.02159399911761284,0.01784166718022311,0.029098662992392298,668,False,False,False,22.2,2023-09-03,0.01784166718022311,LOSS,84.0,crypto
GALA-USD,LONG,2023-09-05,0.01641000062227249,0.01432885913959941,0.020572283587618655,754,False,False,False,22.82,2023-09-11,0.01432885913959941,LOSS,6.0,crypto
GALA-USD,SHORT,2023-09-30,0.014232000336050987,0.015679852573438173,0.011336295861276616,776,False,False,False,43.26,2023-10-03,0.015679852573438173,LOSS,3.0,crypto
GALA-USD,SHORT,2023-10-05,0.014465999789536,0.016274240287124382,0.010849518794359234,781,False,False,False,56.8,2023-10-25,0.016274240287124382,LOSS,20.0,crypto
GALA-USD,SHORT,2023-10-27,0.017588000744581223,0.019737430510377737,0.013289141212988194,803,False,True,True,78.79,2023-10-29,0.019737430510377737,LOSS,2.0,crypto
GALA-USD,SHORT,2023-10-30,0.01994200050830841,0.022556351651219643,0.014713298222485946,806,False,True,True,78.93,2023-11-08,0.022556351651219643,LOSS,9.0,crypto
GALA-USD,LONG,2024-01-04,0.02802399918437004,0.022754963074410037,0.03856207140429005,872,False,True,True,39.56,2024-01-08,0.022754963074410037,LOSS,4.0,crypto
GALA-USD,SHORT,2024-02-08,0.022565999999642372,0.025173172958697903,0.01735165408153131,907,False,False,False,47.57,2024-02-13,0.025173172958697903,LOSS,5.0,crypto
GALA-USD,SHORT,2024-02-17,0.026465000584721565,0.02921115179237563,0.020972698169413433,916,False,False,False,64.46,2024-02-22,0.02921115179237563,LOSS,5.0,crypto
GALA-USD,SHORT,2024-02-28,0.03774699941277504,0.04311795414750184,0.027005089943321445,927,False,False,False,89.21,2024-03-02,0.04311795414750184,LOSS,3.0,crypto
GALA-USD,LONG,2024-03-20,0.058713000267744064,0.04212696830071861,0.09188506420179497,948,False,False,False,50.4,2024-04-13,0.04212696830071861,LOSS,24.0,crypto
GALA-USD,LONG,2024-04-14,0.04404500126838684,0.02953167195039402,0.07307165990437248,973,False,True,True,32.08,2024-06-17,0.02953167195039402,LOSS,64.0,crypto
GALA-USD,LONG,2024-06-19,0.028013000264763832,0.02209846418757251,0.039842072419146474,1039,False,False,False,21.96,2024-07-05,0.02209846418757251,LOSS,16.0,crypto
GALA-USD,SHORT,2024-07-18,0.023923000320792198,0.02773845517726055,0.016292090607855497,1068,False,False,False,50.79,2024-08-05,0.016292090607855497,WIN,18.0,crypto
GALA-USD,SHORT,2024-08-26,0.020184999331831932,0.023210134045747014,0.014134729904001768,1107,False,False,False,64.59,2024-09-26,0.023210134045747014,LOSS,31.0,crypto
GALA-USD,SHORT,2024-09-29,0.024385999888181686,0.027200006608180696,0.018757986448183668,1141,False,True,True,71.98,2024-10-03,0.018757986448183668,WIN,4.0,crypto
GALA-USD,LONG,2024-11-05,0.018939999863505363,0.015999994350569036,0.02482001088937802,1178,False,False,False,32.72,2024-11-10,0.02482001088937802,WIN,5.0,crypto
GALA-USD,SHORT,2024-11-12,0.027326999232172966,0.031388869306033435,0.01920325908445203,1185,False,False,False,73.04,2024-11-18,0.031388869306033435,LOSS,6.0,crypto
GALA-USD,LONG,2024-12-20,0.03748000040650368,0.026173755638854004,0.06009248994180302,1223,False,True,True,36.91,2025-02-02,0.026173755638854004,LOSS,44.0,crypto
GALA-USD,SHORT,2025-03-03,0.018400000408291817,0.023099685946448872,0.009000629331977705,1296,False,False,False,48.12,2025-05-11,0.023099685946448872,LOSS,69.0,crypto
GALA-USD,SHORT,2025-07-12,0.016635000705718994,0.018746242394656647,0.012412517327843688,1427,False,True,True,64.83,2025-07-16,0.018746242394656647,LOSS,4.0,crypto
GALA-USD,SHORT,2025-09-14,0.017472999170422554,0.0194007245912654,0.013617548328736864,1476,False,True,True,62.09,2025-10-10,0.013617548328736864,WIN,26.0,crypto
GALA-USD,LONG,2025-10-12,0.011978000402450562,0.008477601331750777,0.01897879854385013,1504,False,False,False,29.17,2025-11-04,0.008477601331750777,LOSS,23.0,crypto
GALA-USD,SHORT,2026-01-07,0.007315000053495169,0.008167844374551017,0.005609311411383471,1591,False,False,False,66.37,2026-01-17,0.008167844374551017,LOSS,10.0,crypto
GALA-USD,SHORT,2026-03-14,0.003392999991774559,0.003886117053523646,0.0024067658682763848,1657,False,False,False,44.15,2026-05-08,0.003886117053523646,LOSS,55.0,crypto
GALA-USD,SHORT,2026-05-10,0.004083000123500824,0.004578660345661076,0.0030916796791803196,1714,False,True,True,72.35,2026-05-23,0.0030916796791803196,WIN,13.0,crypto
GALA-USD,SHORT,2026-07-04,0.0023990001063793898,0.0027013747699477708,0.0017942507792426277,1769,False,False,False,50.09,2026-08-11,0.0017942507792426277,WIN,15.0,crypto
GAS-USD,SHORT,2022-03-25,4.972690105438232,5.415074919753673,4.087920476807351,226,False,True,True,60.7,2022-03-27,5.415074919753673,LOSS,2.0,crypto
GAS-USD,SHORT,2022-04-02,6.1219000816345215,6.69157061991707,4.982559005069424,234,False,True,True,81.91,2022-04-07,4.982559005069424,WIN,5.0,crypto
GAS-USD,LONG,2022-05-13,2.249630928039551,1.5547248190311558,3.639443146056341,275,False,False,False,13.28,2022-06-05,3.639443146056341,WIN,23.0,crypto
GAS-USD,SHORT,2022-07-20,2.7911410331726074,3.104307219797276,2.1648086599232705,343,False,False,False,58.78,2022-08-01,3.104307219797276,LOSS,12.0,crypto
GAS-USD,SHORT,2022-08-02,2.945918083190918,3.244371046436537,2.34901215669968,356,False,True,True,65.57,2022-09-06,2.34901215669968,WIN,35.0,crypto
GAS-USD,SHORT,2022-09-16,2.855700969696045,3.379461425939205,1.808180057209725,401,False,True,True,76.47,2022-10-23,3.379461425939205,LOSS,37.0,crypto
GAS-USD,SHORT,2022-10-24,2.3854010105133057,2.810187523002004,1.5358279855359092,439,False,True,True,73.24,2022-10-31,2.810187523002004,LOSS,7.0,crypto
GAS-USD,SHORT,2022-11-01,2.437635898590088,2.8707292972639604,1.5714491012423428,447,False,True,True,63.66,2023-01-21,2.8707292972639604,LOSS,81.0,crypto
GAS-USD,SHORT,2023-02-10,3.2967469692230225,4.2399911838122755,1.4102585400445165,548,False,False,False,91.07,2023-02-21,4.2399911838122755,LOSS,11.0,crypto
GAS-USD,LONG,2023-03-10,2.7584359645843506,2.1515819781147605,3.972143937523531,576,False,False,False,38.15,2023-06-10,2.1515819781147605,LOSS,92.0,crypto
GAS-USD,SHORT,2023-06-25,2.5992610454559326,2.825602394647432,2.146578347072934,683,False,False,False,59.55,2023-07-01,2.825602394647432,LOSS,6.0,crypto
GAS-USD,SHORT,2023-07-02,2.6849191188812256,2.976279738484168,2.102197879675341,690,False,True,True,64.88,2023-07-11,2.976279738484168,LOSS,9.0,crypto
GAS-USD,LONG,2023-08-19,2.2664389610290527,2.0679468273470745,2.6634232283930093,738,False,False,False,22.48,2023-09-19,2.6634232283930093,WIN,31.0,crypto
GAS-USD,SHORT,2023-09-20,2.5821120738983154,2.79884871686808,2.1486387879587863,770,False,True,True,76.85,2023-10-23,2.79884871686808,LOSS,33.0,crypto
GAS-USD,SHORT,2023-10-25,2.899005889892578,3.3335319301988564,2.0299538092800216,805,False,False,False,83.95,2023-10-27,3.3335319301988564,LOSS,2.0,crypto
GAS-USD,SHORT,2023-10-30,5.097884178161621,5.97899280194359,3.335666930597684,810,False,False,False,87.08,2023-10-31,5.97899280194359,LOSS,1.0,crypto
GAS-USD,SHORT,2023-11-01,6.804789066314697,8.167828886913501,4.07870942511709,812,False,False,False,91.64,2023-11-03,8.167828886913501,LOSS,2.0,crypto
GAS-USD,LONG,2023-12-16,7.239880084991455,5.78443663540302,10.150766984168325,857,False,True,True,40.03,2024-01-03,5.78443663540302,LOSS,18.0,crypto
GAS-USD,LONG,2024-01-04,6.240811824798584,5.140908566585965,8.440618341223821,876,False,True,True,29.79,2024-01-08,5.140908566585965,LOSS,4.0,crypto
GAS-USD,LONG,2024-01-10,5.7491559982299805,4.658851527186638,7.929764940316666,882,True,True,True,29.57,2024-03-13,7.929764940316666,WIN,63.0,crypto
GAS-USD,LONG,2024-03-17,6.732017993927002,5.462190861165883,9.27167225944924,949,False,True,True,43.35,2024-04-13,5.462190861165883,LOSS,27.0,crypto
GAS-USD,SHORT,2024-05-18,5.166791915893555,5.745200903588587,4.009973940503491,1011,False,False,False,49.81,2024-06-14,4.009973940503491,WIN,27.0,crypto
GAS-USD,SHORT,2024-07-18,3.8265390396118164,4.288607407147081,2.902402304541287,1072,False,False,False,56.55,2024-08-05,2.902402304541287,WIN,18.0,crypto
GAS-USD,SHORT,2024-08-25,3.702039957046509,4.124402017435187,2.8573158362691515,1110,False,True,True,66.42,2024-09-21,4.124402017435187,LOSS,27.0,crypto
GAS-USD,SHORT,2024-09-22,3.7404229640960693,4.224866433208146,2.7715360258719155,1138,False,True,True,75.32,2024-09-28,4.224866433208146,LOSS,6.0,crypto
GAS-USD,LONG,2024-10-27,3.957202911376953,3.468540791276283,4.934527151578293,1173,False,False,False,42.54,2024-11-04,3.468540791276283,LOSS,8.0,crypto
GAS-USD,LONG,2024-11-05,3.554292917251587,3.1219643316891417,4.418950088376477,1182,False,False,False,31.36,2024-11-11,4.418950088376477,WIN,6.0,crypto
GAS-USD,LONG,2024-12-11,5.670592784881592,4.398220041907544,8.215338270829687,1218,False,False,False,43.48,2024-12-19,4.398220041907544,LOSS,8.0,crypto
GAS-USD,LONG,2024-12-20,4.556836128234863,3.461928455108953,6.746651474486684,1227,False,False,False,33.38,2025-01-09,6.746651474486684,WIN,20.0,crypto
GAS-USD,SHORT,2025-01-10,5.348215103149414,6.474053745022725,3.0965378194027924,1248,False,False,False,64.74,2025-03-04,3.0965378194027924,WIN,53.0,crypto
GAS-USD,LONG,2025-03-11,2.8198859691619873,2.2854460198322606,3.8887658678214407,1308,False,False,False,24.64,2025-04-02,2.2854460198322606,LOSS,22.0,crypto
GAS-USD,SHORT,2025-04-13,3.0364999771118164,3.7575885713580153,1.5943227886194187,1341,False,True,True,67.56,2025-04-16,3.7575885713580153,LOSS,3.0,crypto
GAS-USD,LONG,2025-06-02,3.005418062210083,2.6684148654203295,3.67942445578959,1391,False,False,False,33.77,2025-06-21,2.6684148654203295,LOSS,19.0,crypto
GAS-USD,LONG,2025-06-23,2.7837939262390137,2.4441087498845784,3.4631642789478843,1412,False,False,False,28.25,2025-07-12,3.4631642789478843,WIN,19.0,crypto
GAS-USD,SHORT,2025-07-15,3.232530117034912,3.551233417192622,2.595123516719492,1434,False,True,True,68.29,2025-07-20,3.551233417192622,LOSS,5.0,crypto
GAS-USD,LONG,2025-09-26,2.958242893218994,2.7094630509071633,3.4558025778426558,1507,False,False,False,26.68,2025-10-10,2.7094630509071633,LOSS,14.0,crypto
GAS-USD,LONG,2025-10-11,2.451870918273926,2.047985988024363,3.2596407787730515,1522,False,False,False,24.77,2025-11-21,2.047985988024363,LOSS,41.0,crypto
GAS-USD,LONG,2025-11-22,2.092928886413574,1.7947838119138968,2.689219035412929,1564,False,False,False,28.42,2025-12-18,1.7947838119138968,LOSS,26.0,crypto
GAS-USD,LONG,2025-12-19,1.8332860469818115,1.6315431609542361,2.2367718190369623,1591,False,False,False,24.2,2025-12-28,2.2367718190369623,WIN,9.0,crypto
GAS-USD,SHORT,2025-12-29,2.074834108352661,2.3369930701800157,1.550516184697952,1601,False,False,False,64.24,2026-02-06,1.550516184697952,WIN,39.0,crypto
GAS-USD,SHORT,2026-03-17,1.6358530521392822,1.8229152495394803,1.2617286573388862,1679,False,False,False,59.55,2026-03-24,1.8229152495394803,LOSS,7.0,crypto
GAS-USD,SHORT,2026-03-25,1.613487958908081,1.8184580610142278,1.2035477546957876,1687,False,False,False,57.88,2026-04-03,1.8184580610142278,LOSS,9.0,crypto
GAS-USD,SHORT,2026-04-05,1.7764209508895874,2.022807965641741,1.2836469213852801,1698,False,True,True,64.2,2026-06-04,1.2836469213852801,WIN,60.0,crypto
GAS-USD,LONG,2026-06-06,1.1034400463104248,0.9533306905216188,1.4036587578880368,1760,False,False,False,14.26,2026-06-25,0.9533306905216188,LOSS,19.0,crypto
GAS-USD,SHORT,2026-06-30,1.0476469993591309,1.2126055606938204,0.7177298766897517,1784,False,False,False,48.38,,,OPEN,,crypto
GMX-USD,LONG,2022-04-21,0.0002229999954579398,0.0001157609313257248,0.00043747812372236985,253,False,False,False,15.19,2022-04-27,0.0001157609313257248,LOSS,6.0,crypto
GMX-USD,SHORT,2022-05-07,0.00010099999781232327,0.00024109837273575426,-0.0001791967520345387,269,False,False,False,56.03,2022-10-05,0.00024109837273575426,LOSS,151.0,crypto
GMX-USD,LONG,2022-12-05,3.099999958067201e-05,1.508426435801985e-05,6.283147002597633e-05,481,False,False,False,6.29,2023-11-23,6.283147002597633e-05,WIN,353.0,crypto
GMX-USD,SHORT,2023-11-29,0.00016599999798927456,0.00017790521251312657,0.00014218956894157054,840,False,False,False,100.0,,,OPEN,,crypto
GNO-USD,SHORT,2022-03-25,336.94097900390625,362.81415976260774,285.19461748650326,226,False,True,True,59.73,2022-03-27,362.81415976260774,LOSS,2.0,crypto
GNO-USD,SHORT,2022-03-31,421.4204406738281,482.91282250004633,298.4356770213917,232,True,False,False,80.61,2022-05-06,298.4356770213917,WIN,36.0,crypto
GNO-USD,LONG,2022-05-10,254.03811645507812,222.76979074468565,316.5747678758631,272,False,False,False,22.68,2022-05-12,222.76979074468565,LOSS,2.0,crypto
GNO-USD,LONG,2022-05-13,224.9969024658203,188.50834282476046,297.97402174794,275,False,False,False,21.78,2022-05-27,188.50834282476046,LOSS,14.0,crypto
GNO-USD,LONG,2022-06-19,117.93075561523438,90.74442749079958,172.30341186410396,312,True,False,False,14.68,2022-08-10,172.30341186410396,WIN,52.0,crypto
GNO-USD,LONG,2022-08-23,165.21470642089844,145.3474826989897,204.94915386471592,377,False,True,False,47.82,2022-09-15,145.3474826989897,LOSS,23.0,crypto
GNO-USD,LONG,2022-09-19,130.38043212890625,114.03351597731442,163.0742644320899,404,False,False,False,30.59,2022-10-07,114.03351597731442,LOSS,18.0,crypto
GNO-USD,SHORT,2022-10-18,110.2885971069336,118.41720919534842,94.03137293010394,433,False,False,False,40.26,2022-10-25,118.41720919534842,LOSS,7.0,crypto
GNO-USD,SHORT,2022-10-30,128.84661865234375,138.1349204869505,110.27001498313024,445,False,True,True,67.73,2022-11-08,110.27001498313024,WIN,9.0,crypto
GNO-USD,SHORT,2023-01-17,105.18077850341797,110.76924053192438,94.00385444640514,524,False,True,True,84.68,2023-01-29,110.76924053192438,LOSS,12.0,crypto
GNO-USD,LONG,2023-02-14,109.7080307006836,101.51421801573359,126.0956560705836,552,False,True,False,43.83,2023-03-09,101.51421801573359,LOSS,23.0,crypto
GNO-USD,SHORT,2023-03-18,112.14556121826172,121.40253414434596,93.63161536609323,584,False,True,True,62.05,2023-04-14,121.40253414434596,LOSS,27.0,crypto
GNO-USD,SHORT,2023-04-15,120.84832000732422,128.40570357972882,105.73355286251501,612,False,False,False,68.67,2023-04-21,105.73355286251501,WIN,6.0,crypto
GNO-USD,LONG,2023-04-22,108.6246566772461,100.87754015985733,124.11888971202362,619,False,False,False,38.69,2023-08-17,100.87754015985733,LOSS,117.0,crypto
GNO-USD,LONG,2023-08-20,101.777587890625,97.53151198547263,110.26973970092973,739,False,False,False,19.65,2023-09-11,97.53151198547263,LOSS,22.0,crypto
GNO-USD,SHORT,2023-10-02,101.03532409667969,105.32631247245376,92.45334734513153,782,False,False,False,63.53,2023-10-11,92.45334734513153,WIN,9.0,crypto
GNO-USD,SHORT,2023-10-24,103.1584243774414,108.24464757544618,92.98597798143186,804,False,True,True,72.14,2023-10-30,108.24464757544618,LOSS,6.0,crypto
GNO-USD,SHORT,2023-11-08,147.07174682617188,158.77344899762582,123.66834248326398,819,False,False,False,83.94,2023-11-09,158.77344899762582,LOSS,1.0,crypto
GNO-USD,SHORT,2023-11-10,155.77818298339844,169.44489236504074,128.44476422011383,821,False,False,False,88.82,2023-11-14,169.44489236504074,LOSS,4.0,crypto
GNO-USD,LONG,2023-12-07,232.0003204345703,208.9719820431222,278.0569972174665,848,False,False,False,56.18,2023-12-19,208.9719820431222,LOSS,12.0,crypto
GNO-USD,LONG,2023-12-22,197.2735137939453,174.2381773972167,243.34418658740253,863,False,False,False,40.5,2024-01-30,243.34418658740253,WIN,39.0,crypto
GNO-USD,SHORT,2024-01-31,214.8911895751953,236.0341661168395,172.60523649190696,903,False,False,False,67.33,2024-02-06,236.0341661168395,LOSS,6.0,crypto
GNO-USD,SHORT,2024-02-08,243.17140197753906,261.43363686959543,206.64693219342632,911,False,False,False,70.08,2024-02-12,261.43363686959543,LOSS,4.0,crypto
GNO-USD,SHORT,2024-02-15,281.189208984375,301.15625812689916,241.25511069932668,918,False,False,False,83.32,2024-02-18,301.15625812689916,LOSS,3.0,crypto
GNO-USD,LONG,2024-03-20,343.1866455078125,294.51023978835826,440.539456946721,952,False,False,False,33.75,2024-05-10,294.51023978835826,LOSS,51.0,crypto
GNO-USD,SHORT,2024-05-21,338.85601806640625,376.02383177613063,264.5203906469575,1014,False,False,False,64.21,2024-07-04,264.5203906469575,WIN,44.0,crypto
GNO-USD,LONG,2024-07-06,250.6277618408203,222.1746071929675,307.53407113652594,1060,False,False,False,25.45,2024-07-25,222.1746071929675,LOSS,19.0,crypto
GNO-USD,SHORT,2024-09-23,167.2703399658203,181.30687103610498,139.19727782525098,1139,False,False,False,58.78,2024-10-14,181.30687103610498,LOSS,21.0,crypto
GNO-USD,SHORT,2024-10-15,179.13345336914062,193.51046070498904,150.3794386974438,1161,False,True,True,71.5,2024-10-21,193.51046070498904,LOSS,6.0,crypto
GNO-USD,SHORT,2024-10-27,225.53758239746094,248.56664775843734,179.47945167550813,1173,False,False,False,80.58,2024-11-06,248.56664775843734,LOSS,10.0,crypto
GNO-USD,LONG,2024-12-11,276.6544189453125,244.17326887614115,341.6167190836552,1218,False,False,False,44.64,2024-12-20,244.17326887614115,LOSS,9.0,crypto
GNO-USD,LONG,2025-01-10,248.52561950683594,220.89559883660704,303.78566084729374,1248,False,True,True,36.5,2025-01-27,220.89559883660704,LOSS,17.0,crypto
GNO-USD,SHORT,2025-02-21,171.9425811767578,197.93439118545075,119.95896115937194,1290,False,False,False,43.64,2025-03-10,119.95896115937194,WIN,17.0,crypto
GNO-USD,LONG,2025-04-09,104.57398986816406,88.77468607618042,136.17259745213136,1337,False,False,False,22.41,2025-05-10,136.17259745213136,WIN,31.0,crypto
GNO-USD,SHORT,2025-05-12,137.36114501953125,149.9736188677459,112.13619732310195,1370,False,True,True,70.59,2025-06-13,112.13619732310195,WIN,32.0,crypto
GNO-USD,SHORT,2025-07-14,128.0624542236328,137.34815154920628,109.49105957248588,1433,False,True,True,66.54,2025-07-16,137.34815154920628,LOSS,2.0,crypto
GNO-USD,SHORT,2025-07-19,146.97357177734375,158.19198385477245,124.53674762248636,1438,False,False,False,80.1,2025-08-01,124.53674762248636,WIN,13.0,crypto
GNO-USD,SHORT,2025-09-14,144.7002410888672,154.34231937883254,125.41608450893648,1495,False,False,False,68.35,2025-09-29,154.34231937883254,LOSS,15.0,crypto
GNO-USD,LONG,2025-10-12,135.50657653808594,117.34909322504875,171.82154316416032,1523,False,False,False,31.83,2025-11-04,117.34909322504875,LOSS,23.0,crypto
GNO-USD,SHORT,2025-11-20,129.87716674804688,149.47547316492484,90.68055391429095,1562,False,True,True,62.05,2026-01-18,149.47547316492484,LOSS,59.0,crypto
GNO-USD,LONG,2026-02-02,117.33015441894531,104.3038802737818,143.38270270927234,1636,False,False,False,26.98,2026-02-05,104.3038802737818,LOSS,3.0,crypto
GNO-USD,SHORT,2026-03-18,134.9777069091797,147.4751132894459,109.98289414864729,1680,False,False,False,65.59,2026-05-02,147.4751132894459,LOSS,45.0,crypto
GNO-USD,SHORT,2026-05-03,129.69198608398438,147.23943752897935,94.59708319399442,1726,False,False,False,73.41,2026-06-05,94.59708319399442,WIN,33.0,crypto
GNO-USD,LONG,2026-06-07,95.20460510253906,84.00225152372646,117.60931226016427,1761,False,False,False,14.95,2026-07-15,117.60931226016427,WIN,38.0,crypto
GNO-USD,SHORT,2026-07-17,114.25968170166016,129.60177919977932,83.57548670542184,1801,False,True,True,67.84,,,OPEN,,crypto
GRT-USD,SHORT,2022-03-17,0.4086639881134033,0.4830583972522491,0.2598751698357118,218,False,False,False,67.41,2022-03-28,0.4830583972522491,LOSS,11.0,crypto
HBAR-USD,SHORT,2022-03-31,0.2356400042772293,0.26351662210042137,0.17988676863084518,232,True,True,True,70.08,2022-04-25,0.17988676863084518,WIN,25.0,crypto
HBAR-USD,SHORT,2022-07-10,0.06503500044345856,0.07489164186054534,0.045321717609284995,333,False,False,False,50.0,2022-07-20,0.07489164186054534,LOSS,10.0,crypto
HBAR-USD,LONG,2022-08-21,0.06924699991941452,0.06060770639714658,0.08652558696395041,375,False,False,False,40.16,2022-09-04,0.06060770639714658,LOSS,14.0,crypto
HBAR-USD,SHORT,2022-09-13,0.06498400121927261,0.07311248788199913,0.04872702789381958,398,False,False,False,65.09,2022-11-08,0.04872702789381958,WIN,56.0,crypto
HBAR-USD,LONG,2022-11-10,0.05020200088620186,0.04189077064192252,0.06682446137476053,456,False,False,False,23.97,2022-12-16,0.04189077064192252,LOSS,36.0,crypto
HBAR-USD,LONG,2022-12-17,0.043042998760938644,0.039211473172446186,0.05070604993792356,493,False,False,False,27.69,2022-12-29,0.039211473172446186,LOSS,12.0,crypto
HBAR-USD,LONG,2023-01-01,0.0380840003490448,0.03453975507365505,0.045172490899824294,508,False,False,False,24.31,2023-01-09,0.045172490899824294,WIN,8.0,crypto
HBAR-USD,SHORT,2023-01-17,0.05428000167012215,0.058915489094141966,0.04500902682208251,524,False,True,True,75.79,2023-01-18,0.058915489094141966,LOSS,1.0,crypto
HBAR-USD,SHORT,2023-01-21,0.07127100229263306,0.07964652539240626,0.05451995609308666,528,False,False,False,89.67,2023-02-11,0.07964652539240626,LOSS,21.0,crypto
HBAR-USD,LONG,2023-03-05,0.06403400003910065,0.053962797792892966,0.08417640453151601,571,False,False,False,33.84,2023-05-08,0.053962797792892966,LOSS,64.0,crypto
HBAR-USD,LONG,2023-05-12,0.052310001105070114,0.046812927677530536,0.06330414796014927,639,False,False,False,27.37,2023-06-05,0.046812927677530536,LOSS,24.0,crypto
HBAR-USD,LONG,2023-06-12,0.04524499922990799,0.04115351192089719,0.05342797384792959,670,False,False,False,22.7,2023-06-23,0.05342797384792959,WIN,11.0,crypto
HBAR-USD,SHORT,2023-06-25,0.05174100026488304,0.05702919716973266,0.0411646064551838,683,False,True,True,58.07,2023-07-19,0.05702919716973266,LOSS,24.0,crypto
HBAR-USD,SHORT,2023-07-21,0.05559999868273735,0.06148105130107324,0.043837893446065576,709,False,True,True,71.04,2023-08-08,0.06148105130107324,LOSS,18.0,crypto
HBAR-USD,SHORT,2023-08-09,0.05978599935770035,0.06545406013403472,0.0484498778050316,728,False,False,False,73.31,2023-08-14,0.06545406013403472,LOSS,5.0,crypto
HBAR-USD,SHORT,2023-08-16,0.06271500140428543,0.0704695892761287,0.04720582566059889,735,False,False,False,73.63,2023-09-11,0.04720582566059889,WIN,26.0,crypto
HBAR-USD,SHORT,2023-10-27,0.050992999225854874,0.05471778473349872,0.043543428210567184,807,False,True,True,67.2,2023-11-02,0.05471778473349872,LOSS,6.0,crypto
HBAR-USD,LONG,2024-01-08,0.0815730020403862,0.06861067984316069,0.10749764643483722,880,False,False,False,38.3,2024-01-23,0.06861067984316069,LOSS,15.0,crypto
HBAR-USD,SHORT,2024-02-11,0.07829199731349945,0.08569790502252674,0.06348018189544488,914,False,False,False,59.54,2024-02-16,0.08569790502252674,LOSS,5.0,crypto
HBAR-USD,SHORT,2024-02-17,0.08349700272083282,0.09084115930579943,0.06880868955089961,920,False,False,False,70.6,2024-02-18,0.09084115930579943,LOSS,1.0,crypto
HBAR-USD,SHORT,2024-02-20,0.10745900124311447,0.11965227269344975,0.08307245834244392,923,False,False,False,85.54,2024-02-29,0.11965227269344975,LOSS,9.0,crypto
HBAR-USD,LONG,2024-03-20,0.11138100177049637,0.08917494187067097,0.15579312157014716,952,False,False,False,38.59,2024-04-12,0.08917494187067097,LOSS,23.0,crypto
HBAR-USD,LONG,2024-04-14,0.08361099660396576,0.06588354181537069,0.1190659061811559,977,False,False,False,24.8,2024-04-23,0.1190659061811559,WIN,9.0,crypto
HBAR-USD,SHORT,2024-04-24,0.12461300194263458,0.1562002306804788,0.06143854446694613,987,False,False,False,78.57,2024-07-05,0.06143854446694613,WIN,72.0,crypto
HBAR-USD,SHORT,2024-07-18,0.07272599637508392,0.08187628893104806,0.05442541126315564,1072,False,False,False,51.62,2024-08-04,0.05442541126315564,WIN,17.0,crypto
HBAR-USD,SHORT,2024-08-25,0.05900299921631813,0.06571037297193118,0.04558825170509204,1110,False,False,False,57.51,2024-11-01,0.04558825170509204,WIN,68.0,crypto
HBAR-USD,LONG,2024-11-05,0.04608500003814697,0.04095606147428605,0.05634287716586882,1182,True,False,False,28.47,2024-11-10,0.05634287716586882,WIN,5.0,crypto
HBAR-USD,SHORT,2024-11-13,0.059487998485565186,0.06873930479951064,0.04098538585767428,1190,False,True,True,76.77,2024-11-15,0.06873930479951064,LOSS,2.0,crypto
HBAR-USD,SHORT,2024-11-19,0.13307900726795197,0.15701820197865476,0.08520061784654637,1196,False,False,False,92.35,2024-11-23,0.15701820197865476,LOSS,4.0,crypto
HBAR-USD,SHORT,2025-01-18,0.35506999492645264,0.42004800135107057,0.22511398207721678,1256,False,False,False,70.16,2025-02-03,0.22511398207721678,WIN,16.0,crypto
HBAR-USD,LONG,2025-02-07,0.23284700512886047,0.16916930155909865,0.3602024122683841,1276,False,True,True,32.52,2025-03-29,0.16916930155909865,LOSS,50.0,crypto
HBAR-USD,LONG,2025-04-07,0.15245600044727325,0.12115221260625827,0.2150635761293032,1335,False,False,False,26.65,2025-05-10,0.2150635761293032,WIN,33.0,crypto
HBAR-USD,SHORT,2025-05-11,0.2064100056886673,0.230389033652769,0.1584519497604639,1369,False,False,False,73.44,2025-06-05,0.1584519497604639,WIN,25.0,crypto
HBAR-USD,SHORT,2025-07-15,0.23306100070476532,0.2620616696495834,0.1750596628151292,1434,False,False,False,80.94,2025-07-17,0.2620616696495834,LOSS,2.0,crypto
HBAR-USD,LONG,2025-09-02,0.22040100395679474,0.1921207594738355,0.2769614929227132,1483,False,True,True,37.2,2025-10-10,0.1921207594738355,LOSS,38.0,crypto
HBAR-USD,LONG,2025-10-12,0.18567000329494476,0.14835202083161492,0.26030596822160446,1523,False,False,False,27.74,2025-11-16,0.14835202083161492,LOSS,35.0,crypto
HBAR-USD,LONG,2025-12-16,0.11450300365686417,0.09781810315714753,0.14787280465629743,1588,False,False,False,29.27,2026-01-30,0.09781810315714753,LOSS,45.0,crypto
HBAR-USD,LONG,2026-02-02,0.09318500012159348,0.08070026288096888,0.11815447460284267,1636,False,False,False,25.81,2026-02-05,0.08070026288096888,LOSS,3.0,crypto
HBAR-USD,SHORT,2026-02-15,0.10028500109910965,0.11476720618421987,0.0713205909288892,1649,False,False,False,56.48,2026-06-25,0.0713205909288892,WIN,130.0,crypto
HBAR-USD,SHORT,2026-07-05,0.07611099630594254,0.08304613438178375,0.062240720154260104,1789,False,False,False,51.85,,,OPEN,,crypto
ICP-USD,SHORT,2022-03-25,18.75984764099121,21.22031337414185,13.838916174689935,226,False,False,False,61.54,2022-03-27,21.22031337414185,LOSS,2.0,crypto
ICP-USD,SHORT,2022-03-30,21.833560943603516,24.60512625174198,16.29043032732659,231,False,True,True,69.79,2022-04-11,16.29043032732659,WIN,12.0,crypto
ICP-USD,LONG,2022-05-10,10.566373825073242,7.999082807624111,15.700955859971504,272,False,False,False,25.31,2022-05-11,7.999082807624111,LOSS,1.0,crypto
ICP-USD,LONG,2022-05-13,9.135017395019531,5.926267899935069,15.552516385188456,275,False,False,False,21.3,2022-06-11,5.926267899935069,LOSS,29.0,crypto
ICP-USD,SHORT,2022-07-10,6.3925700187683105,7.568394713585324,4.040920629134284,333,False,False,False,64.29,2022-07-17,7.568394713585324,LOSS,7.0,crypto
ICP-USD,SHORT,2022-07-19,7.357749938964844,8.534572948622609,5.004103919649314,342,False,True,True,68.44,2022-07-30,8.534572948622609,LOSS,11.0,crypto
ICP-USD,LONG,2022-08-21,6.457871913909912,5.306163882836423,8.76128797605689,375,False,False,False,32.21,2022-10-11,5.306163882836423,LOSS,51.0,crypto
ICP-USD,LONG,2022-10-16,4.988574981689453,4.387182928752354,6.191359087563651,431,True,False,False,27.2,2022-11-08,4.387182928752354,LOSS,23.0,crypto
ICP-USD,SHORT,2023-01-11,4.338092803955078,4.725998453708459,3.5622815044483165,518,False,True,True,63.79,2023-01-14,4.725998453708459,LOSS,3.0,crypto
ICP-USD,SHORT,2023-01-16,5.025687217712402,5.564780740625881,3.9475001718854443,523,False,True,True,80.77,2023-01-20,5.564780740625881,LOSS,4.0,crypto
ICP-USD,LONG,2023-02-11,5.269959926605225,4.55198393537272,6.705911909070235,549,False,True,False,42.27,2023-02-17,6.705911909070235,WIN,6.0,crypto
ICP-USD,SHORT,2023-04-19,6.119871139526367,6.927936536555156,4.50374034546879,616,False,False,False,79.94,2023-06-05,4.50374034546879,WIN,47.0,crypto
ICP-USD,LONG,2023-06-06,4.426514148712158,3.950514896580992,5.37851265297449,664,False,False,False,28.09,2023-06-10,3.950514896580992,LOSS,4.0,crypto
ICP-USD,LONG,2023-06-12,3.72442889213562,3.2056199736478503,4.76204672911116,670,False,False,False,21.66,2023-09-01,3.2056199736478503,LOSS,81.0,crypto
ICP-USD,SHORT,2023-10-02,3.1290159225463867,3.374001287810982,2.6390451920171962,782,False,False,False,62.86,2023-10-23,3.374001287810982,LOSS,21.0,crypto
ICP-USD,SHORT,2023-10-26,3.543915033340454,3.82028344535603,2.991178209309302,806,False,True,True,71.15,2023-10-29,3.82028344535603,LOSS,3.0,crypto
ICP-USD,SHORT,2023-10-31,3.947654962539673,4.307252037564432,3.2284608124901553,811,False,True,True,80.54,2023-11-09,4.307252037564432,LOSS,9.0,crypto
ICP-USD,LONG,2023-11-22,4.44440221786499,3.7853901748670067,5.762426303860957,833,False,False,False,48.27,2023-12-13,5.762426303860957,WIN,21.0,crypto
ICP-USD,SHORT,2023-12-18,9.800702095031738,11.562725155990506,6.276655973114202,859,False,False,False,91.24,2023-12-30,11.562725155990506,LOSS,12.0,crypto
ICP-USD,LONG,2024-01-08,13.69788646697998,10.391050952089213,20.311557496761516,880,False,False,False,54.15,2024-01-23,10.391050952089213,LOSS,15.0,crypto
ICP-USD,SHORT,2024-02-20,13.7510986328125,15.65453389557737,9.944228107282761,923,False,False,False,67.61,2024-03-05,15.65453389557737,LOSS,14.0,crypto
ICP-USD,SHORT,2024-03-07,14.958552360534668,17.41552976139863,10.044597558806743,939,False,False,False,71.43,2024-03-25,17.41552976139863,LOSS,18.0,crypto
ICP-USD,SHORT,2024-03-27,18.392257690429688,21.63037969340497,11.916013684479125,959,False,False,False,74.94,2024-04-13,11.916013684479125,WIN,17.0,crypto
ICP-USD,SHORT,2024-05-21,13.295509338378906,15.048656048204315,9.78921591872809,1014,False,True,False,56.49,2024-06-13,9.78921591872809,WIN,23.0,crypto
ICP-USD,LONG,2024-06-16,9.614850044250488,8.222093619419391,12.400362893912682,1040,False,False,False,25.44,2024-06-18,8.222093619419391,LOSS,2.0,crypto
ICP-USD,SHORT,2024-07-12,7.322975158691406,8.431747279289693,5.105430917494832,1066,False,False,False,41.19,2024-07-13,8.431747279289693,LOSS,1.0,crypto
ICP-USD,SHORT,2024-07-18,9.673986434936523,11.017317772621363,6.987323759566845,1072,False,True,True,69.75,2024-08-05,6.987323759566845,WIN,18.0,crypto
ICP-USD,SHORT,2024-09-11,8.681049346923828,9.782717119319507,6.47771380213247,1127,False,True,True,65.47,2024-09-27,9.782717119319507,LOSS,16.0,crypto
ICP-USD,LONG,2024-11-05,7.366330146789551,6.4992581925636435,9.100474055241365,1182,False,False,False,33.4,2024-11-10,9.100474055241365,WIN,5.0,crypto
ICP-USD,SHORT,2024-11-12,8.844441413879395,10.0014294312666,6.530465379104985,1189,False,True,True,69.69,2024-11-17,10.0014294312666,LOSS,5.0,crypto
ICP-USD,SHORT,2024-11-24,11.64759635925293,13.451882149011054,8.039024779736682,1201,False,False,False,71.69,2024-12-02,13.451882149011054,LOSS,8.0,crypto
ICP-USD,LONG,2024-12-20,10.544474601745605,8.038152250512876,15.557119304211064,1227,False,True,True,36.5,2025-02-02,8.038152250512876,LOSS,44.0,crypto
ICP-USD,SHORT,2025-03-03,6.169600963592529,7.3124858383775875,3.883831214022413,1300,False,False,False,51.72,2025-10-10,3.883831214022413,WIN,221.0,crypto
ICP-USD,LONG,2025-10-12,3.5054728984832764,2.7363493872773903,5.0437199208950485,1523,False,False,False,24.76,2025-11-04,5.0437199208950485,WIN,23.0,crypto
ICP-USD,SHORT,2025-11-09,7.5901079177856445,9.526887930222705,3.7165478929115245,1551,False,False,False,87.29,2025-12-01,3.7165478929115245,WIN,22.0,crypto
ICP-USD,SHORT,2026-01-07,3.2258400917053223,3.6989292069078665,2.2796618613002337,1610,False,False,False,56.65,2026-01-13,3.6989292069078665,LOSS,6.0,crypto
ICP-USD,SHORT,2026-01-16,4.177134037017822,4.893742612445818,2.7439168861618306,1619,False,True,True,68.68,2026-01-31,2.7439168861618306,WIN,15.0,crypto
ICP-USD,SHORT,2026-03-01,2.3684699535369873,2.7642525056335465,1.5769048493438689,1663,False,False,False,49.44,2026-03-11,2.7642525056335465,LOSS,10.0,crypto
ICP-USD,SHORT,2026-03-13,2.6111369132995605,2.9849103651003412,1.8635900096979992,1675,False,False,False,62.9,2026-05-06,2.9849103651003412,LOSS,54.0,crypto
ICP-USD,SHORT,2026-05-10,3.3681459426879883,3.820770565604521,2.462896696854923,1733,False,False,False,78.4,2026-05-18,2.462896696854923,WIN,8.0,crypto
ICP-USD,SHORT,2026-07-11,2.2549660205841064,2.5065164044123307,1.751865252927658,1795,False,False,False,52.56,,,OPEN,,crypto
ICX-USD,SHORT,2022-03-11,0.7809669971466064,0.9398261829550547,0.4632486255297099,212,False,False,False,65.27,2022-03-27,0.9398261829550547,LOSS,16.0,crypto
ICX-USD,SHORT,2022-03-28,0.9277070164680481,1.0581755376141495,0.6667699741758453,229,False,True,True,69.67,2022-04-01,1.0581755376141495,LOSS,4.0,crypto
ICX-USD,LONG,2022-04-12,0.7547889947891235,0.6092916754097191,1.0457836335479325,244,False,False,False,36.89,2022-04-30,0.6092916754097191,LOSS,18.0,crypto
ICX-USD,LONG,2022-05-14,0.3853969871997833,0.23897928894041415,0.6782323837185217,276,False,False,False,24.57,2022-06-14,0.23897928894041415,LOSS,31.0,crypto
ICX-USD,SHORT,2022-07-20,0.29196199774742126,0.33290999214100203,0.21006600896025973,343,False,False,False,59.21,2022-07-31,0.33290999214100203,LOSS,11.0,crypto
ICX-USD,SHORT,2022-08-02,0.32060500979423523,0.36164863408272013,0.23851776121726542,356,False,True,True,67.71,2022-08-11,0.36164863408272013,LOSS,9.0,crypto
ICX-USD,LONG,2022-08-21,0.28652599453926086,0.2470962495862149,0.3653854844453528,375,False,False,False,34.5,2022-09-07,0.2470962495862149,LOSS,17.0,crypto
ICX-USD,LONG,2022-10-16,0.21789899468421936,0.19893751422667785,0.2558219555993024,431,False,False,False,29.5,2022-11-08,0.19893751422667785,LOSS,23.0,crypto
ICX-USD,LONG,2022-11-10,0.1686200052499771,0.13471576846935443,0.23642847881122248,456,False,False,False,20.81,2023-01-24,0.23642847881122248,WIN,75.0,crypto
ICX-USD,LONG,2023-02-10,0.21336199343204498,0.18188788645211112,0.2763102073919127,548,False,True,False,49.22,2023-03-10,0.18188788645211112,LOSS,28.0,crypto
ICX-USD,LONG,2023-03-12,0.19950999319553375,0.1672866697165551,0.2639566401534911,578,False,False,False,31.58,2023-04-01,0.2639566401534911,WIN,20.0,crypto
ICX-USD,SHORT,2023-04-02,0.2637369930744171,0.3112845670958578,0.1686418450315358,599,False,False,False,70.47,2023-04-03,0.3112845670958578,LOSS,1.0,crypto
ICX-USD,SHORT,2023-04-06,0.35198700428009033,0.4269640299702333,0.20203295289980439,603,False,False,False,78.62,2023-06-10,0.20203295289980439,WIN,65.0,crypto
ICX-USD,LONG,2023-06-16,0.19252100586891174,0.16688354960687782,0.2437959183929796,674,True,False,False,21.67,2023-06-25,0.2437959183929796,WIN,9.0,crypto
ICX-USD,SHORT,2023-06-26,0.21421299874782562,0.24129686208112647,0.16004527208122393,684,False,False,False,57.53,2023-07-14,0.24129686208112647,LOSS,18.0,crypto
ICX-USD,LONG,2023-08-19,0.17198200523853302,0.15326781069688275,0.20941039432183356,738,False,False,False,24.63,2023-09-11,0.15326781069688275,LOSS,23.0,crypto
ICX-USD,SHORT,2023-09-17,0.16627700626850128,0.180487035744072,0.13785694731735987,767,False,False,False,56.13,2023-09-20,0.180487035744072,LOSS,3.0,crypto
ICX-USD,SHORT,2023-09-21,0.17292100191116333,0.18856832966864773,0.14162634639619454,771,False,False,False,60.09,2023-10-08,0.18856832966864773,LOSS,17.0,crypto
ICX-USD,SHORT,2023-10-22,0.2012310028076172,0.22024779904332167,0.16319741033620822,802,False,True,True,74.96,2023-10-25,0.22024779904332167,LOSS,3.0,crypto
ICX-USD,SHORT,2023-10-26,0.20942999422550201,0.23186450558034283,0.1645609715158204,806,False,False,False,72.94,2023-10-31,0.23186450558034283,LOSS,5.0,crypto
ICX-USD,SHORT,2023-11-13,0.2693910002708435,0.3100033801729625,0.18816624046660557,824,False,False,False,84.31,2024-01-02,0.3100033801729625,LOSS,50.0,crypto
ICX-USD,SHORT,2024-02-10,0.22431200742721558,0.2440802412743794,0.1847755397328879,913,False,False,False,53.19,2024-02-17,0.2440802412743794,LOSS,7.0,crypto
ICX-USD,SHORT,2024-02-20,0.24700599908828735,0.26832005163762196,0.20437789398961814,923,False,False,False,68.87,2024-02-27,0.26832005163762196,LOSS,7.0,crypto
ICX-USD,SHORT,2024-02-28,0.2693060040473938,0.29631311220312057,0.21529178773594027,931,False,False,False,73.67,2024-03-01,0.29631311220312057,LOSS,2.0,crypto
ICX-USD,SHORT,2024-03-03,0.30317699909210205,0.33523719316320444,0.23905661094989727,935,False,False,False,84.26,2024-03-04,0.33523719316320444,LOSS,1.0,crypto
ICX-USD,LONG,2024-03-17,0.3095169961452484,0.24700103514559843,0.4345489181445484,949,False,False,False,47.74,2024-04-13,0.24700103514559843,LOSS,27.0,crypto
ICX-USD,LONG,2024-04-14,0.23814000189304352,0.1762369270271722,0.36194615162478616,977,False,False,False,30.13,2024-06-14,0.1762369270271722,LOSS,61.0,crypto
ICX-USD,LONG,2024-06-19,0.1477389931678772,0.12440375473427581,0.19440947003507997,1043,False,False,False,21.63,2024-07-05,0.12440375473427581,LOSS,16.0,crypto
ICX-USD,SHORT,2024-07-11,0.14476799964904785,0.16492442400745558,0.1044551509322324,1065,False,False,False,45.71,2024-07-18,0.16492442400745558,LOSS,7.0,crypto
ICX-USD,SHORT,2024-07-20,0.1660809963941574,0.18337967927143867,0.1314836306395949,1074,False,False,False,59.97,2024-08-04,0.1314836306395949,WIN,15.0,crypto
ICX-USD,SHORT,2024-09-20,0.1409830003976822,0.15515880390640585,0.11263139338023487,1136,False,True,True,62.79,2024-09-26,0.15515880390640585,LOSS,6.0,crypto
ICX-USD,LONG,2024-11-05,0.12230999767780304,0.10898029963575279,0.14896939376190355,1182,False,False,False,32.12,2024-11-10,0.14896939376190355,WIN,5.0,crypto
ICX-USD,SHORT,2024-11-13,0.14698800444602966,0.16448905412555367,0.11198590508698164,1190,False,True,True,67.74,2024-11-17,0.16448905412555367,LOSS,4.0,crypto
ICX-USD,LONG,2024-12-11,0.22904300689697266,0.1843929863036627,0.3183430480835926,1218,False,False,False,46.98,2024-12-18,0.1843929863036627,LOSS,7.0,crypto
ICX-USD,LONG,2024-12-20,0.17130300402641296,0.12981025405323166,0.2542885039727756,1227,False,False,False,32.22,2025-02-02,0.12981025405323166,LOSS,44.0,crypto
ICX-USD,LONG,2025-02-03,0.13503900170326233,0.10537568971007703,0.19436562568963292,1272,False,False,False,28.14,2025-03-04,0.10537568971007703,LOSS,29.0,crypto
ICX-USD,LONG,2025-03-11,0.0986969992518425,0.08042386329004975,0.135243271175428,1308,False,False,False,25.39,2025-04-06,0.08042386329004975,LOSS,26.0,crypto
ICX-USD,LONG,2025-04-07,0.07790099829435349,0.06474558916677857,0.10421181654950332,1335,False,False,False,22.7,2025-04-22,0.10421181654950332,WIN,15.0,crypto
ICX-USD,SHORT,2025-04-23,0.10473500192165375,0.1168537689034439,0.08049746795807344,1351,False,True,True,64.23,2025-05-05,0.1168537689034439,LOSS,12.0,crypto
ICX-USD,SHORT,2025-06-05,0.14037799835205078,0.16410345006314447,0.0929270949298634,1394,False,False,False,74.97,2025-06-09,0.16410345006314447,LOSS,4.0,crypto
ICX-USD,SHORT,2025-06-10,0.16299399733543396,0.1902988003175062,0.10838439137128947,1399,False,False,False,79.53,2025-10-10,0.10838439137128947,WIN,122.0,crypto
ICX-USD,LONG,2025-10-12,0.0913970023393631,0.07412061839484313,0.12594977022840304,1523,False,False,False,20.1,2025-11-03,0.07412061839484313,LOSS,22.0,crypto
ICX-USD,LONG,2025-11-22,0.06487099826335907,0.052754674592809005,0.0891036456044592,1564,False,False,False,28.71,2025-12-17,0.052754674592809005,LOSS,25.0,crypto
ICX-USD,LONG,2025-12-19,0.05400700122117996,0.045880906537734883,0.07025919058807012,1591,False,False,False,23.06,2026-01-31,0.045880906537734883,LOSS,43.0,crypto
ICX-USD,LONG,2026-02-02,0.045910999178886414,0.03925984795431807,0.0592133016280231,1636,False,False,False,25.13,2026-02-05,0.03925984795431807,LOSS,3.0,crypto
ICX-USD,LONG,2026-02-06,0.04159500077366829,0.03384337670920663,0.0570982489025916,1640,False,False,False,19.88,2026-03-08,0.03384337670920663,LOSS,30.0,crypto
ICX-USD,SHORT,2026-03-13,0.036965999752283096,0.04252899470274719,0.025840009851354914,1675,False,False,False,48.58,2026-06-23,0.025840009851354914,WIN,102.0,crypto
ICX-USD,SHORT,2026-08-11,0.02139522321522236,0.023742535941290447,0.016700597763086182,1826,True,False,False,51.86,,,OPEN,,crypto
IMX-USD,SHORT,2022-03-03,0.2394839972257614,0.3152626861055043,0.08792661946627567,204,False,False,False,86.87,2022-04-11,0.08792661946627567,WIN,39.0,crypto
IMX-USD,LONG,2022-05-15,0.038607001304626465,0.02495943392951583,0.06590213605484774,277,False,False,False,18.4,2022-06-15,0.02495943392951583,LOSS,31.0,crypto
INJ-USD,SHORT,2022-03-25,5.735324859619141,6.671598865341105,3.862776848175212,226,False,True,True,61.57,2022-04-05,6.671598865341105,LOSS,11.0,crypto
INJ-USD,LONG,2022-04-12,5.503970146179199,4.523079225883049,7.465751986771499,244,False,False,False,38.89,2022-04-25,4.523079225883049,LOSS,13.0,crypto
INJ-USD,LONG,2022-04-27,4.266878128051758,3.531812726508643,5.7370089311379875,259,False,False,False,24.35,2022-05-01,3.531812726508643,LOSS,4.0,crypto
INJ-USD,SHORT,2022-07-11,1.2349720001220703,1.5262777462356856,0.6523605078948398,334,False,False,False,48.18,2022-07-30,1.5262777462356856,LOSS,19.0,crypto
INJ-USD,SHORT,2022-08-06,1.546017050743103,1.7730508486135386,1.091949455002232,360,False,True,True,67.08,2022-08-10,1.7730508486135386,LOSS,4.0,crypto
INJ-USD,SHORT,2022-08-12,1.96793794631958,2.3367931011506644,1.2302276366574114,366,False,True,True,78.57,2022-10-29,2.3367931011506644,LOSS,78.0,crypto
INJ-USD,SHORT,2022-10-30,2.192397117614746,2.5353835564255176,1.506424239993203,445,False,True,True,69.29,2022-10-31,2.5353835564255176,LOSS,1.0,crypto
INJ-USD,SHORT,2022-11-05,2.684067964553833,3.165647722835476,1.7209084479905474,451,False,False,False,77.36,2022-11-09,1.7209084479905474,WIN,4.0,crypto
INJ-USD,LONG,2022-11-10,1.7986429929733276,1.1314069170010406,3.1331151449179018,456,False,False,False,31.22,2023-01-31,3.1331151449179018,WIN,82.0,crypto
INJ-USD,LONG,2023-03-10,3.0451691150665283,2.302556137448072,4.530395070303441,576,False,True,True,34.47,2023-03-17,4.530395070303441,WIN,7.0,crypto
INJ-USD,SHORT,2023-04-04,5.471179008483887,6.434683825283209,3.544169374885243,601,False,False,False,73.6,2023-04-11,6.434683825283209,LOSS,7.0,crypto
INJ-USD,SHORT,2023-04-17,9.048698425292969,10.419490523637196,6.307114228604515,614,False,False,False,85.89,2023-05-09,6.307114228604515,WIN,22.0,crypto
INJ-USD,SHORT,2023-06-03,7.936008930206299,9.061408017431054,5.685210755756788,661,False,False,False,62.45,2023-06-10,5.685210755756788,WIN,7.0,crypto
INJ-USD,SHORT,2023-07-02,8.730451583862305,9.865293346755621,6.460768058075672,690,False,False,False,72.95,2023-09-11,6.460768058075672,WIN,71.0,crypto
INJ-USD,SHORT,2023-09-17,7.04786491394043,7.611063043350883,5.921468655119524,767,False,True,False,55.09,2023-09-30,7.611063043350883,LOSS,13.0,crypto
INJ-USD,SHORT,2023-10-02,7.574483871459961,8.179037880171402,6.3653758540370795,782,False,False,False,69.24,2023-10-18,8.179037880171402,LOSS,16.0,crypto
INJ-USD,SHORT,2023-10-28,13.421098709106445,14.886797702824815,10.489700721669706,808,False,False,False,93.72,2023-11-01,14.886797702824815,LOSS,4.0,crypto
INJ-USD,LONG,2023-11-22,16.057785034179688,12.949040528496976,22.27527404554511,833,False,False,False,45.5,2023-12-11,22.27527404554511,WIN,19.0,crypto
INJ-USD,SHORT,2023-12-16,29.52052879333496,34.621020450800735,19.319545478403413,857,False,False,False,81.94,2023-12-18,34.621020450800735,LOSS,2.0,crypto
INJ-USD,SHORT,2023-12-19,36.57927322387695,42.519408003950524,24.699003663729812,860,False,False,False,87.63,2023-12-20,42.519408003950524,LOSS,1.0,crypto
INJ-USD,SHORT,2024-02-19,37.57719421386719,42.99007732729461,26.75142798701235,922,False,False,False,61.9,2024-02-28,42.99007732729461,LOSS,9.0,crypto
INJ-USD,SHORT,2024-02-29,40.921390533447266,47.51114141920754,27.741888761926717,932,False,False,False,69.55,2024-03-12,47.51114141920754,LOSS,12.0,crypto
INJ-USD,SHORT,2024-03-13,48.308162689208984,57.050173881556155,30.824140304514643,945,False,False,False,70.38,2024-04-05,30.824140304514643,WIN,23.0,crypto
INJ-USD,LONG,2024-04-14,26.068357467651367,18.891131876672688,40.422808649608726,977,False,False,False,24.41,2024-07-05,18.891131876672688,LOSS,82.0,crypto
INJ-USD,SHORT,2024-07-21,27.47715187072754,30.96451102233093,20.502433567520754,1075,False,False,False,68.02,2024-08-01,20.502433567520754,WIN,11.0,crypto
INJ-USD,LONG,2024-08-06,16.025266647338867,12.012398833192966,24.05100227563067,1091,False,False,False,24.23,2024-10-01,24.05100227563067,WIN,56.0,crypto
INJ-USD,LONG,2024-10-26,18.369884490966797,15.626986861761566,23.85567974937726,1172,False,False,False,34.98,2024-11-10,23.85567974937726,WIN,15.0,crypto
INJ-USD,SHORT,2024-11-12,24.561481475830078,28.092982863316106,17.498478700858023,1189,False,False,False,74.28,2024-11-23,28.092982863316106,LOSS,11.0,crypto
INJ-USD,LONG,2024-12-11,28.845022201538086,23.027174306587312,40.48071799143963,1218,False,False,False,44.65,2024-12-19,23.027174306587312,LOSS,8.0,crypto
INJ-USD,LONG,2024-12-23,23.039104461669922,17.3762605740366,34.364792236936566,1230,False,False,False,30.2,2025-01-28,17.3762605740366,LOSS,36.0,crypto
INJ-USD,LONG,2025-04-07,7.2504730224609375,5.6110641757206565,10.5292907159415,1335,False,False,False,25.73,2025-05-01,10.5292907159415,WIN,24.0,crypto
INJ-USD,SHORT,2025-05-11,13.151073455810547,14.71921534711584,10.01478967319996,1369,False,True,True,78.43,2025-05-23,14.71921534711584,LOSS,12.0,crypto
INJ-USD,SHORT,2025-07-12,12.269274711608887,14.020204052309229,8.767416030208203,1431,False,True,True,60.02,2025-07-16,14.020204052309229,LOSS,4.0,crypto
INJ-USD,SHORT,2025-07-18,13.671249389648438,15.568625047256551,9.87649807443221,1437,False,False,False,70.32,2025-07-21,15.568625047256551,LOSS,3.0,crypto
INJ-USD,LONG,2025-09-24,12.396946907043457,10.882778436804804,15.425283847520763,1505,False,False,False,37.09,2025-10-10,10.882778436804804,LOSS,16.0,crypto
INJ-USD,LONG,2025-10-12,9.575493812561035,6.921021371903523,14.88443869387606,1523,False,False,False,25.26,2025-11-03,6.921021371903523,LOSS,22.0,crypto
INJ-USD,SHORT,2025-11-11,7.54589319229126,9.259044400175512,4.119590776522756,1553,False,False,False,50.2,2026-01-29,4.119590776522756,WIN,79.0,crypto
INJ-USD,LONG,2026-02-02,3.655972957611084,3.041505681115095,4.884907510603062,1636,False,False,False,25.69,2026-02-05,3.041505681115095,LOSS,3.0,crypto
INJ-USD,SHORT,2026-02-22,3.5081400871276855,4.09423070359515,2.335958854192757,1656,False,False,False,57.38,2026-05-08,4.09423070359515,LOSS,75.0,crypto
INJ-USD,SHORT,2026-05-15,4.890233039855957,5.575190949866528,3.5203172198348156,1738,False,True,True,85.05,2026-05-22,5.575190949866528,LOSS,7.0,crypto
INJ-USD,LONG,2026-06-07,5.418885231018066,4.211057323609966,7.834541045834268,1761,False,False,False,45.74,2026-06-24,4.211057323609966,LOSS,17.0,crypto
INJ-USD,SHORT,2026-07-21,5.306670188903809,5.892730169730741,4.134550227249944,1805,False,False,False,60.43,,,OPEN,,crypto
IOTA-USD,SHORT,2024-05-18,0.21583400666713715,0.24314544785860362,0.1612111242842042,231,False,False,False,46.95,2024-06-07,0.24314544785860362,LOSS,20.0,crypto
IOTA-USD,LONG,2024-06-19,0.17433300614356995,0.14657525740729235,0.22984850361612513,263,False,False,False,27.36,2024-07-05,0.14657525740729235,LOSS,16.0,crypto
IOTA-USD,SHORT,2024-07-22,0.17312699556350708,0.19200092241995548,0.13537914185061029,296,False,False,False,60.41,2024-08-03,0.13537914185061029,WIN,12.0,crypto
IOTA-USD,SHORT,2024-09-22,0.13887999951839447,0.15257080339664364,0.11149839176189613,358,False,True,True,65.47,2024-10-25,0.11149839176189613,WIN,33.0,crypto
IOTA-USD,SHORT,2024-11-13,0.14005500078201294,0.15729575515849825,0.10557349202904232,410,False,True,True,74.41,2024-11-16,0.15729575515849825,LOSS,3.0,crypto
IOTA-USD,SHORT,2024-11-17,0.15498100221157074,0.1771424636951076,0.110658079244497,414,False,True,True,78.51,2024-11-18,0.1771424636951076,LOSS,1.0,crypto
IOTA-USD,LONG,2024-12-20,0.30505800247192383,0.2044145558664191,0.5063448956829333,447,False,False,False,41.15,2025-02-03,0.2044145558664191,LOSS,45.0,crypto
IOTA-USD,LONG,2025-02-05,0.22285999357700348,0.1538774110595672,0.36082515861187603,494,False,False,False,31.0,2025-04-06,0.1538774110595672,LOSS,60.0,crypto
IOTA-USD,LONG,2025-04-07,0.14997799694538116,0.11973602316714237,0.21046194450185876,555,False,False,False,31.25,2025-04-25,0.21046194450185876,WIN,18.0,crypto
IOTA-USD,SHORT,2025-04-29,0.20849399268627167,0.23835753027542522,0.14876691750796456,577,True,True,True,75.81,2025-05-09,0.23835753027542522,LOSS,10.0,crypto
IOTA-USD,LONG,2025-05-31,0.1815129965543747,0.15074068277219427,0.24305762411873555,609,False,False,False,32.13,2025-06-21,0.15074068277219427,LOSS,21.0,crypto
IOTA-USD,SHORT,2025-07-18,0.22896799445152283,0.2615113994671933,0.16388118442018185,657,False,False,False,82.58,2025-09-25,0.16388118442018185,WIN,69.0,crypto
IOTA-USD,LONG,2025-09-26,0.1668729931116104,0.1485866598896654,0.20344565955550042,727,False,False,False,28.06,2025-10-10,0.1485866598896654,LOSS,14.0,crypto
IOTA-USD,SHORT,2025-11-11,0.14187900722026825,0.16303519775497075,0.09956662615086326,773,False,False,False,54.82,2025-12-01,0.09956662615086326,WIN,20.0,crypto
IOTA-USD,LONG,2025-12-02,0.10409300029277802,0.08705489322723271,0.13816921442386862,794,False,False,False,24.17,2025-12-18,0.08705489322723271,LOSS,16.0,crypto
IOTA-USD,LONG,2025-12-19,0.08981200307607651,0.07648666068781405,0.11646268785260142,811,False,False,False,24.18,2026-01-06,0.11646268785260142,WIN,18.0,crypto
IOTA-USD,SHORT,2026-01-08,0.10616400092840195,0.12122601287244844,0.07603997704030896,831,False,True,True,62.61,2026-01-30,0.07603997704030896,WIN,22.0,crypto
IOTA-USD,SHORT,2026-02-26,0.06942199915647507,0.07801243670414182,0.052241124061141564,880,False,False,False,49.1,2026-03-29,0.052241124061141564,WIN,31.0,crypto
IOTA-USD,LONG,2026-03-30,0.05465399846434593,0.049213490087078364,0.06553501521888107,912,False,False,False,27.15,2026-05-11,0.06553501521888107,WIN,42.0,crypto
IOTA-USD,SHORT,2026-05-12,0.06241900101304054,0.06805632664483947,0.05114434974944268,955,False,True,True,70.89,2026-05-30,0.06805632664483947,LOSS,18.0,crypto
IOTA-USD,LONG,2026-06-06,0.0449410006403923,0.0372314193386286,0.06036016324391971,980,False,False,False,29.6,2026-06-26,0.0372314193386286,LOSS,20.0,crypto
IOTA-USD,SHORT,2026-08-10,0.03380899876356125,0.03685001547916991,0.027726965332343922,1045,False,False,False,51.86,,,OPEN,,crypto
JASMY-USD,SHORT,2022-03-12,0.013663000427186489,0.01938995044594721,0.002209100389665049,213,False,False,False,35.59,2022-03-15,0.01938995044594721,LOSS,3.0,crypto
JASMY-USD,SHORT,2022-03-20,0.03231799975037575,0.043834969696315326,0.00928405985849659,221,False,True,True,65.29,2022-03-23,0.043834969696315326,LOSS,3.0,crypto
JASMY-USD,LONG,2022-05-13,0.009890999644994736,0.004174108059424821,0.021324782816134563,275,False,False,False,24.49,2022-11-08,0.004174108059424821,LOSS,179.0,crypto
JASMY-USD,LONG,2022-12-17,0.003197999903932214,0.002658641396540463,0.004276716918715715,493,False,False,False,27.98,2023-01-12,0.004276716918715715,WIN,26.0,crypto
JASMY-USD,SHORT,2023-01-15,0.005096999928355217,0.005766690358029453,0.003757619069006745,522,False,True,True,79.45,2023-01-24,0.005766690358029453,LOSS,9.0,crypto
JASMY-USD,SHORT,2023-04-01,0.005096000153571367,0.005891955646087085,0.003504089168539932,598,False,False,False,53.31,2023-04-10,0.005891955646087085,LOSS,9.0,crypto
JASMY-USD,SHORT,2023-04-12,0.006101999897509813,0.006914231341534206,0.004477537009461028,609,False,True,True,63.75,2023-04-15,0.006914231341534206,LOSS,3.0,crypto
JASMY-USD,SHORT,2023-04-16,0.006837999913841486,0.007721179345057384,0.005071641051409691,613,False,True,True,72.97,2023-05-05,0.007721179345057384,LOSS,19.0,crypto
JASMY-USD,LONG,2023-05-15,0.004834999796003103,0.003697376200835151,0.007110246986339008,642,False,False,False,33.71,2023-06-10,0.003697376200835151,LOSS,26.0,crypto
JASMY-USD,LONG,2023-06-13,0.0035280000884085894,0.002902181452303554,0.00477963736061866,671,False,False,False,24.83,2023-11-10,0.00477963736061866,WIN,150.0,crypto
JASMY-USD,SHORT,2023-12-26,0.007230000104755163,0.00816339300902858,0.00536321429620833,867,False,False,False,71.49,2024-01-03,0.00536321429620833,WIN,8.0,crypto
JASMY-USD,LONG,2024-01-08,0.00546699995175004,0.004388442159363199,0.007624115536523722,880,False,True,True,31.15,2024-02-19,0.007624115536523722,WIN,42.0,crypto
JASMY-USD,SHORT,2024-02-23,0.012907000258564949,0.01594993267228982,0.006821135431115205,926,True,False,False,89.48,2024-02-24,0.01594993267228982,LOSS,1.0,crypto
JASMY-USD,LONG,2024-03-17,0.018862999975681305,0.013461474657682876,0.029666050611678162,949,False,False,False,46.29,2024-05-30,0.029666050611678162,WIN,74.0,crypto
JASMY-USD,SHORT,2024-06-03,0.036869000643491745,0.04261432673582229,0.02537834845883065,1027,False,False,False,84.68,2024-06-07,0.04261432673582229,LOSS,4.0,crypto
JASMY-USD,LONG,2024-08-06,0.021191999316215515,0.015075195954580721,0.033425606039485106,1091,False,False,False,28.4,2024-12-03,0.033425606039485106,WIN,119.0,crypto
JASMY-USD,SHORT,2024-12-06,0.051075998693704605,0.06080848603657286,0.0316110240079681,1213,False,False,False,90.51,2024-12-20,0.0316110240079681,WIN,14.0,crypto
JASMY-USD,LONG,2025-03-11,0.013055000454187393,0.00897033955260083,0.02122432225736052,1308,False,False,False,26.14,2025-04-07,0.00897033955260083,LOSS,27.0,crypto
JASMY-USD,SHORT,2025-04-15,0.013779000379145145,0.017148570175995477,0.007039860785444482,1343,False,False,False,65.5,2025-04-23,0.017148570175995477,LOSS,8.0,crypto
JASMY-USD,LONG,2025-05-31,0.01541099976748228,0.012756847562723954,0.020719304176998934,1389,False,False,False,37.44,2025-06-13,0.012756847562723954,LOSS,13.0,crypto
JASMY-USD,SHORT,2025-07-18,0.016767999157309532,0.019049271053538576,0.012205455364851445,1437,False,True,True,73.68,2025-07-20,0.019049271053538576,LOSS,2.0,crypto
JASMY-USD,LONG,2025-09-26,0.012334000319242477,0.010837339816231618,0.015327321325264195,1507,False,False,False,28.17,2025-10-10,0.010837339816231618,LOSS,14.0,crypto
JASMY-USD,LONG,2025-10-11,0.009850000031292439,0.0073747636116683465,0.014800472870540623,1522,False,False,False,25.03,2025-11-21,0.0073747636116683465,LOSS,41.0,crypto
JASMY-USD,SHORT,2026-01-07,0.00836899969726801,0.009662610998675672,0.005781777094452684,1610,False,True,True,81.51,2026-01-08,0.009662610998675672,LOSS,1.0,crypto
JASMY-USD,SHORT,2026-01-09,0.009081999771296978,0.010581501371646113,0.006082996570598707,1612,False,True,True,71.09,2026-01-31,0.006082996570598707,WIN,22.0,crypto
JASMY-USD,SHORT,2026-03-18,0.005925999954342842,0.006599307220990011,0.004579385421048505,1680,False,False,False,58.28,2026-05-09,0.006599307220990011,LOSS,52.0,crypto
JASMY-USD,SHORT,2026-05-11,0.007019999902695417,0.007758741151222481,0.00554251740564129,1734,False,True,True,75.45,2026-05-18,0.00554251740564129,WIN,7.0,crypto
JASMY-USD,SHORT,2026-07-19,0.004614000208675861,0.005097925914850877,0.00364614879632583,1803,False,False,False,58.22,,,OPEN,,crypto
JUP-USD,SHORT,2022-03-28,0.020194999873638153,0.0237661637210445,0.013052672178825463,229,False,False,False,69.14,2022-04-18,0.013052672178825463,WIN,21.0,crypto
JUP-USD,LONG,2022-05-10,0.007583000231534243,0.005207393816617224,0.01233421306136828,272,False,False,False,16.32,2022-05-11,0.005207393816617224,LOSS,1.0,crypto
JUP-USD,SHORT,2022-06-09,0.0041669998317956924,0.006619939069420433,-0.0007388786434537886,302,False,False,False,51.17,2022-06-16,0.006619939069420433,LOSS,7.0,crypto
JUP-USD,SHORT,2022-06-18,0.005942000076174736,0.009022116648079372,-0.0002182330676345351,311,False,False,False,57.45,2022-06-20,0.009022116648079372,LOSS,2.0,crypto
JUP-USD,SHORT,2022-06-24,0.014681999571621418,0.020371353794671344,0.0033032911255215652,317,False,False,False,83.84,2022-07-10,0.020371353794671344,LOSS,16.0,crypto
JUP-USD,LONG,2022-08-12,0.014062000438570976,0.011002750463567385,0.02018050038857816,366,True,False,False,42.01,2022-08-19,0.011002750463567385,LOSS,7.0,crypto
JUP-USD,LONG,2022-08-22,0.010575000196695328,0.007967510171085263,0.015789980247915458,376,False,False,False,33.46,2022-09-19,0.007967510171085263,LOSS,28.0,crypto
JUP-USD,LONG,2022-10-15,0.0069690002128481865,0.005730643765852271,0.009445713106840017,430,False,False,False,24.86,2022-11-08,0.005730643765852271,LOSS,24.0,crypto
JUP-USD,SHORT,2022-12-16,0.005609000101685524,0.007614562789255791,0.00159787472654499,492,False,True,True,79.01,2023-01-19,0.007614562789255791,LOSS,34.0,crypto
JUP-USD,SHORT,2023-01-23,0.006298999767750502,0.008046295117794424,0.0028044090676626575,530,False,True,True,69.69,2023-04-04,0.0028044090676626575,WIN,71.0,crypto
JUP-USD,SHORT,2023-04-09,0.005357999820262194,0.009255544052988928,-0.002437088645191276,606,False,True,True,64.54,2023-04-10,0.009255544052988928,LOSS,1.0,crypto
JUP-USD,SHORT,2023-04-12,0.01299699954688549,0.01851411268787415,0.0019627732649081728,609,False,False,False,67.8,2023-09-06,0.0019627732649081728,WIN,147.0,crypto
JUP-USD,SHORT,2023-10-03,0.0008479999960400164,0.0013090520584471323,-7.410412877421543e-05,783,False,False,False,42.33,2023-10-23,0.0013090520584471323,LOSS,20.0,crypto
JUP-USD,SHORT,2023-10-25,0.002094999887049198,0.0033367430916839066,-0.00038848652222021884,805,False,True,True,90.18,2023-11-12,0.0033367430916839066,LOSS,18.0,crypto
JUP-USD,SHORT,2023-12-11,0.003783999942243099,0.005553809039703575,0.000244381747322147,852,False,False,False,71.68,2023-12-18,0.005553809039703575,LOSS,7.0,crypto
JUP-USD,SHORT,2023-12-29,0.005985000170767307,0.009328244276841965,-0.000701488041382009,870,False,False,False,74.84,2024-01-29,0.009328244276841965,LOSS,31.0,crypto
JUP-USD,SHORT,2024-01-31,0.007242000196129084,0.013801748390277898,-0.005877496192168544,903,False,False,False,75.89,2025-03-04,0.013801748390277898,LOSS,398.0,crypto
JUP-USD,SHORT,2025-03-11,0.0006990000256337225,0.0036670127185821117,-0.005237025360263056,1308,False,False,False,59.19,2025-05-06,0.0036670127185821117,LOSS,56.0,crypto
JUP-USD,SHORT,2025-05-11,0.0006670000148005784,0.04123614550002734,-0.08047129095565295,1369,False,True,True,57.79,2025-06-03,0.04123614550002734,LOSS,23.0,crypto
JUP-USD,SHORT,2025-06-05,0.0007830000249668956,0.15504861947705237,-0.30774823887920405,1394,False,False,False,95.99,2025-06-06,0.15504861947705237,LOSS,1.0,crypto
JUP-USD,SHORT,2025-07-12,0.000999000039882958,0.020353566554484608,-0.03771013298932034,1431,False,False,False,47.09,,,OPEN,,crypto
KAS-USD,SHORT,2023-01-18,0.005938999820500612,0.0070396559952187274,0.003737687471064382,231,True,False,False,64.33,2023-02-06,0.0070396559952187274,LOSS,19.0,crypto
KAS-USD,SHORT,2023-03-03,0.012643000110983849,0.01507087945881912,0.007787241415313305,275,False,False,False,88.83,2023-03-19,0.01507087945881912,LOSS,16.0,crypto
KAS-USD,LONG,2023-04-17,0.02777799963951111,0.020440794193333226,0.04245241053186687,320,False,False,False,46.85,2023-05-11,0.020440794193333226,LOSS,24.0,crypto
KAS-USD,LONG,2023-05-24,0.016303999349474907,0.011106143989716617,0.026699710068991488,357,True,True,True,22.03,2023-06-22,0.026699710068991488,WIN,29.0,crypto
KAS-USD,SHORT,2023-06-23,0.026674000546336174,0.03086673136382488,0.01828853891135876,387,False,False,False,73.61,2023-07-16,0.03086673136382488,LOSS,23.0,crypto
KAS-USD,LONG,2023-08-18,0.03962400183081627,0.03252033954381823,0.05383132640481235,443,False,False,False,42.07,2023-08-29,0.03252033954381823,LOSS,11.0,crypto
KAS-USD,SHORT,2023-09-14,0.0471160002052784,0.05308677955524151,0.035174441505352164,470,False,False,False,74.66,2023-09-20,0.05308677955524151,LOSS,6.0,crypto
KAS-USD,LONG,2023-10-14,0.042497001588344574,0.03776999093764936,0.05195102288973501,500,False,True,True,39.32,2023-10-24,0.05195102288973501,WIN,10.0,crypto
KAS-USD,SHORT,2023-11-11,0.08857899904251099,0.09936840723074536,0.06700018266604224,528,False,False,False,89.5,2023-11-15,0.09936840723074536,LOSS,4.0,crypto
KAS-USD,SHORT,2024-02-13,0.13760200142860413,0.15416740140728558,0.10447120147124123,622,False,False,False,78.73,2024-02-17,0.15416740140728558,LOSS,4.0,crypto
KAS-USD,LONG,2024-03-17,0.13917499780654907,0.11162921694004357,0.19426655953956007,655,False,True,True,32.79,2024-04-12,0.11162921694004357,LOSS,26.0,crypto
KAS-USD,SHORT,2024-05-10,0.12382999807596207,0.14278271557263877,0.08592456308260865,709,False,False,False,56.13,2024-05-27,0.14278271557263877,LOSS,17.0,crypto
KAS-USD,SHORT,2024-06-06,0.17225299775600433,0.19222764749268356,0.13230369828264588,736,False,False,False,79.05,2024-06-29,0.19222764749268356,LOSS,23.0,crypto
KAS-USD,SHORT,2024-08-01,0.20212499797344208,0.22034452337611868,0.16568594716808888,792,False,False,False,74.02,2024-08-04,0.16568594716808888,WIN,3.0,crypto
KAS-USD,LONG,2024-08-06,0.16061100363731384,0.1331343719653878,0.21556426698116593,797,False,True,True,33.49,2024-10-08,0.1331343719653878,LOSS,63.0,crypto
KAS-USD,SHORT,2024-11-07,0.11453399807214737,0.13265590183933915,0.07829019053776382,890,False,False,False,48.06,2024-11-09,0.13265590183933915,LOSS,2.0,crypto
KAS-USD,SHORT,2024-11-12,0.13883399963378906,0.16311422003352105,0.09027355883432508,895,False,True,True,67.33,2024-11-18,0.16311422003352105,LOSS,6.0,crypto
KAS-USD,SHORT,2024-11-19,0.1593019962310791,0.1897273230788903,0.09845134253545673,902,False,False,False,68.85,2025-02-03,0.09845134253545673,WIN,76.0,crypto
KAS-USD,LONG,2025-02-07,0.08737599849700928,0.06395194652756754,0.13422410243589275,982,False,False,False,24.64,2025-03-09,0.06395194652756754,LOSS,30.0,crypto
KAS-USD,SHORT,2025-04-13,0.07291900366544724,0.08581527656487788,0.04712645786658595,1047,False,False,False,59.07,2025-04-22,0.08581527656487788,LOSS,9.0,crypto
KAS-USD,SHORT,2025-04-23,0.095271997153759,0.10750620996944826,0.07080357152238048,1057,False,True,True,74.59,2025-04-25,0.10750620996944826,LOSS,2.0,crypto
KAS-USD,SHORT,2025-04-26,0.10073000192642212,0.11398283012285905,0.07422434553354826,1060,False,True,True,74.34,2025-05-11,0.11398283012285905,LOSS,15.0,crypto
KAS-USD,LONG,2025-06-01,0.08858300000429153,0.07211471427587517,0.12151957146112427,1096,False,False,False,32.53,2025-06-14,0.07211471427587517,LOSS,13.0,crypto
KAS-USD,SHORT,2025-07-11,0.08521299809217453,0.09591014989374644,0.06381869448903071,1136,False,True,True,62.09,2025-07-17,0.09591014989374644,LOSS,6.0,crypto
KAS-USD,SHORT,2025-07-22,0.11271200329065323,0.12674481708147012,0.08464637570901945,1147,False,False,False,80.94,2025-08-01,0.08464637570901945,WIN,10.0,crypto
KAS-USD,LONG,2025-09-07,0.0800589993596077,0.07048349181584458,0.09921001444713393,1194,False,False,False,37.12,2025-10-10,0.07048349181584458,LOSS,33.0,crypto
KAS-USD,LONG,2025-10-12,0.06165900081396103,0.0451497976057603,0.09467740723036248,1229,False,False,False,26.06,2025-11-04,0.0451497976057603,LOSS,23.0,crypto
KAS-USD,SHORT,2025-11-29,0.05638200044631958,0.06611130612614957,0.0369233890866596,1277,False,True,True,65.8,2026-01-30,0.0369233890866596,WIN,62.0,crypto
KAS-USD,LONG,2026-02-02,0.03314699977636337,0.027774627903472293,0.04389174352214553,1342,False,False,False,19.53,2026-02-05,0.027774627903472293,LOSS,3.0,crypto
KAS-USD,SHORT,2026-03-21,0.03587200120091438,0.04038275743654786,0.02685048872964743,1389,True,True,True,70.13,2026-05-11,0.04038275743654786,LOSS,51.0,crypto
KAS-USD,SHORT,2026-05-12,0.038072001188993454,0.04150586571923165,0.031204272128517063,1441,False,True,True,75.4,2026-05-28,0.031204272128517063,WIN,16.0,crypto
KAVA-USD,SHORT,2022-03-24,3.7879951000213623,4.209865551135308,2.9442541977934713,225,False,True,True,70.56,2022-03-28,4.209865551135308,LOSS,4.0,crypto
KAVA-USD,SHORT,2022-03-31,4.504872798919678,5.031635593230261,3.451347210298511,232,False,False,False,79.49,2022-04-21,5.031635593230261,LOSS,21.0,crypto
KAVA-USD,LONG,2022-05-10,2.6988821029663086,1.7527721003282757,4.591102108242374,272,False,False,False,27.61,2022-05-12,1.7527721003282757,LOSS,2.0,crypto
KAVA-USD,LONG,2022-05-13,2.0538480281829834,0.9903880930498761,4.180767898449198,275,False,False,False,21.72,2022-11-09,0.9903880930498761,LOSS,180.0,crypto
KAVA-USD,LONG,2022-11-10,1.0317330360412598,0.7968403038408776,1.5015185004420242,456,False,False,False,16.11,2022-12-16,0.7968403038408776,LOSS,36.0,crypto
KAVA-USD,LONG,2022-12-20,0.7233089804649353,0.6159455543356158,0.9380358327235743,496,False,False,False,23.36,2022-12-29,0.6159455543356158,LOSS,9.0,crypto
KAVA-USD,LONG,2023-01-02,0.5443660020828247,0.4618698012048127,0.7093584038388487,509,False,False,False,18.25,2023-01-09,0.7093584038388487,WIN,7.0,crypto
KAVA-USD,SHORT,2023-01-19,1.014456033706665,1.1508731003313193,0.7416219004573565,526,False,True,True,83.49,2023-03-14,1.1508731003313193,LOSS,54.0,crypto
KAVA-USD,SHORT,2023-03-16,0.9941070079803467,1.1601037367446119,0.6621135504518163,582,True,True,True,66.17,2023-05-23,1.1601037367446119,LOSS,68.0,crypto
KAVA-USD,LONG,2023-06-13,0.8067219853401184,0.6502340607675834,1.1196978344851884,671,False,False,False,33.28,2023-06-25,1.1196978344851884,WIN,12.0,crypto
KAVA-USD,LONG,2023-07-26,0.8735740184783936,0.7875064864594863,1.045709082516208,714,False,False,False,36.6,2023-08-15,0.7875064864594863,LOSS,20.0,crypto
KAVA-USD,LONG,2023-08-19,0.7052770256996155,0.6288609592410939,0.8581091586166587,738,False,False,False,23.11,2023-09-11,0.6288609592410939,LOSS,23.0,crypto
KAVA-USD,SHORT,2023-09-17,0.6215299963951111,0.6821524384700866,0.5002851122451601,767,False,False,False,52.56,2023-10-31,0.6821524384700866,LOSS,44.0,crypto
KAVA-USD,SHORT,2023-11-02,0.6866059899330139,0.7411814978576519,0.577454974083738,813,False,True,True,74.24,2023-11-06,0.7411814978576519,LOSS,4.0,crypto
KAVA-USD,SHORT,2023-12-28,0.9194660186767578,1.0088847515670138,0.7406285528962457,869,False,False,False,72.77,2024-01-07,0.7406285528962457,WIN,10.0,crypto
KAVA-USD,LONG,2024-01-08,0.7680739760398865,0.6515182571068189,1.0011854139060217,880,False,False,False,34.88,2024-03-07,1.0011854139060217,WIN,59.0,crypto
KAVA-USD,LONG,2024-03-17,0.9175059795379639,0.7494915603804931,1.2535348178529053,949,False,False,False,45.04,2024-04-13,0.7494915603804931,LOSS,27.0,crypto
KAVA-USD,LONG,2024-04-16,0.6464070081710815,0.48078449813098295,0.9776520282512787,979,False,False,False,29.54,2024-06-18,0.48078449813098295,LOSS,63.0,crypto
KAVA-USD,LONG,2024-06-19,0.4584920108318329,0.3883946060046307,0.5986868204862372,1043,False,False,False,19.15,2024-07-04,0.3883946060046307,LOSS,15.0,crypto
KAVA-USD,SHORT,2024-07-18,0.4131920039653778,0.4601323003245191,0.3193114112470953,1072,False,False,False,46.18,2024-08-04,0.3193114112470953,WIN,17.0,crypto
KAVA-USD,SHORT,2024-08-25,0.3629870116710663,0.4027475552673696,0.28346592447845964,1110,False,False,False,59.9,2024-09-04,0.28346592447845964,WIN,10.0,crypto
KAVA-USD,SHORT,2024-09-22,0.3736410140991211,0.4221066522730944,0.27670973775117447,1138,False,True,True,69.27,2024-11-12,0.4221066522730944,LOSS,51.0,crypto
KAVA-USD,SHORT,2024-11-13,0.388374000787735,0.44315720367795697,0.278807595007291,1190,False,True,True,70.15,2024-11-17,0.44315720367795697,LOSS,4.0,crypto
KAVA-USD,SHORT,2024-11-19,0.46144500374794006,0.5344230402109573,0.31548893082190554,1196,False,False,False,75.22,2024-11-24,0.5344230402109573,LOSS,5.0,crypto
KAVA-USD,LONG,2024-12-11,0.5821449756622314,0.45978493866825704,0.8268650496501803,1218,False,False,False,44.62,2024-12-19,0.45978493866825704,LOSS,8.0,crypto
KAVA-USD,LONG,2024-12-20,0.4383929967880249,0.3277975931116168,0.6595838041408411,1227,False,False,False,30.92,2025-09-22,0.3277975931116168,LOSS,276.0,crypto
KAVA-USD,LONG,2025-09-24,0.31914201378822327,0.300278602588886,0.3568688361868978,1505,False,False,False,21.98,2025-10-10,0.300278602588886,LOSS,16.0,crypto
KAVA-USD,LONG,2025-10-11,0.1819159984588623,0.11521115145208809,0.3153256924724107,1522,False,False,False,14.3,2025-11-04,0.11521115145208809,LOSS,24.0,crypto
KAVA-USD,SHORT,2025-11-11,0.14539699256420135,0.1857216239335595,0.06474772982548505,1553,False,False,False,55.55,2026-01-31,0.06474772982548505,WIN,81.0,crypto
KAVA-USD,LONG,2026-02-02,0.0645890012383461,0.05376948134442541,0.08622804102618747,1636,False,False,False,25.34,2026-02-05,0.05376948134442541,LOSS,3.0,crypto
KAVA-USD,LONG,2026-02-06,0.05767500028014183,0.04530901087135812,0.08240697909770925,1640,False,False,False,21.61,2026-06-05,0.04530901087135812,LOSS,119.0,crypto
KAVA-USD,LONG,2026-06-07,0.04329400137066841,0.03705383672865976,0.05577433065468572,1761,False,False,False,20.59,,,OPEN,,crypto
KNC-USD,LONG,2022-04-06,3.1035590171813965,2.6062904801941063,4.098096091155977,238,False,False,False,46.64,2022-04-08,4.098096091155977,WIN,2.0,crypto
KNC-USD,SHORT,2022-04-24,4.734300136566162,5.664218467038508,2.8744634756214698,256,False,False,False,74.37,2022-04-28,5.664218467038508,LOSS,4.0,crypto
KNC-USD,LONG,2022-05-12,1.30069899559021,0.3130610975203455,3.275974791729939,274,False,False,False,21.93,2025-03-10,0.3130610975203455,LOSS,1033.0,crypto
KNC-USD,SHORT,2025-03-20,0.36451300978660583,0.41184497103650425,0.269849087286809,1317,False,False,False,51.69,2025-04-07,0.269849087286809,WIN,18.0,crypto
KNC-USD,LONG,2025-05-31,0.32349199056625366,0.28151309943468117,0.40744977282939865,1389,False,False,False,33.03,2025-06-22,0.28151309943468117,LOSS,22.0,crypto
KNC-USD,LONG,2025-06-23,0.3056209981441498,0.26904342339026616,0.37877614765191703,1412,False,False,False,28.37,2025-07-12,0.37877614765191703,WIN,19.0,crypto
KNC-USD,SHORT,2025-07-13,0.4954729974269867,0.5981056003810955,0.2902077915187691,1432,False,False,False,89.94,2025-07-28,0.5981056003810955,LOSS,15.0,crypto
KNC-USD,LONG,2025-08-20,0.39441999793052673,0.33563638429107584,0.5119872252094285,1470,False,False,False,39.76,2025-09-22,0.33563638429107584,LOSS,33.0,crypto
KNC-USD,LONG,2025-09-26,0.33261001110076904,0.297243298825158,0.40334343565199116,1507,False,False,False,27.86,2025-10-10,0.297243298825158,LOSS,14.0,crypto
KNC-USD,LONG,2025-10-12,0.286763995885849,0.24355046337716574,0.3731910609032155,1523,False,False,False,25.46,2025-12-15,0.24355046337716574,LOSS,64.0,crypto
KNC-USD,LONG,2025-12-19,0.22827400267124176,0.20615091194406202,0.27252018412560125,1591,False,False,False,17.21,2026-01-25,0.20615091194406202,LOSS,37.0,crypto
KNC-USD,LONG,2026-02-02,0.17252999544143677,0.1515273547993345,0.21453527672564132,1636,False,False,False,20.31,2026-02-05,0.1515273547993345,LOSS,3.0,crypto
KNC-USD,SHORT,2026-03-01,0.13298499584197998,0.14985263468398977,0.09924971815796041,1663,False,False,False,38.79,2026-03-02,0.14985263468398977,LOSS,1.0,crypto
KNC-USD,SHORT,2026-03-05,0.13334299623966217,0.1550985935462802,0.08983180162642612,1667,False,False,False,43.95,2026-03-26,0.1550985935462802,LOSS,21.0,crypto
KNC-USD,SHORT,2026-03-28,0.1539669930934906,0.17741226661198703,0.10707644605649774,1690,False,True,True,69.19,2026-05-02,0.17741226661198703,LOSS,35.0,crypto
KNC-USD,SHORT,2026-05-04,0.15484000742435455,0.17722847925296498,0.1100630637671337,1727,False,True,True,69.77,2026-06-05,0.1100630637671337,WIN,32.0,crypto
KNC-USD,LONG,2026-06-08,0.12078700214624405,0.10510265811238173,0.1521556902139687,1762,False,False,False,28.87,2026-06-25,0.10510265811238173,LOSS,17.0,crypto
KNC-USD,SHORT,2026-07-05,0.11261700093746185,0.12321829612645845,0.09141441055946867,1789,False,False,False,46.65,,,OPEN,,crypto
LDO-USD,SHORT,2022-03-06,2.089198112487793,2.64705673214557,0.9734808731722389,207,False,True,True,65.33,2022-03-15,2.64705673214557,LOSS,9.0,crypto
LDO-USD,LONG,2022-04-07,3.6762170791625977,2.6502097035524876,5.728231830382818,239,False,False,False,50.14,2022-04-18,2.6502097035524876,LOSS,11.0,crypto
LDO-USD,LONG,2022-05-14,1.4755580425262451,0.6375063225793406,3.151661482420054,276,False,False,False,28.4,2022-06-13,0.6375063225793406,LOSS,30.0,crypto
LDO-USD,LONG,2022-06-14,0.6217700242996216,0.34828043308674445,1.168749206725376,307,False,False,False,19.91,2022-07-15,1.168749206725376,WIN,31.0,crypto
LDO-USD,SHORT,2022-07-18,1.5153290033340454,1.9242656150300463,0.6974557799420436,341,False,True,True,83.34,2022-07-27,1.9242656150300463,LOSS,9.0,crypto
LDO-USD,LONG,2022-08-21,2.1557400226593018,1.4892481664310466,3.488723735115812,375,False,False,False,40.1,2022-10-02,1.4892481664310466,LOSS,42.0,crypto
LDO-USD,LONG,2022-10-03,1.5301300287246704,1.2154360742649102,2.159517937644191,418,False,False,False,33.39,2022-10-13,1.2154360742649102,LOSS,10.0,crypto
LDO-USD,LONG,2022-10-14,1.2902649641036987,1.048309337212916,1.7741762178852643,429,False,False,False,28.95,2022-11-04,1.7741762178852643,WIN,21.0,crypto
LDO-USD,SHORT,2022-12-16,1.0115000009536743,1.148293066663342,0.737913869534339,492,False,False,False,52.22,2023-01-02,1.148293066663342,LOSS,17.0,crypto
LDO-USD,SHORT,2023-01-10,1.9238530397415161,2.2087957838858183,1.3539675514529117,517,False,False,False,82.0,2023-01-14,2.2087957838858183,LOSS,4.0,crypto
LDO-USD,LONG,2023-03-10,2.315877914428711,1.7981889200365222,3.3512559032130884,576,False,True,True,37.41,2023-05-06,1.7981889200365222,LOSS,57.0,crypto
LDO-USD,LONG,2023-05-12,1.8996280431747437,1.570695114647437,2.557493900229357,639,True,False,False,28.24,2023-08-17,1.570695114647437,LOSS,97.0,crypto
LDO-USD,LONG,2023-08-19,1.65065598487854,1.4658096424604343,2.0203486697147515,738,False,False,False,28.77,2023-09-10,1.4658096424604343,LOSS,22.0,crypto
LDO-USD,SHORT,2023-09-21,1.4829050302505493,1.612759061503626,1.223196967744396,771,True,False,False,50.41,2023-09-28,1.612759061503626,LOSS,7.0,crypto
LDO-USD,SHORT,2023-10-02,1.5657730102539062,1.709061015173958,1.2791970004138027,782,False,False,False,65.67,2023-10-22,1.709061015173958,LOSS,20.0,crypto
LDO-USD,SHORT,2023-10-26,1.8504400253295898,2.0314109169446235,1.4884982420995225,806,False,False,False,72.79,2023-11-04,2.0314109169446235,LOSS,9.0,crypto
LDO-USD,LONG,2023-11-30,2.3556110858917236,2.0032476108422257,3.0603380359907195,841,False,False,False,49.39,2023-12-18,2.0032476108422257,LOSS,18.0,crypto
LDO-USD,SHORT,2023-12-28,2.706439971923828,3.1198237981672574,1.8796723194369696,869,False,False,False,66.69,2024-01-02,3.1198237981672574,LOSS,5.0,crypto
LDO-USD,SHORT,2024-01-06,3.0903749465942383,3.7376308018598063,1.7958632360631022,878,False,False,False,73.6,2024-01-10,3.7376308018598063,LOSS,4.0,crypto
LDO-USD,LONG,2024-01-24,2.8759360313415527,2.3059823520519434,4.0158433899207715,896,False,False,False,40.78,2024-03-19,2.3059823520519434,LOSS,55.0,crypto
LDO-USD,LONG,2024-03-20,2.604217052459717,2.030628487475048,3.7513941824290544,952,False,False,False,26.55,2024-04-12,2.030628487475048,LOSS,23.0,crypto
LDO-USD,SHORT,2024-05-27,2.4841620922088623,2.8954710395050287,1.6615441976165295,1020,False,False,False,70.0,2024-07-04,1.6615441976165295,WIN,38.0,crypto
LDO-USD,LONG,2024-08-06,1.1204489469528198,0.8101660082063099,1.7410148244458397,1091,False,False,False,22.36,2024-11-25,1.7410148244458397,WIN,111.0,crypto
LDO-USD,SHORT,2024-11-26,1.6123709678649902,1.8932591602287967,1.0505945831373773,1203,False,False,False,72.49,2024-12-03,1.8932591602287967,LOSS,7.0,crypto
LDO-USD,LONG,2024-12-20,1.7310559749603271,1.2487923518363098,2.695583221208362,1227,False,False,False,40.36,2025-02-28,1.2487923518363098,LOSS,70.0,crypto
LDO-USD,SHORT,2025-04-27,0.8367469906806946,0.9542176165184625,0.6018057390051588,1355,False,False,False,60.96,2025-05-08,0.9542176165184625,LOSS,11.0,crypto
LDO-USD,SHORT,2025-05-11,1.095952033996582,1.2419276266051438,0.8040008487794585,1369,False,True,True,79.73,2025-05-31,0.8040008487794585,WIN,20.0,crypto
LDO-USD,LONG,2025-06-23,0.7112420201301575,0.5689802039509142,0.995765652488644,1412,False,False,False,32.05,2025-07-17,0.995765652488644,WIN,24.0,crypto
LDO-USD,SHORT,2025-07-22,1.2172919511795044,1.3791616123533381,0.893552628831837,1441,False,False,False,82.44,2025-08-01,0.893552628831837,WIN,10.0,crypto
LDO-USD,LONG,2025-10-12,0.9183419942855835,0.6467042252970239,1.4616175322627027,1523,False,False,False,30.13,2025-11-21,0.6467042252970239,LOSS,40.0,crypto
LDO-USD,SHORT,2025-12-31,0.5761920213699341,0.6442013561217889,0.4401733518662245,1603,False,False,False,52.21,2026-01-04,0.6442013561217889,LOSS,4.0,crypto
LDO-USD,SHORT,2026-01-07,0.6379719972610474,0.7055017545392969,0.5029124827045484,1610,False,True,True,65.64,2026-01-25,0.5029124827045484,WIN,18.0,crypto
LDO-USD,SHORT,2026-03-05,0.3120900094509125,0.3578394716604482,0.220591085031841,1667,False,False,False,42.36,2026-04-14,0.3578394716604482,LOSS,40.0,crypto
LDO-USD,SHORT,2026-04-18,0.38806799054145813,0.4436554683389569,0.27689303494646056,1711,False,True,True,72.79,2026-04-26,0.4436554683389569,LOSS,8.0,crypto
LDO-USD,LONG,2026-05-18,0.35481199622154236,0.3040617168415646,0.4563125549814979,1741,False,False,False,39.84,2026-06-02,0.3040617168415646,LOSS,15.0,crypto
LDO-USD,LONG,2026-06-07,0.2708989977836609,0.22827587165546948,0.3561452500400437,1761,False,False,False,21.91,2026-07-15,0.3561452500400437,WIN,38.0,crypto
LDO-USD,SHORT,2026-07-16,0.3648039996623993,0.4091586162601769,0.27609476646684405,1800,False,True,True,76.2,2026-07-23,0.4091586162601769,LOSS,7.0,crypto
LDO-USD,LONG,2026-08-05,0.2935670018196106,0.2442198441834641,0.3922613170919036,1820,False,False,False,31.54,,,OPEN,,crypto
LINK-USD,SHORT,2022-03-17,14.421710968017578,16.355008459822148,10.555115984408438,218,False,False,False,53.41,2022-03-24,16.355008459822148,LOSS,7.0,crypto
LINK-USD,SHORT,2022-03-25,15.584914207458496,17.342399555141135,12.069943512093218,226,False,True,True,62.43,2022-03-29,17.342399555141135,LOSS,4.0,crypto
LINK-USD,LONG,2022-05-10,8.584442138671875,6.868320922826467,12.016684570362692,272,False,False,False,21.76,2022-05-11,6.868320922826467,LOSS,1.0,crypto
LINK-USD,LONG,2022-05-13,7.147284984588623,5.1247128767808,11.19242920020427,275,False,False,False,19.16,2023-06-10,5.1247128767808,LOSS,393.0,crypto
LINK-USD,LONG,2023-06-13,5.293571949005127,4.799768558187036,6.281178730641308,671,False,False,False,23.94,2023-06-25,6.281178730641308,WIN,12.0,crypto
LINK-USD,SHORT,2023-06-26,6.066921234130859,6.566001821960986,5.068760058470605,684,False,False,False,61.41,2023-07-03,6.566001821960986,LOSS,7.0,crypto
LINK-USD,LONG,2023-08-20,6.216061115264893,5.612982851170642,7.4222176434533935,739,False,False,False,29.46,2023-09-25,7.4222176434533935,WIN,36.0,crypto
LINK-USD,SHORT,2023-10-24,10.394031524658203,11.469316774784343,8.243461024405924,804,False,False,False,83.56,2023-10-25,11.469316774784343,LOSS,1.0,crypto
LINK-USD,LONG,2023-12-18,14.645723342895508,12.805674423082746,18.325821182521032,859,False,False,False,43.33,2024-01-08,12.805674423082746,LOSS,21.0,crypto
LINK-USD,SHORT,2024-02-06,18.29801368713379,20.410668613857755,14.072703833685857,909,False,False,False,74.82,2024-02-11,20.410668613857755,LOSS,5.0,crypto
LINK-USD,LONG,2024-03-17,18.674497604370117,15.798850348844176,24.425792115422,949,False,True,True,39.61,2024-04-12,15.798850348844176,LOSS,26.0,crypto
LINK-USD,LONG,2024-04-14,14.119750022888184,11.525285744616426,19.3086785794317,977,False,False,False,21.84,2024-07-05,11.525285744616426,LOSS,82.0,crypto
LINK-USD,SHORT,2024-07-17,13.754619598388672,15.329351127681031,10.605156539803954,1071,False,False,False,55.0,2024-08-04,10.605156539803954,WIN,18.0,crypto
LINK-USD,LONG,2024-08-06,10.0545654296875,8.188819371384325,13.78605754629385,1091,False,False,False,22.78,2024-11-09,13.78605754629385,WIN,95.0,crypto
LINK-USD,SHORT,2024-11-12,14.004612922668457,15.644045463932944,10.725747840139483,1189,False,False,False,73.66,2024-11-18,15.644045463932944,LOSS,6.0,crypto
LINK-USD,SHORT,2024-12-03,24.2171630859375,27.849431218018434,16.95262682177563,1210,False,False,False,83.22,2024-12-12,27.849431218018434,LOSS,9.0,crypto
LINK-USD,LONG,2024-12-23,24.479013442993164,19.10873945244444,35.219561424090614,1230,False,False,False,45.24,2025-01-13,19.10873945244444,LOSS,21.0,crypto
LINK-USD,SHORT,2025-01-22,25.2911434173584,29.632711239367723,16.60800777333975,1260,False,False,False,66.13,2025-02-03,16.60800777333975,WIN,12.0,crypto
LINK-USD,SHORT,2025-03-07,15.938858985900879,19.24156905672495,9.33343884425274,1304,False,False,False,49.48,2025-07-20,19.24156905672495,LOSS,135.0,crypto
LINK-USD,LONG,2025-09-24,21.620655059814453,19.27711856375013,26.3077280519431,1505,False,True,True,38.85,2025-10-10,19.27711856375013,LOSS,16.0,crypto
LINK-USD,LONG,2025-10-12,19.047706604003906,14.967610082190063,27.207899647631592,1523,False,False,False,29.81,2025-11-04,14.967610082190063,LOSS,23.0,crypto
LINK-USD,LONG,2025-11-22,12.172947883605957,9.903134430126157,16.712574790565558,1564,False,False,False,28.8,2026-01-31,9.903134430126157,LOSS,70.0,crypto
LINK-USD,LONG,2026-02-02,9.806777000427246,8.505076903190492,12.410177194900754,1636,False,False,False,20.65,2026-02-05,8.505076903190492,LOSS,3.0,crypto
LINK-USD,SHORT,2026-02-27,8.708776473999023,9.808530026632587,6.509269368731896,1661,False,False,False,48.58,2026-03-16,9.808530026632587,LOSS,17.0,crypto
LINK-USD,SHORT,2026-03-18,9.225830078125,10.193896479501687,7.289697275371626,1680,False,False,False,61.58,2026-05-06,10.193896479501687,LOSS,49.0,crypto
LINK-USD,SHORT,2026-05-07,9.851703643798828,10.509257156268067,8.53659661886035,1730,False,True,True,67.61,2026-05-09,10.509257156268067,LOSS,2.0,crypto
LINK-USD,SHORT,2026-05-11,10.593591690063477,11.318741016506038,9.143293037178353,1734,False,True,True,74.94,2026-05-23,9.143293037178353,WIN,12.0,crypto
LINK-USD,LONG,2026-06-06,7.397984027862549,6.495804297585187,9.202343488417272,1760,False,False,False,18.89,,,OPEN,,crypto
LRC-USD,SHORT,2022-03-21,0.8090389966964722,0.952413303774557,0.5222903825403025,222,False,False,False,53.88,2022-03-23,0.952413303774557,LOSS,2.0,crypto
LRC-USD,SHORT,2022-03-25,1.0566020011901855,1.2599135727021897,0.6499788581661772,226,False,True,True,64.92,2022-03-28,1.2599135727021897,LOSS,3.0,crypto
LRC-USD,SHORT,2022-03-30,1.266319990158081,1.493839780800933,0.8112804088723773,231,False,False,False,72.99,2022-04-29,0.8112804088723773,WIN,30.0,crypto
LRC-USD,LONG,2022-05-10,0.574271023273468,0.4158069966624346,0.8911990764955349,272,False,False,False,29.43,2022-05-11,0.4158069966624346,LOSS,1.0,crypto
LRC-USD,LONG,2022-05-13,0.4653710126876831,0.2779638713308336,0.8401852954013821,275,False,False,False,24.15,2022-10-10,0.2779638713308336,LOSS,150.0,crypto
LRC-USD,LONG,2022-10-16,0.25931599736213684,0.2336223953588081,0.3107032013687943,431,False,False,False,25.55,2022-11-04,0.3107032013687943,WIN,19.0,crypto
LRC-USD,SHORT,2022-11-06,0.3345629870891571,0.38557678774657345,0.23253538577432442,452,False,True,True,75.79,2022-11-09,0.23253538577432442,WIN,3.0,crypto
LRC-USD,LONG,2022-12-20,0.20890599489212036,0.17994641578385537,0.26682515310865035,496,False,False,False,27.58,2023-01-14,0.26682515310865035,WIN,25.0,crypto
LRC-USD,SHORT,2023-01-17,0.27909499406814575,0.3093843707317166,0.21851624074100406,524,False,True,True,86.59,2023-01-24,0.3093843707317166,LOSS,7.0,crypto
LRC-USD,LONG,2023-02-26,0.37008699774742126,0.3006481395955349,0.508964714051194,564,False,False,False,43.84,2023-03-08,0.3006481395955349,LOSS,10.0,crypto
LRC-USD,LONG,2023-03-10,0.27294299006462097,0.21807306000582527,0.3826828501822124,576,False,False,False,28.83,2023-04-01,0.3826828501822124,WIN,22.0,crypto
LRC-USD,SHORT,2023-04-19,0.37162700295448303,0.42210495618251054,0.270671096498428,616,True,False,False,65.82,2023-06-01,0.270671096498428,WIN,43.0,crypto
LRC-USD,LONG,2023-06-06,0.26264598965644836,0.23853525883999363,0.31086745128935783,664,False,False,False,29.07,2023-06-10,0.23853525883999363,LOSS,4.0,crypto
LRC-USD,LONG,2023-06-12,0.2137559950351715,0.18690106453120303,0.26746585604310846,670,False,False,False,21.29,2023-08-17,0.18690106453120303,LOSS,66.0,crypto
LRC-USD,LONG,2023-08-20,0.1860329955816269,0.16833081510689926,0.22143735653108215,739,False,False,False,27.26,2023-10-09,0.16833081510689926,LOSS,50.0,crypto
LRC-USD,SHORT,2023-10-27,0.18952900171279907,0.20381868155797414,0.16094964202244894,807,False,True,True,67.73,2023-10-30,0.20381868155797414,LOSS,3.0,crypto
LRC-USD,LONG,2023-11-22,0.20819999277591705,0.17956401337163216,0.26547195158448683,833,False,True,False,40.22,2023-12-09,0.26547195158448683,WIN,17.0,crypto
LRC-USD,LONG,2024-01-08,0.2539910078048706,0.2001498953819158,0.3616732326507802,880,False,True,True,37.39,2024-03-05,0.3616732326507802,WIN,57.0,crypto
LRC-USD,LONG,2024-03-20,0.3996120095252991,0.302317426785209,0.5942011750054792,952,False,False,False,47.08,2024-04-12,0.302317426785209,LOSS,23.0,crypto
LRC-USD,SHORT,2024-05-16,0.25168201327323914,0.28863663007479196,0.1777727796701335,1009,False,False,False,48.6,2024-05-21,0.28863663007479196,LOSS,5.0,crypto
LRC-USD,SHORT,2024-05-23,0.2794159948825836,0.3171838494407486,0.2038802857662536,1016,False,False,False,60.51,2024-06-11,0.2038802857662536,WIN,19.0,crypto
LRC-USD,LONG,2024-06-12,0.20809400081634521,0.17558276541138618,0.2731164716262633,1036,False,False,False,25.45,2024-06-18,0.17558276541138618,LOSS,6.0,crypto
LRC-USD,SHORT,2024-07-18,0.1573300063610077,0.1774736784964266,0.11704266209016989,1072,False,False,False,51.29,2024-08-05,0.11704266209016989,WIN,18.0,crypto
LRC-USD,SHORT,2024-08-26,0.13579100370407104,0.15249271889839036,0.10238757331543241,1111,True,False,False,60.45,2024-11-09,0.15249271889839036,LOSS,75.0,crypto
LRC-USD,SHORT,2024-11-12,0.14747799932956696,0.16655169969593925,0.10933059859682237,1189,False,True,True,73.13,2024-11-16,0.16655169969593925,LOSS,4.0,crypto
LRC-USD,SHORT,2024-11-17,0.17268599569797516,0.20189267616549939,0.1142726347629267,1194,False,False,False,73.93,2024-11-18,0.20189267616549939,LOSS,1.0,crypto
LRC-USD,SHORT,2024-11-19,0.18040800094604492,0.21273976092347116,0.11574448099119244,1196,False,False,False,78.14,2024-11-24,0.21273976092347116,LOSS,5.0,crypto
LRC-USD,LONG,2024-12-11,0.27223899960517883,0.21186399136188921,0.39298901609175807,1218,False,False,False,50.25,2024-12-19,0.21186399136188921,LOSS,8.0,crypto
LRC-USD,LONG,2024-12-20,0.2068219929933548,0.15145728378353188,0.31755141141300064,1227,False,True,True,37.71,2025-01-27,0.15145728378353188,LOSS,38.0,crypto
LRC-USD,LONG,2025-02-03,0.13630999624729156,0.10323259816900845,0.20246479240385779,1272,False,False,False,27.78,2025-03-09,0.10323259816900845,LOSS,34.0,crypto
LRC-USD,SHORT,2025-03-26,0.11052899807691574,0.12387116015777926,0.08384467391518871,1323,False,False,False,52.21,2025-04-06,0.08384467391518871,WIN,11.0,crypto
LRC-USD,LONG,2025-04-07,0.08319900184869766,0.06948143063003147,0.11063414428603005,1335,False,False,False,27.48,2025-05-05,0.11063414428603005,WIN,28.0,crypto
LRC-USD,LONG,2025-06-01,0.0878560021519661,0.07376878078301222,0.11603044488987385,1390,False,False,False,33.41,2025-06-21,0.07376878078301222,LOSS,20.0,crypto
LRC-USD,SHORT,2025-06-30,0.07438500225543976,0.08410055421777343,0.05495389833077241,1419,False,False,False,48.65,2025-07-14,0.08410055421777343,LOSS,14.0,crypto
LRC-USD,SHORT,2025-07-22,0.10260000079870224,0.11406917161447126,0.0796616591671642,1441,False,True,True,77.14,2025-08-01,0.0796616591671642,WIN,10.0,crypto
LRC-USD,SHORT,2025-09-01,0.10160800069570541,0.11740616482354121,0.07001167244003381,1482,False,True,True,64.77,2025-10-10,0.07001167244003381,WIN,39.0,crypto
LRC-USD,LONG,2025-10-12,0.07275599986314774,0.05667422255985762,0.10491955446972796,1523,False,False,False,31.69,2025-11-04,0.05667422255985762,LOSS,23.0,crypto
LRC-USD,LONG,2025-11-22,0.054395001381635666,0.045197955898455454,0.07278909234799609,1564,False,False,False,29.75,2025-12-10,0.07278909234799609,WIN,18.0,crypto
LRC-USD,SHORT,2025-12-14,0.06285600364208221,0.07799472910710362,0.03257855271203941,1586,False,True,True,65.81,2026-02-06,0.03257855271203941,WIN,54.0,crypto
LRC-USD,LONG,2026-03-21,0.023615000769495964,0.01896110682706316,0.03292278865436157,1683,False,False,False,20.09,2026-04-01,0.01896110682706316,LOSS,11.0,crypto
LRC-USD,SHORT,2026-04-18,0.016857000067830086,0.020243119392492334,0.010084761418505589,1711,False,False,False,51.63,2026-05-10,0.020243119392492334,LOSS,22.0,crypto
LRC-USD,SHORT,2026-05-11,0.018939999863505363,0.021118756055985656,0.014582487478544778,1734,False,False,False,65.76,2026-06-02,0.014582487478544778,WIN,22.0,crypto
LRC-USD,LONG,2026-06-03,0.01476099994033575,0.013069867844355968,0.018143264132295316,1757,False,False,False,29.19,2026-06-05,0.013069867844355968,LOSS,2.0,crypto
LRC-USD,LONG,2026-06-06,0.013020999729633331,0.01120242001868498,0.016658159151530034,1760,False,False,False,23.84,2026-07-07,0.01120242001868498,LOSS,31.0,crypto
LRC-USD,SHORT,2026-07-18,0.013495000079274178,0.016779356336072724,0.006926287565677085,1802,False,True,True,77.04,,,OPEN,,crypto
LSK-USD,SHORT,2022-03-02,1.958922028541565,2.2613202717078766,1.3541255422089415,203,False,True,True,64.36,2022-03-06,2.2613202717078766,LOSS,4.0,crypto
LSK-USD,LONG,2022-04-07,2.2902209758758545,2.002148886384194,2.8663651548591753,239,False,True,False,43.0,2022-04-11,2.002148886384194,LOSS,4.0,crypto
LSK-USD,LONG,2022-04-12,2.112468957901001,1.8302864638457184,2.676833946011566,244,False,False,False,36.48,2022-04-22,2.676833946011566,WIN,10.0,crypto
LSK-USD,LONG,2022-05-13,1.1378560066223145,0.7749116511158153,1.8637447176353128,275,False,False,False,19.29,2022-11-09,0.7749116511158153,LOSS,180.0,crypto
LSK-USD,LONG,2022-11-10,0.7929210066795349,0.6764203790390051,1.0259222619605946,456,False,False,False,21.16,2022-11-14,0.6764203790390051,LOSS,4.0,crypto
LSK-USD,LONG,2022-12-20,0.8879730105400085,0.7498315977827068,1.164255836054612,496,True,True,False,30.42,2022-12-22,0.7498315977827068,LOSS,2.0,crypto
LSK-USD,SHORT,2023-01-18,0.8489869832992554,0.9332071847740459,0.6805465803496744,525,False,True,True,72.48,2023-01-19,0.9332071847740459,LOSS,1.0,crypto
LSK-USD,LONG,2023-03-05,1.0585639476776123,0.9334159554229982,1.3088599321868406,571,False,True,True,42.19,2023-03-09,0.9334159554229982,LOSS,4.0,crypto
LSK-USD,LONG,2023-03-10,0.9059020280838013,0.7847271661796426,1.1482517518921187,576,False,False,False,27.28,2023-04-01,1.1482517518921187,WIN,22.0,crypto
LSK-USD,LONG,2023-04-20,1.0505340099334717,0.9531030109816069,1.2453960078372013,617,False,False,False,42.31,2023-04-22,1.2453960078372013,WIN,2.0,crypto
LSK-USD,LONG,2023-04-27,0.9785190224647522,0.863386855161895,1.2087833570704667,624,False,False,False,34.76,2023-05-08,0.863386855161895,LOSS,11.0,crypto
LSK-USD,SHORT,2023-05-29,0.832726001739502,0.8826775906033676,0.7328228240117707,656,False,False,False,42.46,2023-06-05,0.8826775906033676,LOSS,7.0,crypto
LSK-USD,SHORT,2023-06-27,0.83263099193573,0.9093497020125616,0.6791935717820667,685,False,True,True,62.82,2023-07-11,0.9093497020125616,LOSS,14.0,crypto
LSK-USD,LONG,2023-08-20,0.7223259806632996,0.6667315367237244,0.8335148685424498,739,False,False,False,28.27,2023-09-11,0.6667315367237244,LOSS,22.0,crypto
LSK-USD,SHORT,2023-09-17,0.719976007938385,0.760519740449042,0.638888542917071,767,False,False,False,56.43,2023-09-24,0.760519740449042,LOSS,7.0,crypto
LSK-USD,SHORT,2023-10-16,0.8027039766311646,0.8658315532193293,0.6764488234548351,796,False,True,True,65.1,2023-10-20,0.8658315532193293,LOSS,4.0,crypto
LSK-USD,SHORT,2023-10-24,0.936631977558136,1.02794047223976,0.7540149881948879,804,False,False,False,72.8,2023-10-31,1.02794047223976,LOSS,7.0,crypto
LSK-USD,LONG,2023-11-23,1.2474199533462524,1.0596581797655256,1.6229435005077062,834,True,False,False,47.47,2024-01-02,1.6229435005077062,WIN,40.0,crypto
LSK-USD,SHORT,2024-01-03,1.4558429718017578,1.744216030080994,0.8790968552432856,875,False,False,False,80.57,2024-03-04,1.744216030080994,LOSS,61.0,crypto
LSK-USD,SHORT,2024-03-06,2.312364101409912,2.9120945462159855,1.1129032117977653,938,False,False,False,91.41,2024-06-15,1.1129032117977653,WIN,101.0,crypto
LSK-USD,SHORT,2024-07-11,0.9132350087165833,1.0687210378129393,0.6022629505238712,1065,False,False,False,40.68,2024-07-19,1.0687210378129393,LOSS,8.0,crypto
LSK-USD,SHORT,2024-07-22,1.0395450592041016,1.1634410637614825,0.7917530500893397,1076,False,False,False,61.79,2024-08-04,0.7917530500893397,WIN,13.0,crypto
LSK-USD,SHORT,2024-09-22,0.8969730138778687,0.9829769923709224,0.7249650568917612,1138,False,True,True,71.7,2024-11-03,0.7249650568917612,WIN,42.0,crypto
LSK-USD,SHORT,2024-11-08,0.8352239727973938,0.9140401098867476,0.6775916986186863,1185,False,True,True,57.52,2024-11-10,0.9140401098867476,LOSS,2.0,crypto
LSK-USD,SHORT,2024-11-13,0.951183021068573,1.0553371303515913,0.7428748025025365,1190,False,True,True,74.19,2024-11-18,1.0553371303515913,LOSS,5.0,crypto
LSK-USD,LONG,2024-12-12,1.1808910369873047,0.9631273582779472,1.6164183944060198,1219,False,False,False,47.3,2024-12-18,0.9631273582779472,LOSS,6.0,crypto
LSK-USD,LONG,2024-12-20,0.919448971748352,0.7167861734986223,1.3247745682478116,1227,False,False,False,30.06,2025-02-02,0.7167861734986223,LOSS,44.0,crypto
LSK-USD,LONG,2025-02-03,0.7492640018463135,0.5958188964714679,1.0561542125960046,1272,False,False,False,28.81,2025-03-04,0.5958188964714679,LOSS,29.0,crypto
LSK-USD,SHORT,2025-04-20,0.5262590050697327,0.5866714117421903,0.4054341917248174,1348,False,False,False,56.86,2025-05-12,0.5866714117421903,LOSS,22.0,crypto
LSK-USD,LONG,2025-06-01,0.4390609860420227,0.3834635188314796,0.5502559204631089,1390,False,False,False,30.32,2025-06-18,0.3834635188314796,LOSS,17.0,crypto
LSK-USD,LONG,2025-06-23,0.3769190013408661,0.32788777164196287,0.47498146073867253,1412,False,False,False,22.05,2025-07-12,0.47498146073867253,WIN,19.0,crypto
LSK-USD,SHORT,2025-07-13,0.4392530024051666,0.492147862347194,0.3334632825211119,1432,False,True,True,67.3,2025-07-20,0.492147862347194,LOSS,7.0,crypto
LSK-USD,SHORT,2025-09-14,0.3760319948196411,0.40528058226797703,0.3175348199229693,1495,False,False,False,54.61,2025-09-22,0.3175348199229693,WIN,8.0,crypto
LSK-USD,LONG,2025-09-26,0.3080329895019531,0.2767943439769452,0.370510280551969,1507,False,False,False,24.95,2025-10-10,0.2767943439769452,LOSS,14.0,crypto
LSK-USD,LONG,2025-10-12,0.24212099611759186,0.20197482879195747,0.32241333076886064,1523,False,False,False,20.2,2025-10-30,0.20197482879195747,LOSS,18.0,crypto
LSK-USD,SHORT,2025-11-13,0.23548799753189087,0.3083749126168063,0.08971416736206006,1555,False,False,False,60.27,2025-11-14,0.3083749126168063,LOSS,1.0,crypto
LSK-USD,SHORT,2026-01-06,0.2105329930782318,0.23894444462757838,0.15371008997953867,1609,False,True,True,57.03,2026-01-31,0.15371008997953867,WIN,25.0,crypto
LSK-USD,LONG,2026-02-02,0.14836299419403076,0.12461727380018126,0.19585443498172977,1636,False,False,False,26.5,2026-02-05,0.12461727380018126,LOSS,3.0,crypto
LSK-USD,LONG,2026-02-06,0.13146300613880157,0.10441408709237864,0.18556084423164745,1640,False,False,False,20.22,2026-06-04,0.10441408709237864,LOSS,118.0,crypto
LSK-USD,SHORT,2026-07-05,0.08962199836969376,0.09983690448452213,0.069192186140037,1789,False,False,False,51.41,,,OPEN,,crypto
LTC-USD,SHORT,2022-03-20,114.82913970947266,126.35021048650323,91.78699815541151,221,False,False,False,58.77,2022-03-24,126.35021048650323,LOSS,4.0,crypto
LTC-USD,SHORT,2022-03-25,124.06736755371094,135.3152411755485,101.57162031003583,226,False,True,True,67.41,2022-04-25,101.57162031003583,WIN,31.0,crypto
LTC-USD,LONG,2022-05-13,67.96253967285156,52.97528665798204,97.93704570259061,275,False,False,False,21.9,2022-06-11,52.97528665798204,LOSS,29.0,crypto
LTC-USD,LONG,2022-06-14,46.132015228271484,37.204326545063324,63.987392594687805,307,False,False,False,21.55,2022-07-29,63.987392594687805,WIN,45.0,crypto
LTC-USD,LONG,2022-08-22,57.25567626953125,50.81672144994815,70.13358590869746,376,False,False,False,40.8,2022-09-19,50.81672144994815,LOSS,28.0,crypto
LTC-USD,SHORT,2022-10-24,52.569244384765625,56.01990586878876,45.66792141671935,439,False,False,False,56.51,2022-10-25,56.01990586878876,LOSS,1.0,crypto
LTC-USD,SHORT,2022-10-27,54.80760955810547,58.59187711200891,47.23907445029859,442,False,True,True,63.19,2022-11-02,58.59187711200891,LOSS,6.0,crypto
LTC-USD,SHORT,2022-11-06,68.08605194091797,73.77396411085118,56.71022760105154,452,False,True,True,82.02,2022-11-08,56.71022760105154,WIN,2.0,crypto
LTC-USD,LONG,2022-12-20,65.74638366699219,58.37085311211064,80.49744477675529,496,False,False,False,32.04,2023-01-09,80.49744477675529,WIN,20.0,crypto
LTC-USD,LONG,2023-02-11,94.43054962158203,86.33877128126758,110.61410630221093,549,False,False,False,51.96,2023-03-07,86.33877128126758,LOSS,24.0,crypto
LTC-USD,LONG,2023-03-12,76.31184387207031,66.58256738278294,95.77039685064506,578,False,False,False,21.76,2023-04-11,95.77039685064506,WIN,30.0,crypto
LTC-USD,SHORT,2023-04-17,98.67469787597656,106.2396460004507,83.54480162702828,614,False,False,False,67.95,2023-05-06,83.54480162702828,WIN,19.0,crypto
LTC-USD,LONG,2023-05-09,80.0215835571289,72.37143157341366,95.3218875245594,636,False,False,False,29.8,2023-06-01,95.3218875245594,WIN,23.0,crypto
LTC-USD,LONG,2023-06-15,74.52643585205078,66.64799388586526,90.28331978442182,673,False,False,False,27.75,2023-06-23,90.28331978442182,WIN,8.0,crypto
LTC-USD,SHORT,2023-07-01,107.22920227050781,118.50556233240201,84.67648214671942,689,False,False,False,73.8,2023-08-03,84.67648214671942,WIN,33.0,crypto
LTC-USD,LONG,2023-08-05,83.1055908203125,75.74005993732416,97.83665258628918,724,False,False,False,33.37,2023-08-16,75.74005993732416,LOSS,11.0,crypto
LTC-USD,LONG,2023-08-20,65.25251007080078,58.67881053306767,78.399909146267,739,False,False,False,16.19,2023-09-11,58.67881053306767,LOSS,22.0,crypto
LTC-USD,SHORT,2023-09-17,63.57822799682617,68.23810005757753,54.25848387532346,767,False,False,False,50.08,2023-09-19,68.23810005757753,LOSS,2.0,crypto
LTC-USD,SHORT,2023-09-20,64.56434631347656,69.65229559470397,54.388447751021744,770,False,False,False,55.43,2023-10-24,69.65229559470397,LOSS,34.0,crypto
LTC-USD,SHORT,2023-10-26,68.85438537597656,73.42341656184898,59.716323004231725,806,False,True,True,65.02,2023-11-06,73.42341656184898,LOSS,11.0,crypto
LTC-USD,LONG,2023-11-22,68.7055892944336,62.505384207197984,81.10599946890481,833,False,False,False,38.57,2024-01-08,62.505384207197984,LOSS,47.0,crypto
LTC-USD,SHORT,2024-02-13,69.00106048583984,73.67100330312545,59.66117485126864,916,True,False,False,65.47,2024-02-27,73.67100330312545,LOSS,14.0,crypto
LTC-USD,SHORT,2024-03-03,90.66835021972656,98.72249430213162,74.56006205491644,935,False,False,False,88.28,2024-03-05,74.56006205491644,WIN,2.0,crypto
LTC-USD,LONG,2024-04-16,79.92219543457031,64.32632369482234,111.11393891406627,979,False,True,True,36.06,2024-07-05,64.32632369482234,LOSS,80.0,crypto
LTC-USD,SHORT,2024-07-17,71.42044830322266,77.42442163673952,59.41250163618892,1071,False,False,False,55.92,2024-08-05,59.41250163618892,WIN,19.0,crypto
LTC-USD,LONG,2024-08-06,58.263362884521484,50.39262546194027,74.00483772968391,1091,False,False,False,24.54,2024-10-18,74.00483772968391,WIN,73.0,crypto
LTC-USD,SHORT,2024-11-17,87.05650329589844,98.23859731388991,64.69231525991549,1194,False,False,False,78.48,2024-11-23,98.23859731388991,LOSS,6.0,crypto
LTC-USD,SHORT,2024-12-03,131.7918701171875,149.63577529563253,96.10405976029745,1210,False,False,False,80.79,2024-12-19,96.10405976029745,WIN,16.0,crypto
LTC-USD,LONG,2024-12-20,101.36201477050781,77.59940076561873,148.887242780286,1227,False,True,True,40.89,2025-04-06,77.59940076561873,LOSS,107.0,crypto
LTC-USD,LONG,2025-04-09,76.0118179321289,63.615840638348274,100.80377251969017,1337,False,False,False,24.16,2025-05-09,100.80377251969017,WIN,30.0,crypto
LTC-USD,LONG,2025-06-01,88.38945770263672,78.59173810169845,107.98489690451325,1390,False,False,False,39.36,2025-06-22,78.59173810169845,LOSS,21.0,crypto
LTC-USD,SHORT,2025-06-30,85.98348236083984,92.71928881889866,72.51186944472221,1419,False,False,False,54.42,2025-07-10,92.71928881889866,LOSS,10.0,crypto
LTC-USD,SHORT,2025-07-12,92.77886199951172,100.07503983380388,78.18650633092739,1431,False,False,False,64.25,2025-07-17,100.07503983380388,LOSS,5.0,crypto
LTC-USD,SHORT,2025-07-21,115.85136413574219,127.39625154038606,92.76158932645444,1440,False,False,False,85.16,2025-08-05,127.39625154038606,LOSS,15.0,crypto
LTC-USD,LONG,2025-08-26,113.49969482421875,100.17062891452824,140.15782664359978,1476,False,False,False,41.93,2025-10-10,100.17062891452824,LOSS,45.0,crypto
LTC-USD,SHORT,2025-12-28,78.63316345214844,85.60426294836039,64.69096445972454,1600,False,False,False,50.97,2026-01-29,64.69096445972454,WIN,32.0,crypto
LTC-USD,SHORT,2026-02-27,54.52947235107422,60.44909740263437,42.69022224795391,1661,False,False,False,47.97,2026-05-10,60.44909740263437,LOSS,72.0,crypto
LTC-USD,SHORT,2026-05-11,58.53215026855469,61.75109052903379,52.094269747596485,1734,False,True,True,73.74,2026-05-23,52.094269747596485,WIN,12.0,crypto
LTC-USD,LONG,2026-06-03,47.143550872802734,43.71933857586085,53.9919754666865,1757,False,False,False,21.09,2026-06-05,43.71933857586085,LOSS,2.0,crypto
LTC-USD,SHORT,2026-07-04,44.82707214355469,48.357326862429204,37.766562705805654,1788,False,False,False,54.02,,,OPEN,,crypto
MANA-USD,SHORT,2022-03-25,2.5911850929260254,2.906349995087081,1.9608552886039146,226,False,True,False,59.04,2022-04-25,1.9608552886039146,WIN,31.0,crypto
MANA-USD,LONG,2022-05-01,1.533400058746338,1.2522891832924452,2.0956218096541233,263,False,False,False,19.69,2022-05-09,1.2522891832924452,LOSS,8.0,crypto
MANA-USD,LONG,2022-05-13,1.011098027229309,0.6313424071307361,1.770609267426455,275,True,False,False,18.15,2022-10-13,0.6313424071307361,LOSS,153.0,crypto
MANA-USD,LONG,2022-10-15,0.6388649940490723,0.5830611875242925,0.7504726070986318,430,False,False,False,25.72,2022-11-08,0.5830611875242925,LOSS,24.0,crypto
MANA-USD,LONG,2022-12-20,0.31426799297332764,0.2749236456582804,0.39295668760342206,496,False,False,False,22.27,2023-01-09,0.39295668760342206,WIN,20.0,crypto
MANA-USD,SHORT,2023-01-17,0.6877589821815491,0.779048092786023,0.5051807609726011,524,False,True,True,91.79,2023-01-29,0.779048092786023,LOSS,12.0,crypto
MANA-USD,LONG,2023-02-10,0.6890119910240173,0.5639760497311529,0.9390838736097462,548,False,True,False,48.26,2023-03-08,0.5639760497311529,LOSS,26.0,crypto
MANA-USD,LONG,2023-03-10,0.5274209976196289,0.4360734201173835,0.7101161526241198,576,False,False,False,31.57,2023-06-06,0.4360734201173835,LOSS,88.0,crypto
MANA-USD,LONG,2023-08-05,0.369282990694046,0.34095384221393027,0.4259412876542775,724,False,False,False,36.28,2023-08-15,0.34095384221393027,LOSS,10.0,crypto
MANA-USD,LONG,2023-08-19,0.3081490099430084,0.27878093491747624,0.3668851599940728,738,False,False,False,24.93,2023-09-11,0.27878093491747624,LOSS,23.0,crypto
MANA-USD,SHORT,2023-09-17,0.2889220118522644,0.3114597735359521,0.243846488484889,767,False,False,False,52.02,2023-09-29,0.3114597735359521,LOSS,12.0,crypto
MANA-USD,SHORT,2023-09-30,0.3091669976711273,0.3299663707915484,0.2675682514302852,780,False,False,False,63.61,2023-10-24,0.3299663707915484,LOSS,24.0,crypto
MANA-USD,SHORT,2023-10-27,0.3402169942855835,0.36805533171333715,0.2845403194300762,807,False,True,True,75.81,2023-10-29,0.36805533171333715,LOSS,2.0,crypto
MANA-USD,LONG,2023-11-22,0.40468400716781616,0.3445775905217733,0.5248968404599019,833,False,False,False,42.62,2023-12-09,0.5248968404599019,WIN,17.0,crypto
MANA-USD,LONG,2024-01-08,0.4535999894142151,0.3817261015689357,0.5973477651047738,880,False,True,True,32.93,2024-02-28,0.5973477651047738,WIN,51.0,crypto
MANA-USD,SHORT,2024-03-03,0.6565790176391602,0.7366319902554547,0.4964730724065711,935,False,False,False,83.58,2024-03-09,0.7366319902554547,LOSS,6.0,crypto
MANA-USD,LONG,2024-03-17,0.6454319953918457,0.5210700167936134,0.8941559525883103,949,False,False,False,45.42,2024-04-12,0.5210700167936134,LOSS,26.0,crypto
MANA-USD,LONG,2024-04-14,0.44362500309944153,0.3381132947730069,0.6546484197523108,977,False,False,False,22.75,2024-06-18,0.3381132947730069,LOSS,65.0,crypto
MANA-USD,LONG,2024-06-19,0.3337010145187378,0.28480111681035725,0.4315008099354989,1043,False,False,False,25.35,2024-07-05,0.28480111681035725,LOSS,16.0,crypto
MANA-USD,SHORT,2024-07-18,0.3387480080127716,0.37840144061408215,0.2594411428101505,1072,True,False,False,58.44,2024-08-04,0.2594411428101505,WIN,17.0,crypto
MANA-USD,SHORT,2024-08-25,0.30730798840522766,0.34114717173854814,0.2396296217385867,1110,False,True,True,63.21,2024-10-18,0.34114717173854814,LOSS,54.0,crypto
MANA-USD,SHORT,2024-11-13,0.33480000495910645,0.3804571162544121,0.24348578236849516,1190,False,True,True,70.29,2024-11-16,0.3804571162544121,LOSS,3.0,crypto
MANA-USD,SHORT,2024-11-17,0.39164701104164124,0.45344866876653217,0.26804369559185937,1194,False,False,False,74.93,2024-11-22,0.45344866876653217,LOSS,5.0,crypto
MANA-USD,SHORT,2024-11-25,0.6291450262069702,0.7476802926913728,0.392074493238165,1202,False,False,False,85.86,2024-12-03,0.7476802926913728,LOSS,8.0,crypto
MANA-USD,LONG,2024-12-11,0.6551719903945923,0.5018691068221885,0.9617777575393998,1218,False,False,False,48.82,2024-12-19,0.5018691068221885,LOSS,8.0,crypto
MANA-USD,LONG,2024-12-20,0.5058580040931702,0.37010763190156926,0.777358748476372,1227,False,True,True,36.8,2025-02-02,0.37010763190156926,LOSS,44.0,crypto
MANA-USD,LONG,2025-02-07,0.31386101245880127,0.233829339143844,0.47392435908871583,1276,False,False,False,24.93,2025-04-02,0.233829339143844,LOSS,54.0,crypto
MANA-USD,LONG,2025-04-07,0.21309399604797363,0.1750243537156443,0.2892332807126323,1335,False,False,False,30.91,2025-04-14,0.2892332807126323,WIN,7.0,crypto
MANA-USD,SHORT,2025-04-15,0.2677310109138489,0.3064638816879931,0.19026526936556043,1343,False,False,False,59.07,2025-04-21,0.3064638816879931,LOSS,6.0,crypto
MANA-USD,SHORT,2025-04-25,0.3294509947299957,0.37004070428289115,0.24827157562420488,1353,False,True,True,73.61,2025-05-10,0.37004070428289115,LOSS,15.0,crypto
MANA-USD,LONG,2025-05-31,0.27367299795150757,0.23100870005406726,0.3590015937463882,1389,False,False,False,34.12,2025-06-22,0.23100870005406726,LOSS,22.0,crypto
MANA-USD,SHORT,2025-07-04,0.25690600275993347,0.28902283679422186,0.1926723346913567,1423,False,False,False,53.76,2025-07-10,0.28902283679422186,LOSS,6.0,crypto
MANA-USD,SHORT,2025-07-14,0.30963099002838135,0.3456008849301091,0.23769120022492585,1433,False,True,True,71.65,2025-07-18,0.3456008849301091,LOSS,4.0,crypto
MANA-USD,SHORT,2025-09-14,0.34996798634529114,0.3890593680753332,0.271785222885207,1495,False,False,False,72.57,2025-10-10,0.271785222885207,WIN,26.0,crypto
MANA-USD,LONG,2025-10-11,0.2363390028476715,0.17598589324956282,0.3570452220438889,1522,False,False,False,29.36,2025-11-20,0.17598589324956282,LOSS,40.0,crypto
MANA-USD,LONG,2025-11-23,0.1636440008878708,0.1331155828436189,0.22470083697637455,1565,False,False,False,26.0,2025-12-15,0.1331155828436189,LOSS,22.0,crypto
MANA-USD,LONG,2025-12-19,0.12853500247001648,0.10988727375863215,0.16583045989278514,1591,False,False,False,21.89,2026-01-17,0.16583045989278514,WIN,29.0,crypto
MANA-USD,LONG,2026-02-02,0.11406700313091278,0.09070881178567283,0.16078338582139268,1636,False,False,False,31.69,2026-02-06,0.09070881178567283,LOSS,4.0,crypto
MANA-USD,SHORT,2026-03-05,0.0975549966096878,0.1111420999513614,0.07038078992634061,1667,False,False,False,47.58,2026-06-05,0.07038078992634061,WIN,92.0,crypto
MANA-USD,LONG,2026-06-07,0.06707199662923813,0.058491338394006775,0.08423331309970084,1761,False,False,False,17.42,,,OPEN,,crypto
MASK-USD,SHORT,2022-03-19,1619.0245361328125,1893.140070474612,1070.7934674492135,220,False,False,False,52.92,2022-04-03,1893.140070474612,LOSS,15.0,crypto
MASK-USD,SHORT,2022-04-05,1982.0880126953125,2269.5679626775227,1407.128112730892,237,False,True,True,67.83,2022-04-08,1407.128112730892,WIN,3.0,crypto
MASK-USD,SHORT,2022-06-01,580.0411987304688,677.3231457091598,385.47730477308664,294,False,False,False,40.15,2022-06-13,385.47730477308664,WIN,12.0,crypto
MASK-USD,LONG,2022-06-14,356.6893005371094,265.0249817677825,540.0179380757631,307,False,False,False,18.84,2022-06-18,265.0249817677825,LOSS,4.0,crypto
MASK-USD,SHORT,2022-07-03,465.9762268066406,543.7521776471372,310.42432512564756,326,False,False,False,55.52,2022-07-05,543.7521776471372,LOSS,2.0,crypto
MASK-USD,SHORT,2022-07-09,677.6468505859375,778.6255685593233,475.689414639166,332,False,True,True,76.33,2022-07-18,778.6255685593233,LOSS,9.0,crypto
MASK-USD,LONG,2022-08-10,802.2911376953125,635.9776422371326,1134.9181286116723,364,False,True,False,43.33,,,OPEN,,crypto
MKR-USD,SHORT,2022-03-19,2056.5380859375,2319.667849215717,1530.2785593810659,220,False,True,True,58.45,2022-04-01,2319.667849215717,LOSS,13.0,crypto
MKR-USD,SHORT,2022-04-02,2226.87158203125,2501.953454451611,1676.7078371905282,234,False,True,True,67.14,2022-04-25,1676.7078371905282,WIN,23.0,crypto
MKR-USD,LONG,2022-05-10,1219.6605224609375,974.7842960910017,1709.4129752008091,272,False,False,False,20.83,2022-05-11,1709.4129752008091,WIN,1.0,crypto
MKR-USD,SHORT,2022-05-16,1526.908935546875,1925.4751214323855,729.7765637758539,278,False,False,False,54.03,2022-06-13,729.7765637758539,WIN,28.0,crypto
MKR-USD,LONG,2022-06-15,826.92041015625,606.8063629960778,1267.1485044765943,308,False,False,False,26.29,2022-09-20,606.8063629960778,LOSS,97.0,crypto
MKR-USD,SHORT,2022-09-30,739.498779296875,823.7557971639496,570.9847435627257,415,False,False,False,54.43,2022-10-04,823.7557971639496,LOSS,4.0,crypto
MKR-USD,SHORT,2022-10-06,844.2992553710938,930.6968058982617,671.5041543167579,421,False,True,True,68.68,2022-10-09,930.6968058982617,LOSS,3.0,crypto
MKR-USD,SHORT,2022-10-10,972.9992065429688,1096.864315191673,725.2689892455601,425,False,True,True,81.61,2022-10-17,1096.864315191673,LOSS,7.0,crypto
MKR-USD,LONG,2022-11-03,847.4033203125,746.7559030419703,1048.6981548535593,449,False,False,False,36.04,2022-11-08,746.7559030419703,LOSS,5.0,crypto
MKR-USD,LONG,2022-12-18,554.1646118164062,502.6219839990644,657.2498674510899,494,False,False,False,31.86,2023-01-13,657.2498674510899,WIN,26.0,crypto
MKR-USD,SHORT,2023-01-15,700.1795043945312,756.8596528708179,586.819207441958,522,False,True,True,81.26,2023-02-07,756.8596528708179,LOSS,23.0,crypto
MKR-USD,SHORT,2023-03-02,883.2493286132812,992.2878486503225,665.1722885391987,568,False,False,False,72.44,2023-03-11,665.1722885391987,WIN,9.0,crypto
MKR-USD,LONG,2023-03-12,903.781982421875,737.0344369551171,1237.2770733553907,578,False,False,False,41.71,2023-03-15,737.0344369551171,LOSS,3.0,crypto
MKR-USD,SHORT,2023-04-17,780.4559326171875,850.6010905726855,640.1656167061915,614,False,True,True,68.33,2023-05-11,640.1656167061915,WIN,24.0,crypto
MKR-USD,SHORT,2023-06-05,649.071044921875,693.9212837220045,559.3705673216159,663,False,False,False,63.23,2023-06-10,559.3705673216159,WIN,5.0,crypto
MKR-USD,SHORT,2023-06-17,668.6674194335938,724.4699283544237,557.0624015919338,675,False,True,True,61.98,2023-06-20,724.4699283544237,LOSS,3.0,crypto
MKR-USD,SHORT,2023-06-22,738.4319458007812,796.7568302242661,621.7821769538116,680,False,False,False,75.15,2023-06-30,796.7568302242661,LOSS,8.0,crypto
MKR-USD,SHORT,2023-07-05,917.3611450195312,1053.2067030066119,645.67002904537,693,False,False,False,82.86,2023-07-21,1053.2067030066119,LOSS,16.0,crypto
MKR-USD,LONG,2023-08-19,1102.1806640625,973.4730749051444,1359.5958423772113,738,False,False,False,37.05,2023-09-21,1359.5958423772113,WIN,33.0,crypto
MKR-USD,LONG,2023-11-03,1339.3514404296875,1211.6263265501357,1594.8016681887912,814,False,True,True,38.53,2023-12-28,1594.8016681887912,WIN,55.0,crypto
MKR-USD,LONG,2024-01-29,1974.5030517578125,1775.3981189207204,2372.7129174319966,901,False,False,False,52.72,2024-03-09,2372.7129174319966,WIN,40.0,crypto
MKR-USD,SHORT,2024-03-11,2605.048583984375,2924.6753848630265,1965.794982227072,943,False,False,False,81.77,2024-03-13,2924.6753848630265,LOSS,2.0,crypto
MKR-USD,LONG,2024-04-14,3042.549560546875,2223.867017705657,4679.914646229311,977,False,False,False,35.67,2024-05-01,2223.867017705657,LOSS,17.0,crypto
MKR-USD,SHORT,2024-05-22,2939.115966796875,3340.586693272087,2136.174513846451,1015,False,False,False,58.19,2024-06-18,2136.174513846451,WIN,27.0,crypto
MKR-USD,SHORT,2024-06-28,2516.40625,2834.4937856488746,1880.2311787022509,1052,False,True,False,56.93,2024-07-14,2834.4937856488746,LOSS,16.0,crypto
MKR-USD,SHORT,2024-07-17,2861.43212890625,3199.24106193316,2185.81426285243,1071,False,False,False,71.07,2024-08-04,2185.81426285243,WIN,18.0,crypto
MKR-USD,LONG,2024-08-08,2054.48095703125,1676.6799441364183,2810.0829828209135,1093,False,False,False,24.37,2024-09-03,1676.6799441364183,LOSS,26.0,crypto
MKR-USD,SHORT,2024-09-29,1662.927978515625,1824.8347125352677,1339.1145104763395,1145,False,False,False,54.53,2024-10-10,1339.1145104763395,WIN,11.0,crypto
MKR-USD,SHORT,2024-11-02,1210.0478515625,1343.0374006042293,944.0687534790413,1179,False,False,False,51.09,2024-11-06,1343.0374006042293,LOSS,4.0,crypto
MKR-USD,SHORT,2024-11-10,1471.7655029296875,1659.348897954792,1096.5987128794786,1187,False,True,True,65.84,2024-11-21,1659.348897954792,LOSS,11.0,crypto
MKR-USD,LONG,2024-12-11,1880.9986572265625,1523.3275118351967,2596.340948009294,1218,False,False,False,46.16,2024-12-20,1523.3275118351967,LOSS,9.0,crypto
MKR-USD,LONG,2025-01-20,1292.0693359375,1103.6818025221758,1668.8444027681485,1258,False,False,False,32.45,2025-01-29,1103.6818025221758,LOSS,9.0,crypto
MKR-USD,LONG,2025-01-31,1149.30712890625,982.6299723985569,1482.6614419216362,1269,True,False,False,23.86,2025-02-03,982.6299723985569,LOSS,3.0,crypto
MKR-USD,SHORT,2025-02-24,1418.197998046875,1629.3826859567412,995.8286222271427,1293,False,True,True,78.07,2025-02-25,1629.3826859567412,LOSS,1.0,crypto
MKR-USD,SHORT,2025-05-11,1822.69091796875,2019.3511546335083,1429.3704446392335,1369,False,False,False,74.21,2025-06-10,2019.3511546335083,LOSS,30.0,crypto
MKR-USD,SHORT,2025-07-23,2033.37255859375,2286.7733805869507,1526.5709146073486,1442,False,False,False,60.57,2025-07-26,2286.7733805869507,LOSS,3.0,crypto
MKR-USD,SHORT,2025-07-28,2162.991943359375,2446.0185221356815,1596.938785806762,1447,False,False,False,70.18,2025-08-20,1596.938785806762,WIN,23.0,crypto
MKR-USD,LONG,2025-10-11,1740.338134765625,1359.4878370153235,2502.038730266228,1522,False,False,False,41.16,2025-11-22,1359.4878370153235,LOSS,42.0,crypto
MKR-USD,LONG,2025-11-23,1708.1322021484375,1346.5408545515998,2431.314897342113,1565,False,False,False,26.69,2025-12-17,1346.5408545515998,LOSS,24.0,crypto
MKR-USD,LONG,2025-12-19,1402.8865966796875,1067.9021835346325,2072.8554229697975,1591,False,False,False,30.2,,,OPEN,,crypto
MNT-USD,SHORT,2023-04-17,0.12059500068426132,0.17001966493620807,0.021745672180367825,200,False,False,False,61.11,2023-04-20,0.17001966493620807,LOSS,3.0,crypto
MNT-USD,SHORT,2023-04-21,0.10736600309610367,0.16724688067692303,-0.01239575206553506,204,True,False,False,58.92,2023-05-22,0.16724688067692303,LOSS,31.0,crypto
MNT-USD,SHORT,2023-05-24,0.1797190010547638,0.3884828659395243,-0.23780872871475722,237,False,True,True,66.62,2023-06-26,0.3884828659395243,LOSS,33.0,crypto
MNT-USD,SHORT,2023-06-27,0.15313799679279327,0.42105042614922256,-0.3826868619200653,271,False,False,False,88.5,2023-09-28,0.42105042614922256,LOSS,93.0,crypto
MNT-USD,LONG,2023-09-30,0.05159800127148628,-0.06417390914541264,0.28314182210528416,366,False,False,False,31.89,2023-10-02,0.28314182210528416,WIN,2.0,crypto
MNT-USD,SHORT,2023-10-20,0.09525500237941742,1.1007677755042682,-1.9157705438702841,386,False,True,True,62.98,2026-07-01,1.1007677755042682,LOSS,104.0,crypto
MNT-USD,LONG,2026-07-21,1.175299048423767,1.111167404557678,1.3035623361559452,510,False,False,False,69.39,2026-07-25,1.111167404557678,LOSS,4.0,crypto
MNT-USD,LONG,2026-07-27,1.146865963935852,1.0856410472265607,1.2693157973544347,516,False,False,False,56.83,2026-07-29,1.0856410472265607,LOSS,2.0,crypto
MNT-USD,LONG,2026-08-02,1.0201970338821411,0.9460420971699471,1.168506907306529,522,False,False,False,28.6,2026-08-07,0.9460420971699471,LOSS,5.0,crypto
NEAR-USD,SHORT,2022-03-02,11.053739547729492,13.321048276351444,6.519122090485588,203,False,True,False,58.68,2022-03-26,13.321048276351444,LOSS,24.0,crypto
NEAR-USD,SHORT,2022-04-05,16.068368911743164,18.82139345116237,10.562319832904755,237,False,False,False,75.34,2022-04-08,18.82139345116237,LOSS,3.0,crypto
NEAR-USD,LONG,2022-05-01,11.839072227478027,9.015601914634226,17.48601285316563,263,False,True,True,26.21,2022-05-10,9.015601914634226,LOSS,9.0,crypto
NEAR-USD,SHORT,2022-06-26,3.783262014389038,4.796731775674001,1.7563224918191125,319,False,False,False,48.04,2022-08-05,4.796731775674001,LOSS,40.0,crypto
NEAR-USD,SHORT,2022-08-06,4.909183979034424,5.706434247235103,3.314683442633065,360,False,True,True,70.04,2022-08-08,5.706434247235103,LOSS,2.0,crypto
NEAR-USD,LONG,2022-08-23,4.299857139587402,3.487594420784604,5.924382577192999,377,False,False,False,37.56,2022-09-28,3.487594420784604,LOSS,36.0,crypto
NEAR-USD,SHORT,2022-11-06,3.09666109085083,3.455899413618194,2.3781844453161023,452,False,False,False,59.06,2022-11-09,2.3781844453161023,WIN,3.0,crypto
NEAR-USD,SHORT,2023-01-16,2.191765069961548,2.484412513674161,1.606470182536322,523,False,True,True,83.83,2023-01-22,2.484412513674161,LOSS,6.0,crypto
NEAR-USD,LONG,2023-02-10,2.2507970333099365,1.8424233891655806,3.0675443215986484,548,False,True,False,48.04,2023-03-08,1.8424233891655806,LOSS,26.0,crypto
NEAR-USD,LONG,2023-03-10,1.8016459941864014,1.485020661524242,2.43489665951072,576,False,False,False,30.1,2023-06-05,1.485020661524242,LOSS,87.0,crypto
NEAR-USD,LONG,2023-06-15,1.1951260566711426,1.0425227116055718,1.5003327468022842,673,False,False,False,20.15,2023-06-26,1.5003327468022842,WIN,11.0,crypto
NEAR-USD,SHORT,2023-06-27,1.4770619869232178,1.6402616912435473,1.1506625782825588,685,False,False,False,61.35,2023-08-17,1.1506625782825588,WIN,51.0,crypto
NEAR-USD,LONG,2023-08-19,1.1639130115509033,1.0485068559868156,1.3947253226790788,738,False,False,False,25.2,2023-10-09,1.0485068559868156,LOSS,51.0,crypto
NEAR-USD,SHORT,2023-11-02,1.5241830348968506,1.658713499135591,1.2551221064193698,813,False,False,False,90.07,2023-11-05,1.658713499135591,LOSS,3.0,crypto
NEAR-USD,SHORT,2023-12-11,2.239845037460327,2.5670234183212264,1.5854882757385287,852,True,False,False,79.61,2023-12-20,2.5670234183212264,LOSS,9.0,crypto
NEAR-USD,SHORT,2023-12-22,3.363208055496216,3.909076132048819,2.271471902391009,863,False,False,False,81.92,2023-12-23,3.909076132048819,LOSS,1.0,crypto
NEAR-USD,LONG,2024-01-08,3.4157779216766357,2.583664220355046,5.080005324319815,880,False,False,False,46.51,2024-01-23,2.583664220355046,LOSS,15.0,crypto
NEAR-USD,SHORT,2024-02-13,3.2164299488067627,3.6263863869177766,2.396517072584735,916,False,False,False,67.62,2024-02-24,3.6263863869177766,LOSS,11.0,crypto
NEAR-USD,SHORT,2024-03-07,5.5399627685546875,6.523575252463542,3.572737800736979,939,False,False,False,81.7,2024-03-11,6.523575252463542,LOSS,4.0,crypto
NEAR-USD,SHORT,2024-03-13,7.755109786987305,9.082840021529579,5.099649317902756,945,False,False,False,83.86,2024-04-13,5.099649317902756,WIN,31.0,crypto
NEAR-USD,LONG,2024-04-14,5.716465950012207,4.149203674986901,8.850990500062819,977,False,True,True,35.65,2024-07-05,4.149203674986901,LOSS,82.0,crypto
NEAR-USD,SHORT,2024-07-18,6.034566879272461,6.839177061010852,4.425346515795679,1072,False,False,False,62.76,2024-08-03,4.425346515795679,WIN,16.0,crypto
NEAR-USD,LONG,2024-08-06,3.6711440086364746,2.7832310609746718,5.44696990396008,1091,False,False,False,22.01,2024-09-25,5.44696990396008,WIN,50.0,crypto
NEAR-USD,LONG,2024-10-26,4.233325958251953,3.6201523667311317,5.459673141293596,1172,False,False,False,35.79,2024-11-03,3.6201523667311317,LOSS,8.0,crypto
NEAR-USD,LONG,2024-11-05,3.813896894454956,3.2620196391245986,4.917651405115671,1182,False,False,False,28.1,2024-11-10,4.917651405115671,WIN,5.0,crypto
NEAR-USD,SHORT,2024-11-12,5.363576889038086,6.1122711408176995,3.866188385478859,1189,False,False,False,72.55,2024-11-16,6.1122711408176995,LOSS,4.0,crypto
NEAR-USD,LONG,2024-12-11,6.8547282218933105,5.51865145345986,9.526881758760211,1218,False,False,False,46.23,2024-12-19,5.51865145345986,LOSS,8.0,crypto
NEAR-USD,LONG,2024-12-22,5.032057762145996,3.77646629403719,7.543240698363609,1229,False,False,False,31.15,2025-02-02,3.77646629403719,LOSS,42.0,crypto
NEAR-USD,LONG,2025-02-03,3.7779200077056885,2.8710154255809255,5.5917291719552145,1272,False,False,False,29.45,2025-02-25,2.8710154255809255,LOSS,22.0,crypto
NEAR-USD,SHORT,2025-03-03,2.971076011657715,3.618177514204202,1.6768730065647404,1300,False,False,False,53.65,2025-12-01,1.6768730065647404,WIN,273.0,crypto
NEAR-USD,SHORT,2025-12-29,1.5221259593963623,1.735965241124232,1.0944473959406231,1601,False,False,False,46.91,2026-01-04,1.735965241124232,LOSS,6.0,crypto
NEAR-USD,SHORT,2026-01-07,1.719251036643982,1.9056358561112547,1.3464813977094363,1610,False,False,False,64.89,2026-01-29,1.3464813977094363,WIN,22.0,crypto
NEAR-USD,LONG,2026-02-02,1.1984490156173706,1.0169226309295913,1.5615017849929291,1636,False,False,False,22.64,2026-02-05,1.0169226309295913,LOSS,3.0,crypto
NEAR-USD,SHORT,2026-02-27,1.093446969985962,1.2593424891850389,0.761655931587808,1661,False,False,False,51.52,2026-03-02,1.2593424891850389,LOSS,3.0,crypto
NEAR-USD,SHORT,2026-03-04,1.311722993850708,1.5150937455431845,0.9049814904657549,1666,False,True,True,65.59,2026-05-06,1.5150937455431845,LOSS,63.0,crypto
NEAR-USD,SHORT,2026-05-24,2.392643928527832,2.6875932664629096,1.8027452526576768,1747,False,False,False,88.36,2026-05-25,2.6875932664629096,LOSS,1.0,crypto
NEAR-USD,LONG,2026-07-30,1.6763110160827637,1.4733793108683801,2.0821744265115307,1814,False,False,False,31.5,,,OPEN,,crypto
NEO-USD,SHORT,2022-03-25,24.183673858642578,26.862195547436002,18.82663048105573,226,False,True,True,65.5,2022-03-28,26.862195547436002,LOSS,3.0,crypto
NEO-USD,SHORT,2022-03-31,26.897294998168945,30.30447935935812,20.082926275790598,232,False,True,True,75.23,2022-04-11,20.082926275790598,WIN,11.0,crypto
NEO-USD,LONG,2022-05-10,13.837628364562988,10.984326852152975,19.544231389383015,272,False,False,False,26.41,2022-05-11,10.984326852152975,LOSS,1.0,crypto
NEO-USD,LONG,2022-05-13,10.2152681350708,6.884865842050081,16.87607272111224,275,False,False,False,20.4,2022-11-08,6.884865842050081,LOSS,179.0,crypto
NEO-USD,SHORT,2022-12-13,7.298937797546387,7.908506242456409,6.079800907726343,489,False,False,False,59.07,2022-12-28,6.079800907726343,WIN,15.0,crypto
NEO-USD,SHORT,2023-01-16,7.5937700271606445,8.220473375528424,6.340363330425085,523,False,True,True,78.16,2023-01-24,8.220473375528424,LOSS,8.0,crypto
NEO-USD,LONG,2023-02-14,8.69006633758545,7.717331299983559,10.63553641278923,552,False,True,False,49.75,2023-02-19,10.63553641278923,WIN,5.0,crypto
NEO-USD,SHORT,2023-02-21,13.390868186950684,15.367721489512077,9.437161581827898,559,False,False,False,86.85,2023-03-10,9.437161581827898,WIN,17.0,crypto
NEO-USD,SHORT,2023-04-17,12.93464469909668,14.371889648771353,10.060154799747334,614,False,False,False,64.8,2023-05-03,10.060154799747334,WIN,16.0,crypto
NEO-USD,SHORT,2023-05-25,9.911091804504395,10.907414737756064,7.918445938001057,652,False,False,False,59.87,2023-05-28,10.907414737756064,LOSS,3.0,crypto
NEO-USD,SHORT,2023-05-30,10.711276054382324,11.743685819352454,8.646456524442065,657,False,False,False,60.07,2023-06-10,8.646456524442065,WIN,11.0,crypto
NEO-USD,LONG,2023-07-26,8.749979972839355,7.96715934235737,10.315621233803327,714,False,False,False,40.78,2023-08-15,7.96715934235737,LOSS,20.0,crypto
NEO-USD,LONG,2023-08-19,7.160017013549805,6.499760977231906,8.480529086185602,738,False,False,False,19.38,2023-10-27,8.480529086185602,WIN,69.0,crypto
NEO-USD,SHORT,2023-10-29,9.128414154052734,9.933552416265172,7.518137629627859,809,False,False,False,83.41,2023-11-01,9.933552416265172,LOSS,3.0,crypto
NEO-USD,SHORT,2023-12-22,14.107401847839355,15.828991232282489,10.66422307895309,863,False,False,False,70.69,2024-01-08,10.66422307895309,WIN,17.0,crypto
NEO-USD,SHORT,2024-02-11,11.718413352966309,12.710989625774651,9.733260807349623,914,False,False,False,56.53,2024-02-15,12.710989625774651,LOSS,4.0,crypto
NEO-USD,SHORT,2024-02-17,12.726318359375,13.903032718492447,10.372889641140105,920,False,False,False,67.89,2024-02-28,13.903032718492447,LOSS,11.0,crypto
NEO-USD,SHORT,2024-03-03,16.38011932373047,18.326080136248454,12.4881976986945,935,False,False,False,87.18,2024-03-04,18.326080136248454,LOSS,1.0,crypto
NEO-USD,LONG,2024-03-17,15.459418296813965,12.565350982459236,21.247552925523422,949,False,False,False,44.5,2024-04-08,21.247552925523422,WIN,22.0,crypto
NEO-USD,SHORT,2024-04-09,18.82456398010254,22.068408690520922,12.336874559265773,972,False,False,False,74.9,2024-04-11,22.068408690520922,LOSS,2.0,crypto
NEO-USD,LONG,2024-06-09,13.492050170898438,11.844353071971065,16.78744436875318,1033,False,False,False,33.66,2024-06-17,11.844353071971065,LOSS,8.0,crypto
NEO-USD,LONG,2024-06-19,11.247122764587402,9.561840056044955,14.617688181672296,1043,False,False,False,25.49,2024-07-05,9.561840056044955,LOSS,16.0,crypto
NEO-USD,SHORT,2024-07-22,11.502461433410645,12.771694271960094,8.963995756311746,1076,False,False,False,61.93,2024-08-04,8.963995756311746,WIN,13.0,crypto
NEO-USD,SHORT,2024-09-28,10.88703727722168,11.851551536372561,8.958008758919917,1144,False,True,True,64.61,2024-11-03,8.958008758919917,WIN,36.0,crypto
NEO-USD,SHORT,2024-11-12,11.537800788879395,12.793727546644417,9.025947273349349,1189,False,False,False,74.48,2024-11-16,12.793727546644417,LOSS,4.0,crypto
NEO-USD,SHORT,2024-12-04,22.011451721191406,25.805180612486556,14.423993938601107,1211,False,False,False,88.66,2024-12-19,14.423993938601107,WIN,15.0,crypto
NEO-USD,LONG,2024-12-20,14.618888854980469,10.871998063477307,22.112670437986793,1227,False,True,True,38.79,2025-02-03,10.871998063477307,LOSS,45.0,crypto
NEO-USD,LONG,2025-03-11,7.717558860778809,6.140728863184211,10.871218855968003,1308,False,False,False,26.89,2025-03-30,6.140728863184211,LOSS,19.0,crypto
NEO-USD,LONG,2025-04-01,5.510191917419434,4.381012402288471,7.768550947681359,1329,False,False,False,19.31,2025-04-07,4.381012402288471,LOSS,6.0,crypto
NEO-USD,SHORT,2025-04-26,6.449315071105957,7.250101977901145,4.847741257515581,1354,False,False,False,61.94,2025-05-11,7.250101977901145,LOSS,15.0,crypto
NEO-USD,SHORT,2025-05-13,7.402383804321289,8.389883638969662,5.427384135024543,1371,False,True,True,69.0,2025-06-13,5.427384135024543,WIN,31.0,crypto
NEO-USD,SHORT,2025-07-21,7.43540096282959,8.197208139519482,5.9117866094498055,1440,False,True,True,81.27,2025-08-01,5.9117866094498055,WIN,11.0,crypto
NEO-USD,SHORT,2025-08-25,7.304401874542236,8.452593358899366,5.008018905827978,1475,False,True,True,69.22,2025-10-10,5.008018905827978,WIN,46.0,crypto
NEO-USD,LONG,2025-10-11,4.486350059509277,3.384798154006198,6.689453870515436,1522,False,False,False,24.89,2026-01-29,3.384798154006198,LOSS,110.0,crypto
NEO-USD,LONG,2026-02-01,3.1487538814544678,2.7676805627845757,3.910900518794252,1635,False,False,False,27.0,2026-02-05,2.7676805627845757,LOSS,4.0,crypto
NEO-USD,LONG,2026-02-06,2.9114010334014893,2.427905365262032,3.8783923696804035,1640,False,False,False,25.47,2026-03-08,2.427905365262032,LOSS,30.0,crypto
NEO-USD,SHORT,2026-03-18,2.701930046081543,3.050920060449602,2.003950017345425,1680,False,False,False,59.05,2026-04-17,3.050920060449602,LOSS,30.0,crypto
NEO-USD,LONG,2026-05-01,2.747654914855957,2.529996582524563,3.182971579518745,1724,False,False,False,42.37,2026-05-10,3.182971579518745,WIN,9.0,crypto
NEO-USD,SHORT,2026-05-13,3.1507010459899902,3.4165843333935557,2.6189344711828593,1736,False,True,True,72.58,2026-06-01,2.6189344711828593,WIN,19.0,crypto
NEO-USD,LONG,2026-06-07,2.1689140796661377,1.8887656131065476,2.729211012785318,1761,False,False,False,18.78,2026-06-25,1.8887656131065476,LOSS,18.0,crypto
NEO-USD,SHORT,2026-07-20,2.007591962814331,2.1627155668551303,1.6973447547327325,1804,False,False,False,55.77,,,OPEN,,crypto
NMR-USD,LONG,2022-03-14,27.422130584716797,23.91143226033698,34.44352723347643,215,False,False,False,43.32,2022-04-29,23.91143226033698,LOSS,46.0,crypto
NMR-USD,LONG,2022-05-13,12.743732452392578,8.714708687354841,20.80177998246805,275,False,False,False,13.06,2022-06-13,8.714708687354841,LOSS,31.0,crypto
NMR-USD,SHORT,2022-06-26,8.86462688446045,10.573260396793826,5.447359859793696,319,False,False,False,45.59,2022-06-28,10.573260396793826,LOSS,2.0,crypto
NMR-USD,SHORT,2022-07-02,18.15638542175293,26.00660090249258,2.455954460273631,325,False,True,True,70.4,2022-07-31,26.00660090249258,LOSS,29.0,crypto
NMR-USD,LONG,2022-08-20,18.555644989013672,14.654372065511435,26.358190836018146,374,False,True,False,38.07,2022-09-28,14.654372065511435,LOSS,39.0,crypto
NMR-USD,SHORT,2022-10-06,16.452547073364258,18.887311648380106,11.583017923332562,421,False,True,True,68.07,2022-11-09,11.583017923332562,WIN,34.0,crypto
NMR-USD,LONG,2022-11-10,12.084689140319824,9.890186165331137,16.4736950902972,456,False,False,False,22.45,2022-12-05,16.4736950902972,WIN,25.0,crypto
NMR-USD,SHORT,2022-12-06,15.086710929870605,18.11901047614343,9.022111837324957,482,False,True,True,80.56,2023-01-21,18.11901047614343,LOSS,46.0,crypto
NMR-USD,SHORT,2023-02-08,22.219093322753906,26.553656339006075,13.549967290249569,546,False,False,False,86.47,2023-05-08,13.549967290249569,WIN,89.0,crypto
NMR-USD,LONG,2023-05-09,13.987868309020996,12.547687382124364,16.86823016281426,636,False,False,False,21.35,2023-05-26,16.86823016281426,WIN,17.0,crypto
NMR-USD,SHORT,2023-05-29,15.128820419311523,17.055473192734837,11.275514872464896,656,False,False,False,54.0,2023-06-15,11.275514872464896,WIN,17.0,crypto
NMR-USD,SHORT,2023-06-22,13.505857467651367,14.936862835092057,10.643846732769987,680,False,False,False,60.83,2023-07-27,14.936862835092057,LOSS,35.0,crypto
NMR-USD,SHORT,2023-07-29,13.536752700805664,14.91199669752326,10.78626470737047,717,False,True,True,63.84,2023-08-17,10.78626470737047,WIN,19.0,crypto
NMR-USD,LONG,2023-08-19,11.439391136169434,10.294116439193177,13.729940530121947,738,False,False,False,33.35,2023-09-02,13.729940530121947,WIN,14.0,crypto
NMR-USD,SHORT,2023-09-04,14.71988296508789,18.857083261447375,6.445482372368922,754,False,False,False,81.09,2023-12-29,18.857083261447375,LOSS,116.0,crypto
NMR-USD,SHORT,2024-01-02,21.179948806762695,24.32368581568276,14.892474788922563,874,False,False,False,78.18,2024-02-03,24.32368581568276,LOSS,32.0,crypto
NMR-USD,SHORT,2024-02-06,24.971982955932617,29.826310061400886,15.26332874499608,909,False,False,False,81.85,2024-02-16,29.826310061400886,LOSS,10.0,crypto
NMR-USD,SHORT,2024-03-10,47.669288635253906,56.36060788230169,30.286650141158333,942,False,False,False,82.61,2024-04-12,30.286650141158333,WIN,33.0,crypto
NMR-USD,LONG,2024-04-14,24.87676429748535,17.463276863794388,39.70373916486728,977,False,False,False,27.06,2024-06-18,17.463276863794388,LOSS,65.0,crypto
NMR-USD,LONG,2024-06-19,18.683273315429688,15.218854441122037,25.61211106404499,1043,False,False,False,22.95,2024-07-03,15.218854441122037,LOSS,14.0,crypto
NMR-USD,SHORT,2024-07-18,14.258514404296875,16.544340447097618,9.68686231869539,1072,False,False,False,43.99,2024-08-05,9.68686231869539,WIN,18.0,crypto
NMR-USD,SHORT,2024-08-25,17.478721618652344,20.63744757579112,11.161269704374789,1110,True,True,True,72.5,2024-11-28,20.63744757579112,LOSS,95.0,crypto
NMR-USD,SHORT,2024-12-01,21.919391632080078,25.152373836592165,15.453427223055904,1208,False,False,False,75.61,2024-12-05,25.152373836592165,LOSS,4.0,crypto
NMR-USD,LONG,2024-12-22,14.824081420898438,10.783508061077075,22.905228140541162,1229,False,False,False,29.38,2025-02-02,10.783508061077075,LOSS,42.0,crypto
NMR-USD,SHORT,2025-02-13,11.377198219299316,13.578269551899668,6.975055554098613,1282,False,False,False,46.97,2025-04-06,6.975055554098613,WIN,52.0,crypto
NMR-USD,LONG,2025-04-07,6.62991189956665,5.336117462830597,9.217500773038758,1335,False,False,False,24.31,2025-04-24,9.217500773038758,WIN,17.0,crypto
NMR-USD,SHORT,2025-04-27,9.0948486328125,10.304520669848115,6.67550455874127,1355,False,True,True,69.63,2025-05-30,10.304520669848115,LOSS,33.0,crypto
NMR-USD,LONG,2025-06-23,7.253029823303223,6.1475860599963905,9.463917349916887,1412,False,False,False,31.16,2025-07-28,9.463917349916887,WIN,35.0,crypto
NMR-USD,SHORT,2025-08-28,17.8181095123291,21.978018737389075,9.498291062209155,1478,False,False,False,86.5,2025-09-07,21.978018737389075,LOSS,10.0,crypto
NMR-USD,LONG,2025-10-12,13.644803047180176,9.529860167260093,21.87468880702034,1523,False,True,True,36.33,2025-12-18,9.529860167260093,LOSS,67.0,crypto
NMR-USD,LONG,2025-12-19,9.29439926147461,7.698266498965879,12.48666478649207,1591,False,False,False,27.46,2026-02-06,7.698266498965879,LOSS,49.0,crypto
NMR-USD,SHORT,2026-03-18,7.780151844024658,8.522299950137311,6.295855631799352,1680,False,False,False,54.33,2026-03-29,6.295855631799352,WIN,11.0,crypto
NMR-USD,SHORT,2026-04-03,7.194954872131348,8.208624978136978,5.167614660120087,1696,False,False,False,55.86,2026-04-05,8.208624978136978,LOSS,2.0,crypto
NMR-USD,SHORT,2026-04-09,8.187450408935547,9.19249464798423,6.177361930838181,1702,False,True,True,62.76,2026-04-11,9.19249464798423,LOSS,2.0,crypto
NMR-USD,SHORT,2026-04-12,8.684778213500977,9.81765377758069,6.4190270853415505,1705,False,True,True,70.28,2026-05-16,9.81765377758069,LOSS,34.0,crypto
NMR-USD,SHORT,2026-05-17,9.705587387084961,10.702737737999504,7.711286685255875,1740,False,False,False,72.56,2026-06-05,7.711286685255875,WIN,19.0,crypto
NMR-USD,SHORT,2026-06-20,8.9346923828125,9.811566993686778,7.180943161063944,1774,False,True,True,61.62,2026-07-02,9.811566993686778,LOSS,12.0,crypto
NMR-USD,SHORT,2026-07-04,9.632743835449219,10.710303134185448,7.47762523797676,1788,False,False,False,66.08,,,OPEN,,crypto
OKB-USD,SHORT,2022-03-20,19.346450805664062,21.38700313083657,15.265346155319051,221,False,False,False,61.75,2022-03-24,21.38700313083657,LOSS,4.0,crypto
OKB-USD,SHORT,2022-03-28,22.00062370300293,24.026229016684567,17.949413075639654,229,False,True,True,72.74,2022-04-30,17.949413075639654,WIN,33.0,crypto
OKB-USD,LONG,2022-05-01,18.211097717285156,16.419711999599354,21.79386915265676,263,False,False,False,36.83,2022-05-08,16.419711999599354,LOSS,7.0,crypto
OKB-USD,LONG,2022-05-12,11.957646369934082,9.275790717542634,17.321357674716978,274,False,False,False,21.7,2022-07-29,17.321357674716978,WIN,78.0,crypto
OKB-USD,SHORT,2022-07-30,18.20553970336914,20.02152438429796,14.573570341511498,353,False,False,False,78.98,2022-08-12,20.02152438429796,LOSS,13.0,crypto
OKB-USD,LONG,2022-08-25,17.71651840209961,15.789560116284646,21.570434973729537,379,True,False,False,42.7,2022-08-28,15.789560116284646,LOSS,3.0,crypto
OKB-USD,LONG,2022-08-29,16.3192138671875,14.374479463952346,20.20868267365781,383,False,False,False,32.86,2022-09-06,14.374479463952346,LOSS,8.0,crypto
OKB-USD,SHORT,2022-10-01,15.9957857131958,17.29232830434391,13.40270053089958,416,False,True,True,56.27,2022-10-14,17.29232830434391,LOSS,13.0,crypto
OKB-USD,SHORT,2022-10-18,16.7077579498291,17.894457258997782,14.33435933149174,433,False,False,False,66.83,2022-11-03,17.894457258997782,LOSS,16.0,crypto
OKB-USD,SHORT,2022-11-08,21.2288875579834,23.90190971191375,15.882843250122697,454,False,False,False,80.44,2022-12-16,23.90190971191375,LOSS,38.0,crypto
OKB-USD,SHORT,2023-01-03,28.486440658569336,31.197694966715495,23.063932042277017,510,False,False,False,83.0,2023-01-14,31.197694966715495,LOSS,11.0,crypto
OKB-USD,LONG,2023-02-11,41.292076110839844,36.72145483521566,50.43331866208821,549,False,False,False,57.72,2023-02-16,50.43331866208821,WIN,5.0,crypto
OKB-USD,LONG,2023-03-11,40.73347854614258,34.80700270190556,52.586430234616614,577,False,True,True,33.18,2023-04-15,52.586430234616614,WIN,35.0,crypto
OKB-USD,SHORT,2023-04-17,52.314876556396484,57.02836544727275,42.88789877464396,614,False,False,False,70.5,2023-06-10,42.88789877464396,WIN,54.0,crypto
OKB-USD,LONG,2023-06-15,40.05419921875,37.15032940056599,45.86193885511803,673,False,True,True,24.81,2023-06-21,45.86193885511803,WIN,6.0,crypto
OKB-USD,SHORT,2023-08-11,47.73196029663086,50.071410835215055,43.05305921946247,730,False,False,False,78.75,2023-08-17,43.05305921946247,WIN,6.0,crypto
OKB-USD,SHORT,2023-09-21,43.108219146728516,44.80246745931045,39.71972252156465,771,False,True,False,57.14,2023-10-17,44.80246745931045,LOSS,26.0,crypto
OKB-USD,SHORT,2023-10-18,44.43505859375,46.53242440458023,40.240326972089534,798,False,False,False,72.04,2023-10-24,46.53242440458023,LOSS,6.0,crypto
OKB-USD,SHORT,2023-10-25,45.64828109741211,47.951621687205865,41.0415999178246,805,False,False,False,66.53,2023-11-05,47.951621687205865,LOSS,11.0,crypto
OKB-USD,SHORT,2023-11-11,61.53411102294922,65.75314570533385,53.096041658179956,822,False,False,False,90.0,2023-12-18,53.096041658179956,WIN,37.0,crypto
OKB-USD,LONG,2023-12-20,55.45767593383789,51.20270044624862,63.96762690901643,861,False,False,False,40.04,2024-01-23,51.20270044624862,LOSS,34.0,crypto
OKB-USD,LONG,2024-01-25,50.2485237121582,45.23438950337988,60.27679212971485,897,False,True,True,28.08,2024-03-03,60.27679212971485,WIN,38.0,crypto
OKB-USD,SHORT,2024-03-04,56.86060333251953,61.057582764966064,48.466644467626466,936,False,False,False,76.01,2024-03-08,61.057582764966064,LOSS,4.0,crypto
OKB-USD,SHORT,2024-03-12,65.86869049072266,73.0990833274269,51.407904817314176,944,False,False,False,80.67,2024-03-13,73.0990833274269,LOSS,1.0,crypto
OKB-USD,LONG,2024-05-03,51.40428161621094,45.78505821791075,62.64272841281131,996,True,False,False,29.35,2024-05-29,45.78505821791075,LOSS,26.0,crypto
OKB-USD,LONG,2024-05-30,45.89536666870117,42.80512652348871,52.075846959126096,1023,False,False,False,28.04,2024-06-18,42.80512652348871,LOSS,19.0,crypto
OKB-USD,LONG,2024-06-19,42.667179107666016,39.33482252471964,49.331892273558765,1043,False,False,False,29.33,2024-07-05,39.33482252471964,LOSS,16.0,crypto
OKB-USD,SHORT,2024-07-20,42.973411560058594,46.07090885880946,36.77841696255686,1074,False,True,True,61.81,2024-08-03,36.77841696255686,WIN,14.0,crypto
OKB-USD,SHORT,2024-08-25,39.08675003051758,41.68890524736562,33.8824395968215,1110,False,True,True,62.6,2024-09-26,41.68890524736562,LOSS,32.0,crypto
OKB-USD,LONG,2024-10-24,39.88858413696289,37.91064123850825,43.844469933872176,1170,False,False,False,39.48,2024-11-02,37.91064123850825,LOSS,9.0,crypto
OKB-USD,SHORT,2024-11-12,45.20106506347656,48.70219300546505,38.19880917949959,1189,False,False,False,80.94,2024-11-23,48.70219300546505,LOSS,11.0,crypto
OKB-USD,LONG,2024-12-11,55.14460372924805,47.682676144928585,70.06845889788697,1218,False,False,False,49.58,2024-12-19,47.682676144928585,LOSS,8.0,crypto
OKB-USD,LONG,2024-12-22,44.840354919433594,38.396099090605595,57.72886657708959,1229,False,False,False,34.18,2025-01-17,57.72886657708959,WIN,26.0,crypto
OKB-USD,SHORT,2025-01-19,56.25159454345703,62.90562152687896,42.943540576613174,1257,False,False,False,66.34,2025-02-28,42.943540576613174,WIN,40.0,crypto
OKB-USD,SHORT,2025-03-20,51.79093933105469,57.43306276746445,40.506692458235165,1317,False,False,False,68.61,2025-08-13,57.43306276746445,LOSS,146.0,crypto
OKB-USD,SHORT,2025-08-18,120.90062713623047,141.99558807974464,78.71070524920214,1468,False,False,False,84.76,2025-08-20,141.99558807974464,LOSS,2.0,crypto
OKB-USD,LONG,2025-09-25,186.81033325195312,165.28172691949808,229.8675459168632,1506,False,False,False,49.09,2025-10-04,229.8675459168632,WIN,9.0,crypto
OKB-USD,SHORT,2025-10-05,222.34373474121094,244.08330003734986,178.8646041489331,1516,False,False,False,75.98,2025-10-10,178.8646041489331,WIN,5.0,crypto
OKB-USD,LONG,2025-10-12,186.18698120117188,152.152644098819,254.25565540587763,1523,False,False,False,37.7,2025-10-30,152.152644098819,LOSS,18.0,crypto
OKB-USD,SHORT,2025-12-05,103.63167572021484,116.52550199616653,77.84402316831148,1577,False,False,False,45.2,2025-12-09,116.52550199616653,LOSS,4.0,crypto
OKB-USD,SHORT,2025-12-11,115.21952056884766,128.38746100214257,88.88363970225782,1583,False,False,False,57.34,2026-01-31,88.88363970225782,WIN,51.0,crypto
OKB-USD,LONG,2026-02-02,88.96220397949219,79.80944600602298,107.2677199264306,1636,False,False,False,22.18,2026-02-04,79.80944600602298,LOSS,2.0,crypto
OKB-USD,LONG,2026-02-06,75.46910858154297,62.88961140761165,100.6281029294056,1640,False,False,False,13.83,2026-03-05,100.6281029294056,WIN,27.0,crypto
OKB-USD,SHORT,2026-03-08,97.6481704711914,111.79269749162601,69.35911643032219,1670,False,True,True,74.91,2026-06-05,69.35911643032219,WIN,89.0,crypto
OKB-USD,SHORT,2026-07-29,85.55445098876953,90.05303576974957,76.55728142680945,1813,False,True,True,71.42,2026-08-07,90.05303576974957,LOSS,9.0,crypto
ONE-USD,LONG,2022-03-05,0.0014169999631121755,0.0012205723228144152,0.001809855243707696,206,False,False,False,31.97,2022-05-03,0.0012205723228144152,LOSS,59.0,crypto
ONE-USD,LONG,2022-05-13,0.0007689999765716493,0.0006060907116583109,0.001094818506398326,275,False,False,False,15.66,2022-06-15,0.0006060907116583109,LOSS,33.0,crypto
ONE-USD,SHORT,2022-07-19,0.0006990000256337225,0.0007739756232316053,0.000549048830437957,342,False,False,False,76.48,2022-08-26,0.0007739756232316053,LOSS,38.0,crypto
ONE-USD,SHORT,2022-09-01,0.0005699999746866524,0.0006592418007004092,0.00039151632265913895,386,False,False,False,55.82,2022-10-29,0.0006592418007004092,LOSS,58.0,crypto
ONE-USD,LONG,2022-11-10,0.0005460000247694552,0.0004521078835485804,0.0007337843072112047,456,False,False,False,36.22,2023-01-31,0.0007337843072112047,WIN,82.0,crypto
ONE-USD,LONG,2023-02-23,0.0007179999956861138,0.0006660434072988596,0.0008219131724606222,561,False,False,False,43.04,2023-03-01,0.0006660434072988596,LOSS,6.0,crypto
ONE-USD,LONG,2023-03-02,0.0006910000229254365,0.0006356513552573306,0.0008016973582616483,568,False,False,False,35.06,2023-03-06,0.0006356513552573306,LOSS,4.0,crypto
ONE-USD,LONG,2023-03-11,0.0006060000159777701,0.0005420181289081541,0.000733963790117002,577,False,False,False,24.25,2023-04-17,0.000733963790117002,WIN,37.0,crypto
ONE-USD,SHORT,2023-04-19,0.0006859999848529696,0.0007391480410765432,0.0005797038724058225,616,True,False,False,66.47,2023-05-11,0.0005797038724058225,WIN,22.0,crypto
ONE-USD,SHORT,2023-05-31,0.0005510000046342611,0.0006221126879902139,0.00040877463792235555,658,False,False,False,52.93,2023-07-03,0.0006221126879902139,LOSS,33.0,crypto
ONE-USD,SHORT,2023-07-04,0.0006230000290088356,0.0006853393036514399,0.0004983214797236268,692,False,True,True,60.73,2024-01-03,0.0004983214797236268,WIN,183.0,crypto
ONE-USD,SHORT,2024-01-21,0.0005310000269673765,0.0005618406836873541,0.0004693187135274212,893,False,True,True,65.23,2024-02-23,0.0005618406836873541,LOSS,33.0,crypto
ONE-USD,SHORT,2024-02-29,0.0007300000288523734,0.0008177003250520295,0.000554599436453061,932,False,False,False,92.87,2024-03-02,0.0008177003250520295,LOSS,2.0,crypto
ONE-USD,LONG,2024-04-13,0.0010319999419152737,0.0010124254683153081,0.0010711488891152047,976,False,False,False,64.4,2024-06-03,0.0010711488891152047,WIN,51.0,crypto
ONE-USD,SHORT,2024-06-22,0.0010339999571442604,0.0010384190480368708,0.0010251617753590397,1046,False,False,False,57.47,2024-07-02,0.0010251617753590397,WIN,10.0,crypto
ONE-USD,LONG,2024-07-07,0.0005649999948218465,0.0005058061880995961,0.0006833876082663472,1061,False,False,False,4.71,2024-07-21,0.0006833876082663472,WIN,14.0,crypto
ONE-USD,SHORT,2024-08-25,0.000526999996509403,0.0005700250145733153,0.00044094996038157846,1110,False,False,False,46.09,2024-09-06,0.00044094996038157846,WIN,12.0,crypto
ONE-USD,LONG,2024-09-08,0.00041599999531172216,0.0003742073417228305,0.0004995853024895054,1124,False,False,False,20.67,2024-09-21,0.0004995853024895054,WIN,13.0,crypto
ONE-USD,SHORT,2024-09-25,0.0005680000176653266,0.0006216930496365658,0.0004606139537228482,1141,False,True,True,77.81,2024-12-02,0.0006216930496365658,LOSS,68.0,crypto
ONE-USD,SHORT,2024-12-04,0.0007529999711550772,0.0008854550111097077,0.0004880898912458162,1211,False,False,False,80.26,2025-04-07,0.0004880898912458162,WIN,124.0,crypto
ONE-USD,SHORT,2025-05-09,0.0005380000220611691,0.0005777343403907866,0.0004585313854019342,1367,False,True,True,66.67,2025-05-22,0.0005777343403907866,LOSS,13.0,crypto
ONE-USD,SHORT,2025-05-23,0.0005789999850094318,0.0006194747695306073,0.000498050415967081,1381,False,False,False,72.05,2025-06-04,0.000498050415967081,WIN,12.0,crypto
ONE-USD,LONG,2025-06-05,0.0004980000085197389,0.0004501682825671267,0.0005936634604249634,1394,False,False,False,35.14,2025-07-12,0.0005936634604249634,WIN,37.0,crypto
ONE-USD,SHORT,2025-07-14,0.0005879999953322113,0.0006224359308111783,0.0005191281243742771,1433,False,False,False,79.68,2025-07-15,0.0005191281243742771,WIN,1.0,crypto
ONE-USD,SHORT,2025-08-23,0.0005370000144466758,0.0005736721373024491,0.00046365576873512904,1473,False,True,True,61.62,2025-09-05,0.0005736721373024491,LOSS,13.0,crypto
ONE-USD,SHORT,2025-09-08,0.0005549999768845737,0.0005907324014012306,0.00048353512785125996,1489,False,False,False,68.4,2025-10-11,0.00048353512785125996,WIN,33.0,crypto
ONE-USD,LONG,2025-10-12,0.00048600000445730984,0.00042510554387082566,0.0006077889256302782,1523,False,False,False,22.28,2025-11-05,0.00042510554387082566,LOSS,24.0,crypto
ONE-USD,SHORT,2025-11-12,0.0004980000085197389,0.0005279784667391072,0.00043804309208100227,1554,False,True,True,57.03,2025-11-21,0.00043804309208100227,WIN,9.0,crypto
ONE-USD,LONG,2025-11-22,0.0004619999963324517,0.0004292861356188777,0.0005274277177595997,1564,False,False,False,33.34,2025-12-20,0.0004292861356188777,LOSS,28.0,crypto
ONE-USD,SHORT,2026-01-07,0.00045900000259280205,0.00048231887847105076,0.00041236225083630463,1610,True,False,False,65.52,2026-01-13,0.00048231887847105076,LOSS,6.0,crypto
ONE-USD,LONG,2026-02-02,0.00046300000394694507,0.00043404020348795285,0.0005209196048649295,1636,False,False,False,36.03,2026-02-05,0.00043404020348795285,LOSS,3.0,crypto
ONE-USD,SHORT,2026-03-10,0.0004560000088531524,0.0004901548980247962,0.0003876902305098649,1672,False,False,False,56.57,2026-04-08,0.0004901548980247962,LOSS,29.0,crypto
ONE-USD,SHORT,2026-04-10,0.0004839999892283231,0.0005025741440736945,0.00044685167953758035,1703,False,False,False,71.88,2026-05-16,0.00044685167953758035,WIN,36.0,crypto
ONE-USD,LONG,2026-05-31,0.0004149999876972288,0.0003985797068305115,0.0004478405494306633,1754,False,False,False,18.36,2026-06-10,0.0003985797068305115,LOSS,10.0,crypto
ONE-USD,SHORT,2026-07-05,0.0003859999997075647,0.00039739926734876644,0.00036320146442516126,1789,False,False,False,36.66,,,OPEN,,crypto
ONT-USD,SHORT,2022-03-25,0.5527549982070923,0.6098645193660869,0.4385359558891031,226,False,True,True,63.8,2022-03-27,0.6098645193660869,LOSS,2.0,crypto
ONT-USD,SHORT,2022-03-28,0.6176570057868958,0.685210703725931,0.48254960990882534,229,False,True,True,74.81,2022-03-31,0.685210703725931,LOSS,3.0,crypto
ONT-USD,LONG,2022-05-10,0.3729130029678345,0.2951322391464554,0.5284745306105926,272,False,False,False,28.58,2022-05-11,0.2951322391464554,LOSS,1.0,crypto
ONT-USD,LONG,2022-05-13,0.25268200039863586,0.15702769734634542,0.44399060650321676,275,False,False,False,20.68,2022-11-14,0.15702769734634542,LOSS,185.0,crypto
ONT-USD,LONG,2022-12-20,0.1627029925584793,0.1454616293352933,0.19718571900485132,496,False,False,False,30.32,2023-01-14,0.19718571900485132,WIN,25.0,crypto
ONT-USD,SHORT,2023-01-17,0.1967180073261261,0.2110929660208158,0.16796808993674672,524,False,True,True,77.87,2023-01-24,0.2110929660208158,LOSS,7.0,crypto
ONT-USD,LONG,2023-02-10,0.21966899931430817,0.19374776899973764,0.2715114599434492,548,False,True,False,50.97,2023-02-20,0.2715114599434492,WIN,10.0,crypto
ONT-USD,LONG,2023-03-06,0.22503499686717987,0.19367542012645012,0.2877541503486394,572,False,False,False,42.42,2023-03-09,0.19367542012645012,LOSS,3.0,crypto
ONT-USD,LONG,2023-03-11,0.19011400640010834,0.15784675081112726,0.2546485175780705,577,False,False,False,32.09,2023-03-17,0.2546485175780705,WIN,6.0,crypto
ONT-USD,SHORT,2023-04-08,0.26888200640678406,0.3131678027559675,0.18031041370841716,605,False,False,False,70.27,2023-04-16,0.3131678027559675,LOSS,8.0,crypto
ONT-USD,SHORT,2023-04-17,0.28577399253845215,0.327733232531848,0.20185551255166045,614,False,False,False,67.14,2023-05-08,0.20185551255166045,WIN,21.0,crypto
ONT-USD,SHORT,2023-05-24,0.2321850061416626,0.25802202032335797,0.18051097777827185,651,False,True,True,56.21,2023-06-10,0.18051097777827185,WIN,17.0,crypto
ONT-USD,LONG,2023-06-12,0.1645369976758957,0.13889974216278567,0.21581150870211574,670,False,False,False,23.69,2023-07-01,0.21581150870211574,WIN,19.0,crypto
ONT-USD,LONG,2023-08-19,0.16378599405288696,0.14643359865762715,0.1984907848434066,738,False,False,False,29.91,2023-10-28,0.1984907848434066,WIN,70.0,crypto
ONT-USD,SHORT,2023-10-29,0.20648199319839478,0.22483000000978443,0.16978597957561548,809,False,False,False,83.94,2023-11-01,0.22483000000978443,LOSS,3.0,crypto
ONT-USD,LONG,2023-11-22,0.21201199293136597,0.18548669312365484,0.2650625925467882,833,False,False,False,40.1,2023-12-31,0.2650625925467882,WIN,39.0,crypto
ONT-USD,SHORT,2024-01-02,0.30727899074554443,0.35064706013346414,0.22054285196970502,874,False,False,False,80.46,2024-01-08,0.22054285196970502,WIN,6.0,crypto
ONT-USD,SHORT,2024-02-11,0.23698900640010834,0.2570630403525296,0.19684093849526585,914,False,False,False,52.7,2024-02-15,0.2570630403525296,LOSS,4.0,crypto
ONT-USD,SHORT,2024-02-17,0.2538749873638153,0.27495499730284745,0.21171496748575103,920,False,False,False,66.12,2024-02-20,0.27495499730284745,LOSS,3.0,crypto
ONT-USD,SHORT,2024-03-03,0.31061801314353943,0.3418226291756134,0.24820878107939148,935,False,False,False,85.25,2024-03-04,0.3418226291756134,LOSS,1.0,crypto
ONT-USD,LONG,2024-03-17,0.3405260145664215,0.2770854912369242,0.4674070612254161,949,False,False,False,50.03,2024-04-12,0.4674070612254161,WIN,26.0,crypto
ONT-USD,SHORT,2024-04-23,0.4265170097351074,0.5308844897791527,0.21778204964701686,986,False,False,False,68.21,2024-06-17,0.21778204964701686,WIN,55.0,crypto
ONT-USD,LONG,2024-06-19,0.20374999940395355,0.16823434147920469,0.2747813152534513,1043,False,False,False,23.61,2024-07-05,0.16823434147920469,LOSS,16.0,crypto
ONT-USD,SHORT,2024-07-22,0.20602299273014069,0.22967985521385195,0.15870926776271815,1076,False,False,False,60.31,2024-08-04,0.15870926776271815,WIN,13.0,crypto
ONT-USD,SHORT,2024-08-25,0.19118599593639374,0.2110167049300734,0.1515245779490344,1110,False,True,True,64.23,2024-09-06,0.1515245779490344,WIN,12.0,crypto
ONT-USD,SHORT,2024-09-22,0.191879004240036,0.21432167418829381,0.1469936643435204,1138,False,True,True,71.03,2024-11-12,0.21432167418829381,LOSS,51.0,crypto
ONT-USD,SHORT,2024-12-04,0.35598400235176086,0.40721271429413675,0.2535265784670091,1211,False,False,False,87.72,2024-12-10,0.2535265784670091,WIN,6.0,crypto
ONT-USD,LONG,2024-12-11,0.2882539927959442,0.22810330587786426,0.4085553666321041,1218,False,False,False,46.3,2024-12-19,0.22810330587786426,LOSS,8.0,crypto
ONT-USD,LONG,2024-12-20,0.23025499284267426,0.17622596941910768,0.3383130396898074,1227,False,True,True,34.17,2025-02-03,0.17622596941910768,LOSS,45.0,crypto
ONT-USD,LONG,2025-03-11,0.13848599791526794,0.1109914014886668,0.19347519076847022,1308,False,False,False,26.72,2025-06-22,0.1109914014886668,LOSS,103.0,crypto
ONT-USD,LONG,2025-06-23,0.11968500167131424,0.10507274865503233,0.14890950770387806,1412,True,False,False,24.61,2025-07-14,0.14890950770387806,WIN,21.0,crypto
ONT-USD,SHORT,2025-07-16,0.15078100562095642,0.1649202747971236,0.12250246726862207,1435,False,True,True,69.47,2025-07-20,0.1649202747971236,LOSS,4.0,crypto
ONT-USD,SHORT,2025-08-26,0.17235900461673737,0.20126480647547537,0.11454740089926135,1476,False,False,False,77.04,2025-09-25,0.11454740089926135,WIN,30.0,crypto
ONT-USD,LONG,2025-09-26,0.1215210035443306,0.10638598103311593,0.15179104856675993,1507,False,False,False,30.35,2025-10-10,0.10638598103311593,LOSS,14.0,crypto
ONT-USD,LONG,2025-10-11,0.09264499694108963,0.06988387755486064,0.1381672357135476,1522,False,False,False,27.01,2025-11-21,0.06988387755486064,LOSS,41.0,crypto
ONT-USD,LONG,2025-12-19,0.05501500144600868,0.04687108247345556,0.07130283939111492,1591,False,False,False,23.97,2025-12-27,0.07130283939111492,WIN,8.0,crypto
ONT-USD,SHORT,2025-12-28,0.06004200130701065,0.07021211747121138,0.03970176897860919,1600,False,False,False,55.57,2025-12-29,0.07021211747121138,LOSS,1.0,crypto
ONT-USD,SHORT,2025-12-31,0.06392200291156769,0.07798165107495096,0.03580270658480114,1603,False,False,False,58.07,2026-03-30,0.07798165107495096,LOSS,89.0,crypto
ONT-USD,SHORT,2026-03-31,0.08327200263738632,0.10247303597822355,0.04486993595571187,1693,False,False,False,77.91,2026-04-01,0.10247303597822355,LOSS,1.0,crypto
ONT-USD,SHORT,2026-04-02,0.10811399668455124,0.1355573877416187,0.05322721457041629,1695,False,False,False,83.18,2026-05-26,0.05322721457041629,WIN,54.0,crypto
ONT-USD,SHORT,2026-06-16,0.048562999814748764,0.05475503358156601,0.03617893228111427,1770,False,False,False,45.5,2026-08-11,0.03617893228111427,WIN,56.0,crypto
OP-USD,SHORT,2022-10-10,0.7538859844207764,0.8677772682720049,0.5261034167183194,210,False,False,False,97.97,2022-10-24,0.8677772682720049,LOSS,14.0,crypto
OP-USD,LONG,2022-11-10,1.0432209968566895,0.7384571395876183,1.6527487113948318,241,False,False,False,41.7,2023-01-14,1.6527487113948318,WIN,65.0,crypto
OP-USD,SHORT,2023-01-16,1.7904139757156372,2.0189559377680255,1.3333300516108606,308,False,False,False,91.36,2023-01-20,2.0189559377680255,LOSS,4.0,crypto
OP-USD,LONG,2023-02-11,2.491779088973999,1.9260346209953245,3.623268024931348,334,False,False,False,51.15,2023-03-11,1.9260346209953245,LOSS,28.0,crypto
OP-USD,LONG,2023-03-12,2.3485500812530518,1.767353792184382,3.510942659390391,363,False,True,True,33.19,2023-05-08,1.767353792184382,LOSS,57.0,crypto
OP-USD,LONG,2023-05-09,1.70912504196167,1.4406222922551093,2.246130541374791,421,False,False,False,26.25,2023-05-30,1.4406222922551093,LOSS,21.0,crypto
OP-USD,SHORT,2023-06-24,1.3071390390396118,1.518414113903557,0.8845888893117215,467,False,False,False,54.0,2023-07-14,1.518414113903557,LOSS,20.0,crypto
OP-USD,SHORT,2023-07-15,1.455968976020813,1.6487672894234309,1.0703723492155772,488,False,True,True,64.09,2023-07-31,1.6487672894234309,LOSS,16.0,crypto
OP-USD,LONG,2023-08-18,1.4397170543670654,1.2601595432470587,1.798832076607079,522,False,False,False,34.25,2023-09-10,1.2601595432470587,LOSS,23.0,crypto
OP-USD,SHORT,2023-10-02,1.3936539888381958,1.50325525435132,1.1744514578119474,567,False,True,True,60.13,2023-10-12,1.1744514578119474,WIN,10.0,crypto
OP-USD,SHORT,2023-10-27,1.3670730590820312,1.483815164684758,1.1335888478765779,592,False,True,True,66.94,2023-11-04,1.483815164684758,LOSS,8.0,crypto
OP-USD,SHORT,2023-12-25,3.385806083679199,3.9342089592380067,2.289000332561584,651,False,False,False,80.1,2023-12-27,3.9342089592380067,LOSS,2.0,crypto
OP-USD,SHORT,2024-02-13,3.7317230701446533,4.198734885215754,2.797699440002452,701,False,False,False,68.34,2024-03-03,4.198734885215754,LOSS,19.0,crypto
OP-USD,LONG,2024-03-19,3.4499669075012207,2.7207328606697523,4.9084350011641575,736,False,True,True,33.99,2024-04-12,2.7207328606697523,LOSS,24.0,crypto
OP-USD,SHORT,2024-05-04,2.8821659088134766,3.375922808842542,1.8946521087553458,782,False,True,False,56.28,2024-06-18,1.8946521087553458,WIN,45.0,crypto
OP-USD,LONG,2024-07-06,1.4880319833755493,1.2306045376483403,2.0028868748299673,845,False,False,False,21.21,2024-08-05,1.2306045376483403,LOSS,30.0,crypto
OP-USD,SHORT,2024-08-24,1.603659987449646,1.8110376171664964,1.1889047280159453,894,False,True,True,61.37,2024-09-27,1.8110376171664964,LOSS,34.0,crypto
OP-USD,SHORT,2024-09-28,1.8805309534072876,2.08735768047928,1.466877499263303,929,False,True,True,70.84,2024-11-02,1.466877499263303,WIN,35.0,crypto
OP-USD,LONG,2024-11-05,1.4159129858016968,1.1995724556428795,1.8485940461193313,967,False,False,False,31.15,2024-11-12,1.8485940461193313,WIN,7.0,crypto
OP-USD,SHORT,2024-11-23,2.206587076187134,2.594207875736519,1.4313454770883638,985,False,False,False,66.98,2024-11-28,2.594207875736519,LOSS,5.0,crypto
OP-USD,LONG,2024-12-23,1.9218950271606445,1.4478832608131382,2.869918559855657,1015,False,False,False,32.71,2025-01-27,1.4478832608131382,LOSS,35.0,crypto
OP-USD,LONG,2025-01-29,1.4353770017623901,1.152338783569316,2.0014534381485385,1052,False,False,False,27.81,2025-02-02,1.152338783569316,LOSS,4.0,crypto
OP-USD,LONG,2025-02-03,1.1873470544815063,0.8617555566928451,1.8385300500588289,1057,False,False,False,22.9,2025-03-09,0.8617555566928451,LOSS,34.0,crypto
OP-USD,LONG,2025-04-07,0.6147410273551941,0.4868548336103154,0.8705134148449515,1120,False,False,False,26.15,2025-05-10,0.8705134148449515,WIN,33.0,crypto
OP-USD,SHORT,2025-05-11,0.8619779944419861,0.9897371326698552,0.6064597179862479,1154,False,True,True,68.63,2025-05-31,0.6064597179862479,WIN,20.0,crypto
OP-USD,LONG,2025-06-23,0.5486170053482056,0.44690009795753916,0.7520508201295384,1197,False,False,False,29.99,2025-07-18,0.7520508201295384,WIN,25.0,crypto
OP-USD,SHORT,2025-07-20,0.7861809730529785,0.8871761130776014,0.5841906930037328,1224,False,True,True,74.47,2025-10-10,0.5841906930037328,WIN,82.0,crypto
OP-USD,LONG,2025-10-12,0.4883579909801483,0.3452808810080475,0.77451221092435,1308,False,False,False,25.37,2025-11-03,0.3452808810080475,LOSS,22.0,crypto
OP-USD,SHORT,2025-11-11,0.4061410129070282,0.4853355379097478,0.24775196290158896,1338,False,False,False,50.5,2026-01-31,0.24775196290158896,WIN,81.0,crypto
OP-USD,LONG,2026-02-04,0.2188909947872162,0.17732678365258586,0.30201941705647684,1423,False,False,False,23.13,2026-02-06,0.17732678365258586,LOSS,2.0,crypto
OP-USD,SHORT,2026-03-18,0.12624500691890717,0.1440704329540827,0.0905941548485561,1465,False,False,False,50.89,2026-05-06,0.1440704329540827,LOSS,49.0,crypto
OP-USD,SHORT,2026-05-09,0.163565993309021,0.1828192400549536,0.1250594998171558,1517,False,True,True,83.15,2026-05-17,0.1250594998171558,WIN,8.0,crypto
OP-USD,SHORT,2026-07-04,0.10755600035190582,0.12123986159360081,0.08018827786851584,1573,False,False,False,54.28,,,OPEN,,crypto
PERP-USD,SHORT,2022-03-20,4.023650169372559,4.63167806407955,2.8075943799585765,221,False,False,False,43.31,2022-03-24,4.63167806407955,LOSS,4.0,crypto
PERP-USD,SHORT,2022-03-28,4.800300121307373,5.391288428658088,3.618323506605943,229,False,False,False,66.47,2022-03-31,5.391288428658088,LOSS,3.0,crypto
PERP-USD,SHORT,2022-06-01,1.2644859552383423,1.6876666813659915,0.4181245029830438,294,False,False,False,42.47,2022-11-08,0.4181245029830438,WIN,160.0,crypto
PERP-USD,LONG,2022-11-10,0.38745400309562683,0.2657727141019114,0.6308165810830577,456,False,False,False,23.28,2023-01-24,0.6308165810830577,WIN,75.0,crypto
PERP-USD,LONG,2023-02-11,0.5941159725189209,0.47678725516786813,0.8287734072210264,549,False,True,False,46.56,2023-02-19,0.8287734072210264,WIN,8.0,crypto
PERP-USD,SHORT,2023-04-15,0.8535900115966797,0.9616574691837653,0.6374550964225085,612,False,True,True,56.48,2023-05-01,0.6374550964225085,WIN,16.0,crypto
PERP-USD,LONG,2023-05-02,0.6485729813575745,0.5578710996229183,0.8299767448268869,629,False,False,False,31.39,2023-05-08,0.5578710996229183,LOSS,6.0,crypto
PERP-USD,LONG,2023-06-13,0.417059987783432,0.3545102965252776,0.5421593702997408,671,False,False,False,25.37,2023-07-01,0.5421593702997408,WIN,18.0,crypto
PERP-USD,LONG,2023-07-26,0.47135698795318604,0.42643285509642787,0.5612052536667024,714,False,False,False,39.3,2023-08-17,0.42643285509642787,LOSS,22.0,crypto
PERP-USD,LONG,2023-08-19,0.4240950047969818,0.3743286930676196,0.5236276282557062,738,False,False,False,27.53,2023-09-05,0.5236276282557062,WIN,17.0,crypto
PERP-USD,SHORT,2023-09-09,1.0266449451446533,1.2633881851542983,0.5531584651253634,759,False,False,False,92.93,2023-10-09,0.5531584651253634,WIN,30.0,crypto
PERP-USD,LONG,2023-10-20,0.5217350125312805,0.4543908056118411,0.6564234263701594,800,False,False,False,33.95,2023-11-08,0.6564234263701594,WIN,19.0,crypto
PERP-USD,SHORT,2023-11-11,0.701416015625,0.7968330164094705,0.5105820140560591,822,False,False,False,70.62,2023-12-14,0.7968330164094705,LOSS,33.0,crypto
PERP-USD,SHORT,2023-12-21,0.8167459964752197,0.9450462316095866,0.560145526206486,862,False,False,False,70.05,2023-12-26,0.9450462316095866,LOSS,5.0,crypto
PERP-USD,SHORT,2023-12-28,1.0909780263900757,1.3208713432381562,0.6311913926939146,869,False,False,False,76.77,2024-01-01,1.3208713432381562,LOSS,4.0,crypto
PERP-USD,SHORT,2024-01-03,1.7078499794006348,2.0737727247343227,0.9760044887332588,875,False,False,False,83.73,2024-04-13,0.9760044887332588,WIN,101.0,crypto
PERP-USD,SHORT,2024-05-18,1.0491880178451538,1.1996029354233286,0.7483581826888042,1011,False,False,False,50.11,2024-05-25,1.1996029354233286,LOSS,7.0,crypto
PERP-USD,SHORT,2024-05-26,1.1532540321350098,1.314939304858142,0.8298834866887455,1019,False,False,False,63.04,2024-06-17,0.8298834866887455,WIN,22.0,crypto
PERP-USD,LONG,2024-06-19,0.7458170056343079,0.6033756351080255,1.0306997466868726,1043,False,False,False,23.54,2024-07-04,0.6033756351080255,LOSS,15.0,crypto
PERP-USD,SHORT,2024-07-22,0.6667810082435608,0.7597190641515051,0.4809048964276721,1076,True,False,False,56.3,2024-08-04,0.4809048964276721,WIN,13.0,crypto
PERP-USD,SHORT,2024-08-24,0.6809309720993042,0.7687405842026381,0.5053117478926363,1109,False,True,True,68.17,2024-10-21,0.7687405842026381,LOSS,58.0,crypto
PERP-USD,LONG,2024-12-20,0.8389289975166321,0.6234950029976354,1.2697969865546255,1227,False,True,True,36.7,2025-01-13,0.6234950029976354,LOSS,24.0,crypto
PERP-USD,LONG,2025-02-07,0.44289299845695496,0.32701284157979876,0.6746533122112673,1276,False,False,False,24.26,2025-03-10,0.32701284157979876,LOSS,31.0,crypto
PERP-USD,SHORT,2025-03-26,0.38228100538253784,0.4365574286149526,0.2737281589177083,1323,False,False,False,52.15,2025-04-03,0.2737281589177083,WIN,8.0,crypto
PERP-USD,LONG,2025-04-08,0.19660399854183197,0.13737878782534446,0.315054419974807,1336,False,False,False,20.79,2025-04-20,0.315054419974807,WIN,12.0,crypto
PERP-USD,SHORT,2025-04-21,0.23780600726604462,0.3069165740543313,0.09958487368947122,1349,False,False,False,60.52,2025-04-25,0.3069165740543313,LOSS,4.0,crypto
PERP-USD,LONG,2025-06-23,0.21944600343704224,0.18448880168264903,0.28936040694582865,1412,True,False,False,30.68,2025-07-07,0.28936040694582865,WIN,14.0,crypto
PERP-USD,SHORT,2025-07-13,0.27441999316215515,0.31298928649506486,0.19728140649633574,1432,False,True,True,67.53,2025-07-26,0.31298928649506486,LOSS,13.0,crypto
PERP-USD,LONG,2025-08-03,0.2513279914855957,0.2112288513393215,0.3315262717781441,1453,False,False,False,38.1,2025-09-21,0.3315262717781441,WIN,49.0,crypto
PERP-USD,SHORT,2025-09-22,0.2728480100631714,0.31711412487089186,0.18431578044773045,1503,False,True,True,72.83,2025-10-10,0.18431578044773045,WIN,18.0,crypto
PERP-USD,LONG,2025-10-12,0.22877199947834015,0.1744380055887747,0.33743998725747104,1523,False,False,False,30.05,2025-10-29,0.1744380055887747,LOSS,17.0,crypto
PERP-USD,LONG,2025-11-05,0.13874299824237823,0.09636909892674403,0.22349079687364665,1547,False,False,False,19.82,2025-11-19,0.09636909892674403,LOSS,14.0,crypto
PERP-USD,SHORT,2025-11-26,0.11729999631643295,0.16236014234261792,0.02717970426406302,1568,False,False,False,57.61,2026-01-06,0.16236014234261792,LOSS,41.0,crypto
PERP-USD,LONG,2026-01-25,0.028859000653028488,-0.017834824170336647,0.12224665029975876,1628,False,False,False,8.42,,,OPEN,,crypto
POL-USD,LONG,2022-03-15,0.05860200151801109,0.04686377917358648,0.08207844620686032,216,False,False,False,27.22,2022-04-25,0.04686377917358648,LOSS,41.0,crypto
POL-USD,SHORT,2022-05-07,0.0444130003452301,0.05558098585158184,0.02207702933252663,269,False,False,False,53.31,2022-05-12,0.02207702933252663,WIN,5.0,crypto
POL-USD,LONG,2022-06-19,0.02363000065088272,0.01458709932524441,0.04171580330215934,312,True,False,False,23.8,2022-06-20,0.04171580330215934,WIN,1.0,crypto
POL-USD,SHORT,2022-06-21,0.035030998289585114,0.04899060185644989,0.007111791155855557,314,False,True,True,61.19,2023-10-14,0.007111791155855557,WIN,480.0,crypto
POL-USD,LONG,2023-10-21,0.005621999967843294,0.004720253439314737,0.007425493024900408,801,False,False,False,15.23,2023-10-24,0.007425493024900408,WIN,3.0,crypto
POL-USD,SHORT,2023-10-28,0.008240999653935432,0.009752267299424855,0.0052184643629565874,808,False,True,True,65.08,,,OPEN,,crypto
POWR-USD,SHORT,2022-04-02,0.6387010216712952,0.7184087392742612,0.4792855864653631,234,False,False,False,83.3,2022-04-25,0.4792855864653631,WIN,23.0,crypto
POWR-USD,LONG,2022-05-13,0.2203969955444336,0.1401181884065445,0.3809546098202118,275,False,False,False,16.2,2022-06-06,0.3809546098202118,WIN,24.0,crypto
POWR-USD,SHORT,2022-06-07,0.30306199193000793,0.3700603939578506,0.16906518787432256,300,False,False,False,58.69,2022-10-13,0.16906518787432256,WIN,128.0,crypto
POWR-USD,LONG,2022-10-14,0.17981000244617462,0.16238329214545547,0.21466342304761293,429,False,False,False,31.48,2022-11-04,0.21466342304761293,WIN,21.0,crypto
POWR-USD,LONG,2022-11-10,0.1497499942779541,0.12119619007485481,0.20685760268415268,456,False,False,False,21.81,2022-12-29,0.12119619007485481,LOSS,49.0,crypto
POWR-USD,SHORT,2023-01-18,0.15303799510002136,0.17101058827290136,0.11709280875426137,525,True,True,True,78.74,2023-01-20,0.17101058827290136,LOSS,2.0,crypto
POWR-USD,LONG,2023-02-14,0.18474599719047546,0.1543308893580538,0.24557621285531878,552,False,True,False,48.27,2023-03-01,0.24557621285531878,WIN,15.0,crypto
POWR-USD,LONG,2023-03-07,0.1850920021533966,0.15428942434338025,0.24669715777342932,573,False,False,False,40.07,2023-03-09,0.15428942434338025,LOSS,2.0,crypto
POWR-USD,LONG,2023-03-12,0.16613000631332397,0.13663493617347666,0.2251201465930186,578,False,False,False,30.97,2023-04-06,0.2251201465930186,WIN,25.0,crypto
POWR-USD,LONG,2023-04-20,0.19902600347995758,0.17539654579266845,0.24628491885453585,617,False,False,False,42.55,2023-04-24,0.17539654579266845,LOSS,4.0,crypto
POWR-USD,LONG,2023-04-25,0.1777849942445755,0.1517891943345494,0.2297765940646277,622,False,False,False,39.42,2023-05-24,0.1517891943345494,LOSS,29.0,crypto
POWR-USD,LONG,2023-05-25,0.15235400199890137,0.13893314460257183,0.17919571679156043,652,False,False,False,30.18,2023-06-10,0.13893314460257183,LOSS,16.0,crypto
POWR-USD,LONG,2023-06-11,0.12849299609661102,0.11544870991853086,0.15458156845277135,669,False,False,False,21.75,2023-07-11,0.15458156845277135,WIN,30.0,crypto
POWR-USD,SHORT,2023-07-14,0.17601099610328674,0.21409367522579242,0.09984563785827538,702,False,False,False,80.7,2023-10-21,0.21409367522579242,LOSS,99.0,crypto
POWR-USD,SHORT,2023-10-26,0.2577570080757141,0.331536114181678,0.11019879586378634,806,True,False,False,92.28,2023-12-08,0.331536114181678,LOSS,43.0,crypto
POWR-USD,SHORT,2023-12-14,0.39579901099205017,0.45022316471930024,0.28695070353755003,855,False,False,False,82.25,2024-01-03,0.45022316471930024,LOSS,20.0,crypto
POWR-USD,SHORT,2024-01-07,0.48734599351882935,0.7357142477180011,-0.009390514879514145,879,False,False,False,92.03,,,OPEN,,crypto
PYTH-USD,LONG,2024-06-19,0.3116140067577362,0.24312040272966767,0.4486012148138733,212,False,False,False,27.51,2024-07-05,0.24312040272966767,LOSS,16.0,crypto
PYTH-USD,SHORT,2024-07-18,0.343733012676239,0.39316108968307395,0.24487685866256914,241,False,False,False,57.36,2024-07-26,0.39316108968307395,LOSS,8.0,crypto
PYTH-USD,SHORT,2024-09-22,0.315203994512558,0.3501272774668326,0.24535742860400878,307,False,True,True,66.21,2024-09-24,0.3501272774668326,LOSS,2.0,crypto
PYTH-USD,SHORT,2024-09-25,0.3353399932384491,0.3742598396225135,0.25750030047032024,310,False,True,True,70.56,2024-09-27,0.3742598396225135,LOSS,2.0,crypto
PYTH-USD,SHORT,2024-11-12,0.418954998254776,0.4865054955828596,0.2838540035986088,358,False,False,False,69.82,2024-11-29,0.4865054955828596,LOSS,17.0,crypto
PYTH-USD,LONG,2024-12-11,0.43999698758125305,0.3470497685811994,0.6258914255813603,387,False,False,False,37.69,2024-12-20,0.3470497685811994,LOSS,9.0,crypto
PYTH-USD,LONG,2025-01-29,0.2747659981250763,0.21986398061995105,0.3845700331353268,436,False,False,False,29.96,2025-02-02,0.21986398061995105,LOSS,4.0,crypto
PYTH-USD,LONG,2025-02-08,0.18983900547027588,0.13596570682633574,0.29758560275815615,446,False,False,False,19.69,2025-03-10,0.13596570682633574,LOSS,30.0,crypto
PYTH-USD,SHORT,2025-04-27,0.1538809984922409,0.1753958611539697,0.1108512731687833,524,False,False,False,65.18,2025-05-09,0.1753958611539697,LOSS,12.0,crypto
PYTH-USD,SHORT,2025-05-11,0.1865909993648529,0.21408794150388924,0.13159711508678024,538,False,True,True,72.22,2025-05-20,0.13159711508678024,WIN,9.0,crypto
PYTH-USD,LONG,2025-06-23,0.09521900117397308,0.07691631130461919,0.13182438091268087,581,True,False,False,26.45,2025-07-18,0.13182438091268087,WIN,25.0,crypto
PYTH-USD,SHORT,2025-07-21,0.14883799850940704,0.16848557334279235,0.10954284884263643,609,False,True,True,77.87,2025-08-01,0.10954284884263643,WIN,11.0,crypto
PYTH-USD,SHORT,2025-08-30,0.19333800673484802,0.2343386871043955,0.11133664599575305,649,False,False,False,74.21,2025-10-10,0.11133664599575305,WIN,41.0,crypto
PYTH-USD,LONG,2025-10-12,0.12146499752998352,0.08703857047498789,0.19031785163997478,692,False,False,False,28.81,2025-11-04,0.08703857047498789,LOSS,23.0,crypto
PYTH-USD,LONG,2025-12-19,0.05813699960708618,0.047501024575818056,0.07940894966962243,760,False,False,False,26.89,2026-02-05,0.047501024575818056,LOSS,48.0,crypto
PYTH-USD,LONG,2026-02-06,0.047600001096725464,0.03637607875359389,0.07004784578298862,809,False,False,False,23.72,2026-06-04,0.03637607875359389,LOSS,118.0,crypto
PYTH-USD,SHORT,2026-07-07,0.04289200156927109,0.049608232789291724,0.029459539129229814,960,False,True,True,70.95,2026-07-13,0.049608232789291724,LOSS,6.0,crypto
QNT-USD,SHORT,2022-03-28,142.74557495117188,160.69426616535307,106.84819252280948,229,False,True,True,74.37,2022-04-18,106.84819252280948,WIN,21.0,crypto
QNT-USD,LONG,2022-05-10,72.3017807006836,56.556505692193966,103.79233071766285,272,False,False,False,22.54,2022-05-11,56.556505692193966,LOSS,1.0,crypto
QNT-USD,LONG,2022-05-12,72.75651550292969,53.17409363885782,111.92135923107342,274,False,False,False,19.98,2022-06-12,53.17409363885782,LOSS,31.0,crypto
QNT-USD,LONG,2022-06-15,50.78422927856445,39.39202752680808,73.5686327820772,308,False,False,False,25.15,2022-07-08,73.5686327820772,WIN,23.0,crypto
QNT-USD,SHORT,2022-07-11,79.40902709960938,94.28633743838607,49.654406422055985,334,False,True,True,72.08,2022-07-14,94.28633743838607,LOSS,3.0,crypto
QNT-USD,LONG,2022-08-18,109.60919952392578,92.4098078410147,144.00798288974795,372,False,False,False,47.96,2022-09-02,92.4098078410147,LOSS,15.0,crypto
QNT-USD,SHORT,2022-09-29,133.93235778808594,151.68655159641648,98.42397017142486,414,False,False,False,75.13,2022-10-08,151.68655159641648,LOSS,9.0,crypto
QNT-USD,SHORT,2022-10-18,184.9241485595703,213.33868358511214,128.09507850848667,433,False,False,False,86.79,2022-11-09,128.09507850848667,WIN,22.0,crypto
QNT-USD,LONG,2022-11-10,125.92330932617188,95.55516657680485,186.65959482490592,456,False,True,True,24.03,2022-11-14,95.55516657680485,LOSS,4.0,crypto
QNT-USD,SHORT,2023-01-18,132.2592315673828,146.3098467108355,104.15800128047744,525,True,False,False,80.75,2023-01-20,146.3098467108355,LOSS,2.0,crypto
QNT-USD,LONG,2023-02-10,131.60145568847656,116.69145232651569,161.4214624123983,548,False,True,True,42.53,2023-03-08,116.69145232651569,LOSS,26.0,crypto
QNT-USD,LONG,2023-03-10,119.752685546875,106.56095650791512,146.13614362479476,576,False,False,False,24.45,2023-05-08,106.56095650791512,LOSS,59.0,crypto
QNT-USD,SHORT,2023-06-03,115.95942687988281,124.03452741566825,99.80922580831194,661,False,True,True,69.27,2023-06-10,99.80922580831194,WIN,7.0,crypto
QNT-USD,SHORT,2023-07-31,109.31267547607422,116.51043286856735,94.91716069108796,719,False,True,True,64.24,2023-08-17,94.91716069108796,WIN,17.0,crypto
QNT-USD,LONG,2023-08-18,99.86661529541016,94.0370094512503,111.52582698372987,737,False,False,False,30.28,2023-09-11,94.0370094512503,LOSS,24.0,crypto
QNT-USD,LONG,2023-09-14,92.33015441894531,87.57296414369218,101.84453496945159,764,False,False,False,28.45,2023-09-25,87.57296414369218,LOSS,11.0,crypto
QNT-USD,SHORT,2023-10-27,105.5336685180664,112.67917376947571,91.2426580152478,807,False,False,False,80.94,2023-12-06,112.67917376947571,LOSS,40.0,crypto
QNT-USD,SHORT,2023-12-07,109.86273956298828,118.7264262089846,92.13536627099563,848,False,False,False,67.54,2023-12-09,118.7264262089846,LOSS,2.0,crypto
QNT-USD,SHORT,2023-12-10,114.78873443603516,123.93671621298351,96.49277088213844,851,False,False,False,71.38,2023-12-24,123.93671621298351,LOSS,14.0,crypto
QNT-USD,SHORT,2023-12-27,139.5484161376953,155.3677463335136,107.90975574605875,868,False,False,False,79.96,2024-01-08,107.90975574605875,WIN,12.0,crypto
QNT-USD,SHORT,2024-02-17,107.40406036376953,116.63956697696743,88.93304713737373,920,False,False,False,55.13,2024-03-01,116.63956697696743,LOSS,13.0,crypto
QNT-USD,SHORT,2024-03-03,122.8062973022461,134.91527068679292,98.58835053315244,935,False,False,False,75.32,2024-03-04,134.91527068679292,LOSS,1.0,crypto
QNT-USD,LONG,2024-04-03,119.08040618896484,99.78111091982164,157.67899672725125,966,False,True,True,41.49,2024-04-12,99.78111091982164,LOSS,9.0,crypto
QNT-USD,LONG,2024-04-14,104.83527374267578,85.55626048335682,143.3933002613137,977,False,False,False,25.37,2024-06-07,85.55626048335682,LOSS,54.0,crypto
QNT-USD,LONG,2024-06-09,87.76162719726562,79.93317708786154,103.4185274160738,1033,False,False,False,25.64,2024-06-14,79.93317708786154,LOSS,5.0,crypto
QNT-USD,SHORT,2024-07-03,76.3306884765625,83.6314499387735,61.7291655521405,1057,False,False,False,50.09,2024-08-04,61.7291655521405,WIN,32.0,crypto
QNT-USD,LONG,2024-08-06,61.408363342285156,53.170287418113176,77.88451519062912,1091,False,False,False,21.67,2024-09-23,77.88451519062912,WIN,48.0,crypto
QNT-USD,LONG,2024-11-05,56.92816925048828,51.76847417477673,67.24755940191139,1182,False,False,False,30.32,2024-11-10,67.24755940191139,WIN,5.0,crypto
QNT-USD,SHORT,2024-11-12,62.93638610839844,70.06278760253223,48.68358312013086,1189,False,False,False,67.97,2024-11-16,70.06278760253223,LOSS,4.0,crypto
QNT-USD,SHORT,2024-11-17,79.52540588378906,91.48702237988952,55.60217289158814,1194,False,False,False,75.88,2024-11-18,91.48702237988952,LOSS,1.0,crypto
QNT-USD,SHORT,2024-11-20,88.1044921875,101.69608732628615,60.921301909927706,1197,False,False,False,71.37,2024-11-23,101.69608732628615,LOSS,3.0,crypto
QNT-USD,LONG,2024-12-22,104.71430206298828,78.58847429250497,156.9659576039549,1229,False,True,True,39.92,2025-02-03,78.58847429250497,LOSS,43.0,crypto
QNT-USD,LONG,2025-04-09,66.7404556274414,56.99672428681848,86.22791830868726,1337,False,False,False,26.16,2025-05-04,86.22791830868726,WIN,25.0,crypto
QNT-USD,LONG,2025-06-15,106.88483428955078,94.12643212425658,132.40163862013918,1404,False,False,False,45.33,2025-06-21,94.12643212425658,LOSS,6.0,crypto
QNT-USD,LONG,2025-06-23,98.66873168945312,85.29765872411933,125.41087762012071,1412,False,True,True,31.31,2025-07-21,125.41087762012071,WIN,28.0,crypto
QNT-USD,SHORT,2025-07-23,121.15504455566406,135.13882564949492,93.18748236800235,1442,False,False,False,77.83,2025-09-22,93.18748236800235,WIN,61.0,crypto
QNT-USD,LONG,2025-09-23,92.60240936279297,84.84854117790388,108.11014573257114,1504,False,False,False,29.73,2025-10-02,108.11014573257114,WIN,9.0,crypto
QNT-USD,SHORT,2025-10-03,105.88842010498047,116.31184707029422,85.04156617435297,1514,False,False,False,58.62,2025-10-10,85.04156617435297,WIN,7.0,crypto
QNT-USD,SHORT,2025-11-08,84.45968627929688,96.60303734039539,60.17298415709985,1550,False,False,False,55.25,2025-11-28,96.60303734039539,LOSS,20.0,crypto
QNT-USD,SHORT,2025-12-01,100.70320892333984,115.45302033164359,71.20358610673236,1573,False,False,False,67.83,2025-12-18,71.20358610673236,WIN,17.0,crypto
QNT-USD,SHORT,2026-01-18,79.29237365722656,88.04264915796408,61.79182265575153,1621,False,True,True,63.77,2026-02-05,61.79182265575153,WIN,18.0,crypto
QNT-USD,LONG,2026-02-06,65.7092056274414,54.00572739560107,89.11616209112208,1640,False,False,False,28.36,,,OPEN,,crypto
QTUM-USD,SHORT,2022-03-28,8.19531536102295,9.178991101869254,6.227963879330339,229,True,True,True,76.77,2022-03-30,9.178991101869254,LOSS,2.0,crypto
QTUM-USD,LONG,2022-05-10,4.754333019256592,3.801141158875973,6.660716740017829,272,False,False,False,27.86,2022-05-12,3.801141158875973,LOSS,2.0,crypto
QTUM-USD,LONG,2022-05-13,3.897167921066284,2.7653148394303635,6.1608740843381256,275,False,False,False,24.07,2022-06-13,2.7653148394303635,LOSS,31.0,crypto
QTUM-USD,LONG,2022-06-15,2.962153911590576,2.311542346115072,4.263377042541585,308,False,False,False,24.21,2022-07-28,4.263377042541585,WIN,43.0,crypto
QTUM-USD,SHORT,2022-07-30,4.314432144165039,4.997307483737154,2.94868146502081,353,False,True,True,81.27,2022-09-07,2.94868146502081,WIN,39.0,crypto
QTUM-USD,SHORT,2022-10-24,2.6865460872650146,2.9057439515960435,2.248150358602957,439,False,False,False,49.71,2022-10-27,2.9057439515960435,LOSS,3.0,crypto
QTUM-USD,SHORT,2022-10-30,2.8582849502563477,3.0934810511754156,2.3878927484182118,445,False,False,False,60.85,2022-11-08,2.3878927484182118,WIN,9.0,crypto
QTUM-USD,LONG,2022-11-10,2.3244640827178955,1.9283767568393544,3.1166387344749777,456,False,False,False,24.54,2022-11-14,1.9283767568393544,LOSS,4.0,crypto
QTUM-USD,SHORT,2022-12-16,2.126065969467163,2.3399070843405534,1.6983837397203825,492,True,False,False,60.69,2023-01-14,2.3399070843405534,LOSS,29.0,crypto
QTUM-USD,SHORT,2023-01-16,2.3751161098480225,2.564919744109908,1.9955088413242512,523,False,True,True,79.35,2023-01-22,2.564919744109908,LOSS,6.0,crypto
QTUM-USD,LONG,2023-02-10,2.750844955444336,2.4002006216239216,3.4521336230851647,548,False,True,False,50.93,2023-02-20,3.4521336230851647,WIN,10.0,crypto
QTUM-USD,SHORT,2023-02-21,3.6273961067199707,4.135058364946823,2.6120715902662663,559,False,False,False,80.17,2023-03-09,2.6120715902662663,WIN,16.0,crypto
QTUM-USD,LONG,2023-03-10,2.510420083999634,2.070872221265859,3.3895158094671833,576,False,False,False,34.92,2023-03-19,3.3895158094671833,WIN,9.0,crypto
QTUM-USD,SHORT,2023-04-17,3.281583070755005,3.589575112257765,2.665598987749485,614,False,False,False,64.64,2023-05-08,2.665598987749485,WIN,21.0,crypto
QTUM-USD,SHORT,2023-05-25,2.58486008644104,2.8120394014982724,2.1305014563265754,652,False,False,False,52.19,2023-05-29,2.8120394014982724,LOSS,4.0,crypto
QTUM-USD,LONG,2023-06-11,2.1136679649353027,1.8698258244627906,2.601352245880327,669,False,False,False,24.35,2023-06-30,2.601352245880327,WIN,19.0,crypto
QTUM-USD,SHORT,2023-07-02,2.851059913635254,3.239110877912331,2.0749579850810997,690,False,False,False,74.09,2023-08-17,2.0749579850810997,WIN,46.0,crypto
QTUM-USD,LONG,2023-08-19,2.2289528846740723,1.9928432041846784,2.70117224565286,738,False,False,False,29.87,2023-09-11,1.9928432041846784,LOSS,23.0,crypto
QTUM-USD,SHORT,2023-09-17,2.1211800575256348,2.28821548714654,1.787109198283824,767,False,False,False,52.94,2023-10-01,2.28821548714654,LOSS,14.0,crypto
QTUM-USD,SHORT,2023-10-02,2.2780001163482666,2.4487116195060143,1.936577110032771,782,False,True,True,66.6,2023-10-23,2.4487116195060143,LOSS,21.0,crypto
QTUM-USD,SHORT,2023-10-29,3.0094549655914307,3.3048727605000163,2.4186193757742593,809,False,False,False,88.0,2023-11-01,3.3048727605000163,LOSS,3.0,crypto
QTUM-USD,LONG,2024-01-08,3.1098411083221436,2.63439984731409,4.06072363033825,880,False,True,True,37.91,2024-03-02,4.06072363033825,WIN,54.0,crypto
QTUM-USD,SHORT,2024-03-03,4.1883039474487305,4.626276498847664,3.3123588446508627,935,False,False,False,88.04,2024-03-04,4.626276498847664,LOSS,1.0,crypto
QTUM-USD,SHORT,2024-03-05,4.8941569328308105,5.782952861023977,3.116565076444477,937,False,False,False,89.23,2024-06-07,3.116565076444477,WIN,94.0,crypto
QTUM-USD,LONG,2024-06-09,3.1568679809570312,2.8033620597447246,3.8638798233816445,1033,False,False,False,29.97,2024-06-17,2.8033620597447246,LOSS,8.0,crypto
QTUM-USD,SHORT,2024-07-22,2.674501895904541,2.956761757425463,2.109982172862697,1076,False,False,False,64.86,2024-08-04,2.109982172862697,WIN,13.0,crypto
QTUM-USD,LONG,2024-10-26,2.2176029682159424,1.9839592032783127,2.684890498091202,1172,False,False,False,35.13,2024-11-10,2.684890498091202,WIN,15.0,crypto
QTUM-USD,SHORT,2024-11-12,2.7266669273376465,3.014315360502812,2.1513700610073156,1189,False,False,False,72.01,2024-11-16,3.014315360502812,LOSS,4.0,crypto
QTUM-USD,SHORT,2024-11-17,2.9276320934295654,3.3239785718665473,2.1349391365556016,1194,False,False,False,74.23,2024-11-22,3.3239785718665473,LOSS,5.0,crypto
QTUM-USD,LONG,2024-12-11,4.155109882354736,3.243097580744402,5.979134485575405,1218,False,False,False,48.65,2024-12-19,3.243097580744402,LOSS,8.0,crypto
QTUM-USD,LONG,2024-12-20,3.1565630435943604,2.356984081931113,4.755720966920855,1227,False,True,True,34.9,2025-02-01,4.755720966920855,WIN,43.0,crypto
QTUM-USD,SHORT,2025-02-02,3.0489680767059326,3.883532445693176,1.379839338731446,1271,False,False,False,67.54,2025-10-10,1.379839338731446,WIN,250.0,crypto
QTUM-USD,LONG,2025-11-05,1.7709029912948608,1.5078601448664564,2.29698868415167,1547,False,False,False,33.24,2025-11-21,1.5078601448664564,LOSS,16.0,crypto
QTUM-USD,LONG,2025-11-22,1.5403000116348267,1.3067402327510818,2.0074195694023165,1564,False,False,False,31.36,2025-12-17,1.3067402327510818,LOSS,25.0,crypto
QTUM-USD,SHORT,2026-01-08,1.475888967514038,1.6378871512366648,1.1518926000687846,1611,False,True,True,60.08,2026-01-14,1.6378871512366648,LOSS,6.0,crypto
QTUM-USD,LONG,2026-02-01,1.062419056892395,0.906843245467388,1.373570679742409,1635,False,False,False,27.37,2026-02-05,0.906843245467388,LOSS,4.0,crypto
QTUM-USD,SHORT,2026-03-18,0.8964490294456482,0.9968120262419495,0.6957230358530455,1680,False,False,False,54.12,2026-04-03,0.9968120262419495,LOSS,16.0,crypto
QTUM-USD,SHORT,2026-04-04,0.961152970790863,1.075879101766824,0.7317007088389409,1697,False,True,True,59.66,2026-05-10,1.075879101766824,LOSS,36.0,crypto
QTUM-USD,SHORT,2026-05-13,0.9872909784317017,1.0898157160698183,0.7822415031554684,1736,True,True,True,70.59,2026-06-04,0.7822415031554684,WIN,22.0,crypto
QTUM-USD,LONG,2026-06-06,0.6852650046348572,0.5950199133863249,0.8657551871319218,1760,False,False,False,21.34,,,OPEN,,crypto
RENDER-USD,SHORT,2022-03-20,2.6058928966522217,3.100526302638154,1.616626084680357,221,False,False,False,54.57,2022-03-28,3.100526302638154,LOSS,8.0,crypto
RENDER-USD,LONG,2022-04-13,2.1086831092834473,1.674050845759985,2.977947636330372,245,False,False,False,29.47,2022-04-25,1.674050845759985,LOSS,12.0,crypto
RENDER-USD,LONG,2022-06-15,0.4099780023097992,0.20701597579679906,0.8159020553357994,308,False,False,False,21.79,2022-07-31,0.8159020553357994,WIN,46.0,crypto
RENDER-USD,SHORT,2022-08-02,0.6865869760513306,0.8341766811327294,0.391407565888533,356,False,True,True,65.99,2022-10-13,0.391407565888533,WIN,72.0,crypto
RENDER-USD,SHORT,2022-10-27,0.5081899762153625,0.581133329629699,0.36230326938668966,442,False,True,True,69.8,2022-10-31,0.581133329629699,LOSS,4.0,crypto
RENDER-USD,SHORT,2022-11-03,0.7434390187263489,0.870226326419134,0.48986440334077863,449,False,True,True,87.2,2022-11-05,0.870226326419134,LOSS,2.0,crypto
RENDER-USD,SHORT,2023-01-11,0.4501039981842041,0.49824906740378927,0.35381385974503377,517,False,False,False,56.67,2023-01-13,0.49824906740378927,LOSS,2.0,crypto
RENDER-USD,SHORT,2023-01-17,0.5778130292892456,0.6543341386134217,0.4247708106408934,523,False,True,True,83.42,2023-01-20,0.6543341386134217,LOSS,3.0,crypto
RENDER-USD,SHORT,2023-04-15,1.6735049486160278,1.929424703022269,1.1616654398035453,611,False,False,False,71.77,2023-04-17,1.929424703022269,LOSS,2.0,crypto
RENDER-USD,SHORT,2023-04-19,1.9266879558563232,2.2248839722293887,1.3302959231101923,615,False,False,False,77.45,2023-04-26,2.2248839722293887,LOSS,7.0,crypto
RENDER-USD,LONG,2023-05-10,1.8332420587539673,1.4282447689305515,2.643236638400799,636,False,False,False,41.33,2023-05-21,2.643236638400799,WIN,11.0,crypto
RENDER-USD,SHORT,2023-07-14,2.032538890838623,2.3200636516601674,1.4574893691955344,701,False,True,False,56.09,2023-08-17,1.4574893691955344,WIN,34.0,crypto
RENDER-USD,LONG,2023-08-20,1.4317560195922852,1.260524136886785,1.7742197850032855,738,False,False,False,26.16,2023-10-02,1.7742197850032855,WIN,43.0,crypto
RENDER-USD,LONG,2023-12-29,4.606061935424805,3.8474033312824107,6.123379143709593,869,False,False,False,55.39,2024-01-06,3.8474033312824107,LOSS,8.0,crypto
RENDER-USD,LONG,2024-01-08,4.055174827575684,3.243220732664847,5.679083017397357,879,False,False,False,35.94,2024-02-17,5.679083017397357,WIN,40.0,crypto
RENDER-USD,SHORT,2024-02-23,7.354091167449951,8.403230951958827,5.255811598432199,925,False,False,False,87.86,2024-03-06,8.403230951958827,LOSS,12.0,crypto
RENDER-USD,LONG,2024-03-20,11.698086738586426,8.872071617992997,17.350116979773283,951,False,False,False,54.67,2024-04-05,8.872071617992997,LOSS,16.0,crypto
RENDER-USD,LONG,2024-04-14,8.95490837097168,6.747633686030889,13.36945774085326,976,False,True,True,30.74,2024-07-04,6.747633686030889,LOSS,81.0,crypto
RENDER-USD,SHORT,2024-07-16,6.610384941101074,7.716591197798959,4.397972427705305,1069,False,False,False,46.98,2024-08-04,4.397972427705305,WIN,19.0,crypto
RENDER-USD,LONG,2024-08-06,4.664667129516602,3.5452922636258424,6.90341686129812,1090,False,False,False,20.1,2024-11-11,6.90341686129812,WIN,97.0,crypto
RENDER-USD,SHORT,2024-11-14,6.573671817779541,7.690854652484319,4.339306148369985,1190,False,False,False,72.93,2024-11-18,7.690854652484319,LOSS,4.0,crypto
RENDER-USD,LONG,2024-12-15,9.311624526977539,7.56508022883549,12.804713123261637,1221,False,False,False,54.18,2024-12-19,7.56508022883549,LOSS,4.0,crypto
RENDER-USD,LONG,2024-12-23,7.632379055023193,5.858895681130439,11.179345802808703,1229,False,True,True,35.19,2025-01-27,5.858895681130439,LOSS,35.0,crypto
RENDER-USD,LONG,2025-02-03,5.0507001876831055,3.5810601893656915,7.989980184317933,1271,False,False,False,27.8,2025-02-25,3.5810601893656915,LOSS,22.0,crypto
RENDER-USD,SHORT,2025-03-03,3.719352960586548,4.6144605513799135,1.9291377789998165,1299,False,False,False,50.9,2025-04-21,4.6144605513799135,LOSS,49.0,crypto
RENDER-USD,LONG,2025-05-18,4.687222003936768,3.9165866859235177,6.228492639963267,1375,False,True,False,47.74,2025-05-30,3.9165866859235177,LOSS,12.0,crypto
RENDER-USD,LONG,2025-06-01,3.923954963684082,3.2212482964819036,5.329368298088439,1389,False,False,False,35.9,2025-06-17,3.2212482964819036,LOSS,16.0,crypto
RENDER-USD,SHORT,2025-07-12,3.5974628925323486,4.062354747668024,2.667679182260997,1430,False,True,True,59.85,2025-07-16,4.062354747668024,LOSS,4.0,crypto
RENDER-USD,SHORT,2025-07-18,4.047561168670654,4.571356071038077,2.999971363935808,1436,False,True,True,71.58,2025-07-21,4.571356071038077,LOSS,3.0,crypto
RENDER-USD,SHORT,2025-09-14,3.902337074279785,4.308063974646674,3.090883273546007,1494,False,True,True,64.07,2025-10-10,3.090883273546007,WIN,26.0,crypto
RENDER-USD,LONG,2025-10-12,2.7390480041503906,1.9906344840862848,4.235875044278602,1522,False,False,False,24.79,2025-11-03,1.9906344840862848,LOSS,22.0,crypto
RENDER-USD,SHORT,2025-11-08,2.316817045211792,2.8641282230774854,1.2221946894804052,1549,False,False,False,50.46,2025-12-18,1.2221946894804052,WIN,40.0,crypto
RENDER-USD,LONG,2025-12-19,1.3130370378494263,1.0485753565138116,1.8419604005206556,1590,False,False,False,23.96,2026-01-03,1.8419604005206556,WIN,15.0,crypto
RENDER-USD,SHORT,2026-01-08,2.1652328968048096,2.499358782697754,1.4969811250189204,1610,True,True,True,75.09,2026-01-11,2.499358782697754,LOSS,3.0,crypto
RENDER-USD,SHORT,2026-03-17,1.8026529550552368,2.067463581757579,1.2730317016505523,1678,False,True,True,76.98,2026-04-07,2.067463581757579,LOSS,21.0,crypto
RENDER-USD,LONG,2026-04-20,1.7907739877700806,1.566503742592354,2.2393144781255336,1712,False,True,False,41.95,2026-05-25,2.2393144781255336,WIN,35.0,crypto
RENDER-USD,SHORT,2026-05-27,2.1327219009399414,2.429249585038924,1.5396665327419763,1749,False,False,False,73.7,2026-06-10,1.5396665327419763,WIN,14.0,crypto
RENDER-USD,LONG,2026-08-02,1.3826960325241089,1.277191225811154,1.5937056459500187,1816,False,False,False,30.51,2026-08-10,1.277191225811154,LOSS,8.0,crypto
RLC-USD,SHORT,2022-03-20,1.8766720294952393,2.144695202893445,1.3406256826988274,221,False,False,False,58.79,2022-03-25,2.144695202893445,LOSS,5.0,crypto
RLC-USD,SHORT,2022-03-28,2.2106330394744873,2.495650681664383,1.6405977550946957,229,False,True,True,71.42,2022-04-01,2.495650681664383,LOSS,4.0,crypto
RLC-USD,LONG,2022-05-10,1.154999017715454,0.8387964877361767,1.787404077674009,272,False,False,False,26.05,2022-05-11,0.8387964877361767,LOSS,1.0,crypto
RLC-USD,LONG,2022-05-13,0.8153219819068909,0.44953816305826944,1.5468896196041337,275,False,False,False,19.22,2022-08-10,1.5468896196041337,WIN,89.0,crypto
RLC-USD,SHORT,2022-08-13,1.4181020259857178,1.6864826253912086,0.881340827174736,367,False,True,True,73.64,2022-11-09,0.881340827174736,WIN,88.0,crypto
RLC-USD,SHORT,2022-11-22,1.052968978881836,1.3199290250330524,0.519048886579403,468,False,True,True,62.87,2022-11-24,1.3199290250330524,LOSS,2.0,crypto
RLC-USD,SHORT,2022-12-23,1.2228319644927979,1.3878235090087219,0.8928488754609498,499,False,True,True,67.17,2022-12-28,1.3878235090087219,LOSS,5.0,crypto
RLC-USD,SHORT,2023-01-14,1.6123239994049072,1.8297417623776984,1.177488473459325,521,False,False,False,76.51,2023-01-28,1.8297417623776984,LOSS,14.0,crypto
RLC-USD,LONG,2023-02-25,1.9015530347824097,1.5906639040988872,2.5233312961494545,563,False,False,False,47.63,2023-03-08,1.5906639040988872,LOSS,11.0,crypto
RLC-USD,LONG,2023-03-12,1.4347840547561646,1.1531695694039361,1.9980130254606214,578,False,False,False,25.08,2023-03-22,1.9980130254606214,WIN,10.0,crypto
RLC-USD,SHORT,2023-03-24,2.1294870376586914,2.453881863718684,1.480697385538706,590,False,False,False,69.48,2023-04-25,1.480697385538706,WIN,32.0,crypto
RLC-USD,SHORT,2023-04-30,1.8724219799041748,2.102745142290006,1.4117756551325122,627,False,False,False,63.76,2023-05-12,1.4117756551325122,WIN,12.0,crypto
RLC-USD,LONG,2023-06-06,1.4063819646835327,1.2445690297110608,1.7300078346284766,664,False,False,False,29.87,2023-06-10,1.2445690297110608,LOSS,4.0,crypto
RLC-USD,LONG,2023-06-11,1.223580002784729,1.0243172335662667,1.6221055412216536,669,False,False,False,27.64,2023-08-17,1.0243172335662667,LOSS,67.0,crypto
RLC-USD,LONG,2023-08-18,1.0287389755249023,0.9036584445382948,1.2789000374981174,737,False,False,False,26.02,2023-11-09,1.2789000374981174,WIN,83.0,crypto
RLC-USD,LONG,2024-01-08,1.415050983428955,1.1695702865706883,1.9060123771454887,880,False,True,True,30.43,2024-01-19,1.9060123771454887,WIN,11.0,crypto
RLC-USD,SHORT,2024-01-20,1.8519090414047241,2.200748274880071,1.1542305744540302,892,False,False,False,74.38,2024-01-21,2.200748274880071,LOSS,1.0,crypto
RLC-USD,SHORT,2024-02-23,3.7605059146881104,4.432819503318134,2.415878737428063,926,True,False,False,86.27,2024-03-09,4.432819503318134,LOSS,15.0,crypto
RLC-USD,LONG,2024-03-17,4.181166172027588,3.151953252695086,6.239592010692592,949,False,False,False,43.66,2024-04-04,3.151953252695086,LOSS,18.0,crypto
RLC-USD,LONG,2024-04-14,2.523484945297241,1.7563001543335748,4.057854527224574,977,False,True,True,26.02,2024-07-04,1.7563001543335748,LOSS,81.0,crypto
RLC-USD,SHORT,2024-07-18,1.9421650171279907,2.199364851291134,1.427765348801704,1072,False,False,False,52.64,2024-08-03,1.427765348801704,WIN,16.0,crypto
RLC-USD,SHORT,2024-08-25,1.7319329977035522,1.9357329826144094,1.324333027881838,1110,False,True,True,66.25,2024-09-06,1.324333027881838,WIN,12.0,crypto
RLC-USD,SHORT,2024-11-12,1.7916990518569946,2.025576724296654,1.3239437069776763,1189,False,True,True,69.29,2024-11-23,2.025576724296654,LOSS,11.0,crypto
RLC-USD,SHORT,2024-12-01,2.363420009613037,2.6648414382193133,1.7605771524004847,1208,False,False,False,77.84,2024-12-04,2.6648414382193133,LOSS,3.0,crypto
RLC-USD,LONG,2024-12-20,2.0025339126586914,1.534587505856525,2.938426726263024,1227,False,True,True,35.32,2025-02-02,1.534587505856525,LOSS,44.0,crypto
RLC-USD,SHORT,2025-03-03,1.0994319915771484,1.349986874124443,0.5983222264825594,1300,False,False,False,46.62,2025-03-17,1.349986874124443,LOSS,14.0,crypto
RLC-USD,SHORT,2025-03-18,1.279600977897644,1.5113407107426515,0.8161215122076291,1315,False,False,False,59.16,2025-06-21,0.8161215122076291,WIN,95.0,crypto
RLC-USD,SHORT,2025-07-17,1.1295169591903687,1.244333353336944,0.8998841708972178,1436,False,True,True,70.55,2025-07-21,1.244333353336944,LOSS,4.0,crypto
RLC-USD,SHORT,2025-07-22,1.2296249866485596,1.3668933968513661,0.9550881662429465,1441,False,True,True,81.19,2025-07-31,0.9550881662429465,WIN,9.0,crypto
RLC-USD,SHORT,2025-08-28,1.298416018486023,1.5988020418325286,0.6976439717930116,1478,False,False,False,77.91,2025-11-21,0.6976439717930116,WIN,85.0,crypto
RLC-USD,LONG,2025-12-19,0.6306350231170654,0.5425232167683729,0.8068586358144505,1591,False,False,False,25.69,2026-01-29,0.5425232167683729,LOSS,41.0,crypto
RLC-USD,LONG,2026-02-01,0.49778100848197937,0.4271171137694205,0.6391087979070971,1635,False,False,False,25.54,2026-02-05,0.4271171137694205,LOSS,4.0,crypto
RLC-USD,SHORT,2026-03-14,0.39543700218200684,0.4423373392825195,0.3016363279809815,1676,False,False,False,51.22,2026-03-16,0.4423373392825195,LOSS,2.0,crypto
RLC-USD,SHORT,2026-03-18,0.4352850019931793,0.4905597058670256,0.3247355942454868,1680,False,False,False,66.9,2026-05-03,0.4905597058670256,LOSS,46.0,crypto
RLC-USD,SHORT,2026-05-04,0.4562940001487732,0.5086375047127247,0.3516069910208701,1727,False,True,True,66.69,2026-05-11,0.5086375047127247,LOSS,7.0,crypto
RLC-USD,SHORT,2026-05-12,0.490896999835968,0.5400535926665682,0.39258381417476773,1735,False,True,True,68.32,2026-06-03,0.39258381417476773,WIN,22.0,crypto
RLC-USD,LONG,2026-06-07,0.3438510000705719,0.29073344052015826,0.4500861191713992,1761,False,False,False,24.31,2026-06-24,0.29073344052015826,LOSS,17.0,crypto
RLC-USD,SHORT,2026-07-11,0.2993350028991699,0.331400987278424,0.2352030341406618,1795,False,False,False,53.01,2026-07-31,0.331400987278424,LOSS,20.0,crypto
ROSE-USD,SHORT,2022-03-20,0.2317029982805252,0.27168380333692754,0.15174138816772054,221,False,False,False,53.34,2022-03-22,0.27168380333692754,LOSS,2.0,crypto
ROSE-USD,SHORT,2022-03-25,0.2610599994659424,0.3017552998762272,0.1796693986453728,226,False,True,False,59.4,2022-04-03,0.3017552998762272,LOSS,9.0,crypto
ROSE-USD,LONG,2022-05-01,0.17831100523471832,0.13387667661643488,0.2671796624712852,263,False,False,False,29.35,2022-05-09,0.13387667661643488,LOSS,8.0,crypto
ROSE-USD,LONG,2022-05-10,0.12843400239944458,0.0879257917017008,0.20945042379493214,272,False,False,False,26.12,2022-05-11,0.0879257917017008,LOSS,1.0,crypto
ROSE-USD,LONG,2022-05-14,0.07413099706172943,0.030142773398470823,0.16210744438824665,276,False,False,False,21.98,2024-03-01,0.16210744438824665,WIN,657.0,crypto
ROSE-USD,SHORT,2024-03-04,0.15811699628829956,0.18030349990662903,0.11374398905164063,936,False,False,False,77.23,2024-03-09,0.18030349990662903,LOSS,5.0,crypto
ROSE-USD,LONG,2024-03-20,0.14636799693107605,0.11581279834420422,0.20747839410481972,952,False,False,False,36.89,2024-04-12,0.11581279834420422,LOSS,23.0,crypto
ROSE-USD,LONG,2024-04-14,0.0950080007314682,0.06961755701453629,0.14578888816533203,977,False,False,False,23.76,2024-08-03,0.06961755701453629,LOSS,111.0,crypto
ROSE-USD,LONG,2024-08-06,0.05992500111460686,0.04636034216656358,0.08705431901069341,1091,False,False,False,19.22,2024-11-11,0.08705431901069341,WIN,97.0,crypto
ROSE-USD,SHORT,2024-11-12,0.0820159986615181,0.09432788209509603,0.05739223179436223,1189,False,False,False,70.8,2024-11-23,0.09432788209509603,LOSS,11.0,crypto
ROSE-USD,LONG,2024-12-20,0.08526899665594101,0.06265681233548812,0.1304933652968468,1227,False,False,False,34.93,2025-01-25,0.06265681233548812,LOSS,36.0,crypto
ROSE-USD,LONG,2025-01-29,0.05808499827980995,0.0456949050729483,0.08286518469353325,1267,False,False,False,27.75,2025-02-03,0.0456949050729483,LOSS,5.0,crypto
ROSE-USD,SHORT,2025-03-03,0.03658600151538849,0.04505482910194536,0.019648346342274747,1300,False,False,False,47.36,2025-04-07,0.019648346342274747,WIN,35.0,crypto
ROSE-USD,SHORT,2025-04-25,0.028408000245690346,0.0321541484075013,0.020915703922068443,1353,False,False,False,60.54,2025-05-02,0.0321541484075013,LOSS,7.0,crypto
ROSE-USD,SHORT,2025-05-11,0.03833400085568428,0.04346787204311717,0.028066258480818507,1369,False,True,True,75.55,2025-05-12,0.04346787204311717,LOSS,1.0,crypto
ROSE-USD,LONG,2025-06-23,0.024244999513030052,0.019974092423744746,0.032786813691600664,1412,True,False,False,27.59,2025-07-18,0.032786813691600664,WIN,25.0,crypto
ROSE-USD,SHORT,2025-09-14,0.029395999386906624,0.03319614799952032,0.021795702161679226,1495,False,True,True,64.02,2025-10-10,0.021795702161679226,WIN,26.0,crypto
ROSE-USD,LONG,2025-10-12,0.0209330003708601,0.01509853909971006,0.03260192291316018,1523,False,False,False,27.94,2025-10-30,0.01509853909971006,LOSS,18.0,crypto
ROSE-USD,SHORT,2025-11-10,0.02209700085222721,0.027012350542812993,0.012266301471055646,1552,False,True,True,61.18,2025-12-11,0.012266301471055646,WIN,31.0,crypto
ROSE-USD,LONG,2025-12-19,0.01040900032967329,0.008458598520499428,0.014309803948021015,1591,False,False,False,23.55,2026-01-14,0.014309803948021015,WIN,26.0,crypto
ROSE-USD,SHORT,2026-01-15,0.013341999612748623,0.015228184124109354,0.009569630590027162,1618,False,True,True,67.56,2026-01-18,0.015228184124109354,LOSS,3.0,crypto
ROSE-USD,SHORT,2026-01-20,0.01654599979519844,0.019923624413903985,0.009790750557787352,1623,False,True,True,81.22,2026-01-21,0.019923624413903985,LOSS,1.0,crypto
ROSE-USD,LONG,2026-02-06,0.013976999558508396,0.009157112256559534,0.02361677416240612,1640,False,False,False,40.09,2026-05-28,0.009157112256559534,LOSS,111.0,crypto
ROSE-USD,LONG,2026-06-07,0.006657999940216541,0.005405660648809919,0.009162678523029787,1761,False,False,False,19.55,2026-07-18,0.005405660648809919,LOSS,41.0,crypto
ROSE-USD,SHORT,2026-08-03,0.0054060001857578754,0.005990420014225197,0.004237160528823232,1818,False,False,False,49.92,,,OPEN,,crypto
RUNE-USD,SHORT,2022-03-04,5.251100063323975,6.3427800582869285,3.067740073398067,205,False,True,True,63.08,2022-03-12,6.3427800582869285,LOSS,8.0,crypto
RUNE-USD,SHORT,2022-03-15,7.359983921051025,8.807102813936117,4.465746135280842,216,False,False,False,72.52,2022-03-18,8.807102813936117,LOSS,3.0,crypto
RUNE-USD,LONG,2022-04-07,9.852141380310059,7.714076877374318,14.12827038618154,239,False,False,False,47.77,2022-04-11,7.714076877374318,LOSS,4.0,crypto
RUNE-USD,LONG,2022-04-13,8.66112232208252,6.579105317534211,12.825156331179137,245,False,False,False,40.96,2022-04-30,6.579105317534211,LOSS,17.0,crypto
RUNE-USD,LONG,2022-05-13,3.2390120029449463,1.389240789602434,6.938554429629971,275,False,False,False,23.42,2022-10-13,1.389240789602434,LOSS,153.0,crypto
RUNE-USD,SHORT,2022-10-27,1.508275032043457,1.6574949154963945,1.209835265137582,442,False,False,False,51.86,2022-11-04,1.6574949154963945,LOSS,8.0,crypto
RUNE-USD,SHORT,2022-11-06,1.61142098903656,1.773745953369546,1.286771060370588,452,False,False,False,61.3,2022-11-08,1.286771060370588,WIN,2.0,crypto
RUNE-USD,LONG,2022-11-10,1.2283270359039307,0.9722119703005885,1.740557167110615,456,False,False,False,24.98,2023-01-14,1.740557167110615,WIN,65.0,crypto
RUNE-USD,SHORT,2023-01-17,1.704645037651062,1.8473538483925298,1.4192274161681264,524,True,True,True,83.89,2023-01-24,1.8473538483925298,LOSS,7.0,crypto
RUNE-USD,LONG,2023-02-10,1.6702009439468384,1.4412922153868117,2.1280184010668917,548,False,True,False,44.48,2023-03-08,1.4412922153868117,LOSS,26.0,crypto
RUNE-USD,LONG,2023-03-12,1.3382389545440674,1.1537494841066038,1.7072178954189945,578,False,False,False,26.88,2023-04-18,1.7072178954189945,WIN,37.0,crypto
RUNE-USD,LONG,2023-04-22,1.3983759880065918,1.2514254122046187,1.692277139610538,619,False,False,False,35.6,2023-05-08,1.2514254122046187,LOSS,16.0,crypto
RUNE-USD,SHORT,2023-05-30,1.1538499593734741,1.230140605539951,1.0012686670405202,657,False,False,False,44.19,2023-06-10,1.0012686670405202,WIN,11.0,crypto
RUNE-USD,LONG,2023-07-28,0.9368709921836853,0.869535832254259,1.0715413120425379,716,False,False,False,36.38,2023-08-11,1.0715413120425379,WIN,14.0,crypto
RUNE-USD,SHORT,2023-08-16,1.4974980354309082,1.643950776995176,1.2045925523023726,735,False,False,False,91.73,2023-08-19,1.643950776995176,LOSS,3.0,crypto
RUNE-USD,LONG,2023-10-10,1.684509038925171,1.417212940279655,2.219101236216203,790,False,False,False,39.72,2023-10-24,2.219101236216203,WIN,14.0,crypto
RUNE-USD,LONG,2023-12-20,5.4717631340026855,4.522423991408982,7.370441419190092,861,False,False,False,38.68,2024-01-08,4.522423991408982,LOSS,19.0,crypto
RUNE-USD,SHORT,2024-02-01,4.580028057098389,5.229167139441721,3.2817498924117245,904,False,True,False,53.06,2024-02-09,5.229167139441721,LOSS,8.0,crypto
RUNE-USD,SHORT,2024-02-13,5.224319934844971,5.848611246169254,3.9757373121964044,916,False,False,False,68.21,2024-02-16,5.848611246169254,LOSS,3.0,crypto
RUNE-USD,SHORT,2024-03-14,10.299073219299316,11.945244272266999,7.006731113363951,946,False,False,False,87.16,2024-04-05,7.006731113363951,WIN,22.0,crypto
RUNE-USD,SHORT,2024-05-11,5.81939697265625,6.797768625786462,3.8626536663958255,1004,False,True,False,54.91,2024-05-17,6.797768625786462,LOSS,6.0,crypto
RUNE-USD,SHORT,2024-05-19,6.6062541007995605,7.5352375813678165,4.748287139663049,1012,False,False,False,64.02,2024-06-13,4.748287139663049,WIN,25.0,crypto
RUNE-USD,SHORT,2024-07-22,4.637843132019043,5.216883831220872,3.479761733615385,1076,False,True,True,68.97,2024-08-03,3.479761733615385,WIN,12.0,crypto
RUNE-USD,SHORT,2024-09-22,4.514109134674072,5.09681614754512,3.3486951089319774,1138,False,True,True,68.75,2024-09-25,5.09681614754512,LOSS,3.0,crypto
RUNE-USD,SHORT,2024-09-28,5.388306140899658,6.021048176261768,4.122822070175438,1144,False,False,False,75.81,2024-10-29,6.021048176261768,LOSS,31.0,crypto
RUNE-USD,LONG,2024-11-05,4.667904853820801,3.79192883467727,6.4198568921078625,1182,False,False,False,36.4,2024-11-11,6.4198568921078625,WIN,6.0,crypto
RUNE-USD,SHORT,2024-12-05,6.799796104431152,7.899014494320581,4.601359324652295,1212,False,False,False,70.44,2024-12-20,4.601359324652295,WIN,15.0,crypto
RUNE-USD,SHORT,2025-02-27,1.2456940412521362,1.6802680054186947,0.3765461129190193,1296,False,False,False,52.03,2025-05-10,1.6802680054186947,LOSS,72.0,crypto
RUNE-USD,SHORT,2025-05-14,1.9530589580535889,2.2142564751273817,1.4306639239060033,1372,False,True,True,83.39,2025-06-17,1.4306639239060033,WIN,34.0,crypto
RUNE-USD,SHORT,2025-07-12,1.476817011833191,1.6413924580503645,1.1476661193988438,1431,False,True,True,58.81,2025-07-16,1.6413924580503645,LOSS,4.0,crypto
RUNE-USD,SHORT,2025-07-18,1.6242740154266357,1.8001094900053471,1.272603066269213,1437,False,True,True,67.95,2025-08-01,1.272603066269213,WIN,14.0,crypto
RUNE-USD,SHORT,2025-09-14,1.3149889707565308,1.4283387186242034,1.0882894750211856,1495,False,True,True,58.17,2025-10-10,1.0882894750211856,WIN,26.0,crypto
RUNE-USD,LONG,2025-10-12,0.9243749976158142,0.7482233372447384,1.2766783183579657,1523,False,False,False,23.82,2025-11-04,0.7482233372447384,LOSS,23.0,crypto
RUNE-USD,LONG,2025-11-23,0.6273319721221924,0.5263011027626292,0.8293937108413187,1565,False,False,False,25.14,2026-01-29,0.5263011027626292,LOSS,67.0,crypto
RUNE-USD,SHORT,2026-03-06,0.42286500334739685,0.47083226662455374,0.32693047679308307,1668,False,False,False,56.52,2026-04-22,0.47083226662455374,LOSS,47.0,crypto
RUNE-USD,SHORT,2026-04-24,0.47568100690841675,0.5155236964918657,0.39599562774151886,1717,False,True,True,68.84,2026-04-27,0.5155236964918657,LOSS,3.0,crypto
RUNE-USD,LONG,2026-05-19,0.44918200373649597,0.38145665075486146,0.584632709699765,1742,False,False,False,37.34,2026-06-02,0.38145665075486146,LOSS,14.0,crypto
RUNE-USD,SHORT,2026-06-19,0.3931489884853363,0.4531082126522616,0.27323054015148573,1773,False,False,False,54.74,2026-07-21,0.4531082126522616,LOSS,32.0,crypto
RUNE-USD,SHORT,2026-07-22,0.4381299912929535,0.47008459559379917,0.37422078269126213,1806,False,True,True,70.93,,,OPEN,,crypto
RVN-USD,SHORT,2022-03-20,0.05496799945831299,0.0639627115232403,0.03697857532845836,221,False,False,False,56.5,2022-03-23,0.0639627115232403,LOSS,3.0,crypto
RVN-USD,SHORT,2022-03-25,0.060527000576257706,0.07006340509626406,0.041454191536244994,226,False,False,False,63.27,2022-03-27,0.07006340509626406,LOSS,2.0,crypto
RVN-USD,SHORT,2022-03-28,0.06826899945735931,0.0790909042812094,0.04662518980965913,229,False,True,True,67.56,2022-04-29,0.04662518980965913,WIN,32.0,crypto
RVN-USD,LONG,2022-05-10,0.033911000937223434,0.025582725987219605,0.05056755083723109,272,False,False,False,26.33,2022-05-11,0.025582725987219605,LOSS,1.0,crypto
RVN-USD,LONG,2022-05-13,0.027525000274181366,0.017476195854078995,0.04762260911438611,275,False,False,False,24.05,2022-06-15,0.017476195854078995,LOSS,33.0,crypto
RVN-USD,SHORT,2022-06-27,0.025276999920606613,0.03009101436989149,0.015648971022036856,320,False,False,False,52.59,2022-07-28,0.03009101436989149,LOSS,31.0,crypto
RVN-USD,SHORT,2022-07-31,0.03715600073337555,0.04380397444985672,0.023860053300413214,354,False,True,True,82.27,2022-09-09,0.04380397444985672,LOSS,40.0,crypto
RVN-USD,SHORT,2022-09-11,0.05171100050210953,0.062090444340260655,0.030952112825807274,396,False,False,False,81.58,2022-09-12,0.062090444340260655,LOSS,1.0,crypto
RVN-USD,SHORT,2022-09-13,0.06125900149345398,0.07475669611725809,0.03426361224584576,398,False,False,False,79.02,2022-09-14,0.07475669611725809,LOSS,1.0,crypto
RVN-USD,SHORT,2022-11-05,0.03194500133395195,0.03585855063597297,0.024117902729909907,451,False,False,False,50.43,2022-11-08,0.024117902729909907,WIN,3.0,crypto
RVN-USD,LONG,2022-11-10,0.02401600033044815,0.018382315344940767,0.03528337030146292,456,False,False,False,21.3,2022-12-28,0.018382315344940767,LOSS,48.0,crypto
RVN-USD,LONG,2022-12-29,0.018595999106764793,0.01689001271727569,0.022007971885743,505,False,False,False,31.09,2023-01-12,0.022007971885743,WIN,14.0,crypto
RVN-USD,SHORT,2023-01-16,0.024692000821232796,0.02684573497542104,0.02038453251285631,523,False,True,True,78.78,2023-01-20,0.02684573497542104,LOSS,4.0,crypto
RVN-USD,LONG,2023-02-11,0.029162999242544174,0.025132775436973086,0.03722344685368635,549,False,True,False,51.22,2023-02-23,0.03722344685368635,WIN,12.0,crypto
RVN-USD,LONG,2023-03-07,0.02539999969303608,0.021538047962586116,0.033123903153936006,573,False,False,False,36.51,2023-03-10,0.021538047962586116,LOSS,3.0,crypto
RVN-USD,SHORT,2023-04-15,0.02698799967765808,0.029535999396611345,0.021892000239751554,612,False,True,True,57.55,2023-05-08,0.021892000239751554,WIN,23.0,crypto
RVN-USD,LONG,2023-05-09,0.021105999127030373,0.019090977814439223,0.025136041752212672,636,False,False,False,28.17,2023-06-05,0.019090977814439223,LOSS,27.0,crypto
RVN-USD,SHORT,2023-06-26,0.019238000735640526,0.021452847604743905,0.014808306997433768,684,False,False,False,61.26,2023-07-01,0.021452847604743905,LOSS,5.0,crypto
RVN-USD,LONG,2023-07-27,0.018295999616384506,0.016637069842963956,0.021613859163225606,715,False,False,False,38.7,2023-08-16,0.016637069842963956,LOSS,20.0,crypto
RVN-USD,LONG,2023-08-19,0.01594099961221218,0.01461442933614524,0.018594140164346063,738,False,False,False,26.31,2023-09-01,0.01461442933614524,LOSS,13.0,crypto
RVN-USD,SHORT,2023-09-17,0.01472499966621399,0.015704474833290592,0.012766049332060783,767,False,False,False,47.76,2023-10-01,0.015704474833290592,LOSS,14.0,crypto
RVN-USD,SHORT,2023-10-02,0.015254000201821327,0.016207779406280036,0.01334644179290391,782,False,False,False,64.32,2023-10-24,0.016207779406280036,LOSS,22.0,crypto
RVN-USD,SHORT,2023-10-26,0.01563500054180622,0.016786207583118305,0.013332586459182054,806,False,True,True,68.42,2023-10-29,0.016786207583118305,LOSS,3.0,crypto
RVN-USD,SHORT,2023-10-30,0.01799900084733963,0.019636150830609496,0.014724700880799899,810,False,True,True,79.68,2023-11-12,0.019636150830609496,LOSS,13.0,crypto
RVN-USD,LONG,2023-11-22,0.01707400009036064,0.014982980757750517,0.02125603875558089,833,False,True,False,40.14,2023-11-27,0.02125603875558089,WIN,5.0,crypto
RVN-USD,SHORT,2023-12-06,0.021740000694990158,0.024071262994036308,0.01707747609689786,847,False,False,False,72.92,2023-12-09,0.024071262994036308,LOSS,3.0,crypto
RVN-USD,SHORT,2023-12-11,0.02173200063407421,0.02440108878364934,0.01639382433492395,852,True,False,False,78.06,2024-02-24,0.02440108878364934,LOSS,75.0,crypto
RVN-USD,LONG,2024-03-20,0.025759000331163406,0.020283998351513243,0.03670900429046373,952,False,False,False,38.39,2024-03-26,0.03670900429046373,WIN,6.0,crypto
RVN-USD,SHORT,2024-05-22,0.031044000759720802,0.035315801693990095,0.022500398891182216,1015,False,False,False,54.8,2024-06-17,0.022500398891182216,WIN,26.0,crypto
RVN-USD,LONG,2024-06-19,0.020073000341653824,0.016835624409329578,0.026547752206302316,1043,False,False,False,23.68,2024-07-04,0.016835624409329578,LOSS,15.0,crypto
RVN-USD,SHORT,2024-07-21,0.02031099982559681,0.022442116099249496,0.016048767278291437,1075,False,False,False,57.01,2024-08-03,0.016048767278291437,WIN,13.0,crypto
RVN-USD,SHORT,2024-08-26,0.018261000514030457,0.020299043493333484,0.0141849145554244,1111,False,True,True,67.04,2024-10-24,0.020299043493333484,LOSS,59.0,crypto
RVN-USD,SHORT,2024-10-25,0.017263999208807945,0.020118392566196977,0.011555212494029882,1171,False,False,False,68.03,2024-11-10,0.020118392566196977,LOSS,16.0,crypto
RVN-USD,SHORT,2024-11-12,0.020197000354528427,0.02282516197855309,0.014940677106479103,1189,False,False,False,67.12,2024-11-18,0.02282516197855309,LOSS,6.0,crypto
RVN-USD,SHORT,2024-12-05,0.03236300125718117,0.037324839344351546,0.02243932508284041,1212,False,False,False,80.87,2024-12-19,0.02243932508284041,WIN,14.0,crypto
RVN-USD,LONG,2024-12-20,0.021803999319672585,0.01609224378315633,0.03322751039270509,1227,False,True,True,36.66,2025-02-02,0.01609224378315633,LOSS,44.0,crypto
RVN-USD,LONG,2025-02-03,0.015785999596118927,0.012602939686524518,0.022152119415307744,1272,False,False,False,29.09,2025-02-28,0.012602939686524518,LOSS,25.0,crypto
RVN-USD,SHORT,2025-03-03,0.012539000250399113,0.01492475240241177,0.007767495946373798,1300,False,False,False,51.77,2025-06-05,0.01492475240241177,LOSS,94.0,crypto
RVN-USD,SHORT,2025-06-10,0.020021000877022743,0.02434367003971409,0.011375662551640048,1399,False,False,False,77.84,2025-09-25,0.011375662551640048,WIN,107.0,crypto
RVN-USD,LONG,2025-09-26,0.011537999846041203,0.010457923240143961,0.013698153057835685,1507,False,False,False,26.72,2025-10-10,0.010457923240143961,LOSS,14.0,crypto
RVN-USD,LONG,2025-10-11,0.008987000212073326,0.007012190523425431,0.012936619589369116,1522,False,False,False,22.64,2025-11-08,0.012936619589369116,WIN,28.0,crypto
RVN-USD,SHORT,2025-11-09,0.010738000273704529,0.012751841081695445,0.006710318657722696,1551,False,False,False,62.51,2025-12-18,0.006710318657722696,WIN,39.0,crypto
RVN-USD,LONG,2025-12-19,0.007063999772071838,0.006197890855425959,0.008796217605363596,1591,False,False,False,26.22,2026-01-31,0.006197890855425959,LOSS,43.0,crypto
RVN-USD,SHORT,2026-03-18,0.0055669997818768024,0.006256922857487714,0.004187153630654979,1680,False,False,False,57.39,2026-04-17,0.006256922857487714,LOSS,30.0,crypto
RVN-USD,SHORT,2026-04-18,0.005931000225245953,0.006422830435829459,0.004947339804078939,1711,False,True,True,61.72,2026-05-10,0.006422830435829459,LOSS,22.0,crypto
RVN-USD,SHORT,2026-05-11,0.006335000041872263,0.006730959850659958,0.0055430804242968725,1734,False,True,True,68.41,2026-05-16,0.0055430804242968725,WIN,5.0,crypto
RVN-USD,LONG,2026-05-18,0.005576000083237886,0.005142312999221009,0.006443374251271641,1741,False,False,False,33.88,2026-05-27,0.005142312999221009,LOSS,9.0,crypto
RVN-USD,SHORT,2026-07-10,0.00393499992787838,0.004381442676551503,0.003042114430532133,1794,False,False,False,51.36,2026-08-11,0.003042114430532133,WIN,32.0,crypto
SAND-USD,SHORT,2022-03-19,3.2312710285186768,3.698653443844826,2.2965061978663783,220,False,False,False,53.74,2022-03-31,3.698653443844826,LOSS,12.0,crypto
SAND-USD,LONG,2022-05-01,2.1593689918518066,1.7360505540467628,3.0060058674618944,263,False,False,False,23.88,2022-05-09,1.7360505540467628,LOSS,8.0,crypto
SAND-USD,LONG,2022-05-13,1.2685010433197021,0.7190473454800411,2.367408438999024,275,False,False,False,21.79,2022-10-13,0.7190473454800411,LOSS,153.0,crypto
SAND-USD,LONG,2022-10-15,0.7610650062561035,0.6857036409340308,0.911787736900249,430,False,False,False,30.36,2022-10-30,0.911787736900249,WIN,15.0,crypto
SAND-USD,SHORT,2022-11-02,0.8110659718513489,0.9028096847527953,0.627578546048456,448,True,False,False,62.77,2022-11-05,0.9028096847527953,LOSS,3.0,crypto
SAND-USD,SHORT,2022-11-06,0.8469619750976562,0.9524608166879351,0.6359642919170985,452,False,True,True,65.86,2022-11-08,0.6359642919170985,WIN,2.0,crypto
SAND-USD,LONG,2022-12-17,0.4806860089302063,0.41682498295788245,0.608408060874854,493,False,False,False,27.68,2022-12-28,0.41682498295788245,LOSS,11.0,crypto
SAND-USD,SHORT,2023-01-16,0.6998540163040161,0.790270543973181,0.5190209609656864,523,False,True,True,85.58,2023-01-21,0.790270543973181,LOSS,5.0,crypto
SAND-USD,LONG,2023-03-06,0.6293339729309082,0.5284274740328154,0.8311469707270938,572,False,False,False,35.36,2023-03-09,0.5284274740328154,LOSS,3.0,crypto
SAND-USD,LONG,2023-03-10,0.5374720096588135,0.44015198576637904,0.7321120574436824,576,False,False,False,28.29,2023-06-10,0.44015198576637904,LOSS,92.0,crypto
SAND-USD,SHORT,2023-07-14,0.45082101225852966,0.5020778763540417,0.34830728406750566,702,False,False,False,64.63,2023-08-17,0.34830728406750566,WIN,34.0,crypto
SAND-USD,LONG,2023-08-19,0.33606699109077454,0.30369727612096553,0.40080642103039255,738,False,False,False,18.28,2023-09-01,0.30369727612096553,LOSS,13.0,crypto
SAND-USD,SHORT,2023-09-17,0.29564398527145386,0.31812861401693,0.2506747277805016,767,False,False,False,44.66,2023-09-29,0.31812861401693,LOSS,12.0,crypto
SAND-USD,SHORT,2023-09-30,0.31077998876571655,0.3301615117050898,0.2720169428869701,780,False,False,False,57.23,2023-10-24,0.3301615117050898,LOSS,24.0,crypto
SAND-USD,SHORT,2023-10-27,0.3232859969139099,0.34702517295675606,0.2758076448282176,807,False,True,True,73.1,2023-10-29,0.34702517295675606,LOSS,2.0,crypto
SAND-USD,SHORT,2023-10-30,0.35897600650787354,0.3869641238859348,0.30299977175175097,810,False,True,True,74.36,2023-11-06,0.3869641238859348,LOSS,7.0,crypto
SAND-USD,LONG,2023-11-22,0.39096400141716003,0.33586891129724283,0.5011541816569944,833,False,True,False,42.64,2023-12-09,0.5011541816569944,WIN,17.0,crypto
SAND-USD,LONG,2024-01-04,0.539214015007019,0.45773368320619107,0.702174678608675,876,False,False,False,44.51,2024-01-08,0.45773368320619107,LOSS,4.0,crypto
SAND-USD,SHORT,2024-02-11,0.46738600730895996,0.5066859573482858,0.38878610723030826,914,False,True,False,54.58,2024-02-16,0.5066859573482858,LOSS,5.0,crypto
SAND-USD,SHORT,2024-02-20,0.5148959755897522,0.5607203245994833,0.42324727757029,923,False,False,False,69.4,2024-02-27,0.5607203245994833,LOSS,7.0,crypto
SAND-USD,SHORT,2024-03-03,0.672586977481842,0.7522304765035192,0.5132999794384878,935,False,False,False,84.36,2024-03-09,0.7522304765035192,LOSS,6.0,crypto
SAND-USD,LONG,2024-03-17,0.6521260142326355,0.5269917390899914,0.9023945645179237,949,False,False,False,45.53,2024-04-12,0.5269917390899914,LOSS,26.0,crypto
SAND-USD,LONG,2024-04-14,0.4449470043182373,0.3367585061463319,0.6613240006620481,977,False,False,False,23.77,2024-06-17,0.3367585061463319,LOSS,64.0,crypto
SAND-USD,LONG,2024-06-19,0.32385799288749695,0.27357365095816905,0.42442667674615275,1043,False,False,False,24.47,2024-07-05,0.27357365095816905,LOSS,16.0,crypto
SAND-USD,SHORT,2024-07-18,0.3215569853782654,0.3586117652880159,0.2474474255587643,1072,False,False,False,53.71,2024-08-05,0.2474474255587643,WIN,18.0,crypto
SAND-USD,SHORT,2024-08-25,0.2943519949913025,0.3266687022494809,0.22971858047494564,1110,False,False,False,62.67,2024-09-06,0.22971858047494564,WIN,12.0,crypto
SAND-USD,SHORT,2024-09-22,0.2769849896430969,0.30442302302553775,0.22210892287821526,1138,False,True,True,65.98,2024-11-11,0.30442302302553775,LOSS,50.0,crypto
SAND-USD,SHORT,2024-11-12,0.30238500237464905,0.3360961255308419,0.23496275606226336,1189,False,True,True,70.97,2024-11-16,0.3360961255308419,LOSS,4.0,crypto
SAND-USD,SHORT,2024-11-17,0.34822601079940796,0.4025790030035817,0.23952002639106051,1194,False,False,False,78.0,2024-11-23,0.4025790030035817,LOSS,6.0,crypto
SAND-USD,SHORT,2024-11-25,0.7037010192871094,0.8309911363401171,0.4491207851810939,1202,False,False,False,88.37,2024-12-03,0.8309911363401171,LOSS,8.0,crypto
SAND-USD,LONG,2024-12-20,0.6141570210456848,0.43212489969157897,0.9782212637538965,1227,False,False,False,38.43,2025-02-02,0.43212489969157897,LOSS,44.0,crypto
SAND-USD,LONG,2025-02-03,0.4319550096988678,0.3196128850742204,0.6566392589481626,1272,False,False,False,29.55,2025-02-24,0.3196128850742204,LOSS,21.0,crypto
SAND-USD,SHORT,2025-03-03,0.3004690110683441,0.37107100380849145,0.15926502558804945,1300,False,False,False,47.8,2025-05-11,0.37107100380849145,LOSS,69.0,crypto
SAND-USD,LONG,2025-06-23,0.25610899925231934,0.22221442203199915,0.3238981536929597,1412,True,False,False,28.68,2025-07-13,0.3238981536929597,WIN,20.0,crypto
SAND-USD,SHORT,2025-07-16,0.31517699360847473,0.35156739677779175,0.2423961872698407,1435,False,True,True,72.04,2025-07-20,0.35156739677779175,LOSS,4.0,crypto
SAND-USD,SHORT,2025-09-14,0.3097839951515198,0.33982033032619274,0.24971132480217384,1495,False,False,False,68.17,2025-10-10,0.24971132480217384,WIN,26.0,crypto
SAND-USD,LONG,2025-10-12,0.21913400292396545,0.1704453604124652,0.316511287946966,1523,False,False,False,26.75,2025-11-04,0.1704453604124652,LOSS,23.0,crypto
SAND-USD,LONG,2025-11-22,0.15125100314617157,0.12241136508152078,0.20893027927547314,1564,False,False,False,29.39,2025-12-15,0.12241136508152078,LOSS,23.0,crypto
SAND-USD,LONG,2025-12-19,0.11952099949121475,0.10048355110303298,0.1575958962675783,1591,True,False,False,25.27,2026-01-17,0.1575958962675783,WIN,29.0,crypto
SAND-USD,SHORT,2026-01-18,0.14236800372600555,0.1626117066774509,0.10188059782311487,1621,False,True,True,69.61,2026-01-22,0.1626117066774509,LOSS,4.0,crypto
SAND-USD,SHORT,2026-01-23,0.15857699513435364,0.184317811119577,0.10709536316390689,1626,False,True,True,70.69,2026-01-31,0.10709536316390689,WIN,8.0,crypto
SAND-USD,LONG,2026-02-06,0.08594799786806107,0.06213654826383911,0.133570897076505,1640,False,False,False,26.69,2026-06-02,0.06213654826383911,LOSS,116.0,crypto
SAND-USD,LONG,2026-06-03,0.061409998685121536,0.054020138082885284,0.07618971988959404,1757,False,False,False,29.88,2026-06-05,0.054020138082885284,LOSS,2.0,crypto
SAND-USD,LONG,2026-06-07,0.05291999876499176,0.04492561158312211,0.06890877312873106,1761,False,False,False,20.16,2026-07-24,0.04492561158312211,LOSS,47.0,crypto
SAND-USD,LONG,2026-07-31,0.04270099848508835,0.03868569603971319,0.050731603375838666,1815,False,False,False,27.69,,,OPEN,,crypto
SC-USD,SHORT,2022-03-20,0.00923100020736456,0.0103726121233759,0.006947776375341878,221,False,False,False,57.8,2022-03-25,0.0103726121233759,LOSS,5.0,crypto
SC-USD,SHORT,2022-03-28,0.01181199960410595,0.013110713234348124,0.0092145723436216,229,False,True,True,73.79,2022-03-31,0.013110713234348124,LOSS,3.0,crypto
SC-USD,LONG,2022-05-10,0.006180999800562859,0.004734416718939079,0.009074165963810417,272,False,False,False,23.56,2022-05-11,0.004734416718939079,LOSS,1.0,crypto
SC-USD,LONG,2022-05-13,0.004674999974668026,0.002988556430719661,0.008047887062564756,275,False,False,False,18.71,2022-11-08,0.002988556430719661,LOSS,179.0,crypto
SC-USD,LONG,2022-11-10,0.0026499999221414328,0.0022494453180589152,0.003451109130306468,456,False,False,False,19.95,2022-11-14,0.0022494453180589152,LOSS,4.0,crypto
SC-USD,SHORT,2022-12-14,0.002862999914214015,0.00331855676600021,0.0019518862106416247,490,False,True,True,70.96,2023-01-21,0.00331855676600021,LOSS,38.0,crypto
SC-USD,SHORT,2023-02-09,0.004184000194072723,0.005017942264297,0.00251611605362417,547,False,False,False,88.34,2023-02-17,0.005017942264297,LOSS,8.0,crypto
SC-USD,LONG,2023-03-10,0.0033919999841600657,0.002766465435085972,0.004643069082308253,576,False,False,False,32.56,2023-06-10,0.002766465435085972,LOSS,92.0,crypto
SC-USD,SHORT,2023-06-26,0.003025999991223216,0.003316994392988212,0.002444011187693224,684,False,False,False,57.27,2023-07-01,0.003316994392988212,LOSS,5.0,crypto
SC-USD,SHORT,2023-07-02,0.003246000036597252,0.0035861456334159146,0.0025657088429599266,690,False,True,True,64.78,2023-07-03,0.0035861456334159146,LOSS,1.0,crypto
SC-USD,SHORT,2023-07-05,0.0035250000655651093,0.004012450446229906,0.0025500993042355154,693,False,True,True,71.55,2023-08-05,0.004012450446229906,LOSS,31.0,crypto
SC-USD,LONG,2023-08-19,0.0029090000316500664,0.002561282883672529,0.003604434327605141,738,False,False,False,31.78,2023-10-31,0.003604434327605141,WIN,73.0,crypto
SC-USD,SHORT,2023-11-01,0.003636999987065792,0.0039622200398492175,0.0029865598814989413,812,False,False,False,80.63,2023-11-03,0.0039622200398492175,LOSS,2.0,crypto
SC-USD,SHORT,2023-11-04,0.003955000080168247,0.004320896062555848,0.003223208115393046,815,False,False,False,82.95,2023-11-13,0.004320896062555848,LOSS,9.0,crypto
SC-USD,LONG,2023-11-28,0.0044929999858140945,0.003847840760834281,0.005783318435773722,839,False,False,False,46.95,2023-12-01,0.005783318435773722,WIN,3.0,crypto
SC-USD,LONG,2024-04-18,0.007023999933153391,0.0055024218032138986,0.010067156193032376,981,False,False,False,30.03,2024-06-13,0.0055024218032138986,LOSS,56.0,crypto
SC-USD,SHORT,2024-07-17,0.005028000101447105,0.005752019743656979,0.003579960817027359,1071,False,False,False,59.89,2024-07-21,0.005752019743656979,LOSS,4.0,crypto
SC-USD,SHORT,2024-09-22,0.004676000215113163,0.0051769504203579364,0.003674099804623616,1138,False,True,True,68.26,2024-09-24,0.0051769504203579364,LOSS,2.0,crypto
SC-USD,SHORT,2024-09-25,0.0049299998208880424,0.0054971476604386135,0.0037957041417869004,1141,False,True,True,69.95,2024-10-20,0.0054971476604386135,LOSS,25.0,crypto
SC-USD,LONG,2024-11-05,0.004251999780535698,0.003746750449619543,0.005262498442368008,1182,False,False,False,30.5,2024-11-12,0.005262498442368008,WIN,7.0,crypto
SC-USD,LONG,2024-12-11,0.006947000045329332,0.005659166880663275,0.009522666374661447,1218,False,False,False,42.54,2024-12-18,0.005659166880663275,LOSS,7.0,crypto
SC-USD,LONG,2024-12-20,0.005694999825209379,0.004486514003026831,0.008111971469574476,1227,False,False,False,31.75,2025-02-02,0.004486514003026831,LOSS,44.0,crypto
SC-USD,LONG,2025-02-03,0.004490999970585108,0.003622044786728655,0.0062289103382980136,1272,False,False,False,27.53,2025-02-25,0.003622044786728655,LOSS,22.0,crypto
SC-USD,SHORT,2025-03-21,0.0033470001071691513,0.0037885092779301843,0.0024639817656470853,1318,False,False,False,49.24,2025-04-25,0.0037885092779301843,LOSS,35.0,crypto
SC-USD,LONG,2025-05-31,0.0032130000181496143,0.002880868179379663,0.003877263695689517,1389,False,False,False,36.42,2025-06-19,0.002880868179379663,LOSS,19.0,crypto
SC-USD,SHORT,2025-07-18,0.00317199993878603,0.003559707070899933,0.002396585674558223,1437,True,False,False,71.95,2025-07-20,0.003559707070899933,LOSS,2.0,crypto
SC-USD,LONG,2025-09-27,0.002595999976620078,0.0024140298072122678,0.0029599403154356987,1508,False,False,False,28.18,2025-10-10,0.0024140298072122678,LOSS,13.0,crypto
SC-USD,LONG,2025-10-12,0.0022219999227672815,0.0018593057792481277,0.002947388209805589,1523,False,False,False,20.61,2025-10-30,0.0018593057792481277,LOSS,18.0,crypto
SC-USD,SHORT,2025-11-11,0.001973999897018075,0.002253966388875696,0.001414066913302833,1553,False,False,False,50.69,2025-12-17,0.001414066913302833,WIN,36.0,crypto
SC-USD,LONG,2025-12-19,0.001415999955497682,0.0012460236559052446,0.0017559525546825571,1591,False,False,False,25.5,2026-01-07,0.0017559525546825571,WIN,19.0,crypto
SC-USD,SHORT,2026-01-08,0.001699000014923513,0.001856312731852817,0.0013843745810649048,1611,False,True,True,67.1,2026-01-29,0.0013843745810649048,WIN,21.0,crypto
SC-USD,LONG,2026-01-30,0.0013780000153928995,0.0012438384971027688,0.001646323051973161,1633,False,False,False,29.02,2026-02-05,0.0012438384971027688,LOSS,6.0,crypto
SC-USD,SHORT,2026-03-18,0.0010499999625608325,0.0011388564057593007,0.0008722870761638962,1680,False,False,False,52.29,2026-05-28,0.0008722870761638962,WIN,71.0,crypto
SC-USD,LONG,2026-06-07,0.0007029999978840351,0.000622878770956237,0.0008632424517396313,1761,False,False,False,18.21,2026-06-30,0.000622878770956237,LOSS,23.0,crypto
SC-USD,LONG,2026-07-31,0.0005029999883845448,0.0004475313763597281,0.0006139372124341784,1815,False,False,False,17.86,,,OPEN,,crypto
SEI-USD,LONG,2024-04-04,0.7190290093421936,0.5694460334317979,1.018194961162985,230,False,True,True,35.7,2024-04-12,0.5694460334317979,LOSS,8.0,crypto
SEI-USD,LONG,2024-04-14,0.5446810126304626,0.3939637497638162,0.8461155383637555,240,False,False,False,22.69,2024-06-17,0.3939637497638162,LOSS,64.0,crypto
SEI-USD,LONG,2024-06-19,0.35824400186538696,0.2850153510889239,0.5047013034183131,306,False,False,False,25.04,2024-07-04,0.2850153510889239,LOSS,15.0,crypto
SEI-USD,SHORT,2024-07-17,0.3496370017528534,0.40666209351575144,0.2355868182270573,334,False,False,False,55.4,2024-07-20,0.40666209351575144,LOSS,3.0,crypto
SEI-USD,SHORT,2024-07-22,0.3948209881782532,0.45573106782068307,0.2730008288933934,339,False,True,True,61.97,2024-08-03,0.2730008288933934,WIN,12.0,crypto
SEI-USD,SHORT,2024-08-26,0.3337610065937042,0.3870293960968825,0.22722422758734762,374,False,True,True,65.59,2024-09-21,0.3870293960968825,LOSS,26.0,crypto
SEI-USD,SHORT,2024-09-22,0.372871994972229,0.42821469596972817,0.2621865929772307,401,False,True,True,72.65,2024-09-24,0.42821469596972817,LOSS,2.0,crypto
SEI-USD,SHORT,2024-09-27,0.46233299374580383,0.5284824100494352,0.3300341611385411,406,False,False,False,77.31,2024-11-16,0.5284824100494352,LOSS,50.0,crypto
SEI-USD,LONG,2024-12-11,0.6002389788627625,0.47132550711821875,0.8580659223518499,481,False,False,False,41.45,2024-12-19,0.47132550711821875,LOSS,8.0,crypto
SEI-USD,LONG,2024-12-20,0.4410029947757721,0.3227683250421095,0.6774723342430973,490,False,False,False,30.26,2025-01-27,0.3227683250421095,LOSS,38.0,crypto
SEI-USD,SHORT,2025-02-24,0.266292005777359,0.31690680614031164,0.16506240505145375,556,False,False,False,55.42,2025-04-02,0.16506240505145375,WIN,37.0,crypto
SEI-USD,LONG,2025-04-07,0.14987699687480927,0.12236505733912263,0.20490087594618253,598,False,False,False,24.42,2025-04-25,0.20490087594618253,WIN,18.0,crypto
SEI-USD,SHORT,2025-04-26,0.20572300255298615,0.23089882666781325,0.15537135432333193,617,False,True,True,65.82,2025-05-08,0.23089882666781325,LOSS,12.0,crypto
SEI-USD,LONG,2025-05-31,0.19414199888706207,0.16334241644568714,0.25574116376981193,652,False,False,False,35.45,2025-06-17,0.16334241644568714,LOSS,17.0,crypto
SEI-USD,SHORT,2025-06-22,0.19943499565124512,0.23016562535478108,0.1379737362441732,674,False,False,False,59.07,2025-06-23,0.23016562535478108,LOSS,1.0,crypto
SEI-USD,SHORT,2025-06-26,0.25564900040626526,0.3057226595680875,0.15550168208262083,678,False,True,True,67.74,2025-06-29,0.3057226595680875,LOSS,3.0,crypto
SEI-USD,LONG,2025-08-03,0.2801089882850647,0.23078818775148505,0.378750589352224,716,False,True,True,35.04,2025-10-10,0.23078818775148505,LOSS,68.0,crypto
SEI-USD,LONG,2025-10-12,0.2292270064353943,0.17000585191661655,0.34766931547294977,786,False,False,False,24.63,2025-11-03,0.17000585191661655,LOSS,22.0,crypto
SEI-USD,SHORT,2025-11-11,0.17471200227737427,0.2086317340963609,0.106872538639401,816,False,False,False,47.54,2025-12-19,0.106872538639401,WIN,38.0,crypto
SEI-USD,SHORT,2026-01-07,0.12438700348138809,0.13784105117850196,0.09747890808716037,873,False,False,False,62.54,2026-01-30,0.09747890808716037,WIN,23.0,crypto
SEI-USD,LONG,2026-02-02,0.0884929969906807,0.07641084838585173,0.11265729420033863,899,False,False,False,20.83,2026-02-05,0.07641084838585173,LOSS,3.0,crypto
SEI-USD,SHORT,2026-03-14,0.0665230005979538,0.0736728587210581,0.0522232843517452,939,False,False,False,42.82,2026-03-29,0.0522232843517452,WIN,15.0,crypto
SEI-USD,LONG,2026-04-01,0.05410899966955185,0.04728704709813548,0.06775290481238459,957,True,False,False,21.15,2026-05-09,0.06775290481238459,WIN,38.0,crypto
SEI-USD,SHORT,2026-05-12,0.06944499909877777,0.07746853193058689,0.05339793343515953,998,False,True,True,79.01,2026-06-04,0.05339793343515953,WIN,23.0,crypto
SEI-USD,LONG,2026-06-07,0.049428001046180725,0.03955963964312117,0.06916472385229984,1024,False,False,False,29.5,,,OPEN,,crypto
SHIB-USD,SHORT,2022-03-25,2.4000000848900527e-05,2.7055677270361783e-05,1.7888648005978014e-05,226,False,False,False,57.1,2022-03-28,2.7055677270361783e-05,LOSS,3.0,crypto
SHIB-USD,SHORT,2022-03-31,2.5999999706982635e-05,2.9524777015754087e-05,1.895044508943973e-05,232,False,True,True,64.51,2022-04-12,2.9524777015754087e-05,LOSS,12.0,crypto
SHIB-USD,LONG,2022-05-01,2.2000000171829015e-05,1.894655496578273e-05,2.8106890583921582e-05,263,False,False,False,25.9,2022-05-08,1.894655496578273e-05,LOSS,7.0,crypto
SHIB-USD,LONG,2022-05-10,1.5999999959603883e-05,1.2337169135679628e-05,2.3325661607452395e-05,272,False,False,False,23.21,2022-05-11,1.2337169135679628e-05,LOSS,1.0,crypto
SHIB-USD,LONG,2022-06-15,9.000000318337698e-06,7.239798041058047e-06,1.2520404872896999e-05,308,True,False,False,20.04,2022-06-18,7.239798041058047e-06,LOSS,3.0,crypto
SHIB-USD,SHORT,2022-06-26,1.1000000085914508e-05,1.3016674030438528e-05,6.966652196866467e-06,319,False,False,False,61.67,2022-08-14,1.3016674030438528e-05,LOSS,49.0,crypto
SHIB-USD,SHORT,2022-08-15,1.4999999621068127e-05,1.6836221141094222e-05,1.1327556581015937e-05,369,False,True,True,92.77,2022-09-16,1.1327556581015937e-05,WIN,32.0,crypto
SHIB-USD,LONG,2022-09-22,1.1000000085914508e-05,9.766053666407069e-06,1.3467892924929385e-05,407,False,False,False,25.19,2022-10-13,9.766053666407069e-06,LOSS,21.0,crypto
SHIB-USD,SHORT,2022-10-30,1.2000000424450263e-05,1.3481911477440618e-05,9.036178318469555e-06,445,False,True,True,85.07,2022-11-09,9.036178318469555e-06,WIN,10.0,crypto
SHIB-USD,LONG,2022-12-18,9.000000318337698e-06,8.465943907702015e-06,1.0068113139609063e-05,494,False,False,False,18.38,2022-12-19,8.465943907702015e-06,LOSS,1.0,crypto
SHIB-USD,SHORT,2023-01-17,1.1000000085914508e-05,1.2077523244756652e-05,8.844953768230218e-06,524,False,True,True,91.2,2023-01-18,1.2077523244756652e-05,LOSS,1.0,crypto
SHIB-USD,LONG,2023-02-10,1.2999999853491317e-05,1.126979875407049e-05,1.6460402052332973e-05,548,False,False,False,47.9,2023-03-03,1.126979875407049e-05,LOSS,21.0,crypto
SHIB-USD,SHORT,2023-04-17,1.1000000085914508e-05,1.1891851275416115e-05,9.216297706911292e-06,614,False,False,False,73.17,2023-04-18,1.1891851275416115e-05,LOSS,1.0,crypto
SHIB-USD,LONG,2023-05-08,9.000000318337698e-06,8.351794520583506e-06,1.0296411913846081e-05,635,False,False,False,22.14,2023-05-22,8.351794520583506e-06,LOSS,14.0,crypto
SHIB-USD,LONG,2023-06-02,9.000000318337698e-06,8.199119088822673e-06,1.0601762777367747e-05,660,True,False,False,5.14,2023-06-05,8.199119088822673e-06,LOSS,3.0,crypto
SHIB-USD,SHORT,2023-06-25,7.999999979801942e-06,8.581092272404347e-06,6.837815394597131e-06,683,False,False,False,56.68,2023-07-29,8.581092272404347e-06,LOSS,34.0,crypto
SHIB-USD,SHORT,2023-07-30,7.999999979801942e-06,8.597238043083296e-06,6.805523853239233e-06,718,False,False,False,83.0,2023-07-31,8.597238043083296e-06,LOSS,1.0,crypto
SHIB-USD,SHORT,2023-08-06,9.000000318337698e-06,9.845779203068e-06,7.308442548877093e-06,725,False,True,True,77.62,2023-08-08,9.845779203068e-06,LOSS,2.0,crypto
SHIB-USD,SHORT,2023-08-13,9.999999747378752e-06,1.1106979291728269e-05,7.786040658679717e-06,732,False,False,False,75.45,2023-09-04,7.786040658679717e-06,WIN,22.0,crypto
SHIB-USD,SHORT,2023-09-24,7.000000096013537e-06,7.699270975445052e-06,5.601458337150506e-06,774,False,False,False,63.55,2023-10-01,7.699270975445052e-06,LOSS,7.0,crypto
SHIB-USD,SHORT,2023-10-02,7.000000096013537e-06,7.662026712507112e-06,5.675946863026386e-06,782,False,False,False,63.61,2023-10-24,7.662026712507112e-06,LOSS,22.0,crypto
SHIB-USD,SHORT,2023-10-31,7.999999979801942e-06,8.253798414256513e-06,7.492403110892799e-06,811,False,True,True,80.47,2023-11-06,8.253798414256513e-06,LOSS,6.0,crypto
SHIB-USD,LONG,2024-01-08,9.999999747378752e-06,8.302935266861774e-06,1.3394128708412706e-05,880,False,False,False,34.97,2024-01-23,8.302935266861774e-06,LOSS,15.0,crypto
SHIB-USD,SHORT,2024-02-13,9.000000318337698e-06,9.81900358087093e-06,7.361993793271233e-06,916,False,False,False,74.06,2024-02-14,9.81900358087093e-06,LOSS,1.0,crypto
SHIB-USD,SHORT,2024-02-16,9.999999747378752e-06,1.0778917376679549e-05,8.442164488777157e-06,919,False,False,False,61.65,2024-02-27,1.0778917376679549e-05,LOSS,11.0,crypto
SHIB-USD,SHORT,2024-03-04,3.600000127335079e-05,4.122275379243817e-05,2.555449623517603e-05,936,False,False,False,97.4,2024-03-05,4.122275379243817e-05,LOSS,1.0,crypto
SHIB-USD,LONG,2024-04-14,2.300000051036477e-05,1.7604177099659512e-05,3.379164733177529e-05,977,False,True,True,34.41,2024-06-18,1.7604177099659512e-05,LOSS,65.0,crypto
SHIB-USD,LONG,2024-06-19,1.8000000636675395e-05,1.5035896044176096e-05,2.3928209821673994e-05,1043,False,False,False,27.08,2024-07-04,1.5035896044176096e-05,LOSS,15.0,crypto
SHIB-USD,SHORT,2024-07-18,1.700000029813964e-05,1.956876739124121e-05,1.1862466111936499e-05,1072,False,False,False,61.04,2024-08-05,1.1862466111936499e-05,WIN,18.0,crypto
SHIB-USD,SHORT,2024-08-25,1.4999999621068127e-05,1.6580154954130768e-05,1.1839688954942846e-05,1110,False,False,False,65.47,2024-09-26,1.6580154954130768e-05,LOSS,32.0,crypto
SHIB-USD,SHORT,2024-09-29,1.8999999156221747e-05,2.1438079506661438e-05,1.4123838455342367e-05,1145,False,False,False,78.38,2024-11-10,2.1438079506661438e-05,LOSS,42.0,crypto
SHIB-USD,SHORT,2024-11-13,2.5999999706982635e-05,3.0386733560547148e-05,1.722653199985361e-05,1190,False,False,False,79.3,2024-12-01,3.0386733560547148e-05,LOSS,18.0,crypto
SHIB-USD,LONG,2024-12-10,2.700000004551839e-05,2.0980730655864258e-05,3.903853882482666e-05,1217,False,False,False,48.65,2024-12-20,2.0980730655864258e-05,LOSS,10.0,crypto
SHIB-USD,LONG,2024-12-23,2.2000000171829015e-05,1.716892782783445e-05,3.166214485981815e-05,1230,False,True,True,33.16,2025-01-27,1.716892782783445e-05,LOSS,35.0,crypto
SHIB-USD,LONG,2025-02-03,1.700000029813964e-05,1.362345460475819e-05,2.3753091684902537e-05,1272,False,False,False,25.84,2025-02-25,1.362345460475819e-05,LOSS,22.0,crypto
SHIB-USD,LONG,2025-03-10,1.2000000424450263e-05,9.840234990195794e-06,1.6319531292959203e-05,1307,False,False,False,29.4,2025-05-10,1.6319531292959203e-05,WIN,61.0,crypto
SHIB-USD,SHORT,2025-05-11,1.5999999959603883e-05,1.784565460576803e-05,1.2308690667275587e-05,1369,False,True,True,81.75,2025-05-12,1.784565460576803e-05,LOSS,1.0,crypto
SHIB-USD,LONG,2025-05-31,1.2999999853491317e-05,1.0921894131692183e-05,1.7156211297089586e-05,1389,False,False,False,34.01,2025-06-22,1.0921894131692183e-05,LOSS,22.0,crypto
SHIB-USD,SHORT,2025-07-12,1.2999999853491317e-05,1.4452175133205454e-05,1.0095649294063045e-05,1431,False,True,True,61.5,2025-07-16,1.4452175133205454e-05,LOSS,4.0,crypto
SHIB-USD,SHORT,2025-07-17,1.4000000192027073e-05,1.5648246642415425e-05,1.070350729125037e-05,1436,False,True,True,70.3,2025-07-18,1.5648246642415425e-05,LOSS,1.0,crypto
SHIB-USD,SHORT,2025-07-19,1.4999999621068127e-05,1.682935486640373e-05,1.1341289130396923e-05,1438,False,False,False,76.98,2025-10-10,1.1341289130396923e-05,WIN,83.0,crypto
SHIB-USD,LONG,2025-11-21,7.999999979801942e-06,7.104389298995431e-06,9.791221341414964e-06,1563,False,False,False,21.7,2025-12-17,7.104389298995431e-06,LOSS,26.0,crypto
SHIB-USD,SHORT,2026-01-08,9.000000318337698e-06,9.964095438840887e-06,7.071810077331319e-06,1611,False,True,True,71.99,2026-01-25,7.071810077331319e-06,WIN,17.0,crypto
SHIB-USD,LONG,2026-02-06,6.000000212225132e-06,4.846240573449954e-06,8.307519489775487e-06,1640,False,False,False,19.95,2026-06-05,4.846240573449954e-06,LOSS,119.0,crypto
SHIB-USD,LONG,2026-06-26,3.999999989900971e-06,3.5425313099658106e-06,4.914937349771291e-06,1780,False,False,False,11.73,2026-07-04,4.914937349771291e-06,WIN,8.0,crypto
SHIB-USD,SHORT,2026-07-31,4.999999873689376e-06,5.243707335273618e-06,4.512584950520891e-06,1815,False,True,True,90.25,2026-08-10,4.512584950520891e-06,WIN,10.0,crypto
SKL-USD,SHORT,2022-03-25,0.1401589959859848,0.16139407100714087,0.09768884594367266,226,False,True,True,61.79,2022-03-26,0.16139407100714087,LOSS,1.0,crypto
SKL-USD,SHORT,2022-04-02,0.28043898940086365,0.336404326950348,0.16850831430189495,234,False,False,False,89.47,2022-04-25,0.16850831430189495,WIN,23.0,crypto
SKL-USD,LONG,2022-05-10,0.11435099691152573,0.07528763483642567,0.19247772106172584,272,False,False,False,30.77,2022-05-11,0.07528763483642567,LOSS,1.0,crypto
SKL-USD,LONG,2022-05-13,0.08244799822568893,0.03891812406231173,0.16950774655244333,275,False,False,False,26.78,2022-09-18,0.03891812406231173,LOSS,128.0,crypto
SKL-USD,LONG,2022-10-15,0.03407600149512291,0.030215173952479357,0.041797656580410014,430,False,False,False,27.16,2022-11-03,0.041797656580410014,WIN,19.0,crypto
SKL-USD,SHORT,2022-11-06,0.039719998836517334,0.044853842886682156,0.02945231073618769,452,False,True,True,67.87,2022-11-09,0.02945231073618769,WIN,3.0,crypto
SKL-USD,LONG,2022-12-20,0.022074999287724495,0.019269889174869086,0.027685219513435312,496,True,False,False,22.87,2023-01-14,0.027685219513435312,WIN,25.0,crypto
SKL-USD,SHORT,2023-01-15,0.028390999883413315,0.030792785404437518,0.02358742884136491,522,False,True,True,79.27,2023-01-20,0.030792785404437518,LOSS,5.0,crypto
SKL-USD,LONG,2023-02-26,0.049626998603343964,0.038388165897333494,0.0721046640153649,564,False,False,False,48.43,2023-03-08,0.038388165897333494,LOSS,10.0,crypto
SKL-USD,SHORT,2023-04-15,0.04440300166606903,0.04960766458623252,0.03399367582574206,612,False,True,True,59.7,2023-04-16,0.04960766458623252,LOSS,1.0,crypto
SKL-USD,SHORT,2023-04-18,0.04832100123167038,0.05469073821302852,0.0355815272689541,615,False,False,False,61.8,2023-05-06,0.0355815272689541,WIN,18.0,crypto
SKL-USD,LONG,2023-05-09,0.03184900060296059,0.027215175345571538,0.041116651117738684,636,False,False,False,29.78,2023-06-10,0.027215175345571538,LOSS,32.0,crypto
SKL-USD,LONG,2023-07-26,0.02619899995625019,0.023280515814387677,0.03203596823997522,714,False,False,False,36.73,2023-08-17,0.023280515814387677,LOSS,22.0,crypto
SKL-USD,LONG,2023-08-20,0.02225000038743019,0.019514262753439884,0.027721475655410804,739,False,False,False,25.69,2023-11-04,0.027721475655410804,WIN,76.0,crypto
SKL-USD,SHORT,2023-11-21,0.05155299976468086,0.06259192303246089,0.02947515322912081,832,False,False,False,89.24,2023-12-26,0.06259192303246089,LOSS,35.0,crypto
SKL-USD,SHORT,2023-12-29,0.07408899813890457,0.08850801524441947,0.04525096392787478,870,False,False,False,78.58,2024-01-02,0.08850801524441947,LOSS,4.0,crypto
SKL-USD,LONG,2024-01-23,0.06775499880313873,0.05136245186756734,0.10054009267428152,895,False,True,True,41.36,2024-02-16,0.10054009267428152,WIN,24.0,crypto
SKL-USD,SHORT,2024-02-19,0.09286099672317505,0.10551033784201097,0.0675623144855032,922,False,False,False,68.35,2024-02-29,0.10551033784201097,LOSS,10.0,crypto
SKL-USD,SHORT,2024-03-02,0.10932300239801407,0.12580620983258622,0.07635658752886976,934,False,False,False,78.77,2024-03-19,0.07635658752886976,WIN,17.0,crypto
SKL-USD,LONG,2024-04-14,0.09350299835205078,0.06799407846991048,0.14452083811633137,977,False,True,True,32.59,2024-05-13,0.06799407846991048,LOSS,29.0,crypto
SKL-USD,SHORT,2024-05-24,0.08897999674081802,0.10242757784045736,0.06208483454153935,1017,False,False,False,62.87,2024-06-11,0.06208483454153935,WIN,18.0,crypto
SKL-USD,SHORT,2024-07-22,0.04929099977016449,0.055930125171962705,0.03601274896656806,1076,False,False,False,60.37,2024-08-05,0.03601274896656806,WIN,14.0,crypto
SKL-USD,SHORT,2024-09-14,0.033601000905036926,0.037701094503293946,0.025400813708522887,1130,False,False,False,52.63,2024-09-21,0.037701094503293946,LOSS,7.0,crypto
SKL-USD,SHORT,2024-09-22,0.03512300178408623,0.03962421778613616,0.026120569779986363,1138,False,False,False,62.74,2024-09-27,0.03962421778613616,LOSS,5.0,crypto
SKL-USD,SHORT,2024-09-28,0.04318099841475487,0.04899056371803799,0.03156186780818862,1144,False,True,True,75.21,2024-11-03,0.03156186780818862,WIN,36.0,crypto
SKL-USD,LONG,2024-11-05,0.032597001641988754,0.027136868755296084,0.043517267415374095,1182,False,False,False,35.16,2024-11-11,0.043517267415374095,WIN,6.0,crypto
SKL-USD,SHORT,2024-11-25,0.058421000838279724,0.06847047104661534,0.03832206042160849,1202,False,False,False,77.35,2024-11-27,0.06847047104661534,LOSS,2.0,crypto
SKL-USD,LONG,2024-12-11,0.06863100081682205,0.05324278657412256,0.09940742930222103,1218,False,False,False,46.43,2024-12-18,0.05324278657412256,LOSS,7.0,crypto
SKL-USD,LONG,2024-12-20,0.049775999039411545,0.03566228521747884,0.07800342668327695,1227,False,False,False,31.51,2025-02-03,0.03566228521747884,LOSS,45.0,crypto
SKL-USD,LONG,2025-03-11,0.025090999901294708,0.018696820238486005,0.037879359226912115,1308,False,False,False,27.81,2025-04-06,0.018696820238486005,LOSS,26.0,crypto
SKL-USD,SHORT,2025-04-25,0.0245169997215271,0.02837356669207198,0.01680386578043734,1353,False,False,False,60.79,2025-05-12,0.02837356669207198,LOSS,17.0,crypto
SKL-USD,LONG,2025-06-23,0.018456999212503433,0.015668910083015217,0.024033177471479865,1412,True,False,False,27.57,2025-07-14,0.024033177471479865,WIN,21.0,crypto
SKL-USD,SHORT,2025-07-17,0.02372400090098381,0.027127451144667972,0.016917100413615486,1436,False,True,True,67.37,2025-07-20,0.027127451144667972,LOSS,3.0,crypto
SKL-USD,SHORT,2025-08-15,0.03782400116324425,0.046819919030166496,0.01983216542939975,1465,False,False,False,88.39,2025-10-10,0.01983216542939975,WIN,56.0,crypto
SKL-USD,LONG,2025-10-11,0.019439000636339188,0.013197311854705882,0.0319223781996058,1522,False,False,False,26.51,2025-11-21,0.013197311854705882,LOSS,41.0,crypto
SKL-USD,LONG,2025-12-19,0.010537000373005867,0.008787708640481203,0.014035583838055195,1591,False,False,False,18.25,2026-01-31,0.008787708640481203,LOSS,43.0,crypto
SKL-USD,LONG,2026-02-02,0.0077669997699558735,0.006241216956341654,0.010818565397184312,1636,False,False,False,28.46,2026-02-05,0.006241216956341654,LOSS,3.0,crypto
SKL-USD,LONG,2026-02-06,0.006994000170379877,0.005261477254132151,0.01045904600287533,1640,False,False,False,21.33,2026-06-02,0.005261477254132151,LOSS,116.0,crypto
SKL-USD,SHORT,2026-07-13,0.004222000017762184,0.005123112954966272,0.0024197741433540088,1797,False,False,False,59.11,2026-07-15,0.005123112954966272,LOSS,2.0,crypto
SNX-USD,SHORT,2022-03-21,4.967857837677002,5.834662323247667,3.2342488665356726,222,False,True,True,64.96,2022-03-29,5.834662323247667,LOSS,8.0,crypto
SNX-USD,SHORT,2022-04-02,7.1788740158081055,8.259765053645339,5.017091940133639,234,False,False,False,82.3,2022-04-11,5.017091940133639,WIN,9.0,crypto
SNX-USD,LONG,2022-05-13,2.6192750930786133,1.3887779046850373,5.080269469865765,275,False,False,False,27.26,2024-03-12,5.080269469865765,WIN,669.0,crypto
SNX-USD,LONG,2024-03-20,4.000892162322998,3.160417350909908,5.681841785149178,952,False,True,True,37.54,2024-04-12,3.160417350909908,LOSS,23.0,crypto
SNX-USD,LONG,2024-04-14,2.975419044494629,2.179974205726278,4.566308722031331,977,False,False,False,27.99,2024-06-13,2.179974205726278,LOSS,60.0,crypto
SNX-USD,LONG,2024-07-06,1.6545729637145996,1.3798555280885816,2.2040078349666357,1060,False,False,False,21.96,2024-08-04,1.3798555280885816,LOSS,29.0,crypto
SNX-USD,SHORT,2024-08-25,1.5897959470748901,1.8018351346788306,1.1657175718670092,1110,False,False,False,62.21,2024-11-18,1.8018351346788306,LOSS,85.0,crypto
SNX-USD,LONG,2024-12-23,2.0970640182495117,1.490739556425151,3.309712941898233,1230,False,True,True,35.79,2025-01-27,1.490739556425151,LOSS,35.0,crypto
SNX-USD,LONG,2025-02-08,0.9726409912109375,0.6630329310589964,1.5918571115148197,1277,False,False,False,23.49,2025-04-02,0.6630329310589964,LOSS,53.0,crypto
SNX-USD,LONG,2025-04-04,0.6598129868507385,0.538354950865618,0.9027290588209795,1332,False,False,False,27.5,2025-05-10,0.9027290588209795,WIN,36.0,crypto
SNX-USD,SHORT,2025-05-11,0.8643010258674622,0.9712948425178766,0.6503133925666333,1369,False,True,True,74.19,2025-05-31,0.6503133925666333,WIN,20.0,crypto
SNX-USD,SHORT,2025-07-12,0.6407949924468994,0.7169837609133465,0.4884174555140053,1431,False,True,True,60.34,2025-07-18,0.7169837609133465,LOSS,6.0,crypto
SNX-USD,SHORT,2025-07-21,0.7564100027084351,0.8408174823879526,0.5875950433493999,1440,False,True,True,72.22,2025-07-30,0.5875950433493999,WIN,9.0,crypto
SNX-USD,LONG,2025-09-23,0.6573860049247742,0.5670678757584533,0.8380222632574159,1504,False,False,False,39.61,2025-09-24,0.8380222632574159,WIN,1.0,crypto
SNX-USD,SHORT,2025-09-25,0.7883070111274719,0.9280213819273686,0.5088782695276786,1506,False,True,True,71.29,2025-09-26,0.9280213819273686,LOSS,1.0,crypto
SNX-USD,SHORT,2025-09-30,1.0772080421447754,1.3044736881671406,0.622676750100045,1511,False,False,False,70.59,2025-10-01,1.3044736881671406,LOSS,1.0,crypto
SNX-USD,SHORT,2025-10-02,1.2323529720306396,1.4925817800802093,0.7118953559315004,1513,False,False,False,75.4,2025-10-10,0.7118953559315004,WIN,8.0,crypto
SNX-USD,SHORT,2025-12-25,0.4211759865283966,0.49215092308517133,0.27922611341484715,1597,False,False,False,40.07,2026-01-05,0.49215092308517133,LOSS,11.0,crypto
SNX-USD,SHORT,2026-01-07,0.49288100004196167,0.560265033790647,0.3581129325445911,1610,False,False,False,65.87,2026-01-31,0.3581129325445911,WIN,24.0,crypto
SNX-USD,LONG,2026-02-02,0.3550660014152527,0.2929664510397945,0.479265102166169,1636,False,False,False,30.13,2026-02-05,0.2929664510397945,LOSS,3.0,crypto
SNX-USD,LONG,2026-02-06,0.3003230094909668,0.23189744460800318,0.437174139256894,1640,False,False,False,25.85,2026-02-21,0.437174139256894,WIN,15.0,crypto
SNX-USD,SHORT,2026-02-23,0.3731450140476227,0.4470691284905576,0.2252967851617529,1657,False,False,False,69.58,2026-06-06,0.2252967851617529,WIN,103.0,crypto
SNX-USD,SHORT,2026-07-04,0.2310190051794052,0.26732241771092524,0.15841218011636515,1788,False,False,False,55.18,,,OPEN,,crypto
SOL-USD,SHORT,2022-03-20,88.61486053466797,101.08342490627425,63.677731791455415,221,False,False,False,54.76,2022-03-24,101.08342490627425,LOSS,4.0,crypto
SOL-USD,SHORT,2022-03-25,98.6581039428711,111.36082046886128,73.25267089089073,226,False,True,True,64.83,2022-03-28,111.36082046886128,LOSS,3.0,crypto
SOL-USD,SHORT,2022-04-02,132.19886779785156,149.2020121281343,98.19257913728609,234,False,False,False,81.3,2022-04-18,98.19257913728609,WIN,16.0,crypto
SOL-USD,LONG,2022-05-10,66.76615142822266,51.81887205488391,96.66071017490015,272,False,False,False,24.68,2022-05-11,51.81887205488391,LOSS,1.0,crypto
SOL-USD,LONG,2022-05-13,48.59355163574219,29.895672650676712,85.98930960587313,275,False,False,False,20.54,2022-06-13,29.895672650676712,LOSS,31.0,crypto
SOL-USD,SHORT,2022-06-22,34.12163543701172,43.4566659937343,15.451574323566561,315,False,False,False,45.83,2022-07-18,43.4566659937343,LOSS,26.0,crypto
SOL-USD,SHORT,2022-07-20,42.09366989135742,48.868329235725035,28.544351202622195,343,False,True,True,66.04,2022-10-13,28.544351202622195,WIN,85.0,crypto
SOL-USD,LONG,2022-10-16,30.168840408325195,27.110336925614735,36.285847373746115,431,False,False,False,35.53,2022-10-21,27.110336925614735,LOSS,5.0,crypto
SOL-USD,SHORT,2022-11-06,32.6835823059082,37.01518694673457,24.020373024255463,452,False,True,True,69.08,2022-11-08,24.020373024255463,WIN,2.0,crypto
SOL-USD,LONG,2022-11-10,17.681407928466797,10.546667017307017,31.950889750786356,456,False,False,False,22.54,2022-12-28,10.546667017307017,LOSS,48.0,crypto
SOL-USD,LONG,2022-12-30,9.880176544189453,8.199253237186053,13.242023158196254,506,False,False,False,22.03,2023-01-03,13.242023158196254,WIN,4.0,crypto
SOL-USD,SHORT,2023-01-07,13.092267990112305,14.90081235455375,9.475179261229414,514,False,False,False,61.91,2023-01-09,14.90081235455375,LOSS,2.0,crypto
SOL-USD,SHORT,2023-01-12,16.619043350219727,18.774526913657066,12.308076223345047,519,False,True,True,73.46,2023-01-14,18.774526913657066,LOSS,2.0,crypto
SOL-USD,SHORT,2023-01-15,22.873306274414062,26.059495800658382,16.500927221925423,522,False,True,True,88.88,2023-01-21,26.059495800658382,LOSS,6.0,crypto
SOL-USD,LONG,2023-02-11,20.830095291137695,17.63630857640779,27.21766872059751,549,False,True,False,40.91,2023-03-09,17.63630857640779,LOSS,26.0,crypto
SOL-USD,LONG,2023-03-10,18.243642807006836,15.378870522152647,23.973187376715213,576,False,False,False,27.68,2023-04-12,23.973187376715213,WIN,33.0,crypto
SOL-USD,SHORT,2023-04-15,24.079378128051758,26.591387432581993,19.05535951899129,612,False,True,True,70.75,2023-05-24,19.05535951899129,WIN,39.0,crypto
SOL-USD,SHORT,2023-06-05,20.07505989074707,21.971948025993754,16.281283620253703,663,True,False,False,59.56,2023-06-10,16.281283620253703,WIN,5.0,crypto
SOL-USD,LONG,2023-06-13,15.018193244934082,12.544459943222154,19.965659848357937,671,False,False,False,25.31,2023-07-06,19.965659848357937,WIN,23.0,crypto
SOL-USD,LONG,2023-08-23,21.703624725341797,19.314006418742384,26.482861338540623,742,True,False,False,33.43,2023-09-01,19.314006418742384,LOSS,9.0,crypto
SOL-USD,SHORT,2023-09-21,19.47907066345215,21.26472985656902,15.907752277218407,771,False,False,False,54.88,2023-09-30,21.26472985656902,LOSS,9.0,crypto
SOL-USD,SHORT,2023-10-04,23.144786834716797,25.23918242827177,18.955995647606848,784,False,False,False,72.42,2023-10-19,25.23918242827177,LOSS,15.0,crypto
SOL-USD,SHORT,2023-10-22,29.03668212890625,31.791090266117028,23.527865854484695,802,False,False,False,80.94,2023-10-23,31.791090266117028,LOSS,1.0,crypto
SOL-USD,LONG,2023-11-22,57.588558197021484,46.649622774282065,79.46642904250032,833,False,False,False,54.1,2023-12-20,79.46642904250032,WIN,28.0,crypto
SOL-USD,SHORT,2023-12-26,112.6767349243164,130.00576373126287,78.01867731042347,867,False,False,False,85.79,2024-02-29,130.00576373126287,LOSS,65.0,crypto
SOL-USD,LONG,2024-04-14,151.28494262695312,121.15214876384042,211.55053035317854,977,False,True,True,29.93,2024-05-01,121.15214876384042,LOSS,17.0,crypto
SOL-USD,SHORT,2024-05-16,159.116455078125,179.93235717796824,117.48465087843852,1009,False,False,False,57.59,2024-05-20,179.93235717796824,LOSS,4.0,crypto
SOL-USD,SHORT,2024-05-21,178.11614990234375,200.18244902456414,133.98355165790298,1014,False,False,False,70.6,2024-06-18,133.98355165790298,WIN,28.0,crypto
SOL-USD,SHORT,2024-07-17,155.5841064453125,173.70051156344036,119.35129620905678,1071,False,False,False,61.93,2024-07-20,173.70051156344036,LOSS,3.0,crypto
SOL-USD,SHORT,2024-07-22,178.97828674316406,197.65609101381804,141.6226782018561,1076,False,False,False,71.89,2024-08-03,141.6226782018561,WIN,12.0,crypto
SOL-USD,LONG,2024-08-06,144.09036254882812,118.25382846425518,195.76343071797402,1091,False,True,True,30.26,2024-11-07,195.76343071797402,WIN,93.0,crypto
SOL-USD,LONG,2024-12-11,227.44683837890625,196.95364955708888,288.433216022541,1218,False,False,False,41.04,2024-12-19,196.95364955708888,LOSS,8.0,crypto
SOL-USD,SHORT,2025-01-20,242.25022888183594,282.354674795061,162.04133705538584,1258,False,False,False,67.92,2025-02-18,162.04133705538584,WIN,29.0,crypto
SOL-USD,SHORT,2025-03-26,137.28857421875,158.10258774226634,95.66054717171733,1323,False,False,False,53.36,2025-05-08,158.10258774226634,LOSS,43.0,crypto
SOL-USD,SHORT,2025-05-11,173.02645874023438,189.21563076302203,140.64811469465906,1369,False,False,False,78.93,2025-06-20,140.64811469465906,WIN,40.0,crypto
SOL-USD,SHORT,2025-07-11,162.8833770751953,177.99361468294293,132.66290185970007,1430,False,False,False,62.93,2025-07-17,177.99361468294293,LOSS,6.0,crypto
SOL-USD,SHORT,2025-07-19,177.07012939453125,192.4246430623399,146.36110205891396,1438,False,False,False,71.9,2025-07-21,192.4246430623399,LOSS,2.0,crypto
SOL-USD,SHORT,2025-07-23,189.54293823242188,208.84097336125114,150.94686797476334,1442,False,False,False,84.28,2025-08-14,208.84097336125114,LOSS,22.0,crypto
SOL-USD,SHORT,2025-09-14,240.5576934814453,261.22716222713063,199.21875599007467,1495,False,False,False,72.09,2025-09-25,199.21875599007467,WIN,11.0,crypto
SOL-USD,LONG,2025-09-26,205.35255432128906,182.45486854416754,251.1479258755321,1507,False,True,True,33.37,2025-10-10,182.45486854416754,LOSS,14.0,crypto
SOL-USD,LONG,2025-10-12,197.508544921875,167.39662677447788,257.73238121666924,1523,False,True,True,32.29,2025-11-03,167.39662677447788,LOSS,22.0,crypto
SOL-USD,LONG,2025-11-05,162.56607055664062,137.06177645462634,213.5746587606692,1547,False,False,False,28.07,2025-11-14,137.06177645462634,LOSS,9.0,crypto
SOL-USD,SHORT,2025-12-04,139.0145263671875,157.62748602644334,101.78860704867583,1576,False,False,False,50.86,2026-01-31,101.78860704867583,WIN,58.0,crypto
SOL-USD,LONG,2026-02-02,104.47115325927734,90.87717850284815,131.65910277213572,1636,False,False,False,24.75,2026-02-04,90.87717850284815,LOSS,2.0,crypto
SOL-USD,SHORT,2026-02-26,85.90911865234375,97.66008237607157,62.40719120488811,1660,False,False,False,47.27,2026-05-11,97.66008237607157,LOSS,74.0,crypto
SOL-USD,SHORT,2026-05-12,94.28429412841797,100.5247055169526,81.80347135134872,1735,False,True,True,75.25,2026-05-23,81.80347135134872,WIN,11.0,crypto
SOL-USD,LONG,2026-06-07,66.31063079833984,58.50879406733407,81.91430426035139,1761,False,False,False,14.16,2026-07-02,81.91430426035139,WIN,25.0,crypto
STEEM-USD,SHORT,2022-03-20,0.33208000659942627,0.36220434149984765,0.2718313367985835,221,False,False,False,58.3,2022-03-23,0.36220434149984765,LOSS,3.0,crypto
STEEM-USD,SHORT,2022-03-25,0.3600040078163147,0.3887192654781629,0.30257349249261833,226,False,True,True,68.78,2022-03-27,0.3887192654781629,LOSS,2.0,crypto
STEEM-USD,SHORT,2022-03-30,0.4072819948196411,0.4491060648440814,0.32363385477076057,231,False,True,True,73.71,2022-04-11,0.32363385477076057,WIN,12.0,crypto
STEEM-USD,SHORT,2022-06-06,0.2864139974117279,0.35171206894650003,0.15581785434218365,299,False,False,False,57.16,2022-07-09,0.35171206894650003,LOSS,33.0,crypto
STEEM-USD,SHORT,2022-07-10,0.2370550036430359,0.2942674449482575,0.12263012103259263,333,False,False,False,64.62,2022-08-11,0.2942674449482575,LOSS,32.0,crypto
STEEM-USD,LONG,2022-08-24,0.23441199958324432,0.2079093102063418,0.2874173783370494,378,False,False,False,38.36,2022-09-07,0.2079093102063418,LOSS,14.0,crypto
STEEM-USD,SHORT,2022-10-27,0.23152600228786469,0.24952828666137084,0.19552143354085239,442,False,True,True,60.73,2022-11-08,0.19552143354085239,WIN,12.0,crypto
STEEM-USD,LONG,2022-11-11,0.16624900698661804,0.13508882437901823,0.22856937220181767,457,False,False,False,33.07,2023-01-18,0.22856937220181767,WIN,68.0,crypto
STEEM-USD,SHORT,2023-01-19,0.1912519931793213,0.21350717558192145,0.14674162837412097,526,False,True,True,78.16,2023-02-04,0.21350717558192145,LOSS,16.0,crypto
STEEM-USD,LONG,2023-03-11,0.1794939935207367,0.15707752465155442,0.22432693125910125,577,False,False,False,26.29,2023-04-06,0.22432693125910125,WIN,26.0,crypto
STEEM-USD,SHORT,2023-04-07,0.2348340004682541,0.27389910411335555,0.15670379317805117,604,False,False,False,71.71,2023-04-17,0.27389910411335555,LOSS,10.0,crypto
STEEM-USD,SHORT,2023-04-18,0.2495879977941513,0.28313164495782384,0.18250070346680625,615,False,False,False,65.17,2023-05-25,0.18250070346680625,WIN,37.0,crypto
STEEM-USD,LONG,2023-05-26,0.18490499258041382,0.1722993012403558,0.21011637526052984,653,False,False,False,29.23,2023-06-06,0.1722993012403558,LOSS,11.0,crypto
STEEM-USD,LONG,2023-06-13,0.1572130024433136,0.1434698034318856,0.18469940046616962,671,False,False,False,22.23,2023-06-25,0.18469940046616962,WIN,12.0,crypto
STEEM-USD,SHORT,2023-06-26,0.1807830035686493,0.193358454949076,0.15563210080779588,684,False,True,True,66.02,2023-07-01,0.193358454949076,LOSS,5.0,crypto
STEEM-USD,SHORT,2023-07-13,0.2013999968767166,0.24922836682079977,0.1057432569885503,701,False,False,False,83.22,2023-10-24,0.24922836682079977,LOSS,103.0,crypto
STEEM-USD,SHORT,2023-10-25,0.21366700530052185,0.2549755199376935,0.13104997602617852,805,True,False,False,85.33,2023-11-08,0.2549755199376935,LOSS,14.0,crypto
STEEM-USD,LONG,2023-12-20,0.25204500555992126,0.2244685759406987,0.3071978647983664,861,False,False,False,41.84,2024-01-03,0.2244685759406987,LOSS,14.0,crypto
STEEM-USD,LONG,2024-01-08,0.2362080067396164,0.20445100252655485,0.2997220151657395,880,False,True,True,34.23,2024-01-23,0.20445100252655485,LOSS,15.0,crypto
STEEM-USD,SHORT,2024-02-13,0.2256380021572113,0.24516522352658063,0.18658355941847266,916,False,True,False,56.31,2024-02-16,0.24516522352658063,LOSS,3.0,crypto
STEEM-USD,SHORT,2024-02-21,0.25394201278686523,0.2777669168890913,0.20629220458241315,924,False,False,False,73.97,2024-02-29,0.2777669168890913,LOSS,8.0,crypto
STEEM-USD,LONG,2024-03-17,0.33243200182914734,0.26553815867153163,0.46621968814437875,949,False,False,False,50.81,2024-03-20,0.26553815867153163,LOSS,3.0,crypto
STEEM-USD,SHORT,2024-05-30,0.29155099391937256,0.3343749576777031,0.2059030664027115,1023,False,False,False,68.77,2024-06-17,0.2059030664027115,WIN,18.0,crypto
STEEM-USD,LONG,2024-06-19,0.192098006606102,0.15967788622439158,0.2569382473695228,1043,False,False,False,23.79,2024-07-05,0.15967788622439158,LOSS,16.0,crypto
STEEM-USD,SHORT,2024-07-18,0.19514699280261993,0.21613962436536727,0.15316172967712527,1072,False,False,False,51.95,2024-07-21,0.21613962436536727,LOSS,3.0,crypto
STEEM-USD,SHORT,2024-07-22,0.19974499940872192,0.22123086898736405,0.15677326025143767,1076,False,False,False,63.07,2024-08-04,0.15677326025143767,WIN,13.0,crypto
STEEM-USD,SHORT,2024-09-22,0.18856699764728546,0.20702793711569992,0.15164511871045655,1138,False,True,True,69.56,2024-11-03,0.15164511871045655,WIN,42.0,crypto
STEEM-USD,LONG,2024-11-05,0.15647900104522705,0.14025124110101014,0.18893452093366087,1182,False,False,False,31.3,2024-11-10,0.18893452093366087,WIN,5.0,crypto
STEEM-USD,SHORT,2024-11-13,0.1959179937839508,0.22361559809352105,0.14052278516481032,1190,False,True,True,69.51,2024-11-23,0.22361559809352105,LOSS,10.0,crypto
STEEM-USD,LONG,2024-12-11,0.2571449875831604,0.2052768827932449,0.3608811971629914,1218,False,False,False,43.43,2024-12-18,0.2052768827932449,LOSS,7.0,crypto
STEEM-USD,LONG,2024-12-20,0.2016409933567047,0.15173925354705475,0.30144447297600463,1227,False,False,False,32.56,2024-12-28,0.30144447297600463,WIN,8.0,crypto
STEEM-USD,LONG,2025-02-03,0.1779100000858307,0.12449954845641728,0.2847309033446575,1272,False,False,False,31.14,2025-03-09,0.12449954845641728,LOSS,34.0,crypto
STEEM-USD,LONG,2025-03-11,0.1264059990644455,0.09957323168049897,0.18007153383233854,1308,False,False,False,25.01,2025-10-10,0.09957323168049897,LOSS,213.0,crypto
STEEM-USD,LONG,2025-10-12,0.09891600161790848,0.08342894729842956,0.1298901102568663,1523,False,False,False,24.07,2025-10-30,0.08342894729842956,LOSS,18.0,crypto
STEEM-USD,SHORT,2025-11-08,0.08545000106096268,0.09830811454847305,0.05973377408594194,1550,False,False,False,46.95,2026-01-29,0.05973377408594194,WIN,82.0,crypto
STEEM-USD,LONG,2026-02-01,0.05676199868321419,0.04787204701609833,0.0745419020174459,1635,False,False,False,28.94,2026-02-05,0.04787204701609833,LOSS,4.0,crypto
STEEM-USD,LONG,2026-02-06,0.05215999856591225,0.04247140280293785,0.07153719009186105,1640,False,False,False,21.03,2026-02-26,0.07153719009186105,WIN,20.0,crypto
STEEM-USD,SHORT,2026-02-27,0.06159000098705292,0.07673599973043563,0.0312980035002875,1661,False,True,True,72.32,,,OPEN,,crypto
STORJ-USD,SHORT,2022-03-28,1.2953139543533325,1.4495050828553238,0.98693169734935,229,False,True,True,74.79,2022-03-30,1.4495050828553238,LOSS,2.0,crypto
STORJ-USD,SHORT,2022-03-31,1.3352060317993164,1.5201539830014408,0.9653101293950677,232,False,True,True,75.84,2022-04-04,1.5201539830014408,LOSS,4.0,crypto
STORJ-USD,LONG,2022-05-10,0.6536970138549805,0.468664198156816,1.0237626452513093,272,False,False,False,27.18,2022-05-11,0.468664198156816,LOSS,1.0,crypto
STORJ-USD,LONG,2022-05-13,0.5002300143241882,0.2917075721112423,0.9172748987500801,275,False,False,False,22.0,2022-06-23,0.9172748987500801,WIN,41.0,crypto
STORJ-USD,SHORT,2022-06-26,0.8308349847793579,1.0300159124230759,0.43247312949192196,319,False,True,True,68.85,2022-10-11,0.43247312949192196,WIN,107.0,crypto
STORJ-USD,SHORT,2022-10-27,0.4248889982700348,0.46728294912709234,0.3401010965559197,442,False,False,False,50.7,2022-11-01,0.46728294912709234,LOSS,5.0,crypto
STORJ-USD,SHORT,2022-11-02,0.44385701417922974,0.49092205053431764,0.3497269414690539,448,False,False,False,58.99,2022-11-03,0.49092205053431764,LOSS,1.0,crypto
STORJ-USD,SHORT,2022-11-06,0.4568580090999603,0.5113720214199791,0.34782998445992286,452,True,False,False,65.37,2022-11-08,0.34782998445992286,WIN,2.0,crypto
STORJ-USD,LONG,2022-12-20,0.26511499285697937,0.22492867213661544,0.34548763429770724,496,False,False,False,27.44,2023-01-15,0.34548763429770724,WIN,26.0,crypto
STORJ-USD,SHORT,2023-01-17,0.33997398614883423,0.36997999809874094,0.2799619622490208,524,False,True,True,77.85,2023-01-22,0.36997999809874094,LOSS,5.0,crypto
STORJ-USD,LONG,2023-03-06,0.3778969943523407,0.32166711621005145,0.4903567506369192,572,False,False,False,39.76,2023-03-09,0.32166711621005145,LOSS,3.0,crypto
STORJ-USD,LONG,2023-03-12,0.3345459997653961,0.2772010769582423,0.44923584537970374,578,False,False,False,28.46,2023-06-05,0.2772010769582423,LOSS,85.0,crypto
STORJ-USD,LONG,2023-06-06,0.2788749933242798,0.2545806689411383,0.3274636420905628,664,False,False,False,28.23,2023-06-08,0.3274636420905628,WIN,2.0,crypto
STORJ-USD,SHORT,2023-06-09,0.28463301062583923,0.3210250604445233,0.21184891098847114,667,False,False,False,59.53,2023-07-01,0.3210250604445233,LOSS,22.0,crypto
STORJ-USD,SHORT,2023-07-05,0.40304800868034363,0.48686671613997173,0.23541059376108742,693,False,False,False,89.83,2023-08-17,0.23541059376108742,WIN,43.0,crypto
STORJ-USD,LONG,2023-08-19,0.23595599830150604,0.20552936777607406,0.29680925935237,738,False,False,False,25.24,2023-09-10,0.29680925935237,WIN,22.0,crypto
STORJ-USD,SHORT,2023-09-14,0.3198150098323822,0.36167513502194093,0.23609475945326475,764,False,False,False,77.29,2023-09-15,0.36167513502194093,LOSS,1.0,crypto
STORJ-USD,SHORT,2023-09-16,0.3629379868507385,0.4178469595232768,0.25312004150566203,766,False,False,False,83.03,2023-09-19,0.4178469595232768,LOSS,3.0,crypto
STORJ-USD,LONG,2023-10-19,0.36852800846099854,0.299174552478917,0.5072349204251616,799,False,True,True,39.75,2023-11-08,0.5072349204251616,WIN,20.0,crypto
STORJ-USD,SHORT,2023-11-11,0.754971981048584,0.8915780284656163,0.4817598862145194,822,False,False,False,86.81,2023-12-05,0.8915780284656163,LOSS,24.0,crypto
STORJ-USD,LONG,2023-12-12,0.7093799710273743,0.5929268961923887,0.9422861206973454,853,False,False,False,41.35,2023-12-15,0.9422861206973454,WIN,3.0,crypto
STORJ-USD,SHORT,2023-12-18,1.0443220138549805,1.2172937243977606,0.6983785927694202,859,False,False,False,76.41,2023-12-21,1.2172937243977606,LOSS,3.0,crypto
STORJ-USD,SHORT,2024-01-31,0.6504930257797241,0.758492035922599,0.43449500549397446,903,False,True,False,56.88,2024-02-19,0.758492035922599,LOSS,19.0,crypto
STORJ-USD,SHORT,2024-03-03,0.8197360038757324,0.9297488219707788,0.5997103676856397,935,False,False,False,76.09,2024-03-08,0.9297488219707788,LOSS,5.0,crypto
STORJ-USD,LONG,2024-03-20,0.7140970230102539,0.5581214367174562,1.0260481955958494,952,False,True,True,33.73,2024-04-12,0.5581214367174562,LOSS,23.0,crypto
STORJ-USD,LONG,2024-04-14,0.5423640012741089,0.41023332270008983,0.806625358422147,977,False,False,False,26.49,2024-06-17,0.41023332270008983,LOSS,64.0,crypto
STORJ-USD,LONG,2024-06-19,0.3808870017528534,0.31413205599192895,0.5143968932747023,1043,False,False,False,25.09,2024-07-05,0.31413205599192895,LOSS,16.0,crypto
STORJ-USD,SHORT,2024-07-12,0.3529540002346039,0.4013641519121332,0.25613369687954524,1066,False,False,False,44.66,2024-07-13,0.4013641519121332,LOSS,1.0,crypto
STORJ-USD,SHORT,2024-07-18,0.39230799674987793,0.4441612238891661,0.28860154247130154,1072,False,False,False,54.86,2024-07-27,0.4441612238891661,LOSS,9.0,crypto
STORJ-USD,SHORT,2024-07-29,0.4852670133113861,0.5574698020494379,0.3408614358352826,1083,False,True,True,69.59,2024-08-03,0.3408614358352826,WIN,5.0,crypto
STORJ-USD,SHORT,2024-09-22,0.4087679982185364,0.4595416247288392,0.30722074519793074,1138,False,True,True,70.08,2024-10-13,0.4595416247288392,LOSS,21.0,crypto
STORJ-USD,SHORT,2024-10-18,0.6313329935073853,0.7117493039794472,0.47050037256326127,1164,False,False,False,83.24,2024-10-19,0.7117493039794472,LOSS,1.0,crypto
STORJ-USD,SHORT,2024-11-25,0.5625200271606445,0.6529738540570944,0.3816123733677448,1202,False,False,False,65.77,2024-12-01,0.6529738540570944,LOSS,6.0,crypto
STORJ-USD,LONG,2024-12-20,0.46791601181030273,0.357339049744714,0.6890699359414802,1227,False,False,False,32.19,2025-02-02,0.357339049744714,LOSS,44.0,crypto
STORJ-USD,LONG,2025-02-03,0.3541640043258667,0.2698038446189309,0.5228843237397383,1272,False,False,False,26.71,2025-03-09,0.2698038446189309,LOSS,34.0,crypto
STORJ-USD,SHORT,2025-04-20,0.2987860143184662,0.3379819299489298,0.220394183057539,1348,False,True,True,63.26,2025-04-26,0.3379819299489298,LOSS,6.0,crypto
STORJ-USD,LONG,2025-06-23,0.24572500586509705,0.21486585784288262,0.3074433019095259,1412,True,False,False,28.25,2025-07-12,0.3074433019095259,WIN,19.0,crypto
STORJ-USD,SHORT,2025-07-16,0.3021489977836609,0.3310740672355155,0.24429885887995162,1435,False,True,True,71.15,2025-09-01,0.24429885887995162,WIN,47.0,crypto
STORJ-USD,SHORT,2025-09-14,0.2661899924278259,0.2869164174325735,0.22473714241833076,1495,False,True,True,59.33,2025-09-25,0.22473714241833076,WIN,11.0,crypto
STORJ-USD,LONG,2025-09-26,0.228643000125885,0.20640442031958425,0.2731201597384865,1507,False,False,False,28.95,2025-10-10,0.20640442031958425,LOSS,14.0,crypto
STORJ-USD,LONG,2025-10-12,0.1849139928817749,0.145900837491653,0.2629403036620187,1523,False,False,False,22.44,2025-11-04,0.145900837491653,LOSS,23.0,crypto
STORJ-USD,SHORT,2025-11-08,0.18084199726581573,0.22082304012802811,0.10087991154139098,1550,False,False,False,60.29,2026-02-05,0.10087991154139098,WIN,89.0,crypto
STORJ-USD,LONG,2026-02-06,0.104482002556324,0.08548270151251589,0.14248060464394025,1640,False,False,False,25.33,2026-03-29,0.08548270151251589,LOSS,51.0,crypto
STORJ-USD,SHORT,2026-05-09,0.11576499789953232,0.12973752977541897,0.08781993414775902,1732,False,True,True,78.37,2026-05-15,0.12973752977541897,LOSS,6.0,crypto
STORJ-USD,SHORT,2026-05-16,0.12100700289011002,0.14375109312795145,0.07551882241442714,1739,False,True,True,75.44,2026-06-05,0.07551882241442714,WIN,20.0,crypto
STORJ-USD,SHORT,2026-07-05,0.07590699940919876,0.08705414992412072,0.05361269837935484,1789,False,False,False,52.92,2026-07-28,0.05361269837935484,WIN,23.0,crypto
STORJ-USD,LONG,2026-08-03,0.04508600011467934,0.03703314892132484,0.061191702501388334,1818,False,False,False,14.35,,,OPEN,,crypto
STX-USD,SHORT,2022-03-11,1.3666189908981323,1.6750196790022094,0.7498176146899782,212,False,False,False,62.74,2022-05-09,0.7498176146899782,WIN,59.0,crypto
STX-USD,LONG,2022-05-10,0.6711789965629578,0.5139023133445864,0.9857323629997006,272,False,False,False,19.47,2022-05-12,0.5139023133445864,LOSS,2.0,crypto
STX-USD,LONG,2022-05-13,0.5379049777984619,0.35683071051147724,0.9000535123724313,275,False,False,False,16.92,2022-06-13,0.35683071051147724,LOSS,31.0,crypto
STX-USD,SHORT,2022-07-20,0.4144349992275238,0.48027707902754474,0.28275083962748193,343,False,False,False,60.76,2022-08-03,0.48027707902754474,LOSS,14.0,crypto
STX-USD,SHORT,2022-08-06,0.48528799414634705,0.5429458981673386,0.3699721861043639,360,False,True,True,65.22,2022-08-22,0.3699721861043639,WIN,16.0,crypto
STX-USD,LONG,2022-08-23,0.38930800557136536,0.3378677341864767,0.4921885483411427,377,False,False,False,32.09,2022-09-07,0.3378677341864767,LOSS,15.0,crypto
STX-USD,LONG,2022-10-12,0.0037010000087320805,-0.04378784760270233,0.0986786952316009,427,True,False,False,8.23,2023-07-27,0.0986786952316009,WIN,288.0,crypto
STX-USD,SHORT,2023-07-28,0.003447999944910407,0.1359012443872571,-0.26145848893978296,716,False,False,False,99.59,,,OPEN,,crypto
SUI-USD,SHORT,2022-10-06,0.004069000016897917,0.0043951762849769776,0.0034166474807397953,202,False,True,True,68.59,2022-10-20,0.0043951762849769776,LOSS,14.0,crypto
SUI-USD,SHORT,2022-10-24,0.004985000006854534,0.00546736225397089,0.004020275512621822,220,False,False,False,82.51,2022-10-27,0.00546736225397089,LOSS,3.0,crypto
SUI-USD,SHORT,2022-10-29,0.0075980001129209995,0.008534598547821905,0.0057248032431191885,225,False,False,False,93.36,2022-10-31,0.0057248032431191885,WIN,2.0,crypto
SUI-USD,LONG,2022-12-18,0.004579999949783087,0.003930832648225031,0.005878334552899198,275,False,False,False,33.91,2023-01-14,0.005878334552899198,WIN,27.0,crypto
SUI-USD,SHORT,2023-01-15,0.005654000211507082,0.0060668635715182,0.004828273491484845,303,False,False,False,80.76,2023-01-24,0.0060668635715182,LOSS,9.0,crypto
SUI-USD,LONG,2023-02-15,0.00761700002476573,0.005894995775710957,0.011061008522875275,334,False,False,False,46.17,2023-04-15,0.011061008522875275,WIN,59.0,crypto
SUI-USD,SHORT,2023-04-17,0.012551999650895596,0.013716267944098854,0.01022346306448908,395,False,False,False,84.18,2023-04-30,0.013716267944098854,LOSS,13.0,crypto
SUI-USD,SHORT,2023-05-03,0.011754999868571758,0.01528249056137683,0.004700018482961615,411,False,False,False,86.74,2023-05-09,0.01528249056137683,LOSS,6.0,crypto
SUI-USD,LONG,2023-06-08,0.007122000213712454,-0.01217596892695556,0.04571793849504848,447,False,False,False,25.4,,,OPEN,,crypto
SYS-USD,SHORT,2022-03-23,0.6034070253372192,0.7203594621332805,0.3695021517450967,224,False,True,False,55.77,2022-03-28,0.7203594621332805,LOSS,5.0,crypto
SYS-USD,SHORT,2022-03-30,0.7044640183448792,0.8118791951433417,0.489633664747954,231,False,False,False,66.56,2022-04-18,0.489633664747954,WIN,19.0,crypto
SYS-USD,LONG,2022-05-13,0.1943800002336502,0.09625114012189798,0.39063772045715467,275,False,False,False,17.4,2023-08-17,0.09625114012189798,LOSS,461.0,crypto
SYS-USD,LONG,2023-08-20,0.09053300321102142,0.08341166330566444,0.1047756830217354,739,False,False,False,24.37,2023-08-25,0.08341166330566444,LOSS,5.0,crypto
SYS-USD,SHORT,2023-08-29,0.09780199825763702,0.11018347943478815,0.07303903590333477,748,False,False,False,57.68,2023-11-01,0.11018347943478815,LOSS,64.0,crypto
SYS-USD,SHORT,2023-11-02,0.09849900007247925,0.10829944288851409,0.07889811444040956,813,False,True,True,80.02,2023-11-08,0.10829944288851409,LOSS,6.0,crypto
SYS-USD,LONG,2024-01-24,0.11684399843215942,0.09888255608804415,0.15276688312038997,896,False,False,False,36.09,2024-02-25,0.15276688312038997,WIN,32.0,crypto
SYS-USD,SHORT,2024-02-27,0.1603509932756424,0.17728273194200223,0.12648751594292273,930,False,False,False,81.3,2024-02-28,0.17728273194200223,LOSS,1.0,crypto
SYS-USD,SHORT,2024-02-29,0.18272100389003754,0.20759816645040835,0.1329666787692959,932,False,False,False,83.3,2024-03-02,0.20759816645040835,LOSS,2.0,crypto
SYS-USD,LONG,2024-03-17,0.2790040075778961,0.20953151301038409,0.4179489967129202,949,False,False,False,53.98,2024-04-13,0.20953151301038409,LOSS,27.0,crypto
SYS-USD,SHORT,2024-06-05,0.19629399478435516,0.21903131428610312,0.15081935578085925,1029,False,True,False,58.38,2024-06-13,0.15081935578085925,WIN,8.0,crypto
SYS-USD,LONG,2024-06-15,0.1522340029478073,0.13023544675947415,0.19623111532447363,1039,False,False,False,26.25,2024-06-18,0.13023544675947415,LOSS,3.0,crypto
SYS-USD,LONG,2024-06-19,0.12060099840164185,0.09786296187424873,0.16607707145642808,1043,False,False,False,21.04,2024-07-05,0.09786296187424873,LOSS,16.0,crypto
SYS-USD,SHORT,2024-07-18,0.11224400252103806,0.12784402546552182,0.08104395663207054,1072,False,False,False,49.73,2024-08-03,0.08104395663207054,WIN,16.0,crypto
SYS-USD,LONG,2024-08-06,0.07152900099754333,0.05459338903845055,0.10540022491572891,1091,False,False,False,18.13,2024-08-18,0.10540022491572891,WIN,12.0,crypto
SYS-USD,SHORT,2024-08-22,0.14254100620746613,0.18325289839164124,0.06111722183911589,1107,False,True,True,74.74,2024-12-04,0.18325289839164124,LOSS,104.0,crypto
SYS-USD,SHORT,2024-12-05,0.17177000641822815,0.19697681801564856,0.12135638322338732,1212,False,False,False,81.05,2024-12-18,0.12135638322338732,WIN,13.0,crypto
SYS-USD,LONG,2024-12-20,0.11340399831533432,0.08305270992803104,0.17410657508994087,1227,False,False,False,33.8,2025-02-02,0.08305270992803104,LOSS,44.0,crypto
SYS-USD,LONG,2025-02-05,0.06718800216913223,0.050451327501953566,0.10066135150348957,1274,False,False,False,25.42,2025-03-04,0.050451327501953566,LOSS,27.0,crypto
SYS-USD,LONG,2025-03-11,0.044498998671770096,0.03333989744199407,0.06681720113132215,1308,False,False,False,22.33,2025-04-03,0.03333989744199407,LOSS,23.0,crypto
SYS-USD,SHORT,2025-04-20,0.03875900059938431,0.04571434722185996,0.024848307354432997,1348,False,False,False,52.46,2025-04-25,0.04571434722185996,LOSS,5.0,crypto
SYS-USD,SHORT,2025-04-27,0.04499199986457825,0.05232355561138435,0.030328888370966048,1355,False,True,True,65.05,2025-05-01,0.05232355561138435,LOSS,4.0,crypto
SYS-USD,LONG,2025-05-31,0.04170199856162071,0.03343235479010409,0.058241286104653955,1389,False,False,False,32.82,2025-06-18,0.03343235479010409,LOSS,18.0,crypto
SYS-USD,SHORT,2025-07-14,0.042031001299619675,0.04765439047650921,0.0307842229458406,1433,False,True,True,65.78,2025-07-18,0.04765439047650921,LOSS,4.0,crypto
SYS-USD,SHORT,2025-07-21,0.055319998413324356,0.0630157977654376,0.03992839970909787,1440,False,True,True,82.81,2025-08-01,0.03992839970909787,WIN,11.0,crypto
SYS-USD,LONG,2025-09-24,0.03596999868750572,0.031272999856053606,0.045363996350409955,1505,False,False,False,32.65,2025-10-10,0.031272999856053606,LOSS,16.0,crypto
SYS-USD,LONG,2025-10-11,0.025721000507473946,0.0188918568838274,0.03937928775476704,1522,False,False,False,24.71,2025-10-13,0.03937928775476704,WIN,2.0,crypto
SYS-USD,SHORT,2025-11-08,0.030451999977231026,0.03716094151343895,0.017034116904815183,1550,False,False,False,56.89,2025-12-15,0.017034116904815183,WIN,37.0,crypto
SYS-USD,LONG,2025-12-19,0.016899000853300095,0.014297680130992385,0.022101642297915513,1591,False,False,False,21.38,2026-01-17,0.022101642297915513,WIN,29.0,crypto
SYS-USD,LONG,2026-01-30,0.017020000144839287,0.014879999482908213,0.021300001468701434,1633,False,False,False,33.06,2026-01-31,0.014879999482908213,LOSS,1.0,crypto
SYS-USD,LONG,2026-02-02,0.015526000410318375,0.013267505862931876,0.020042989505091372,1636,False,False,False,26.54,2026-02-05,0.013267505862931876,LOSS,3.0,crypto
SYS-USD,LONG,2026-02-06,0.013802999630570412,0.011098744217572058,0.01921151045656712,1640,False,False,False,18.9,2026-02-23,0.011098744217572058,LOSS,17.0,crypto
SYS-USD,SHORT,2026-03-13,0.011800999753177166,0.013388385843874995,0.008626227571781508,1675,False,False,False,49.06,2026-04-30,0.008626227571781508,WIN,48.0,crypto
SYS-USD,SHORT,2026-05-12,0.010200000368058681,0.011596930989090627,0.00740613912599479,1735,False,False,False,63.61,2026-05-13,0.00740613912599479,WIN,1.0,crypto
SYS-USD,LONG,2026-05-16,0.005991999991238117,0.003795413647480406,0.01038517267875354,1739,False,False,False,27.02,2026-05-19,0.003795413647480406,LOSS,3.0,crypto
SYS-USD,LONG,2026-05-21,0.004097000230103731,0.002005754353331364,0.008279491983648465,1744,False,False,False,21.28,2026-05-26,0.002005754353331364,LOSS,5.0,crypto
SYS-USD,SHORT,2026-06-16,0.002088000066578388,0.003924033460684134,-0.0015840667216331025,1770,False,False,False,41.61,,,OPEN,,crypto
THETA-USD,SHORT,2022-03-25,3.1707069873809814,3.6089037148931338,2.294313532356677,226,False,True,True,60.69,2022-03-27,3.6089037148931338,LOSS,2.0,crypto
THETA-USD,SHORT,2022-04-01,4.082729816436768,4.653198269646617,2.941792910017069,233,False,True,True,76.62,2022-04-17,2.941792910017069,WIN,16.0,crypto
THETA-USD,LONG,2022-05-10,1.7854310274124146,1.2736178232172561,2.8090574358027314,272,False,False,False,26.08,2022-05-11,1.2736178232172561,LOSS,1.0,crypto
THETA-USD,LONG,2022-05-13,1.4034370183944702,0.8251385086105769,2.560034037962257,275,False,False,False,22.01,2022-11-21,0.8251385086105769,LOSS,192.0,crypto
THETA-USD,LONG,2022-12-18,0.7505490183830261,0.6657977227008064,0.9200516097474656,494,False,False,False,29.62,2023-01-14,0.9200516097474656,WIN,27.0,crypto
THETA-USD,SHORT,2023-01-16,0.9150930047035217,0.9926100551023324,0.7600589039059005,523,False,True,True,77.93,2023-01-20,0.9926100551023324,LOSS,4.0,crypto
THETA-USD,LONG,2023-03-07,1.0033069849014282,0.8568261328942707,1.2962686889157433,573,False,False,False,40.15,2023-03-10,0.8568261328942707,LOSS,3.0,crypto
THETA-USD,SHORT,2023-04-17,1.1151570081710815,1.2098673971498977,0.9257362302134493,614,False,True,True,61.09,2023-04-18,1.2098673971498977,LOSS,1.0,crypto
THETA-USD,SHORT,2023-04-19,1.0976370573043823,1.2159571010284076,0.8609969698563318,616,False,True,True,69.1,2023-05-21,0.8609969698563318,WIN,32.0,crypto
THETA-USD,LONG,2023-06-06,0.8006939888000488,0.7337566816094255,0.9345686031812954,664,False,False,False,28.05,2023-06-10,0.7337566816094255,LOSS,4.0,crypto
THETA-USD,LONG,2023-06-15,0.645458996295929,0.5669224472356278,0.8025320944165313,673,True,False,False,18.3,2023-06-25,0.8025320944165313,WIN,10.0,crypto
THETA-USD,SHORT,2023-06-26,0.7341960072517395,0.8221888460203488,0.5582103297145209,684,False,False,False,57.58,2023-07-13,0.8221888460203488,LOSS,17.0,crypto
THETA-USD,LONG,2023-08-08,0.7329369783401489,0.6666632478525629,0.8654844393153209,727,False,False,False,38.14,2023-08-16,0.6666632478525629,LOSS,8.0,crypto
THETA-USD,LONG,2023-08-20,0.6259070038795471,0.5609593066887901,0.7558023982610611,739,False,False,False,27.63,2023-11-01,0.7558023982610611,WIN,73.0,crypto
THETA-USD,SHORT,2023-11-03,0.7548999786376953,0.8198812979092092,0.6249373400946676,814,False,False,False,80.06,2023-11-06,0.8198812979092092,LOSS,3.0,crypto
THETA-USD,LONG,2023-12-19,1.0215740203857422,0.8803719466651001,1.3039781678270264,860,False,False,False,47.44,2023-12-25,1.3039781678270264,WIN,6.0,crypto
THETA-USD,SHORT,2023-12-26,1.4129220247268677,1.5941547259318405,1.050456622316922,867,False,False,False,75.16,2024-01-07,1.050456622316922,WIN,12.0,crypto
THETA-USD,LONG,2024-01-08,1.0964510440826416,0.8828166609672987,1.5237198103133274,880,False,True,True,38.98,2024-02-26,1.5237198103133274,WIN,49.0,crypto
THETA-USD,SHORT,2024-02-29,1.838683009147644,2.135751819540684,1.2445453883615638,932,False,False,False,87.31,2024-03-02,2.135751819540684,LOSS,2.0,crypto
THETA-USD,LONG,2024-03-20,3.039773941040039,2.2895639153153726,4.540193992489372,952,False,False,False,48.64,2024-04-13,2.2895639153153726,LOSS,24.0,crypto
THETA-USD,SHORT,2024-05-23,2.334697961807251,2.681002270222856,1.642089344976041,1016,False,False,False,61.65,2024-06-14,1.642089344976041,WIN,22.0,crypto
THETA-USD,SHORT,2024-07-17,1.4834669828414917,1.6860039537790346,1.078393040966406,1071,False,False,False,52.71,2024-08-05,1.078393040966406,WIN,19.0,crypto
THETA-USD,SHORT,2024-08-25,1.3718500137329102,1.5444598427050686,1.0266303557885932,1110,False,True,True,64.6,2024-09-26,1.5444598427050686,LOSS,32.0,crypto
THETA-USD,LONG,2024-11-05,1.091953992843628,0.9520177826724907,1.3718264131859024,1182,False,False,False,29.67,2024-11-10,1.3718264131859024,WIN,5.0,crypto
THETA-USD,SHORT,2024-11-12,1.450145959854126,1.6558743463616092,1.0386891868391595,1189,False,False,False,73.48,2024-11-18,1.6558743463616092,LOSS,6.0,crypto
THETA-USD,LONG,2024-12-21,2.1527860164642334,1.5723501812641518,3.3136576868643965,1228,False,True,True,40.87,2025-02-02,1.5723501812641518,LOSS,43.0,crypto
THETA-USD,LONG,2025-02-03,1.567499041557312,1.1441914594297373,2.4141142058124614,1272,False,False,False,29.63,2025-02-24,1.1441914594297373,LOSS,21.0,crypto
THETA-USD,SHORT,2025-03-03,1.0869940519332886,1.3402540132065408,0.5804741293867841,1300,False,False,False,45.56,2025-06-22,0.5804741293867841,WIN,111.0,crypto
THETA-USD,LONG,2025-06-23,0.6707630157470703,0.5612379893129621,0.8898130686152868,1412,True,False,False,27.87,2025-07-18,0.8898130686152868,WIN,25.0,crypto
THETA-USD,SHORT,2025-07-21,0.9707499742507935,1.0831239758155484,0.7460019711212835,1440,False,True,True,78.27,2025-08-01,0.7460019711212835,WIN,11.0,crypto
THETA-USD,SHORT,2025-09-14,0.8426880240440369,0.9231110237337613,0.681842024664588,1495,False,True,True,63.07,2025-09-25,0.681842024664588,WIN,11.0,crypto
THETA-USD,LONG,2025-09-26,0.7161589860916138,0.6332336179196442,0.882009722435553,1507,False,False,False,31.42,2025-10-10,0.6332336179196442,LOSS,14.0,crypto
THETA-USD,LONG,2025-10-12,0.5706750154495239,0.42984002301464597,0.8523450003192798,1523,False,False,False,24.81,2025-11-03,0.42984002301464597,LOSS,22.0,crypto
THETA-USD,SHORT,2025-12-14,0.33679598569869995,0.3856310180971478,0.2391259209018043,1586,False,False,False,47.24,2026-01-30,0.2391259209018043,WIN,47.0,crypto
THETA-USD,LONG,2026-02-02,0.22206999361515045,0.1799401842213918,0.30632961240266776,1636,False,False,False,24.79,2026-02-05,0.1799401842213918,LOSS,3.0,crypto
THETA-USD,LONG,2026-02-06,0.20341700315475464,0.15612855581954244,0.29799389782517904,1640,False,False,False,21.4,2026-03-23,0.15612855581954244,LOSS,45.0,crypto
THETA-USD,SHORT,2026-04-08,0.15829099714756012,0.17858076887758007,0.11771145368752023,1701,False,False,False,54.27,2026-04-10,0.17858076887758007,LOSS,2.0,crypto
THETA-USD,SHORT,2026-04-12,0.16588899493217468,0.18717211871271236,0.12332274737109933,1705,False,False,False,58.56,2026-04-16,0.18717211871271236,LOSS,4.0,crypto
THETA-USD,SHORT,2026-04-19,0.2113170027732849,0.24203415726849717,0.1498826937828604,1712,False,True,True,73.53,2026-05-10,0.24203415726849717,LOSS,21.0,crypto
THETA-USD,LONG,2026-05-18,0.1983499974012375,0.1698604751883896,0.2553290418269333,1741,False,False,False,39.68,2026-06-04,0.1698604751883896,LOSS,17.0,crypto
THETA-USD,SHORT,2026-07-12,0.14651599526405334,0.16434787030392123,0.11085224518431758,1796,False,False,False,57.59,,,OPEN,,crypto
TIA-USD,SHORT,2022-10-04,0.007833000272512436,0.010628289229214771,0.0022424223591077652,218,False,False,False,60.63,2022-10-10,0.010628289229214771,LOSS,6.0,crypto
TIA-USD,LONG,2022-10-30,0.005561999976634979,0.002567003803109991,0.011551992323684956,244,False,False,False,33.6,2023-01-09,0.002567003803109991,LOSS,71.0,crypto
TIA-USD,SHORT,2023-01-27,0.005266999825835228,0.008597407650715221,-0.001393815823924758,333,False,True,True,70.57,2023-01-28,0.008597407650715221,LOSS,1.0,crypto
TIA-USD,SHORT,2023-01-30,0.005818000063300133,0.010714086180967416,-0.003974172172034433,336,False,True,True,74.41,2023-12-05,0.010714086180967416,LOSS,309.0,crypto
TIA-USD,SHORT,2023-12-08,0.01720700040459633,0.02917540023494169,-0.00672979925609439,648,False,False,False,89.02,2023-12-09,0.02917540023494169,LOSS,1.0,crypto
TIA-USD,SHORT,2023-12-10,0.01759899966418743,0.03892562991430669,-0.025054260836051084,650,True,False,False,87.83,2024-03-26,0.03892562991430669,LOSS,107.0,crypto
TIA-USD,SHORT,2024-03-27,298.85845947265625,2270.8166234028645,-3645.05786838776,758,False,False,False,100.0,,,OPEN,,crypto
TON-USD,SHORT,2022-03-25,3.9939229488372803,4.4075366234659406,3.1666955995799597,226,False,True,True,60.29,2022-03-27,4.4075366234659406,LOSS,2.0,crypto
TON-USD,SHORT,2022-04-03,5.094771862030029,5.7307318066864195,3.822851972717249,235,False,True,True,87.14,2022-04-11,3.822851972717249,WIN,8.0,crypto
TON-USD,LONG,2022-05-13,2.113753080368042,1.4157070901033755,3.509845060897375,275,False,False,False,19.24,2022-11-08,1.4157070901033755,LOSS,179.0,crypto
TON-USD,LONG,2022-11-10,1.1680749654769897,0.965540298038247,1.5731443003544752,456,False,False,False,18.15,2023-02-05,1.5731443003544752,WIN,87.0,crypto
TON-USD,LONG,2023-04-22,1.8700170516967773,1.715296341692442,2.179458471705448,619,False,False,False,41.72,2023-04-25,1.715296341692442,LOSS,3.0,crypto
TON-USD,LONG,2023-04-27,1.7333049774169922,1.5771447273152919,2.045625477620393,624,False,False,False,37.11,2023-05-08,1.5771447273152919,LOSS,11.0,crypto
TON-USD,LONG,2023-06-13,1.3098880052566528,1.1958977644836233,1.537868486802712,671,False,False,False,25.46,2023-06-26,1.537868486802712,WIN,13.0,crypto
TON-USD,SHORT,2023-06-28,1.4921259880065918,1.607856057357836,1.2606658493041034,686,False,True,True,66.92,2023-07-31,1.607856057357836,LOSS,33.0,crypto
TON-USD,LONG,2023-08-19,1.3019930124282837,1.178600351306171,1.5487783346725092,738,False,False,False,32.04,2023-08-20,1.178600351306171,LOSS,1.0,crypto
TON-USD,LONG,2023-08-22,1.287284016609192,1.1189520580030978,1.62394793382138,741,False,False,False,26.22,2023-09-02,1.1189520580030978,LOSS,11.0,crypto
TON-USD,SHORT,2023-09-24,1.1638339757919312,1.4185822055622261,0.6543375162513412,774,False,False,False,74.6,2023-09-30,1.4185822055622261,LOSS,6.0,crypto
TON-USD,SHORT,2023-10-04,1.4683129787445068,1.8303853217117476,0.7441682928100253,784,False,False,False,63.02,2023-11-04,1.8303853217117476,LOSS,31.0,crypto
TON-USD,SHORT,2023-11-11,2.5099680423736572,3.055888002753711,1.4181281216135497,822,True,False,False,79.91,2024-03-08,3.055888002753711,LOSS,118.0,crypto
TON-USD,LONG,2024-03-20,2.7689640522003174,2.1579787698784614,3.9909346168440294,952,False,False,False,39.35,2024-04-09,3.9909346168440294,WIN,20.0,crypto
TON-USD,SHORT,2024-05-14,2.0233969688415527,3.480411199707323,-0.8906314928899874,1007,False,False,False,52.01,2024-05-20,3.480411199707323,LOSS,6.0,crypto
TON-USD,LONG,2024-06-05,1.9039419889450073,1.3274080106928041,3.0570099454494137,1029,False,False,False,36.27,2024-06-17,1.3274080106928041,LOSS,12.0,crypto
TON-USD,LONG,2024-06-20,1.1726640462875366,0.8117675346855223,1.8944570694915652,1044,False,False,False,17.08,2024-11-12,1.8944570694915652,WIN,145.0,crypto
TON-USD,SHORT,2024-11-13,1.784180998802185,2.2169572592419753,0.9186284779226046,1190,False,False,False,85.58,2024-11-15,2.2169572592419753,LOSS,2.0,crypto
TON-USD,LONG,2024-12-12,1.8586690425872803,1.3750067850903407,2.8259935575811594,1219,False,False,False,43.95,2025-01-03,1.3750067850903407,LOSS,22.0,crypto
TON-USD,LONG,2025-01-07,0.12102100253105164,-0.2965594744754477,0.9561819565440504,1245,False,False,False,13.88,2025-01-08,0.9561819565440504,WIN,1.0,crypto
TON-USD,SHORT,2025-02-26,0.05329899862408638,1.5850574296859108,-3.0102178634995624,1295,False,False,False,57.35,2025-03-03,1.5850574296859108,LOSS,5.0,crypto
TON-USD,SHORT,2025-03-08,0.22847199440002441,1.4356642009677663,-2.1859124187354593,1305,False,False,False,57.2,2025-03-24,1.4356642009677663,LOSS,16.0,crypto
TON-USD,SHORT,2025-03-30,1.3266229629516602,3.599281970623457,-3.2186950523919338,1327,False,False,False,89.12,2025-03-31,3.599281970623457,LOSS,1.0,crypto
TON-USD,LONG,2025-05-31,3.1524600982666016,-1.2531140941335046,11.963608483066814,1389,False,False,False,40.97,,,OPEN,,crypto
TRX-USD,SHORT,2022-03-25,0.06446599960327148,0.0683459768298658,0.056706045150082846,226,False,True,True,67.09,2022-03-27,0.0683459768298658,LOSS,2.0,crypto
TRX-USD,SHORT,2022-04-02,0.07325000315904617,0.07898706446478605,0.061775880547566414,234,False,True,True,81.74,2022-04-11,0.061775880547566414,WIN,9.0,crypto
TRX-USD,LONG,2022-06-15,0.06293299794197083,0.049665052619856306,0.08946888858619986,308,False,False,False,22.53,2022-11-14,0.049665052619856306,LOSS,152.0,crypto
TRX-USD,LONG,2022-11-15,0.05067100003361702,0.04423906327025244,0.06353487356034618,461,False,False,False,26.76,2023-01-14,0.06353487356034618,WIN,60.0,crypto
TRX-USD,SHORT,2023-01-17,0.06172600015997887,0.06538608723902727,0.05440582600188207,524,False,False,False,78.65,2023-02-05,0.06538608723902727,LOSS,19.0,crypto
TRX-USD,LONG,2023-03-05,0.06725600361824036,0.06332130867410689,0.0751253935065073,571,False,False,False,46.63,2023-03-09,0.06332130867410689,LOSS,4.0,crypto
TRX-USD,LONG,2023-03-12,0.06470999866724014,0.05921393771805574,0.07570212056560895,578,True,False,False,32.55,2023-03-22,0.05921393771805574,LOSS,10.0,crypto
TRX-USD,SHORT,2023-04-30,0.06734299659729004,0.07029685641020193,0.06143527697146625,627,False,False,False,60.46,2023-05-05,0.07029685641020193,LOSS,5.0,crypto
TRX-USD,SHORT,2023-05-06,0.07032699882984161,0.07336431207175621,0.06425237234601242,633,False,False,False,70.43,2023-05-21,0.07336431207175621,LOSS,15.0,crypto
TRX-USD,SHORT,2023-05-24,0.0768980011343956,0.08061460646716821,0.06946479046885037,651,False,False,False,80.55,2023-06-02,0.08061460646716821,LOSS,9.0,crypto
TRX-USD,LONG,2023-06-12,0.07103300094604492,0.06537531624207564,0.08234837035398349,670,False,True,True,38.04,2023-07-22,0.08234837035398349,WIN,40.0,crypto
TRX-USD,LONG,2023-08-05,0.07738299667835236,0.0729685535001772,0.08621188303470267,724,False,True,True,40.73,2023-08-17,0.0729685535001772,LOSS,12.0,crypto
TRX-USD,SHORT,2023-09-07,0.0790409967303276,0.0815639573737748,0.07399507544343323,757,False,False,False,59.75,2023-09-12,0.0815639573737748,LOSS,5.0,crypto
TRX-USD,SHORT,2023-09-16,0.08351899683475494,0.08649199384086169,0.07757300282254145,766,False,False,False,73.3,2023-09-28,0.08649199384086169,LOSS,12.0,crypto
TRX-USD,SHORT,2023-09-30,0.08868400007486343,0.09149411791942962,0.08306376438573107,780,False,False,False,80.7,2023-10-20,0.09149411791942962,LOSS,20.0,crypto
TRX-USD,LONG,2023-11-22,0.10123699903488159,0.09479586816135666,0.11411926078193146,833,False,False,False,41.69,2024-01-13,0.11411926078193146,WIN,52.0,crypto
TRX-USD,SHORT,2024-01-14,0.11115500330924988,0.11796616372635338,0.09753268247504288,886,False,False,False,70.7,2024-02-04,0.11796616372635338,LOSS,21.0,crypto
TRX-USD,SHORT,2024-02-08,0.12192399799823761,0.12849460003043173,0.10878279393384938,911,False,False,False,77.46,2024-02-14,0.12849460003043173,LOSS,6.0,crypto
TRX-USD,LONG,2024-03-17,0.12619799375534058,0.12107944987553461,0.1364350815149525,949,False,True,True,27.54,2024-03-19,0.12107944987553461,LOSS,2.0,crypto
TRX-USD,LONG,2024-03-20,0.12092199921607971,0.11302934555373692,0.1367073065407653,952,False,True,True,16.86,2024-04-13,0.11302934555373692,LOSS,24.0,crypto
TRX-USD,SHORT,2024-04-29,0.1190359964966774,0.1252755282318183,0.10655693302639557,992,False,False,False,62.67,2024-05-09,0.1252755282318183,LOSS,10.0,crypto
TRX-USD,LONG,2024-05-29,0.11194799840450287,0.10697526318988265,0.1218934688337433,1022,False,False,False,29.11,2024-06-25,0.1218934688337433,WIN,27.0,crypto
TRX-USD,SHORT,2024-06-27,0.12185300141572952,0.12601486252514676,0.11352927919689504,1051,False,False,False,68.15,2024-06-29,0.12601486252514676,LOSS,2.0,crypto
TRX-USD,SHORT,2024-06-30,0.12452699989080429,0.12866546632466658,0.11625006702307972,1054,False,False,False,72.85,2024-07-01,0.12866546632466658,LOSS,1.0,crypto
TRX-USD,LONG,2024-08-04,0.12627500295639038,0.1201191822718204,0.13858664432553033,1089,False,True,True,36.8,2024-08-05,0.1201191822718204,LOSS,1.0,crypto
TRX-USD,LONG,2024-08-06,0.12353400141000748,0.1166786250792266,0.13724475407156922,1091,False,True,True,32.5,2024-08-19,0.13724475407156922,WIN,13.0,crypto
TRX-USD,SHORT,2024-08-21,0.15386800467967987,0.16397176598558966,0.1336604820678603,1106,False,False,False,84.41,2024-08-25,0.16397176598558966,LOSS,4.0,crypto
TRX-USD,SHORT,2024-10-31,0.1681700050830841,0.17338577496171834,0.15773846532581565,1177,False,False,False,70.34,2024-11-12,0.17338577496171834,LOSS,12.0,crypto
TRX-USD,SHORT,2024-11-13,0.1771100014448166,0.18791090396226556,0.15550819640991864,1190,False,False,False,80.17,2024-11-15,0.18791090396226556,LOSS,2.0,crypto
TRX-USD,SHORT,2024-12-04,0.33239901065826416,0.3933912081519095,0.21041461567097353,1211,False,False,False,93.94,2025-02-03,0.21041461567097353,WIN,61.0,crypto
TRX-USD,LONG,2025-03-17,0.22059699892997742,0.20258096321444652,0.2566290703610392,1314,False,True,True,33.18,2025-04-14,0.2566290703610392,WIN,28.0,crypto
TRX-USD,SHORT,2025-05-11,0.2648780047893524,0.2783383397295161,0.23795733490902504,1369,False,False,False,69.94,2025-05-12,0.2783383397295161,LOSS,1.0,crypto
TRX-USD,SHORT,2025-05-15,0.27307000756263733,0.2888578349425258,0.24149435280286036,1373,False,False,False,73.38,2025-06-09,0.2888578349425258,LOSS,25.0,crypto
TRX-USD,LONG,2025-06-14,0.2712160050868988,0.2556010421221967,0.302445931016303,1403,False,False,False,46.16,2025-07-11,0.302445931016303,WIN,27.0,crypto
TRX-USD,SHORT,2025-07-14,0.3025290071964264,0.31372236103861517,0.28014229951204883,1433,False,False,False,75.37,2025-07-17,0.31372236103861517,LOSS,3.0,crypto
TRX-USD,SHORT,2025-07-19,0.31800100207328796,0.3329482711796415,0.2881064638605809,1438,False,False,False,84.17,2025-07-29,0.3329482711796415,LOSS,10.0,crypto
TRX-USD,LONG,2025-08-26,0.3519720137119293,0.33274132892942965,0.39043338327692867,1476,False,False,False,47.71,2025-09-05,0.33274132892942965,LOSS,10.0,crypto
TRX-USD,LONG,2025-09-07,0.33090901374816895,0.3100461778316477,0.3726346855812115,1488,False,True,True,30.95,2025-10-14,0.3100461778316477,LOSS,37.0,crypto
TRX-USD,LONG,2025-10-18,0.3131349980831146,0.2960721785259651,0.3472606371974136,1529,False,True,True,32.49,2025-10-25,0.2960721785259651,LOSS,7.0,crypto
TRX-USD,LONG,2025-10-26,0.3004469871520996,0.2834196015548009,0.33450175834669704,1537,False,False,False,29.68,2025-11-03,0.2834196015548009,LOSS,8.0,crypto
TRX-USD,SHORT,2025-12-05,0.28563201427459717,0.29608145458356083,0.26473313365666984,1577,False,False,False,52.54,2026-01-07,0.29608145458356083,LOSS,33.0,crypto
TRX-USD,LONG,2026-02-01,0.28458499908447266,0.2721233713367433,0.30950825457993136,1635,False,False,False,37.32,2026-02-05,0.2721233713367433,LOSS,4.0,crypto
TRX-USD,LONG,2026-02-06,0.2739720046520233,0.2610289314005745,0.299858151154921,1640,False,False,False,26.18,2026-03-17,0.299858151154921,WIN,39.0,crypto
TRX-USD,SHORT,2026-03-18,0.304394006729126,0.31502828885422324,0.28312544247893145,1680,False,False,False,70.38,2026-03-22,0.31502828885422324,LOSS,4.0,crypto
TRX-USD,SHORT,2026-04-22,0.3297010064125061,0.3401179790335119,0.30886706117049456,1715,True,False,False,75.33,2026-05-03,0.3401179790335119,LOSS,11.0,crypto
TRX-USD,LONG,2026-05-31,0.35085800290107727,0.33733502794006437,0.3779039528231031,1754,False,False,False,44.26,2026-06-02,0.33733502794006437,LOSS,2.0,crypto
TRX-USD,LONG,2026-06-06,0.32400599122047424,0.3092311031355568,0.35355576739030914,1760,False,True,True,27.85,,,OPEN,,crypto
UMA-USD,SHORT,2022-03-04,9.22896957397461,11.797477959800556,4.091952802322716,205,False,True,True,70.94,2022-05-10,4.091952802322716,WIN,67.0,crypto
UMA-USD,LONG,2022-05-13,2.937617063522339,1.6019950589715664,5.608861072623884,275,False,False,False,16.52,2022-11-09,1.6019950589715664,LOSS,180.0,crypto
UMA-USD,LONG,2022-11-10,1.8124339580535889,1.4981578020884605,2.4409862699838456,456,False,False,False,19.38,2022-12-17,1.4981578020884605,LOSS,37.0,crypto
UMA-USD,SHORT,2023-01-17,1.8786760568618774,2.06903839832205,1.4979513739415324,524,False,True,True,75.64,2023-01-24,2.06903839832205,LOSS,7.0,crypto
UMA-USD,LONG,2023-02-14,1.9693549871444702,1.7661179724257865,2.3758290165818376,552,False,True,False,43.98,2023-02-20,2.3758290165818376,WIN,6.0,crypto
UMA-USD,LONG,2023-03-10,1.7819080352783203,1.5031689866474804,2.33938613254,576,False,False,False,32.29,2023-03-27,2.33938613254,WIN,17.0,crypto
UMA-USD,LONG,2023-04-25,1.9054709672927856,1.7246031818369167,2.2672065382045234,622,False,False,False,32.81,2023-05-02,2.2672065382045234,WIN,7.0,crypto
UMA-USD,SHORT,2023-05-06,2.3767340183258057,2.8389596835976483,1.4522826877821204,633,False,False,False,80.77,2023-05-07,2.8389596835976483,LOSS,1.0,crypto
UMA-USD,LONG,2023-06-12,1.5377670526504517,1.2811624521810683,2.0509762535892184,670,False,False,False,23.71,2023-10-10,1.2811624521810683,LOSS,120.0,crypto
UMA-USD,LONG,2023-10-13,1.2680490016937256,1.186112295604775,1.4319224138716269,793,False,False,False,32.51,2023-10-16,1.4319224138716269,WIN,3.0,crypto
UMA-USD,SHORT,2023-10-17,1.4884610176086426,1.6393822107749723,1.1866186312759832,797,False,True,True,71.43,2023-11-06,1.6393822107749723,LOSS,20.0,crypto
UMA-USD,SHORT,2023-12-27,2.368557929992676,2.652655850873779,1.800362088230469,868,False,False,False,71.67,2024-01-08,1.800362088230469,WIN,12.0,crypto
UMA-USD,LONG,2024-01-10,1.999068021774292,1.6749544139031811,2.6472952375165137,882,False,True,True,34.21,2024-01-18,2.6472952375165137,WIN,8.0,crypto
UMA-USD,SHORT,2024-01-20,4.65931510925293,5.727713070633299,2.5225191864921914,892,False,False,False,91.11,2024-01-21,5.727713070633299,LOSS,1.0,crypto
UMA-USD,SHORT,2024-03-10,4.735730171203613,5.636689437616093,2.9338116383786534,942,False,False,False,63.96,2024-04-12,2.9338116383786534,WIN,33.0,crypto
UMA-USD,LONG,2024-04-14,2.6627609729766846,1.9093901523914676,4.1695026141471185,977,False,False,False,22.25,2024-05-09,4.1695026141471185,WIN,25.0,crypto
UMA-USD,SHORT,2024-05-13,4.041704177856445,4.974184574593089,2.1767433843831583,1006,False,False,False,72.3,2024-07-04,2.1767433843831583,WIN,52.0,crypto
UMA-USD,LONG,2024-07-06,2.0635440349578857,1.683220025818784,2.8241920532360894,1060,False,False,False,22.34,2024-08-05,1.683220025818784,LOSS,30.0,crypto
UMA-USD,SHORT,2024-09-22,2.357635021209717,2.660055550881975,1.7527939618652004,1138,False,True,True,62.92,2024-09-27,2.660055550881975,LOSS,5.0,crypto
UMA-USD,SHORT,2024-09-30,2.6358449459075928,2.968151552236537,1.971231733249704,1146,False,False,False,71.24,2024-10-01,2.968151552236537,LOSS,1.0,crypto
UMA-USD,SHORT,2024-10-03,2.878988027572632,3.2975779187183827,2.04180824528113,1149,False,False,False,73.05,2024-11-03,2.04180824528113,WIN,31.0,crypto
UMA-USD,LONG,2024-11-05,2.1301190853118896,1.7827692860198388,2.8248186838959914,1182,False,False,False,28.0,2024-11-10,2.8248186838959914,WIN,5.0,crypto
UMA-USD,LONG,2024-12-20,2.7099881172180176,1.9854819779030777,4.159000395847897,1227,False,False,False,36.61,2025-02-02,1.9854819779030777,LOSS,44.0,crypto
UMA-USD,LONG,2025-02-05,1.6370340585708618,1.2008708849958205,2.5093604057209444,1274,False,False,False,25.32,2025-03-09,1.2008708849958205,LOSS,32.0,crypto
UMA-USD,SHORT,2025-03-18,1.289834976196289,1.5648968426232104,0.7397112433424464,1315,False,False,False,46.18,2025-03-22,1.5648968426232104,LOSS,4.0,crypto
UMA-USD,SHORT,2025-03-25,1.4179439544677734,1.688003394931871,0.8778250735395785,1322,False,False,False,53.63,2025-06-09,1.688003394931871,LOSS,76.0,crypto
UMA-USD,SHORT,2025-07-18,1.23102605342865,1.3747236062006516,0.9436309478846465,1437,False,True,True,59.34,2025-07-21,1.3747236062006516,LOSS,3.0,crypto
UMA-USD,SHORT,2025-07-22,1.6171469688415527,1.8812650012920638,1.0889109039405307,1441,False,False,False,85.66,2025-08-23,1.8812650012920638,LOSS,32.0,crypto
UMA-USD,LONG,2025-09-24,1.2349560260772705,1.084078951670652,1.5367101748905077,1505,False,False,False,33.17,2025-10-10,1.084078951670652,LOSS,16.0,crypto
UMA-USD,LONG,2025-10-11,0.9200909733772278,0.6922661233495182,1.375740673432647,1522,False,False,False,21.68,2025-10-13,1.375740673432647,WIN,2.0,crypto
UMA-USD,LONG,2025-12-19,0.717074990272522,0.6190549904337181,0.9131149899501296,1591,False,False,False,26.44,2026-01-29,0.6190549904337181,LOSS,41.0,crypto
UMA-USD,LONG,2026-02-02,0.5725979804992676,0.4930334742007226,0.7317269930963576,1636,False,False,False,24.2,2026-02-05,0.4930334742007226,LOSS,3.0,crypto
UMA-USD,LONG,2026-02-06,0.5329999923706055,0.43719605439562526,0.7246078683205659,1640,False,False,False,19.68,2026-02-23,0.43719605439562526,LOSS,17.0,crypto
UMA-USD,SHORT,2026-03-18,0.4345470070838928,0.4936032991850695,0.31643442288153945,1680,False,False,False,50.5,2026-04-18,0.4936032991850695,LOSS,31.0,crypto
UMA-USD,SHORT,2026-05-12,0.5115290284156799,0.5696702606075332,0.39524656403197334,1735,False,True,True,77.39,2026-06-04,0.39524656403197334,WIN,23.0,crypto
UMA-USD,SHORT,2026-06-17,0.4212320148944855,0.46906090333492584,0.32557423801360474,1771,False,False,False,62.93,2026-07-29,0.32557423801360474,WIN,42.0,crypto
UMA-USD,LONG,2026-07-30,0.3343690037727356,0.2990817998872598,0.4049434115436872,1814,False,False,False,26.99,,,OPEN,,crypto
VET-USD,SHORT,2022-03-20,0.04991300031542778,0.05646204768112859,0.036814905584026156,221,False,False,False,55.05,2022-03-24,0.05646204768112859,LOSS,4.0,crypto
VET-USD,SHORT,2022-03-25,0.05568699911236763,0.06229230999476606,0.04247637734757077,226,False,True,True,66.7,2022-03-26,0.06229230999476606,LOSS,1.0,crypto
VET-USD,SHORT,2022-03-29,0.07242400199174881,0.08232092159470206,0.052630162785842316,230,False,True,True,72.96,2022-03-30,0.08232092159470206,LOSS,1.0,crypto
VET-USD,SHORT,2022-03-31,0.07749500125646591,0.09015457973412146,0.05217584430115482,232,False,True,True,80.91,2022-04-25,0.05217584430115482,WIN,25.0,crypto
VET-USD,LONG,2022-05-13,0.030553000047802925,0.019765755442795362,0.05212748925781805,275,False,False,False,22.86,2022-11-09,0.019765755442795362,LOSS,180.0,crypto
VET-USD,LONG,2022-12-20,0.0163199994713068,0.01472486506401181,0.019510268285896783,496,False,False,False,24.14,2023-01-13,0.019510268285896783,WIN,24.0,crypto
VET-USD,SHORT,2023-01-17,0.021306000649929047,0.02292973873190872,0.0180585244859697,524,False,True,True,83.91,2023-01-23,0.02292973873190872,LOSS,6.0,crypto
VET-USD,LONG,2023-03-06,0.02461099997162819,0.02102707188902947,0.03177885613682563,572,False,False,False,42.32,2023-03-09,0.02102707188902947,LOSS,3.0,crypto
VET-USD,LONG,2023-03-11,0.02047700062394142,0.016903303073614203,0.02762439572459586,577,False,False,False,32.98,2023-06-10,0.016903303073614203,LOSS,91.0,crypto
VET-USD,SHORT,2023-06-24,0.018140999600291252,0.020023995725465617,0.014375007349942522,682,False,False,False,62.36,2023-06-30,0.020023995725465617,LOSS,6.0,crypto
VET-USD,LONG,2023-08-05,0.01785700023174286,0.016667637501771245,0.020235725691686086,724,False,False,False,37.71,2023-08-17,0.016667637501771245,LOSS,12.0,crypto
VET-USD,LONG,2023-08-18,0.016047000885009766,0.01470835820719113,0.018724286240647037,737,False,False,False,25.62,2023-09-11,0.01470835820719113,LOSS,24.0,crypto
VET-USD,SHORT,2023-09-17,0.017123999074101448,0.018505735487508883,0.014360526247286579,767,False,True,True,65.35,2023-10-23,0.018505735487508883,LOSS,36.0,crypto
VET-USD,SHORT,2023-10-26,0.018769999966025352,0.020091387039019536,0.016127225820036985,806,False,False,False,75.08,2023-11-04,0.020091387039019536,LOSS,9.0,crypto
VET-USD,LONG,2023-11-22,0.021014999598264694,0.018655279007713618,0.025734440779366846,833,False,False,False,41.53,2023-12-06,0.025734440779366846,WIN,14.0,crypto
VET-USD,LONG,2024-01-08,0.03119100071489811,0.025852659682948927,0.041867682778796475,880,False,False,False,38.69,2024-01-23,0.025852659682948927,LOSS,15.0,crypto
VET-USD,SHORT,2024-02-10,0.029705999419093132,0.03218488841807058,0.024748221421138236,913,False,False,False,55.82,2024-02-13,0.03218488841807058,LOSS,3.0,crypto
VET-USD,SHORT,2024-02-19,0.044780001044273376,0.05031390241730384,0.033712198298212454,922,False,False,False,84.44,2024-02-26,0.05031390241730384,LOSS,7.0,crypto
VET-USD,LONG,2024-03-17,0.042082998901605606,0.03394632324801671,0.058356350208783395,949,False,False,False,38.88,2024-05-01,0.03394632324801671,LOSS,45.0,crypto
VET-USD,LONG,2024-05-03,0.03725599870085716,0.030968124701320626,0.049831746699930235,996,False,True,True,34.29,2024-06-07,0.030968124701320626,LOSS,35.0,crypto
VET-USD,LONG,2024-06-19,0.02597999945282936,0.02227043624589201,0.033399125866704064,1043,False,False,False,26.3,2024-07-05,0.02227043624589201,LOSS,16.0,crypto
VET-USD,SHORT,2024-07-17,0.031146999448537827,0.03483265565986037,0.023775687025892736,1071,False,True,True,65.65,2024-08-03,0.023775687025892736,WIN,17.0,crypto
VET-USD,SHORT,2024-08-25,0.02506200037896633,0.02760831515775548,0.019969370821388034,1110,False,False,False,60.57,2024-09-06,0.019969370821388034,WIN,12.0,crypto
VET-USD,SHORT,2024-09-22,0.023754000663757324,0.025954478107495398,0.019353045776281178,1138,False,True,True,62.92,2024-09-27,0.025954478107495398,LOSS,5.0,crypto
VET-USD,SHORT,2024-09-28,0.025841999799013138,0.028147784163719724,0.021230431069599966,1144,False,True,True,71.48,2024-10-25,0.021230431069599966,WIN,27.0,crypto
VET-USD,LONG,2024-11-05,0.020130999386310577,0.01816204434859574,0.02406890946174025,1182,False,False,False,31.46,2024-11-10,0.02406890946174025,WIN,5.0,crypto
VET-USD,SHORT,2024-11-13,0.025863999500870705,0.029158536969995257,0.0192749245626216,1190,False,True,True,68.62,2024-11-16,0.029158536969995257,LOSS,3.0,crypto
VET-USD,LONG,2024-12-20,0.0479779988527298,0.03460901849169744,0.07471595957479452,1227,False,False,False,40.98,2025-02-03,0.03460901849169744,LOSS,45.0,crypto
VET-USD,LONG,2025-02-08,0.03302200138568878,0.023956258116926067,0.05115348792321421,1277,False,False,False,30.34,2025-03-10,0.023956258116926067,LOSS,30.0,crypto
VET-USD,SHORT,2025-03-20,0.02605300024151802,0.030558664365091744,0.017041671994370573,1317,False,False,False,49.33,2025-05-10,0.030558664365091744,LOSS,51.0,crypto
VET-USD,LONG,2025-05-31,0.024159999564290047,0.020546332331128743,0.031387334030612654,1389,False,False,False,34.15,2025-06-21,0.020546332331128743,LOSS,21.0,crypto
VET-USD,SHORT,2025-07-12,0.023629000410437584,0.026216460538972773,0.018454080153367206,1431,False,True,True,61.99,2025-07-16,0.026216460538972773,LOSS,4.0,crypto
VET-USD,SHORT,2025-07-20,0.028428999707102776,0.03150125592762674,0.02228448726605485,1439,False,False,False,74.13,2025-08-01,0.02228448726605485,WIN,12.0,crypto
VET-USD,LONG,2025-09-24,0.022655000910162926,0.02060352999084786,0.026757942748793055,1505,False,False,False,37.53,2025-10-10,0.02060352999084786,LOSS,16.0,crypto
VET-USD,LONG,2025-10-12,0.01925100013613701,0.015438092997958442,0.026876814412494142,1523,False,False,False,27.64,2025-10-30,0.015438092997958442,LOSS,18.0,crypto
VET-USD,SHORT,2025-11-11,0.016930000856518745,0.019571282569630706,0.011647437430294824,1553,False,False,False,51.83,2025-12-11,0.011647437430294824,WIN,30.0,crypto
VET-USD,LONG,2025-12-16,0.010854000225663185,0.009300687811588548,0.013960625053812459,1588,False,False,False,27.49,2026-01-29,0.009300687811588548,LOSS,44.0,crypto
VET-USD,LONG,2026-02-02,0.008604999631643295,0.0073254874680295685,0.011164023958870749,1636,False,False,False,24.22,2026-02-05,0.0073254874680295685,LOSS,3.0,crypto
VET-USD,SHORT,2026-03-18,0.007300000172108412,0.008083257152999597,0.005733486210326041,1680,False,False,False,52.95,2026-05-08,0.008083257152999597,LOSS,51.0,crypto
VET-USD,SHORT,2026-05-09,0.007581999991089106,0.008231186330929872,0.006283627311407573,1732,False,True,True,68.49,2026-05-26,0.006283627311407573,WIN,17.0,crypto
VET-USD,SHORT,2026-07-05,0.004772999789565802,0.005251926863010563,0.003815145642676279,1789,False,False,False,48.01,,,OPEN,,crypto
WAVES-USD,SHORT,2022-02-27,11.194828987121582,13.484185845544642,6.616115270275461,200,False,False,False,63.93,2022-02-28,13.484185845544642,LOSS,1.0,crypto
WAVES-USD,SHORT,2022-03-05,17.160247802734375,20.681225034326275,10.118293339550576,206,False,False,False,77.61,2022-03-07,20.681225034326275,LOSS,2.0,crypto
WAVES-USD,SHORT,2022-03-10,27.37334632873535,32.481950838462474,17.156137309281107,211,False,False,False,85.43,2022-03-18,32.481950838462474,LOSS,8.0,crypto
WAVES-USD,SHORT,2022-04-01,52.165279388427734,61.53639601724509,33.423046130793026,233,False,False,False,91.45,2022-04-05,33.423046130793026,WIN,4.0,crypto
WAVES-USD,LONG,2022-04-11,23.717525482177734,14.111803154771318,42.92897013699057,243,False,True,True,35.2,2022-04-29,14.111803154771318,LOSS,18.0,crypto
WAVES-USD,SHORT,2022-06-04,8.886859893798828,11.778564232460475,3.103451216475534,297,False,False,False,58.89,2022-10-21,3.103451216475534,WIN,139.0,crypto
WAVES-USD,SHORT,2022-11-01,3.372323989868164,3.725171774325635,2.666628420953222,447,False,False,False,49.63,2022-11-05,3.725171774325635,LOSS,4.0,crypto
WAVES-USD,SHORT,2022-11-06,3.3480119705200195,3.736251123962785,2.5715336636344883,452,False,False,False,55.93,2022-11-08,2.5715336636344883,WIN,2.0,crypto
WAVES-USD,LONG,2022-12-17,1.5931650400161743,1.2663494517530118,2.2467962165424993,493,False,False,False,20.83,2022-12-30,1.2663494517530118,LOSS,13.0,crypto
WAVES-USD,SHORT,2023-01-17,2.251110076904297,2.5643209193613,1.6246883919902908,524,False,True,True,83.68,2023-01-27,2.5643209193613,LOSS,10.0,crypto
WAVES-USD,LONG,2023-03-11,1.9517329931259155,1.579069647474217,2.6970596844293127,577,False,False,False,32.17,2023-05-10,1.579069647474217,LOSS,60.0,crypto
WAVES-USD,SHORT,2023-05-25,1.7812310457229614,1.9848218073765886,1.374049522415707,652,False,False,False,63.65,2023-06-10,1.374049522415707,WIN,16.0,crypto
WAVES-USD,SHORT,2023-06-25,2.132040023803711,2.5145803137571896,1.3669594438967536,683,False,True,True,82.42,2023-07-10,2.5145803137571896,LOSS,15.0,crypto
WAVES-USD,LONG,2023-08-05,1.8810590505599976,1.7018694260278302,2.2394382996243323,724,False,False,False,41.5,2023-08-16,1.7018694260278302,LOSS,11.0,crypto
WAVES-USD,LONG,2023-08-19,1.5375289916992188,1.350389416026027,1.9118081430456022,738,False,False,False,22.61,2023-10-24,1.9118081430456022,WIN,66.0,crypto
WAVES-USD,SHORT,2023-10-26,1.7370059490203857,1.9133773387034994,1.3842631696541585,806,False,True,True,78.52,2023-11-05,1.9133773387034994,LOSS,10.0,crypto
WAVES-USD,LONG,2023-11-22,2.062635898590088,1.7565642481230945,2.6747791995240746,833,False,False,False,43.61,2023-12-22,2.6747791995240746,WIN,30.0,crypto
WAVES-USD,SHORT,2023-12-26,2.816533088684082,3.170868795749468,2.10786167455331,867,False,False,False,75.14,2024-01-02,3.170868795749468,LOSS,7.0,crypto
WAVES-USD,LONG,2024-01-08,2.480828046798706,2.031414227032139,3.37965568633184,880,False,False,False,40.73,2024-02-05,2.031414227032139,LOSS,28.0,crypto
WAVES-USD,SHORT,2024-02-17,2.291642904281616,2.488527959114993,1.8978727946148624,920,False,False,False,58.01,2024-02-26,2.488527959114993,LOSS,9.0,crypto
WAVES-USD,SHORT,2024-02-28,2.6066970825195312,2.8776796993586875,2.0647318488412187,931,False,False,False,74.66,2024-03-02,2.8776796993586875,LOSS,3.0,crypto
WAVES-USD,SHORT,2024-03-05,3.1006569862365723,3.5709933692394773,2.159984220230762,937,False,False,False,84.59,2024-03-10,3.5709933692394773,LOSS,5.0,crypto
WAVES-USD,LONG,2024-04-04,3.0880930423736572,2.3678510157030637,4.528577095714844,967,False,True,True,40.16,2024-04-13,2.3678510157030637,LOSS,9.0,crypto
WAVES-USD,SHORT,2024-05-19,2.429224967956543,2.730409370855851,1.8268561621579273,1012,False,False,False,53.95,2024-06-03,1.8268561621579273,WIN,15.0,crypto
WAVES-USD,LONG,2024-06-08,1.3695859909057617,1.0476236588450671,2.013510655027151,1032,False,False,False,15.4,2024-06-16,1.0476236588450671,LOSS,8.0,crypto
WAVES-USD,SHORT,2024-07-07,0.89021897315979,1.078841205973859,0.5129745075316521,1061,False,False,False,38.42,2024-07-17,1.078841205973859,LOSS,10.0,crypto
WAVES-USD,SHORT,2024-07-20,1.1603929996490479,1.3148785125334326,0.8514219738802784,1074,False,False,False,64.5,2024-07-30,1.3148785125334326,LOSS,10.0,crypto
WAVES-USD,SHORT,2024-09-22,1.1281490325927734,1.2426036420916329,0.8992398135950546,1138,False,True,True,68.67,2024-09-29,1.2426036420916329,LOSS,7.0,crypto
WAVES-USD,SHORT,2024-09-30,1.1944539546966553,1.3355295175397894,0.912302829010387,1146,False,True,True,71.26,2024-11-13,1.3355295175397894,LOSS,44.0,crypto
WAVES-USD,SHORT,2024-11-14,1.228158950805664,1.3908078998988302,0.9028610526193317,1191,False,True,True,73.44,2024-11-17,1.3908078998988302,LOSS,3.0,crypto
WAVES-USD,LONG,2024-12-11,2.0247609615325928,1.538980423605812,2.9963220373861543,1218,False,False,False,48.92,2024-12-19,1.538980423605812,LOSS,8.0,crypto
WAVES-USD,LONG,2024-12-20,1.4945019483566284,1.0766219740929106,2.330261896884064,1227,False,False,False,31.98,2025-02-03,1.0766219740929106,LOSS,45.0,crypto
WAVES-USD,LONG,2025-02-06,1.247323989868164,0.9978026709114265,1.7463666277816392,1275,False,False,False,26.97,2025-02-12,1.7463666277816392,WIN,6.0,crypto
WAVES-USD,SHORT,2025-02-13,1.7447340488433838,2.0372059260789652,1.159790294372221,1282,False,False,False,69.9,2025-03-31,1.159790294372221,WIN,46.0,crypto
WAVES-USD,LONG,2025-04-05,1.0849690437316895,0.9359040419922633,1.3830990472105418,1333,False,False,False,24.6,2025-04-06,0.9359040419922633,LOSS,1.0,crypto
WAVES-USD,LONG,2025-04-07,0.9491360187530518,0.7851054538434741,1.2771971485722071,1335,False,False,False,17.73,2025-04-26,1.2771971485722071,WIN,19.0,crypto
WAVES-USD,SHORT,2025-04-27,1.1795560121536255,1.323779266395344,0.8911095036701884,1355,False,False,False,62.55,2025-05-11,1.323779266395344,LOSS,14.0,crypto
WAVES-USD,SHORT,2025-05-13,1.3445390462875366,1.4846516094075015,1.0643139200476068,1371,False,True,True,68.07,2025-05-14,1.4846516094075015,LOSS,1.0,crypto
WAVES-USD,SHORT,2025-05-15,1.2762629985809326,1.472058961083196,0.8846710735764058,1373,True,True,True,72.26,2025-06-22,0.8846710735764058,WIN,38.0,crypto
WAVES-USD,SHORT,2025-07-05,1.0043840408325195,1.1053894077811728,0.802373306935213,1424,False,False,False,56.25,2025-07-12,1.1053894077811728,LOSS,7.0,crypto
WAVES-USD,SHORT,2025-07-14,1.1015000343322754,1.2020516655002065,0.9003967719964132,1433,False,True,True,60.89,2025-07-23,1.2020516655002065,LOSS,9.0,crypto
WAVES-USD,LONG,2025-09-24,1.0196609497070312,0.9345669977872278,1.189848853546638,1505,False,False,False,29.81,2025-10-10,0.9345669977872278,LOSS,16.0,crypto
WAVES-USD,LONG,2025-10-11,0.7797200083732605,0.6527908854388791,1.0335782542420233,1522,False,False,False,20.78,2025-11-04,0.6527908854388791,LOSS,24.0,crypto
WAVES-USD,LONG,2025-11-05,0.6717789769172668,0.579643038677485,0.8560508533968305,1547,False,False,False,24.24,2025-11-25,0.8560508533968305,WIN,20.0,crypto
WAVES-USD,SHORT,2025-11-27,0.7371190190315247,0.8682921913399452,0.4747726744146836,1569,False,False,False,57.54,2026-02-06,0.4747726744146836,WIN,71.0,crypto
WAVES-USD,SHORT,2026-02-17,0.5345590114593506,0.629250076694041,0.3451768809899698,1651,False,False,False,54.19,2026-05-28,0.3451768809899698,WIN,100.0,crypto
WAVES-USD,LONG,2026-07-25,0.2496349960565567,0.2298362309097383,0.28923252635019353,1809,False,False,False,35.1,2026-07-27,0.2298362309097383,LOSS,2.0,crypto
WAVES-USD,LONG,2026-07-30,0.22089500725269318,0.20017797530365025,0.262329071150779,1814,False,False,False,21.27,2026-08-11,0.20017797530365025,LOSS,12.0,crypto
WIF-USD,SHORT,2024-07-22,2.7402660846710205,3.2355594618117527,1.7496793303895561,216,False,False,False,70.73,2024-08-02,1.7496793303895561,WIN,11.0,crypto
WIF-USD,SHORT,2024-09-21,1.7795560359954834,2.0640158918864415,1.2106363242135671,277,False,True,True,59.7,2024-09-25,2.0640158918864415,LOSS,4.0,crypto
WIF-USD,SHORT,2024-10-01,2.3004679679870605,2.701677779176363,1.4980483456084555,287,True,False,False,79.45,2024-10-07,2.701677779176363,LOSS,6.0,crypto
WIF-USD,LONG,2024-11-05,2.1033599376678467,1.6674606371492264,2.975158538705087,322,False,True,True,34.27,2024-11-11,2.975158538705087,WIN,6.0,crypto
WIF-USD,SHORT,2024-11-14,3.580857992172241,4.412682700546436,1.9172085754238513,331,False,False,False,79.79,2024-12-20,1.9172085754238513,WIN,36.0,crypto
WIF-USD,LONG,2024-12-23,2.0244619846343994,1.3614728362901012,3.350440281322996,370,False,False,False,28.74,2025-01-13,1.3614728362901012,LOSS,21.0,crypto
WIF-USD,SHORT,2025-01-18,1.7719039916992188,2.1569962567414542,1.0017194616147478,396,False,False,False,49.17,2025-01-28,1.0017194616147478,WIN,10.0,crypto
WIF-USD,SHORT,2025-02-23,0.6595209836959839,0.8637277682407463,0.25110741460645913,432,False,False,False,40.06,2025-05-10,0.8637277682407463,LOSS,76.0,crypto
WIF-USD,LONG,2025-06-01,0.8728939890861511,0.6384490008417024,1.3417839655750485,530,False,True,False,42.56,2025-10-10,0.6384490008417024,LOSS,131.0,crypto
WIF-USD,LONG,2025-10-11,0.48031800985336304,0.3114846430480844,0.8179847434639204,662,False,False,False,21.87,2025-11-22,0.3114846430480844,LOSS,42.0,crypto
WIF-USD,SHORT,2025-12-03,0.3994170129299164,0.47716076545158603,0.24392950788657708,715,False,False,False,49.99,2026-01-06,0.47716076545158603,LOSS,34.0,crypto
WIF-USD,SHORT,2026-01-07,0.3895289897918701,0.46291097752199795,0.24276501433161446,750,False,True,True,66.67,2026-01-31,0.24276501433161446,WIN,24.0,crypto
WIF-USD,SHORT,2026-03-17,0.18894000351428986,0.21782268234710955,0.13117464584865046,819,False,False,False,48.25,2026-04-16,0.21782268234710955,LOSS,30.0,crypto
WIF-USD,SHORT,2026-04-17,0.21531899273395538,0.24158975069912086,0.16277747680362442,850,False,True,True,65.34,2026-05-06,0.24158975069912086,LOSS,19.0,crypto
WIF-USD,SHORT,2026-05-09,0.2250179946422577,0.2513737020726147,0.17230657978154362,872,False,True,True,72.03,2026-06-02,0.17230657978154362,WIN,24.0,crypto
WIF-USD,SHORT,2026-06-30,0.16576999425888062,0.19204579244683126,0.11321839788297933,924,False,False,False,57.83,,,OPEN,,crypto
WOO-USD,SHORT,2022-03-21,0.5637549757957458,0.6736347087640647,0.3439955098591081,222,False,True,True,62.76,2022-03-31,0.6736347087640647,LOSS,10.0,crypto
WOO-USD,LONG,2022-04-12,0.463142991065979,0.35797719536135475,0.6734745824752275,244,False,False,False,33.99,2022-04-30,0.35797719536135475,LOSS,18.0,crypto
WOO-USD,LONG,2022-05-10,0.2527709901332855,0.17115135346197247,0.41601026347591163,272,False,False,False,25.01,2022-05-12,0.17115135346197247,LOSS,2.0,crypto
WOO-USD,LONG,2022-05-13,0.18747399747371674,0.09835671079391903,0.36570857083331215,275,False,False,False,19.59,2023-12-14,0.36570857083331215,WIN,580.0,crypto
WOO-USD,SHORT,2023-12-16,0.3942840099334717,0.4584716444569292,0.2659087408865567,857,False,False,False,81.12,2023-12-19,0.4584716444569292,LOSS,3.0,crypto
WOO-USD,SHORT,2024-02-15,0.4070729911327362,0.45463684731732823,0.31194527876355216,918,False,False,False,62.47,2024-02-20,0.45463684731732823,LOSS,5.0,crypto
WOO-USD,SHORT,2024-02-25,0.5085769891738892,0.582227187043259,0.3612765934351494,928,False,False,False,74.09,2024-03-03,0.582227187043259,LOSS,7.0,crypto
WOO-USD,LONG,2024-03-17,0.49668699502944946,0.3809944999443432,0.728071985199662,949,False,False,False,40.01,2024-04-12,0.3809944999443432,LOSS,26.0,crypto
WOO-USD,LONG,2024-04-14,0.29902100563049316,0.20660061326626883,0.48386179035894183,977,False,False,False,27.29,2024-06-18,0.20660061326626883,LOSS,65.0,crypto
WOO-USD,SHORT,2024-07-18,0.20126399397850037,0.2274948599954851,0.1488022619445309,1072,False,False,False,51.05,2024-08-03,0.1488022619445309,WIN,16.0,crypto
WOO-USD,SHORT,2024-08-25,0.1760309934616089,0.19859508224632091,0.13090281589218483,1110,False,False,False,65.19,2024-09-26,0.19859508224632091,LOSS,32.0,crypto
WOO-USD,SHORT,2024-11-13,0.23767699301242828,0.2787174779772983,0.15559602308268827,1190,False,False,False,71.33,2024-11-25,0.2787174779772983,LOSS,12.0,crypto
WOO-USD,LONG,2024-12-20,0.21599599719047546,0.15665571676542017,0.33467655804058605,1227,False,False,False,31.98,2025-01-27,0.15665571676542017,LOSS,38.0,crypto
WOO-USD,SHORT,2025-02-23,0.12853200733661652,0.15201756745689718,0.08156088709605519,1292,False,False,False,45.93,2025-03-10,0.08156088709605519,WIN,15.0,crypto
WOO-USD,SHORT,2025-03-26,0.09337200224399567,0.10738459209516679,0.06534682254165342,1323,False,False,False,52.46,2025-04-05,0.06534682254165342,WIN,10.0,crypto
WOO-USD,SHORT,2025-04-27,0.06961199641227722,0.08032731690608792,0.04818135542465582,1355,False,False,False,61.32,2025-05-01,0.08032731690608792,LOSS,4.0,crypto
WOO-USD,SHORT,2025-05-02,0.0778530016541481,0.08895123426307319,0.05565653643629792,1360,False,True,True,63.88,2025-05-10,0.08895123426307319,LOSS,8.0,crypto
WOO-USD,LONG,2025-05-31,0.0752670019865036,0.06044253667714014,0.10491593260523052,1389,False,False,False,41.45,2025-06-21,0.06044253667714014,LOSS,21.0,crypto
WOO-USD,SHORT,2025-07-12,0.07867199927568436,0.08781993043308195,0.06037613696088917,1431,False,True,True,64.21,2025-07-16,0.08781993043308195,LOSS,4.0,crypto
WOO-USD,SHORT,2025-09-14,0.07109499722719193,0.07906637413099872,0.055152243419578334,1495,False,False,False,58.21,2025-09-21,0.07906637413099872,LOSS,7.0,crypto
WOO-USD,SHORT,2025-09-22,0.0673229992389679,0.07810926208327829,0.045750473550347115,1503,False,False,False,61.46,2025-10-10,0.045750473550347115,WIN,18.0,crypto
WOO-USD,LONG,2025-10-12,0.04806999862194061,0.030033462098596277,0.08414307166862928,1523,False,False,False,29.42,2025-11-04,0.030033462098596277,LOSS,23.0,crypto
WOO-USD,SHORT,2025-12-12,0.026549000293016434,0.03139788066520798,0.016851239548633337,1584,False,False,False,49.22,2026-01-06,0.03139788066520798,LOSS,25.0,crypto
WOO-USD,SHORT,2026-01-07,0.030679000541567802,0.035025652879917275,0.021985695864868857,1610,False,True,True,66.61,2026-01-31,0.021985695864868857,WIN,24.0,crypto
WOO-USD,LONG,2026-02-02,0.019977999851107597,0.01603631929145323,0.027861360970416332,1636,False,False,False,28.99,2026-02-05,0.01603631929145323,LOSS,3.0,crypto
WOO-USD,SHORT,2026-02-22,0.017501000314950943,0.02022465862710069,0.012053683690651448,1656,False,False,False,47.38,2026-03-17,0.02022465862710069,LOSS,23.0,crypto
WOO-USD,LONG,2026-05-14,0.019070999696850777,0.017038635512990313,0.023135728064571703,1737,False,True,False,45.86,2026-05-16,0.017038635512990313,LOSS,2.0,crypto
WOO-USD,LONG,2026-05-20,0.017100999131798744,0.015246576632802352,0.02080984412979153,1743,False,False,False,34.36,2026-06-03,0.015246576632802352,LOSS,14.0,crypto
WOO-USD,SHORT,2026-07-04,0.011978999711573124,0.013372627947132013,0.009191743240455345,1788,False,False,False,47.15,2026-07-26,0.013372627947132013,LOSS,22.0,crypto
XLM-USD,SHORT,2022-03-20,0.1969909965991974,0.21716269449797312,0.15664760080164591,221,False,False,False,57.96,2022-03-25,0.21716269449797312,LOSS,5.0,crypto
XLM-USD,SHORT,2022-03-30,0.23481899499893188,0.25474186710672864,0.19497325078333838,231,False,True,True,73.21,2022-04-11,0.19497325078333838,WIN,12.0,crypto
XLM-USD,LONG,2022-05-10,0.14840500056743622,0.12716237961375756,0.19089024247479353,272,False,False,False,26.3,2022-05-11,0.12716237961375756,LOSS,1.0,crypto
XLM-USD,LONG,2022-05-13,0.13190999627113342,0.10525504852217188,0.1852198917690565,275,False,False,False,22.85,2022-06-13,0.10525504852217188,LOSS,31.0,crypto
XLM-USD,SHORT,2022-07-20,0.11196199804544449,0.12503199027826012,0.08582201357981323,343,False,False,False,58.11,2022-08-08,0.12503199027826012,LOSS,19.0,crypto
XLM-USD,SHORT,2022-08-09,0.12224499881267548,0.1346301245799418,0.09747474727814281,363,False,True,True,68.88,2022-11-08,0.09747474727814281,WIN,91.0,crypto
XLM-USD,LONG,2022-11-10,0.09722200036048889,0.08410989927561718,0.12344620253023231,456,False,False,False,21.83,2022-11-14,0.08410989927561718,LOSS,4.0,crypto
XLM-USD,LONG,2022-12-18,0.07659699767827988,0.07055389415660336,0.08868320472163291,494,False,False,False,27.42,2023-01-14,0.08868320472163291,WIN,27.0,crypto
XLM-USD,SHORT,2023-01-17,0.08639699965715408,0.09191625856225243,0.0753584818469574,524,False,True,True,75.55,2023-01-21,0.09191625856225243,LOSS,4.0,crypto
XLM-USD,LONG,2023-02-11,0.08627399802207947,0.08004346283521535,0.0987350683958077,549,False,False,False,42.69,2023-03-09,0.08004346283521535,LOSS,26.0,crypto
XLM-USD,LONG,2023-03-10,0.07815500348806381,0.07187479972044866,0.09071541102329411,576,False,False,False,27.25,2023-03-21,0.09071541102329411,WIN,11.0,crypto
XLM-USD,SHORT,2023-04-01,0.10775899887084961,0.11823531268867422,0.08680637123520038,598,False,False,False,75.21,2023-05-24,0.08680637123520038,WIN,53.0,crypto
XLM-USD,SHORT,2023-06-04,0.09138800203800201,0.0949266982582103,0.08431060959758543,662,False,False,False,58.48,2023-06-10,0.08431060959758543,WIN,6.0,crypto
XLM-USD,SHORT,2023-06-28,0.10041099786758423,0.10767412464011483,0.08588474432252302,686,False,False,False,77.77,2023-06-30,0.10767412464011483,LOSS,2.0,crypto
XLM-USD,SHORT,2023-07-01,0.10741599649190903,0.11644507627653548,0.08935783692265611,689,False,False,False,81.05,2023-07-13,0.11644507627653548,LOSS,12.0,crypto
XLM-USD,LONG,2023-08-19,0.12363100051879883,0.10725508965867961,0.15638282223903727,738,False,True,True,31.78,2023-10-09,0.10725508965867961,LOSS,51.0,crypto
XLM-USD,SHORT,2023-10-26,0.1131410002708435,0.1207986840472383,0.09782563271805392,806,False,False,False,59.23,2023-10-31,0.1207986840472383,LOSS,5.0,crypto
XLM-USD,SHORT,2023-11-02,0.11978700011968613,0.12828230739500632,0.10279638556904575,813,False,False,False,70.85,2023-11-06,0.12828230739500632,LOSS,4.0,crypto
XLM-USD,LONG,2023-11-22,0.11813099682331085,0.10719668051894027,0.13999962943205202,833,False,True,True,40.13,2024-01-23,0.10719668051894027,LOSS,62.0,crypto
XLM-USD,SHORT,2024-02-13,0.1110529974102974,0.11732930316461923,0.09850038590165372,916,False,False,False,51.36,2024-02-15,0.11732930316461923,LOSS,2.0,crypto
XLM-USD,SHORT,2024-02-17,0.11419499665498734,0.12082978313583534,0.10092542369329133,920,False,False,False,55.66,2024-02-20,0.12082978313583534,LOSS,3.0,crypto
XLM-USD,SHORT,2024-02-28,0.12108100205659866,0.12923715721252746,0.10476869174474107,931,False,False,False,67.62,2024-03-02,0.12923715721252746,LOSS,3.0,crypto
XLM-USD,SHORT,2024-03-03,0.1356319934129715,0.14612130384364502,0.11465337255162444,935,False,False,False,80.28,2024-03-04,0.14612130384364502,LOSS,1.0,crypto
XLM-USD,SHORT,2024-03-05,0.13239899277687073,0.14918465414427745,0.09882767004205728,937,True,False,False,80.3,2024-03-11,0.14918465414427745,LOSS,6.0,crypto
XLM-USD,LONG,2024-03-20,0.13091599941253662,0.1084971569151053,0.17575368440739927,952,False,False,False,40.63,2024-04-12,0.1084971569151053,LOSS,23.0,crypto
XLM-USD,LONG,2024-04-14,0.11076299846172333,0.09308855558047648,0.14611188422421703,977,False,False,False,28.38,2024-06-18,0.09308855558047648,LOSS,65.0,crypto
XLM-USD,SHORT,2024-07-18,0.1032010018825531,0.1138331044830625,0.08193679668153431,1072,False,True,True,72.74,2024-08-05,0.08193679668153431,WIN,18.0,crypto
XLM-USD,SHORT,2024-09-30,0.09852399677038193,0.10449352748215836,0.08658493534682907,1146,False,True,True,67.6,2024-11-10,0.10449352748215836,LOSS,41.0,crypto
XLM-USD,SHORT,2024-11-13,0.12432499974966049,0.1369695914746176,0.09903581629974628,1190,False,False,False,88.54,2024-11-14,0.1369695914746176,LOSS,1.0,crypto
XLM-USD,SHORT,2024-11-17,0.1964160054922104,0.22785126641296993,0.1335454836506913,1194,False,False,False,90.88,2024-11-18,0.22785126641296993,LOSS,1.0,crypto
XLM-USD,LONG,2024-12-11,0.4360780119895935,0.317589482577633,0.6730550708135146,1218,False,False,False,53.04,2024-12-20,0.317589482577633,LOSS,9.0,crypto
XLM-USD,LONG,2025-02-03,0.3704339861869812,0.2889954001025229,0.5333111583558978,1272,False,True,True,35.37,2025-02-25,0.2889954001025229,LOSS,22.0,crypto
XLM-USD,SHORT,2025-03-03,0.2921229898929596,0.35510505633108413,0.16615885701671051,1300,False,True,False,56.21,2025-07-11,0.35510505633108413,LOSS,130.0,crypto
XLM-USD,SHORT,2025-07-15,0.4519309997558594,0.5150078032891146,0.325777392689349,1434,False,False,False,87.59,2025-07-18,0.5150078032891146,LOSS,3.0,crypto
XLM-USD,SHORT,2025-10-03,0.40671899914741516,0.44171482011224145,0.3367273572177626,1514,False,False,False,61.65,2025-10-10,0.3367273572177626,WIN,7.0,crypto
XLM-USD,LONG,2025-10-12,0.34220799803733826,0.2819648155201216,0.4626943630717716,1523,False,False,False,33.55,2025-11-03,0.2819648155201216,LOSS,22.0,crypto
XLM-USD,SHORT,2026-01-07,0.23400799930095673,0.25876758515599313,0.18448882759088392,1610,False,False,False,60.08,2026-01-31,0.18448882759088392,WIN,24.0,crypto
XLM-USD,LONG,2026-02-02,0.17870700359344482,0.1564016580450036,0.22331769469032725,1636,False,False,False,25.92,2026-02-05,0.1564016580450036,LOSS,3.0,crypto
XLM-USD,LONG,2026-02-06,0.16399499773979187,0.13618883414240174,0.21960732493457213,1640,False,False,False,19.31,2026-05-29,0.21960732493457213,WIN,112.0,crypto
XLM-USD,SHORT,2026-05-30,0.22891700267791748,0.26571074414206075,0.15532951974963094,1753,False,False,False,87.5,2026-05-31,0.26571074414206075,LOSS,1.0,crypto
XLM-USD,SHORT,2026-06-01,0.24208800494670868,0.28433709442939775,0.15758982598133053,1755,False,False,False,74.82,,,OPEN,,crypto
XMR-USD,SHORT,2022-03-09,188.72947692871094,217.87698344164139,130.43446390285004,210,False,True,True,67.09,2022-03-28,217.87698344164139,LOSS,19.0,crypto
XMR-USD,SHORT,2022-04-19,254.10781860351562,283.69328088013043,194.936894050286,251,False,False,False,70.43,2022-04-21,283.69328088013043,LOSS,2.0,crypto
XMR-USD,LONG,2022-05-03,207.54103088378906,171.99739483727464,278.6283029768179,265,False,False,False,33.67,2022-05-10,171.99739483727464,LOSS,7.0,crypto
XMR-USD,LONG,2022-06-17,114.3115005493164,84.45928114125532,174.01593936543858,310,False,False,False,20.19,2022-08-16,174.01593936543858,WIN,60.0,crypto
XMR-USD,LONG,2022-08-21,154.50930786132812,135.5581479792205,192.41162762554336,375,False,True,False,43.31,2022-09-21,135.5581479792205,LOSS,31.0,crypto
XMR-USD,SHORT,2022-10-30,147.528564453125,156.8382591235988,128.90917511217742,445,False,True,True,58.54,2022-11-04,156.8382591235988,LOSS,5.0,crypto
XMR-USD,SHORT,2022-11-06,154.91976928710938,164.82052487115868,135.11825811901076,452,False,True,True,66.59,2022-11-08,135.11825811901076,WIN,2.0,crypto
XMR-USD,LONG,2022-11-10,133.2244110107422,116.5305274855545,166.61217806111756,456,False,False,False,25.63,2023-01-11,166.61217806111756,WIN,62.0,crypto
XMR-USD,SHORT,2023-01-12,167.0166778564453,175.60370910843466,149.84261535246662,519,False,False,False,82.81,2023-01-14,175.60370910843466,LOSS,2.0,crypto
XMR-USD,SHORT,2023-01-15,174.0115203857422,184.66598828399944,152.70258458922768,522,False,False,False,83.31,2023-01-28,184.66598828399944,LOSS,13.0,crypto
XMR-USD,LONG,2023-02-07,168.0813751220703,154.26163280862121,195.7208597489685,545,False,False,False,42.49,2023-02-09,154.26163280862121,LOSS,2.0,crypto
XMR-USD,LONG,2023-02-10,154.55447387695312,139.56890468173415,184.52561226739107,548,False,False,False,33.15,2023-03-10,139.56890468173415,LOSS,28.0,crypto
XMR-USD,LONG,2023-03-11,141.2289276123047,127.32962268885316,169.02753745920774,577,False,False,False,30.67,2023-06-27,169.02753745920774,WIN,108.0,crypto
XMR-USD,SHORT,2023-06-28,164.71176147460938,176.124923006801,141.88543841022613,686,False,False,False,78.89,2023-08-17,141.88543841022613,WIN,50.0,crypto
XMR-USD,LONG,2023-08-19,144.23080444335938,136.34769056571577,159.9970321986466,738,False,False,False,23.85,2023-08-24,136.34769056571577,LOSS,5.0,crypto
XMR-USD,SHORT,2023-09-16,144.62464904785156,152.19091982896072,129.49210748563326,766,False,False,False,56.39,2023-10-06,152.19091982896072,LOSS,20.0,crypto
XMR-USD,SHORT,2023-10-09,153.79550170898438,160.47267774176856,140.441149643416,789,False,False,False,69.69,2023-10-23,160.47267774176856,LOSS,14.0,crypto
XMR-USD,SHORT,2023-10-24,158.01478576660156,165.25565219081574,143.5330529181732,804,False,False,False,70.75,2023-10-29,165.25565219081574,LOSS,5.0,crypto
XMR-USD,SHORT,2023-10-31,172.35964965820312,182.19173796653678,152.69547304153582,811,False,False,False,76.03,2024-01-04,152.69547304153582,WIN,65.0,crypto
XMR-USD,LONG,2024-01-08,148.1824188232422,133.25537383924186,178.03650879124285,880,False,False,False,31.56,2024-02-06,133.25537383924186,LOSS,29.0,crypto
XMR-USD,LONG,2024-02-07,129.9530487060547,105.52436351403321,178.81041909009764,910,False,False,False,20.39,2024-04-13,105.52436351403321,LOSS,66.0,crypto
XMR-USD,SHORT,2024-04-30,119.37248229980469,134.9326616078511,88.25212368371189,993,False,False,False,56.57,2024-05-09,134.9326616078511,LOSS,9.0,crypto
XMR-USD,SHORT,2024-06-07,154.15191650390625,166.36582025274188,129.72410900623498,1031,True,False,False,85.48,2024-06-08,166.36582025274188,LOSS,1.0,crypto
XMR-USD,LONG,2024-06-22,166.76055908203125,151.08977522361798,198.1021267988578,1046,False,False,False,46.92,2024-07-05,151.08977522361798,LOSS,13.0,crypto
XMR-USD,LONG,2024-08-06,147.79229736328125,131.59199897749795,180.19289413484785,1091,False,False,False,30.17,2024-12-03,180.19289413484785,WIN,119.0,crypto
XMR-USD,SHORT,2024-12-05,192.5949249267578,217.40339212834195,142.97799052358954,1212,False,False,False,74.45,2024-12-08,217.40339212834195,LOSS,3.0,crypto
XMR-USD,SHORT,2024-12-09,176.2256622314453,211.2570314784703,106.16292373739532,1216,True,False,False,80.21,2024-12-12,211.2570314784703,LOSS,3.0,crypto
XMR-USD,SHORT,2025-01-18,217.55557250976562,242.92580532738972,166.81510687451743,1256,False,False,False,71.05,2025-01-30,242.92580532738972,LOSS,12.0,crypto
XMR-USD,SHORT,2025-02-01,234.2761688232422,259.32542396856087,184.17765853260482,1270,False,False,False,67.71,2025-04-28,259.32542396856087,LOSS,86.0,crypto
XMR-USD,SHORT,2025-05-01,270.8959655761719,300.80776268042774,211.07237136766014,1359,False,False,False,85.11,2025-05-09,300.80776268042774,LOSS,8.0,crypto
XMR-USD,LONG,2025-06-01,348.7095947265625,305.2685805544859,435.59162307071574,1390,False,False,False,43.73,2025-06-04,305.2685805544859,LOSS,3.0,crypto
XMR-USD,LONG,2025-06-05,317.5608215332031,268.0681428576226,416.54617888436417,1394,False,False,False,41.85,2025-08-07,268.0681428576226,LOSS,63.0,crypto
XMR-USD,LONG,2025-08-08,273.4797668457031,241.97116476170112,336.49697101370714,1458,False,False,False,25.96,2025-08-14,241.97116476170112,LOSS,6.0,crypto
XMR-USD,SHORT,2025-09-17,301.37451171875,328.9927019678293,246.1381312205914,1498,False,False,False,76.25,2025-10-02,328.9927019678293,LOSS,15.0,crypto
XMR-USD,SHORT,2025-10-03,324.615478515625,353.1409475991295,267.564540348616,1514,False,False,False,75.08,2025-11-01,353.1409475991295,LOSS,29.0,crypto
XMR-USD,SHORT,2025-11-10,386.8298034667969,442.5675364043608,275.35433759166904,1552,False,False,False,77.77,2025-12-18,442.5675364043608,LOSS,38.0,crypto
XMR-USD,SHORT,2025-12-21,471.4607238769531,524.1318752482789,366.11842113430157,1593,False,False,False,71.25,2026-01-11,524.1318752482789,LOSS,21.0,crypto
XMR-USD,SHORT,2026-01-15,677.922607421875,765.2318950181242,503.3040322293766,1618,False,False,False,88.48,2026-01-20,503.3040322293766,WIN,5.0,crypto
XMR-USD,SHORT,2026-03-06,352.07073974609375,398.88479489536763,258.442629447546,1668,False,False,False,54.07,2026-04-26,398.88479489536763,LOSS,51.0,crypto
XMR-USD,LONG,2026-05-16,388.56463623046875,353.0799634083894,459.53398187462744,1739,False,False,False,45.85,2026-05-28,353.0799634083894,LOSS,12.0,crypto
XMR-USD,LONG,2026-05-29,397.1664123535156,354.6887728638192,482.1216913329084,1752,False,False,False,36.81,2026-06-01,354.6887728638192,LOSS,3.0,crypto
XMR-USD,LONG,2026-06-03,362.3894348144531,312.377174103692,462.4139562359753,1757,False,False,False,34.91,2026-06-05,312.377174103692,LOSS,2.0,crypto
XMR-USD,SHORT,2026-07-17,330.5631408691406,360.4608578986073,270.7677068102073,1801,False,False,False,55.68,2026-07-22,360.4608578986073,LOSS,5.0,crypto
XMR-USD,SHORT,2026-07-26,353.7385559082031,381.81686137024025,297.5819449841289,1810,True,True,True,67.78,2026-08-08,381.81686137024025,LOSS,13.0,crypto
XMR-USD,SHORT,2026-08-10,396.8057556152344,424.57019135174596,341.2768841422112,1825,False,False,False,71.61,,,OPEN,,crypto
XRP-USD,LONG,2022-04-07,0.7879999876022339,0.7173685738392664,0.9292628151281688,239,False,False,False,38.47,2022-04-11,0.7173685738392664,LOSS,4.0,crypto
XRP-USD,LONG,2022-04-12,0.7166140079498291,0.6465737966540666,0.8566944305413542,244,False,False,False,31.69,2022-04-26,0.6465737966540666,LOSS,14.0,crypto
XRP-USD,SHORT,2022-06-01,0.39808499813079834,0.45776527286542956,0.2787244486615359,294,False,False,False,42.39,2022-09-22,0.45776527286542956,LOSS,113.0,crypto
XRP-USD,SHORT,2022-09-24,0.4887160062789917,0.5569002913728677,0.35234743609123975,409,False,False,False,76.66,2022-11-09,0.35234743609123975,WIN,46.0,crypto
XRP-USD,LONG,2022-11-10,0.3957050144672394,0.3276088802444961,0.531897282912726,456,False,False,False,25.29,2022-11-14,0.3276088802444961,LOSS,4.0,crypto
XRP-USD,LONG,2022-12-20,0.3493730127811432,0.31817422800797185,0.41177058232748587,496,False,False,False,30.75,2023-01-20,0.41177058232748587,WIN,31.0,crypto
XRP-USD,LONG,2023-02-14,0.382407009601593,0.3536299506230872,0.4399611275586046,552,False,False,False,38.31,2023-03-12,0.3536299506230872,LOSS,26.0,crypto
XRP-USD,SHORT,2023-03-20,0.3746280074119568,0.4076415901323329,0.3086008419712045,586,False,False,False,56.33,2023-03-21,0.4076415901323329,LOSS,1.0,crypto
XRP-USD,SHORT,2023-03-22,0.4224799871444702,0.4752492087810263,0.3169415438713581,588,False,False,False,74.62,2023-03-27,0.4752492087810263,LOSS,5.0,crypto
XRP-USD,SHORT,2023-03-30,0.5342490077018738,0.6000689490836832,0.40260912493825485,596,False,False,False,74.77,2023-07-13,0.6000689490836832,LOSS,105.0,crypto
XRP-USD,SHORT,2023-07-17,0.739205002784729,0.841246116299841,0.535122775754505,705,False,False,False,73.11,2023-07-19,0.841246116299841,LOSS,2.0,crypto
XRP-USD,LONG,2023-08-19,0.5196290016174316,0.4525165731898442,0.6538538584726066,738,False,False,False,22.42,2023-11-05,0.6538538584726066,WIN,78.0,crypto
XRP-USD,LONG,2023-11-22,0.6118990182876587,0.5447401345630503,0.7462167857368756,833,False,False,False,40.9,2024-01-03,0.5447401345630503,LOSS,42.0,crypto
XRP-USD,LONG,2024-01-04,0.5882260203361511,0.5336347262742644,0.6974086084599245,876,False,True,True,36.9,2024-01-19,0.5336347262742644,LOSS,15.0,crypto
XRP-USD,SHORT,2024-02-17,0.5498859882354736,0.5891402929653415,0.4713773787757378,920,False,True,True,64.92,2024-02-27,0.5891402929653415,LOSS,10.0,crypto
XRP-USD,SHORT,2024-03-03,0.6270719766616821,0.6832686760213018,0.5146785779424428,935,False,False,False,76.46,2024-03-11,0.6832686760213018,LOSS,8.0,crypto
XRP-USD,LONG,2024-04-17,0.4948410093784332,0.4164582283784116,0.6516065713784764,980,False,False,False,32.3,2024-07-05,0.4164582283784116,LOSS,79.0,crypto
XRP-USD,LONG,2024-07-06,0.44905298948287964,0.413002110296467,0.5211547478557049,1060,False,False,False,24.93,2024-07-08,0.413002110296467,LOSS,2.0,crypto
XRP-USD,SHORT,2024-07-18,0.5695739984512329,0.6337442364707826,0.44123352241213354,1072,False,False,False,79.91,2024-07-30,0.6337442364707826,LOSS,12.0,crypto
XRP-USD,LONG,2024-09-07,0.5250920057296753,0.4754559283606037,0.6243641604678185,1123,False,False,False,35.01,2024-09-28,0.6243641604678185,WIN,21.0,crypto
XRP-USD,SHORT,2024-09-30,0.6114919781684875,0.6611576893848499,0.5121605557357629,1146,False,False,False,71.01,2024-10-03,0.5121605557357629,WIN,3.0,crypto
XRP-USD,SHORT,2024-11-17,1.0543349981307983,1.2178660299443533,0.7272729345036884,1194,False,False,False,93.67,2024-11-21,1.2178660299443533,LOSS,4.0,crypto
XRP-USD,LONG,2024-12-20,2.276885986328125,1.7771651815041765,3.276327595976022,1227,False,False,False,53.83,2025-01-16,3.276327595976022,WIN,27.0,crypto
XRP-USD,SHORT,2025-01-19,2.954716920852661,3.392860711772896,2.0784293390121915,1257,True,False,False,76.72,2025-02-03,2.0784293390121915,WIN,15.0,crypto
XRP-USD,LONG,2025-02-07,2.393583059310913,1.889101588836028,3.402546000260683,1276,False,True,True,32.3,2025-04-06,1.889101588836028,LOSS,58.0,crypto
XRP-USD,LONG,2025-04-07,1.8977539539337158,1.566954073971171,2.5593537138588056,1335,False,False,False,34.45,2025-05-12,2.5593537138588056,WIN,35.0,crypto
XRP-USD,SHORT,2025-05-14,2.5527029037475586,2.8008700173468095,2.0563686765490568,1372,False,False,False,70.09,2025-06-21,2.0563686765490568,WIN,38.0,crypto
XRP-USD,LONG,2025-06-23,2.166309118270874,1.9563309454438194,2.5862654639249834,1412,False,True,True,34.17,2025-07-11,2.5862654639249834,WIN,18.0,crypto
XRP-USD,SHORT,2025-07-15,2.918951988220215,3.1836578943176677,2.389540176025309,1434,False,False,False,84.92,2025-07-17,3.1836578943176677,LOSS,2.0,crypto
XRP-USD,SHORT,2025-07-18,3.4182119369506836,3.7688634933055725,2.716908824240906,1437,False,False,False,89.63,2025-09-01,2.716908824240906,WIN,45.0,crypto
XRP-USD,SHORT,2025-09-14,3.032525062561035,3.2594904613859517,2.578594264911202,1495,False,False,False,61.77,2025-10-10,2.578594264911202,WIN,26.0,crypto
XRP-USD,LONG,2025-10-12,2.5349578857421875,2.1379236599523237,3.329026337321915,1523,False,False,False,26.88,2025-11-04,2.1379236599523237,LOSS,23.0,crypto
XRP-USD,SHORT,2026-01-07,2.1671249866485596,2.3754487172419365,1.7504775254618057,1610,False,True,True,71.82,2026-01-30,1.7504775254618057,WIN,23.0,crypto
XRP-USD,LONG,2026-02-06,1.4715230464935303,1.1979123625022936,2.0187444144760036,1640,False,False,False,15.92,2026-06-03,1.1979123625022936,LOSS,117.0,crypto
XRP-USD,LONG,2026-06-07,1.1546510457992554,1.0448391795939527,1.3742747782098608,1761,False,False,False,17.39,2026-06-25,1.0448391795939527,LOSS,18.0,crypto
XRP-USD,SHORT,2026-07-06,1.1437979936599731,1.2374520982406723,0.9564897844985749,1790,False,False,False,56.03,,,OPEN,,crypto
XTZ-USD,SHORT,2022-03-28,3.722956895828247,4.1280212104764065,2.9128282665319283,229,False,True,True,69.86,2022-04-25,2.9128282665319283,WIN,28.0,crypto
XTZ-USD,LONG,2022-05-10,2.1158249378204346,1.6670150199424432,3.0134447735764174,272,False,False,False,25.52,2022-05-12,1.6670150199424432,LOSS,2.0,crypto
XTZ-USD,LONG,2022-05-13,1.7667479515075684,1.2580800745778857,2.7840837053669336,275,False,False,False,22.65,2022-06-18,1.2580800745778857,LOSS,36.0,crypto
XTZ-USD,SHORT,2022-07-20,1.6204580068588257,1.87251527359468,1.1163434733871171,343,False,False,False,60.48,2022-08-05,1.87251527359468,LOSS,16.0,crypto
XTZ-USD,LONG,2022-08-21,1.630895972251892,1.4024629939966105,2.0877619287624554,375,False,False,False,35.53,2022-09-21,1.4024629939966105,LOSS,31.0,crypto
XTZ-USD,SHORT,2022-10-30,1.423037052154541,1.53713915274491,1.1948328509738029,445,False,False,False,57.53,2022-11-08,1.1948328509738029,WIN,9.0,crypto
XTZ-USD,LONG,2022-11-10,1.1429400444030762,0.9712062806594898,1.486407571890249,456,False,False,False,20.55,2022-11-14,0.9712062806594898,LOSS,4.0,crypto
XTZ-USD,LONG,2022-12-20,0.8068159818649292,0.7205685620910252,0.9793108214127373,496,False,False,False,21.33,2022-12-29,0.7205685620910252,LOSS,9.0,crypto
XTZ-USD,SHORT,2023-01-16,1.0110650062561035,1.0965417082652733,0.8401116022377639,523,False,True,True,81.36,2023-01-21,1.0965417082652733,LOSS,5.0,crypto
XTZ-USD,LONG,2023-02-14,1.0618139505386353,0.941204581545962,1.3030326885239818,552,False,True,False,44.62,2023-02-22,1.3030326885239818,WIN,8.0,crypto
XTZ-USD,LONG,2023-03-10,1.0130360126495361,0.8723713466579877,1.294365344632633,576,False,False,False,36.12,2023-05-11,0.8723713466579877,LOSS,62.0,crypto
XTZ-USD,SHORT,2023-05-31,0.9047759771347046,0.956902333528285,0.8005232643475437,658,False,False,False,53.2,2023-06-10,0.8005232643475437,WIN,10.0,crypto
XTZ-USD,LONG,2023-08-19,0.7081660032272339,0.6512924923924742,0.8219130248967532,738,False,False,False,27.71,2023-09-11,0.6512924923924742,LOSS,23.0,crypto
XTZ-USD,SHORT,2023-10-02,0.6780959963798523,0.7163938771883877,0.6015002347627816,782,False,False,False,61.41,2023-10-10,0.7163938771883877,LOSS,8.0,crypto
XTZ-USD,SHORT,2023-10-26,0.7102559804916382,0.7605199842232929,0.6097279730283287,806,False,True,True,63.07,2023-10-31,0.7605199842232929,LOSS,5.0,crypto
XTZ-USD,SHORT,2023-11-03,0.7824059724807739,0.8387685266381311,0.6696808641660597,814,False,True,True,79.02,2023-11-07,0.8387685266381311,LOSS,4.0,crypto
XTZ-USD,SHORT,2023-12-28,1.0553970336914062,1.174882729377385,0.8164256423194489,869,False,False,False,71.78,2024-01-11,1.174882729377385,LOSS,14.0,crypto
XTZ-USD,SHORT,2024-02-21,1.0858759880065918,1.1778757916413156,0.9018763807371442,924,False,False,False,65.87,2024-02-28,1.1778757916413156,LOSS,7.0,crypto
XTZ-USD,SHORT,2024-03-03,1.3713330030441284,1.505673808583524,1.1026513919653373,935,False,False,False,86.04,2024-03-07,1.505673808583524,LOSS,4.0,crypto
XTZ-USD,LONG,2024-03-17,1.3416270017623901,1.117402986329706,1.7900750326277586,949,False,False,False,46.18,2024-03-20,1.117402986329706,LOSS,3.0,crypto
XTZ-USD,LONG,2024-04-14,1.0490609407424927,0.8509124541075955,1.445357914012287,977,False,False,False,28.79,2024-06-07,0.8509124541075955,LOSS,54.0,crypto
XTZ-USD,SHORT,2024-07-17,0.8047699928283691,0.8826822309600334,0.6489455165650406,1071,False,False,False,59.01,2024-08-04,0.6489455165650406,WIN,18.0,crypto
XTZ-USD,LONG,2024-08-06,0.6434170007705688,0.5577690587890849,0.8147128847335368,1091,False,False,False,21.36,2024-11-16,0.8147128847335368,WIN,102.0,crypto
XTZ-USD,SHORT,2024-11-17,0.7927590012550354,0.892628812362694,0.5930193790397182,1194,False,False,False,76.41,2024-11-18,0.892628812362694,LOSS,1.0,crypto
XTZ-USD,SHORT,2024-11-19,1.0549290180206299,1.245585952300403,0.6736151494610838,1196,False,False,False,80.73,2024-11-24,1.245585952300403,LOSS,5.0,crypto
XTZ-USD,LONG,2024-12-11,1.4814900159835815,1.11733363811116,2.2098027717284245,1218,False,False,False,51.66,2024-12-20,1.11733363811116,LOSS,9.0,crypto
XTZ-USD,LONG,2025-01-29,1.0602949857711792,0.8875383597291568,1.405808237855224,1267,False,True,True,30.26,2025-02-02,0.8875383597291568,LOSS,4.0,crypto
XTZ-USD,LONG,2025-02-03,0.938476026058197,0.7394028929728934,1.3366222922288042,1272,False,False,False,24.24,2025-02-25,0.7394028929728934,LOSS,22.0,crypto
XTZ-USD,SHORT,2025-03-03,0.741923987865448,0.877728191131787,0.47031558133276996,1300,False,False,False,48.25,2025-07-19,0.877728191131787,LOSS,138.0,crypto
XTZ-USD,SHORT,2025-07-21,0.9948480129241943,1.150102731001479,0.6843385767696248,1440,False,False,False,93.26,2025-09-22,0.6843385767696248,WIN,63.0,crypto
XTZ-USD,LONG,2025-10-11,0.5788940191268921,0.4811124552212753,0.7744571469381256,1522,False,False,False,26.19,2025-11-21,0.4811124552212753,LOSS,41.0,crypto
XTZ-USD,LONG,2025-12-19,0.44304901361465454,0.3904394375989421,0.5482681656460794,1591,False,False,False,30.21,2026-01-04,0.5482681656460794,WIN,16.0,crypto
XTZ-USD,SHORT,2026-01-07,0.5673249959945679,0.6218829892848299,0.45820900941404386,1610,False,True,True,75.43,2026-01-16,0.6218829892848299,LOSS,9.0,crypto
XTZ-USD,LONG,2026-02-02,0.4786840081214905,0.4099991627949924,0.6160536987744867,1636,False,False,False,32.1,2026-02-05,0.4099991627949924,LOSS,3.0,crypto
XTZ-USD,LONG,2026-02-06,0.4299730062484741,0.3492345714038339,0.5914498759377546,1640,False,False,False,25.53,2026-03-28,0.3492345714038339,LOSS,50.0,crypto
XTZ-USD,SHORT,2026-05-09,0.3871999979019165,0.4143250038766787,0.3329499859523921,1732,False,True,True,63.32,2026-05-19,0.3329499859523921,WIN,10.0,crypto
XTZ-USD,LONG,2026-05-20,0.3409689962863922,0.3122494875172124,0.3984080138247519,1743,False,False,False,33.45,2026-05-28,0.3122494875172124,LOSS,8.0,crypto
XTZ-USD,SHORT,2026-07-08,0.24166299402713776,0.2730782917339409,0.1788323986135315,1792,False,False,False,59.53,,,OPEN,,crypto
XVG-USD,SHORT,2022-03-25,0.010298999957740307,0.011630999541248709,0.0076350007907235035,226,False,False,False,59.39,2022-03-27,0.011630999541248709,LOSS,2.0,crypto
XVG-USD,SHORT,2022-03-29,0.012025999836623669,0.013482890104170498,0.00911221930153001,230,False,True,True,66.62,2022-03-31,0.013482890104170498,LOSS,2.0,crypto
XVG-USD,SHORT,2022-04-02,0.01343700010329485,0.015529629679752683,0.009251740950379183,234,False,True,True,77.59,2022-04-25,0.009251740950379183,WIN,23.0,crypto
XVG-USD,LONG,2022-05-13,0.0047889999113976955,0.003121302207017787,0.008124395320157513,275,False,False,False,16.25,2022-06-13,0.003121302207017787,LOSS,31.0,crypto
XVG-USD,SHORT,2022-07-10,0.0033950000070035458,0.004016959833424625,0.0021510803541613874,333,False,False,False,53.73,2022-08-11,0.004016959833424625,LOSS,32.0,crypto
XVG-USD,LONG,2022-08-23,0.003244000021368265,0.002768849963297647,0.004194300137509502,377,False,False,False,33.38,2022-09-11,0.004194300137509502,WIN,19.0,crypto
XVG-USD,LONG,2022-10-16,0.003235999960452318,0.0029268222484911117,0.003854355384374731,431,True,False,False,37.23,2022-11-08,0.0029268222484911117,LOSS,23.0,crypto
XVG-USD,LONG,2022-11-10,0.0025130000431090593,0.002094077735997677,0.003350844657331824,456,False,False,False,20.72,2023-02-08,0.003350844657331824,WIN,90.0,crypto
XVG-USD,LONG,2023-02-11,0.003080999944359064,0.0027330977222151014,0.0037768043886469895,549,False,True,False,45.15,2023-03-09,0.0027330977222151014,LOSS,26.0,crypto
XVG-USD,LONG,2023-03-11,0.0026599999982863665,0.0023517400627268903,0.003276519869405319,577,False,False,False,27.37,2023-04-21,0.0023517400627268903,LOSS,41.0,crypto
XVG-USD,LONG,2023-05-10,0.0019480000482872128,0.0017447900978929517,0.002354419949075735,637,False,False,False,25.19,2023-05-20,0.002354419949075735,WIN,10.0,crypto
XVG-USD,SHORT,2023-05-21,0.0021869998890906572,0.00250173190438024,0.0015575358585114916,648,False,False,False,69.62,2023-06-10,0.0015575358585114916,WIN,20.0,crypto
XVG-USD,SHORT,2023-06-30,0.0026390000712126493,0.003221054378456123,0.0014748914567257023,688,False,False,False,79.9,2023-07-02,0.003221054378456123,LOSS,2.0,crypto
XVG-USD,SHORT,2023-07-04,0.005913999862968922,0.007643398352349577,0.0024552028842076117,692,False,False,False,87.97,2023-07-05,0.007643398352349577,LOSS,1.0,crypto
XVG-USD,LONG,2023-08-18,0.003478999948129058,0.0026868099424224114,0.005063379959542351,737,False,False,False,27.06,2024-02-25,0.005063379959542351,WIN,191.0,crypto
XVG-USD,SHORT,2024-02-27,0.00649499986320734,0.0076379755542223685,0.004209048481177284,930,False,False,False,92.72,2024-03-12,0.0076379755542223685,LOSS,14.0,crypto
XVG-USD,LONG,2024-03-20,0.005748999770730734,0.004158607958828773,0.008929783394534655,952,False,False,False,42.14,2024-04-01,0.008929783394534655,WIN,12.0,crypto
XVG-USD,SHORT,2024-04-03,0.010843999683856964,0.01356841849618532,0.005395162059200251,966,False,False,False,85.47,2024-04-13,0.005395162059200251,WIN,10.0,crypto
XVG-USD,LONG,2024-06-09,0.0054779998026788235,0.004544570026287068,0.007344859355462334,1033,False,True,True,40.27,2024-06-17,0.004544570026287068,LOSS,8.0,crypto
XVG-USD,LONG,2024-06-20,0.00419900007545948,0.003391734050986287,0.005813532124405867,1044,False,False,False,28.56,2024-07-05,0.003391734050986287,LOSS,15.0,crypto
XVG-USD,SHORT,2024-07-18,0.0044929999858140945,0.00512216761611396,0.003234664725214364,1072,False,False,False,59.85,2024-08-04,0.003234664725214364,WIN,17.0,crypto
XVG-USD,SHORT,2024-08-25,0.004277000203728676,0.004853911367525535,0.0031231778761349575,1110,False,True,True,66.67,2024-11-13,0.004853911367525535,LOSS,80.0,crypto
XVG-USD,SHORT,2024-11-14,0.004728999920189381,0.005480521813702697,0.0032259561331627485,1191,False,False,False,76.48,2024-11-15,0.005480521813702697,LOSS,1.0,crypto
XVG-USD,SHORT,2024-11-16,0.006192000117152929,0.0075524857733073655,0.003471028804844057,1193,False,False,False,83.22,2024-11-18,0.0075524857733073655,LOSS,2.0,crypto
XVG-USD,SHORT,2024-12-05,0.018224000930786133,0.022469048097723324,0.00973390659691175,1212,False,False,False,91.86,2024-12-20,0.00973390659691175,WIN,15.0,crypto
XVG-USD,LONG,2025-01-10,0.011868000030517578,0.008195030174011877,0.01921393974352898,1248,False,True,True,41.62,2025-01-27,0.008195030174011877,LOSS,17.0,crypto
XVG-USD,LONG,2025-01-29,0.008189000189304352,0.005619746087435505,0.013327508393042045,1267,False,False,False,28.55,2025-02-03,0.005619746087435505,LOSS,5.0,crypto
XVG-USD,SHORT,2025-03-03,0.0054720002226531506,0.006995759449412751,0.00242448176913395,1300,False,False,False,48.42,2025-05-12,0.006995759449412751,LOSS,70.0,crypto
XVG-USD,SHORT,2025-05-14,0.007294000126421452,0.00862468050143756,0.004632639376389233,1372,False,False,False,80.18,2025-06-20,0.004632639376389233,WIN,37.0,crypto
XVG-USD,SHORT,2025-07-12,0.0061530000530183315,0.0070809938688338875,0.00429701242138722,1431,False,False,False,64.67,2025-07-17,0.0070809938688338875,LOSS,5.0,crypto
XVG-USD,LONG,2025-09-26,0.0049310000613331795,0.004268912529479575,0.006255175125040388,1507,False,False,False,29.22,2025-10-01,0.006255175125040388,WIN,5.0,crypto
XVG-USD,SHORT,2025-10-05,0.007608999963849783,0.00916063957664236,0.004505720738264628,1516,False,False,False,73.44,2025-10-10,0.004505720738264628,WIN,5.0,crypto
XVG-USD,LONG,2025-12-19,0.0049430001527071,0.003833755938251197,0.0071614885816189055,1591,False,False,False,28.93,2026-01-13,0.0071614885816189055,WIN,25.0,crypto
XVG-USD,LONG,2026-02-02,0.005824999883770943,0.00448556070653771,0.008503878238237408,1636,False,False,False,36.07,2026-03-28,0.00448556070653771,LOSS,54.0,crypto
XVG-USD,SHORT,2026-04-08,0.004495999775826931,0.005088345140706638,0.0033113090460675162,1701,False,False,False,49.06,2026-04-10,0.005088345140706638,LOSS,2.0,crypto
XVG-USD,SHORT,2026-04-12,0.004738999996334314,0.00539619208052656,0.003424615827949822,1705,False,False,False,59.61,2026-04-17,0.003424615827949822,WIN,5.0,crypto
XVG-USD,LONG,2026-06-07,0.002572000026702881,0.002092752252429787,0.0035304955752490687,1761,False,False,False,24.79,2026-06-30,0.002092752252429787,LOSS,23.0,crypto
XVG-USD,SHORT,2026-07-20,0.002096999902278185,0.002361255620643226,0.0015684884655481025,1804,False,False,False,46.45,2026-07-27,0.002361255620643226,LOSS,7.0,crypto
XVG-USD,SHORT,2026-08-11,0.00209005712531507,0.0023242681356525304,0.0016216351046401496,1826,False,False,False,59.85,,,OPEN,,crypto
YFI-USD,SHORT,2022-03-20,19939.44921875,22552.630565328647,14713.086525592706,221,False,False,False,53.79,2022-03-28,22552.630565328647,LOSS,8.0,crypto
YFI-USD,SHORT,2022-03-31,22270.748046875,24932.993931467052,16946.256277690896,232,False,True,True,69.62,2022-04-03,24932.993931467052,LOSS,3.0,crypto
YFI-USD,LONG,2022-05-10,13746.5986328125,11310.016928408495,18619.76204162051,272,False,False,False,21.47,2022-05-12,11310.016928408495,LOSS,2.0,crypto
YFI-USD,LONG,2022-05-14,10263.4765625,7500.367356778875,15789.69497394225,276,False,False,False,21.56,2022-05-27,7500.367356778875,LOSS,13.0,crypto
YFI-USD,LONG,2022-06-15,5330.26953125,3910.781915606085,8169.24476253783,308,False,False,False,18.43,2022-07-28,8169.24476253783,WIN,43.0,crypto
YFI-USD,SHORT,2022-07-31,10888.2431640625,13016.321612632753,6632.086266921993,354,False,True,True,81.94,2022-11-08,6632.086266921993,WIN,100.0,crypto
YFI-USD,LONG,2022-11-10,6673.21142578125,5477.151859312898,9065.330558717955,456,False,False,False,21.54,2022-11-14,5477.151859312898,LOSS,4.0,crypto
YFI-USD,SHORT,2022-12-05,7161.79541015625,8029.299556553442,5426.787117361866,481,False,True,True,61.46,2022-12-19,5426.787117361866,WIN,14.0,crypto
YFI-USD,SHORT,2023-01-17,7063.5732421875,7704.416324007338,5781.887078547825,524,False,True,True,79.57,2023-01-23,7704.416324007338,LOSS,6.0,crypto
YFI-USD,LONG,2023-02-11,7192.50390625,6407.134689757936,8763.242339234128,549,False,True,False,45.77,2023-02-23,8763.242339234128,WIN,12.0,crypto
YFI-USD,LONG,2023-03-10,7728.61962890625,6141.330435887533,10903.198014943684,576,False,False,False,38.33,2023-06-05,6141.330435887533,LOSS,87.0,crypto
YFI-USD,SHORT,2023-06-24,6307.6689453125,6869.213004030029,5184.580827877442,682,False,False,False,60.08,2023-07-02,6869.213004030029,LOSS,8.0,crypto
YFI-USD,SHORT,2023-07-03,6949.154296875,7626.674881503969,5594.113127617062,691,False,True,True,68.77,2023-08-17,5594.113127617062,WIN,45.0,crypto
YFI-USD,LONG,2023-08-18,5474.8681640625,4961.441984322502,6501.720523542495,737,False,False,False,21.35,2023-10-19,4961.441984322502,LOSS,62.0,crypto
YFI-USD,SHORT,2023-10-26,5792.947265625,6228.6754973365905,4921.490802201819,806,False,True,True,66.37,2023-11-06,6228.6754973365905,LOSS,11.0,crypto
YFI-USD,SHORT,2023-11-14,10279.8173828125,11484.507841189532,7870.436466058436,825,False,False,False,90.45,2023-11-15,11484.507841189532,LOSS,1.0,crypto
YFI-USD,LONG,2024-01-04,7727.84130859375,6831.610077874265,9520.30377003272,876,False,True,True,35.57,2024-01-23,6831.610077874265,LOSS,19.0,crypto
YFI-USD,LONG,2024-01-24,7022.62744140625,6154.758273705923,8758.365776806904,896,False,False,False,32.88,2024-02-24,8758.365776806904,WIN,31.0,crypto
YFI-USD,SHORT,2024-02-25,8262.1591796875,9056.133366703381,6674.210805655737,928,False,False,False,68.88,2024-02-29,9056.133366703381,LOSS,4.0,crypto
YFI-USD,SHORT,2024-03-03,9270.7939453125,10245.417131953256,7321.547572030988,935,False,False,False,84.95,2024-03-05,10245.417131953256,LOSS,2.0,crypto
YFI-USD,LONG,2024-03-17,9272.6123046875,7790.698092930768,12236.440728200963,949,False,False,False,43.84,2024-04-12,7790.698092930768,LOSS,26.0,crypto
YFI-USD,LONG,2024-04-14,7157.16455078125,5897.131020404595,9677.23161153456,977,False,False,False,25.29,2024-06-18,5897.131020404595,LOSS,65.0,crypto
YFI-USD,SHORT,2024-07-03,6450.5166015625,7036.495275606871,5278.559253473759,1057,False,False,False,66.57,2024-08-03,5278.559253473759,WIN,31.0,crypto
YFI-USD,LONG,2024-08-08,5180.181640625,4592.124987414728,6356.294947045544,1093,True,False,False,27.47,2024-10-25,4592.124987414728,LOSS,78.0,crypto
YFI-USD,SHORT,2024-11-07,5128.6240234375,5542.5317547942395,4300.808560724021,1184,False,True,True,59.58,2024-11-10,5542.5317547942395,LOSS,3.0,crypto
YFI-USD,SHORT,2024-11-12,6392.68994140625,7248.727705520673,4680.614413177404,1189,False,False,False,80.16,2024-11-23,7248.727705520673,LOSS,11.0,crypto
YFI-USD,SHORT,2024-12-07,13743.4951171875,15652.983196954956,9924.518957652588,1214,False,False,False,92.05,2024-12-09,9924.518957652588,WIN,2.0,crypto
YFI-USD,LONG,2024-12-20,9070.3828125,6765.956415749815,13679.23560600037,1227,False,False,False,41.23,2025-02-01,6765.956415749815,LOSS,43.0,crypto
YFI-USD,LONG,2025-02-03,6364.3720703125,5148.832081325778,8795.452048285944,1272,False,False,False,27.54,2025-03-04,5148.832081325778,LOSS,29.0,crypto
YFI-USD,SHORT,2025-03-20,5166.73779296875,5806.860637315597,3886.4921042750557,1317,False,False,False,51.02,2025-04-26,5806.860637315597,LOSS,37.0,crypto
YFI-USD,SHORT,2025-04-29,5655.7734375,6275.824903022535,4415.67050645493,1357,True,True,True,71.54,2025-05-10,6275.824903022535,LOSS,11.0,crypto
YFI-USD,LONG,2025-05-31,5203.357421875,4599.296148347292,6411.479968930416,1389,False,False,False,35.98,2025-06-22,4599.296148347292,LOSS,22.0,crypto
YFI-USD,LONG,2025-06-23,5057.98291015625,4549.21214902694,6075.52443241487,1412,True,False,False,30.8,2025-07-16,6075.52443241487,WIN,23.0,crypto
YFI-USD,LONG,2025-10-12,4895.7880859375,4325.100165034734,6037.163927743031,1523,False,False,False,34.0,2025-11-04,4325.100165034734,LOSS,23.0,crypto
YFI-USD,SHORT,2025-11-08,4879.3837890625,5388.862173251167,3860.427020685165,1550,False,False,False,61.04,2025-12-01,3860.427020685165,WIN,23.0,crypto
YFI-USD,LONG,2025-12-19,3387.9091796875,2997.38847017759,4168.95059870732,1591,True,False,False,24.88,2026-01-31,2997.38847017759,LOSS,43.0,crypto
YFI-USD,LONG,2026-02-02,2925.2705078125,2573.5088908403122,3628.7937417568755,1636,False,False,False,26.12,2026-02-05,2573.5088908403122,LOSS,3.0,crypto
YFI-USD,SHORT,2026-03-21,2619.00830078125,2854.6070241860693,2147.8108539716113,1683,True,False,False,56.26,2026-04-22,2854.6070241860693,LOSS,32.0,crypto
YFI-USD,LONG,2026-05-20,2492.907470703125,2314.5074337274477,2849.7075446544795,1743,False,False,False,35.14,2026-05-28,2314.5074337274477,LOSS,8.0,crypto
YFI-USD,LONG,2026-06-06,1774.304443359375,1540.5007855281626,2241.9117590217998,1760,False,False,False,15.36,2026-07-06,2241.9117590217998,WIN,30.0,crypto
YFI-USD,SHORT,2026-07-07,2176.522705078125,2529.678738611914,1470.210638010547,1791,False,True,True,82.59,,,OPEN,,crypto
ZEC-USD,SHORT,2022-03-11,153.79029846191406,178.4937136037112,104.38346817831979,212,False,False,False,71.39,2022-03-19,178.4937136037112,LOSS,8.0,crypto
ZEC-USD,LONG,2022-04-12,147.4732666015625,119.65649827618441,203.10680325231868,244,False,False,False,37.27,2022-04-30,119.65649827618441,LOSS,18.0,crypto
ZEC-USD,LONG,2022-05-01,124.29150390625,97.81442099918561,177.24566972037877,263,False,False,False,30.5,2022-05-09,97.81442099918561,LOSS,8.0,crypto
ZEC-USD,LONG,2022-05-10,92.95891571044922,66.04210784287392,146.79253144559982,272,False,False,False,29.61,2022-06-13,66.04210784287392,LOSS,34.0,crypto
ZEC-USD,LONG,2022-06-15,68.30953216552734,51.17404151567782,102.58051346522639,308,False,False,False,25.22,2022-07-13,51.17404151567782,LOSS,28.0,crypto
ZEC-USD,SHORT,2022-07-17,59.53763961791992,69.03083133270692,40.55125618834592,340,False,False,False,53.23,2022-07-31,69.03083133270692,LOSS,14.0,crypto
ZEC-USD,SHORT,2022-08-06,67.69573974609375,76.36883844248241,50.34954235331642,360,False,True,True,63.07,2022-08-08,76.36883844248241,LOSS,2.0,crypto
ZEC-USD,SHORT,2022-08-11,79.2990951538086,89.19459387432192,59.50809771278193,365,False,True,True,70.62,2022-09-01,59.50809771278193,WIN,21.0,crypto
ZEC-USD,LONG,2022-10-15,50.90985870361328,46.054705604491055,60.620164901857734,430,False,False,False,33.09,2022-11-08,46.054705604491055,LOSS,24.0,crypto
ZEC-USD,LONG,2022-11-10,39.36478042602539,32.071895453973454,53.950550370129264,456,False,False,False,21.28,2023-03-10,32.071895453973454,LOSS,120.0,crypto
ZEC-USD,LONG,2023-03-12,34.41709899902344,29.273335278097466,44.70462644087538,578,False,False,False,22.45,2023-06-05,29.273335278097466,LOSS,85.0,crypto
ZEC-USD,LONG,2023-06-11,24.763343811035156,21.727730956695837,30.834569519713796,669,False,False,False,20.98,2023-06-25,30.834569519713796,WIN,14.0,crypto
ZEC-USD,SHORT,2023-06-26,30.332292556762695,33.43269104111625,24.131495588055586,684,False,True,True,60.72,2023-06-30,33.43269104111625,LOSS,4.0,crypto
ZEC-USD,SHORT,2023-07-02,32.784122467041016,36.2826571594488,25.78705308222544,690,False,True,True,69.17,2023-08-17,25.78705308222544,WIN,46.0,crypto
ZEC-USD,LONG,2023-08-20,25.129297256469727,22.77048415250349,29.846923464402202,739,False,False,False,26.52,2023-11-07,29.846923464402202,WIN,79.0,crypto
ZEC-USD,LONG,2023-11-22,28.456228256225586,25.465165476016743,34.43835381664327,833,False,True,False,38.79,2023-12-09,34.43835381664327,WIN,17.0,crypto
ZEC-USD,LONG,2023-12-20,29.107967376708984,26.14371793175574,35.03646626661547,861,False,False,False,36.38,2024-01-03,26.14371793175574,LOSS,14.0,crypto
ZEC-USD,SHORT,2024-02-20,24.82068634033203,27.654929361273407,19.15220029844928,923,False,True,True,72.72,2024-02-22,27.654929361273407,LOSS,2.0,crypto
ZEC-USD,LONG,2024-03-20,28.351882934570312,22.54403241475998,39.96758397419098,952,False,True,True,34.0,2024-04-12,22.54403241475998,LOSS,23.0,crypto
ZEC-USD,LONG,2024-04-14,21.95847511291504,17.657561847384713,30.56030164397569,977,False,False,False,22.77,2024-07-05,17.657561847384713,LOSS,82.0,crypto
ZEC-USD,SHORT,2024-07-17,31.163795471191406,34.971890856848326,23.547604699877567,1071,False,False,False,75.09,2024-08-08,34.971890856848326,LOSS,22.0,crypto
ZEC-USD,LONG,2024-09-02,29.56616973876953,24.74250684599666,39.21349552431527,1118,False,True,True,25.95,2024-10-03,24.74250684599666,LOSS,31.0,crypto
ZEC-USD,SHORT,2024-10-16,36.974220275878906,41.56491807795551,27.792824671725697,1162,False,False,False,71.17,2024-11-06,41.56491807795551,LOSS,21.0,crypto
ZEC-USD,LONG,2024-11-15,38.596073150634766,32.271235079263896,51.245749293376505,1192,False,False,False,42.25,2024-11-24,51.245749293376505,WIN,9.0,crypto
ZEC-USD,LONG,2024-12-20,54.71711349487305,41.42357366196,81.30419316069914,1227,False,False,False,37.7,2025-01-27,41.42357366196,LOSS,38.0,crypto
ZEC-USD,LONG,2025-02-03,35.492122650146484,26.474771930828812,53.52682408878183,1272,False,False,False,24.41,2025-05-25,53.52682408878183,WIN,111.0,crypto
ZEC-USD,LONG,2025-06-16,44.33211135864258,37.33020302308451,58.33592802975872,1405,False,True,True,39.37,2025-06-22,37.33020302308451,LOSS,6.0,crypto
ZEC-USD,SHORT,2025-07-18,44.24215316772461,49.51906761855804,33.68832426605775,1437,False,False,False,61.85,2025-09-08,49.51906761855804,LOSS,52.0,crypto
ZEC-USD,SHORT,2025-09-09,48.312774658203125,53.76674472540225,37.40483452380488,1490,False,False,False,73.11,2025-09-14,53.76674472540225,LOSS,5.0,crypto
ZEC-USD,SHORT,2025-10-06,156.21519470214844,187.5284741060671,93.5886358943111,1517,True,False,False,91.9,2025-10-09,187.5284741060671,LOSS,3.0,crypto
ZEC-USD,LONG,2025-11-12,507.01019287109375,329.48445597453735,862.0616666642065,1554,False,False,False,53.72,2025-12-01,329.48445597453735,LOSS,19.0,crypto
ZEC-USD,SHORT,2025-12-30,528.4545288085938,611.6385467222935,362.08649298119417,1602,False,False,False,65.73,2026-01-19,362.08649298119417,WIN,20.0,crypto
ZEC-USD,LONG,2026-02-06,240.24147033691406,168.6229310567325,383.47854889727716,1640,False,False,False,23.08,2026-04-10,383.47854889727716,WIN,63.0,crypto
ZEC-USD,SHORT,2026-04-12,362.2044982910156,410.5944937053116,265.42450746242366,1705,False,False,False,77.79,2026-05-03,410.5944937053116,LOSS,21.0,crypto
ZEC-USD,SHORT,2026-05-07,571.939208984375,646.4314822754011,422.9546624023228,1730,False,False,False,85.79,2026-05-20,646.4314822754011,LOSS,13.0,crypto
ZEC-USD,LONG,2026-06-06,362.0173034667969,218.26776157126017,649.5163872578703,1760,False,False,False,35.39,,,OPEN,,crypto
ZEN-USD,SHORT,2022-03-28,47.85811233520508,54.3407836096753,34.89276978626464,229,False,True,True,70.25,2022-04-25,34.89276978626464,WIN,28.0,crypto
ZEN-USD,SHORT,2022-05-31,22.269685745239258,27.183841821987563,12.441373591742646,293,False,False,False,49.41,2022-06-18,12.441373591742646,WIN,18.0,crypto
ZEN-USD,SHORT,2022-07-11,15.102778434753418,17.785168733084422,9.73799783809141,334,True,False,False,58.95,2022-07-18,17.785168733084422,LOSS,7.0,crypto
ZEN-USD,SHORT,2022-08-11,21.59346580505371,24.517091755388837,15.74621390438346,365,False,True,True,71.99,2022-08-20,15.74621390438346,WIN,9.0,crypto
ZEN-USD,LONG,2022-08-21,16.747026443481445,13.831272765097918,22.5785338002485,375,False,False,False,34.15,2022-09-18,13.831272765097918,LOSS,28.0,crypto
ZEN-USD,LONG,2022-10-13,12.533324241638184,11.20671946419835,15.18653379651785,428,False,False,False,30.69,2022-11-08,11.20671946419835,LOSS,26.0,crypto
ZEN-USD,SHORT,2023-01-18,9.663251876831055,10.845480354044742,7.29879492240368,525,True,False,False,69.4,2023-01-21,10.845480354044742,LOSS,3.0,crypto
ZEN-USD,LONG,2023-03-10,9.137980461120605,7.297302546105092,12.819336291151632,576,False,False,False,32.24,2023-06-05,7.297302546105092,LOSS,87.0,crypto
ZEN-USD,LONG,2023-06-12,6.179314136505127,5.336086549269117,7.8657693109771465,670,False,False,False,21.68,2023-06-30,7.8657693109771465,WIN,18.0,crypto
ZEN-USD,SHORT,2023-07-01,8.214594841003418,9.39627756155625,5.851229399897754,689,False,True,True,71.07,2023-07-03,9.39627756155625,LOSS,2.0,crypto
ZEN-USD,SHORT,2023-07-04,9.018397331237793,10.28992687940908,6.475338234895219,692,False,True,True,70.69,2023-08-17,6.475338234895219,WIN,44.0,crypto
ZEN-USD,LONG,2023-08-20,7.205153942108154,6.282983217764132,9.0494953907962,739,False,False,False,31.16,2023-10-24,9.0494953907962,WIN,65.0,crypto
ZEN-USD,SHORT,2023-10-25,8.96419906616211,9.794767400299303,7.303062397887722,805,False,False,False,71.34,2023-11-05,9.794767400299303,LOSS,11.0,crypto
ZEN-USD,SHORT,2023-11-09,12.284330368041992,13.69632848865871,9.460334126808558,820,False,False,False,91.11,2023-11-21,9.460334126808558,WIN,12.0,crypto
ZEN-USD,LONG,2023-11-22,9.9091796875,8.220202969405314,13.287133123689372,833,False,False,False,39.22,2024-01-03,8.220202969405314,LOSS,42.0,crypto
ZEN-USD,LONG,2024-01-05,7.892582893371582,6.261156746545222,11.155435187024302,877,False,False,False,29.4,2024-02-17,11.155435187024302,WIN,43.0,crypto
ZEN-USD,SHORT,2024-02-19,10.855831146240234,12.632411551695041,7.302670335330621,922,False,False,False,71.04,2024-03-03,12.632411551695041,LOSS,13.0,crypto
ZEN-USD,LONG,2024-03-20,13.86479377746582,10.569286093696071,20.45580914500532,952,False,False,False,46.49,2024-04-12,10.569286093696071,LOSS,23.0,crypto
ZEN-USD,LONG,2024-04-14,8.803157806396484,6.258596662686077,13.892280093817298,977,False,False,False,24.37,2024-06-18,6.258596662686077,LOSS,65.0,crypto
ZEN-USD,SHORT,2024-07-04,7.993813991546631,9.230630056744953,5.520181861149986,1058,False,True,True,63.62,2024-07-05,9.230630056744953,LOSS,1.0,crypto
ZEN-USD,SHORT,2024-07-07,8.306389808654785,10.014419372614176,4.890330680736003,1061,False,True,True,74.09,2024-07-09,10.014419372614176,LOSS,2.0,crypto
ZEN-USD,SHORT,2024-07-10,10.814680099487305,12.668546349697852,7.10694759906621,1064,False,False,False,72.32,2024-07-15,12.668546349697852,LOSS,5.0,crypto
ZEN-USD,LONG,2024-08-06,7.821366786956787,5.8462635811083645,11.771573198653632,1091,False,False,False,27.84,2024-11-24,11.771573198653632,WIN,110.0,crypto
ZEN-USD,SHORT,2024-11-28,15.021871566772461,17.630391404885167,9.80483189054705,1205,False,False,False,85.34,2024-11-30,17.630391404885167,LOSS,2.0,crypto
ZEN-USD,SHORT,2025-03-26,10.052665710449219,11.817858437449225,6.522280256449207,1323,False,False,False,49.52,2025-04-07,6.522280256449207,WIN,12.0,crypto
ZEN-USD,SHORT,2025-04-13,8.134689331054688,9.71380273475347,4.976462523657123,1341,False,False,False,50.22,2025-04-23,9.71380273475347,LOSS,10.0,crypto
ZEN-USD,SHORT,2025-04-25,9.668951034545898,10.918714916465413,7.169423270706869,1353,False,True,True,61.39,2025-05-11,10.918714916465413,LOSS,16.0,crypto
ZEN-USD,LONG,2025-06-23,7.54268217086792,6.04319684254194,10.54165282751988,1412,False,False,False,27.82,2025-10-02,10.54165282751988,WIN,101.0,crypto
ZEN-USD,SHORT,2025-10-05,9.76451587677002,11.375886749942522,6.541774130425015,1516,False,False,False,74.59,2025-10-08,11.375886749942522,LOSS,3.0,crypto
ZEN-USD,SHORT,2025-10-09,12.120749473571777,14.182602399204768,7.997043622305796,1520,False,False,False,79.39,2025-10-10,14.182602399204768,LOSS,1.0,crypto
ZEN-USD,SHORT,2026-01-03,9.415399551391602,10.88464292831899,6.476912797536826,1606,False,False,False,56.37,2026-01-14,10.88464292831899,LOSS,11.0,crypto
ZEN-USD,SHORT,2026-01-17,11.293085098266602,13.49362968223215,6.891995930335504,1620,False,False,False,77.04,2026-01-31,6.891995930335504,WIN,14.0,crypto
ZEN-USD,SHORT,2026-03-06,5.454102039337158,6.326328810612447,3.7096484967865813,1668,False,False,False,43.69,2026-03-16,6.326328810612447,LOSS,10.0,crypto
ZEN-USD,SHORT,2026-03-18,6.044999122619629,6.916145849314233,4.30270566923042,1680,False,False,False,64.5,2026-05-03,6.916145849314233,LOSS,46.0,crypto
ZEN-USD,SHORT,2026-05-06,7.335127830505371,8.30289476523473,5.399593961046655,1729,False,True,True,76.09,2026-06-02,5.399593961046655,WIN,27.0,crypto
ZEN-USD,SHORT,2026-07-16,4.174661159515381,4.646542634231896,3.2308982100823513,1800,False,False,False,53.29,,,OPEN,,crypto
ZIL-USD,SHORT,2022-03-20,0.04259499907493591,0.04766856588913442,0.032447865446538895,221,False,False,False,56.62,2022-03-23,0.04766856588913442,LOSS,3.0,crypto
ZIL-USD,SHORT,2022-03-25,0.04770800098776817,0.053017100868961255,0.03708980122538201,226,False,True,True,68.07,2022-03-26,0.053017100868961255,LOSS,1.0,crypto
ZIL-USD,SHORT,2022-03-31,0.17732399702072144,0.20980946102702386,0.11235306900811659,232,False,False,False,92.65,2022-04-01,0.20980946102702386,LOSS,1.0,crypto
ZIL-USD,LONG,2022-06-15,0.037181999534368515,0.02703574966905056,0.057474499265004426,308,False,False,False,27.44,2022-11-08,0.02703574966905056,LOSS,146.0,crypto
ZIL-USD,LONG,2022-11-10,0.024150999262928963,0.01928809019167123,0.03387681740544443,456,False,False,False,23.04,2022-12-16,0.01928809019167123,LOSS,36.0,crypto
ZIL-USD,LONG,2022-12-20,0.018066000193357468,0.016036632778375262,0.02212473502332188,496,False,False,False,22.97,2022-12-29,0.016036632778375262,LOSS,9.0,crypto
ZIL-USD,SHORT,2023-01-15,0.02586200088262558,0.02899062378750458,0.01960475507286758,522,False,True,True,80.48,2023-01-16,0.02899062378750458,LOSS,1.0,crypto
ZIL-USD,LONG,2023-02-10,0.02780899964272976,0.023810250672586464,0.03580649758301635,548,False,True,False,47.88,2023-02-21,0.03580649758301635,WIN,11.0,crypto
ZIL-USD,LONG,2023-03-11,0.022662999108433723,0.018616040141205104,0.030756917042890963,577,False,False,False,28.58,2023-04-01,0.030756917042890963,WIN,21.0,crypto
ZIL-USD,SHORT,2023-04-17,0.03152799978852272,0.03442943402076996,0.025725131324028247,614,False,False,False,65.01,2023-04-19,0.03442943402076996,LOSS,2.0,crypto
ZIL-USD,LONG,2023-05-02,0.02721799910068512,0.023456305561538045,0.03474138617897927,629,False,False,False,38.5,2023-05-08,0.023456305561538045,LOSS,6.0,crypto
ZIL-USD,LONG,2023-05-09,0.023994000628590584,0.020808814406289417,0.030364373073192917,636,False,False,False,28.76,2023-06-07,0.020808814406289417,LOSS,29.0,crypto
ZIL-USD,LONG,2023-06-13,0.017503000795841217,0.015256846352146376,0.0219953096832309,671,False,False,False,22.7,2023-06-25,0.0219953096832309,WIN,12.0,crypto
ZIL-USD,LONG,2023-08-19,0.016992999240756035,0.015516505678766945,0.019945986364734214,738,False,False,False,22.58,2023-09-11,0.015516505678766945,LOSS,23.0,crypto
ZIL-USD,SHORT,2023-09-17,0.01587500050663948,0.017113789280260337,0.013397422959397769,767,False,False,False,50.18,2023-09-21,0.017113789280260337,LOSS,4.0,crypto
ZIL-USD,SHORT,2023-09-24,0.01697400026023388,0.01831092069479536,0.014300159391110914,774,False,False,False,59.69,2023-10-23,0.01831092069479536,LOSS,29.0,crypto
ZIL-USD,SHORT,2023-10-26,0.01861399970948696,0.019910502383740435,0.016020994360980013,806,False,True,True,72.41,2023-11-01,0.019910502383740435,LOSS,6.0,crypto
ZIL-USD,LONG,2023-11-23,0.02096400037407875,0.018588144205162204,0.025715712711911844,834,False,False,False,50.08,2023-12-22,0.025715712711911844,WIN,29.0,crypto
ZIL-USD,LONG,2024-01-04,0.023794999346137047,0.020753084453968042,0.029878829130475057,876,False,False,False,42.35,2024-01-08,0.020753084453968042,LOSS,4.0,crypto
ZIL-USD,SHORT,2024-02-11,0.02100900001823902,0.022655684599084805,0.017715630856547454,914,False,False,False,51.95,2024-02-15,0.022655684599084805,LOSS,4.0,crypto
ZIL-USD,SHORT,2024-02-20,0.023497000336647034,0.025516538424620438,0.019457924160700225,923,False,False,False,71.81,2024-02-25,0.025516538424620438,LOSS,5.0,crypto
ZIL-USD,SHORT,2024-03-03,0.030236000195145607,0.03354519008446144,0.02361762041651394,935,False,False,False,85.77,2024-03-05,0.03354519008446144,LOSS,2.0,crypto
ZIL-USD,LONG,2024-03-17,0.03395399823784828,0.02663770369345897,0.04858658732662691,949,False,False,False,51.64,2024-04-13,0.02663770369345897,LOSS,27.0,crypto
ZIL-USD,LONG,2024-04-14,0.025147000327706337,0.018611346894802424,0.03821830719351416,977,False,False,False,29.42,2024-06-17,0.018611346894802424,LOSS,64.0,crypto
ZIL-USD,LONG,2024-06-19,0.01716800034046173,0.014608220447424002,0.02228756012653719,1043,False,False,False,23.88,2024-07-05,0.014608220447424002,LOSS,16.0,crypto
ZIL-USD,SHORT,2024-07-18,0.017210999503731728,0.01913990373194193,0.013353191047311322,1072,False,False,False,53.93,2024-08-04,0.013353191047311322,WIN,17.0,crypto
ZIL-USD,LONG,2024-08-06,0.013038000091910362,0.010880158110896643,0.0173536840539378,1091,False,False,False,21.19,2024-11-11,0.0173536840539378,WIN,97.0,crypto
ZIL-USD,SHORT,2024-11-12,0.01767599955201149,0.019751906847050367,0.013524184961933736,1189,False,False,False,75.09,2024-11-16,0.019751906847050367,LOSS,4.0,crypto
ZIL-USD,LONG,2024-12-11,0.0283610001206398,0.02189622546125372,0.04129054943941196,1218,False,False,False,48.27,2024-12-19,0.02189622546125372,LOSS,8.0,crypto
ZIL-USD,LONG,2024-12-20,0.02142300084233284,0.015679044224248186,0.03291091407850215,1227,False,True,True,33.69,2025-02-02,0.015679044224248186,LOSS,44.0,crypto
ZIL-USD,LONG,2025-02-07,0.013705000281333923,0.010415095526041238,0.020284809791919295,1276,False,False,False,24.81,2025-04-06,0.010415095526041238,LOSS,58.0,crypto
ZIL-USD,SHORT,2025-04-26,0.013218999840319157,0.014561811955652783,0.010533375609651903,1354,False,True,True,68.66,2025-05-10,0.014561811955652783,LOSS,14.0,crypto
ZIL-USD,LONG,2025-05-31,0.011284000240266323,0.009728307788744395,0.01439538514331018,1389,False,False,False,33.27,2025-06-22,0.009728307788744395,LOSS,22.0,crypto
ZIL-USD,LONG,2025-06-23,0.010883999988436699,0.009565031414503513,0.01352193713630307,1412,True,False,False,29.44,2025-07-18,0.01352193713630307,WIN,25.0,crypto
ZIL-USD,SHORT,2025-09-14,0.01177200023084879,0.012773384970438825,0.009769230751668717,1495,False,True,True,60.58,2025-10-10,0.009769230751668717,WIN,26.0,crypto
ZIL-USD,LONG,2025-10-12,0.008390000090003014,0.00664766227322011,0.01187467572356882,1523,False,False,False,24.06,2025-11-04,0.00664766227322011,LOSS,23.0,crypto
ZIL-USD,SHORT,2025-11-09,0.007841999642550945,0.009010215438739432,0.0055055680501739715,1551,False,False,False,49.82,2025-12-01,0.0055055680501739715,WIN,22.0,crypto
ZIL-USD,SHORT,2025-12-28,0.004807000048458576,0.0053764918510129335,0.0036680164433498617,1600,False,False,False,45.57,2026-01-06,0.0053764918510129335,LOSS,9.0,crypto
ZIL-USD,SHORT,2026-01-07,0.00518900016322732,0.005737447202118997,0.004092106085443966,1610,False,False,False,60.85,2026-01-12,0.005737447202118997,LOSS,5.0,crypto
ZIL-USD,SHORT,2026-01-14,0.005681000184267759,0.006360974332801602,0.004321051887200073,1617,False,True,True,67.17,2026-01-31,0.004321051887200073,WIN,17.0,crypto
ZIL-USD,LONG,2026-02-02,0.005371000152081251,0.004484488812802421,0.007144022830638912,1636,True,True,False,29.01,2026-02-03,0.007144022830638912,WIN,1.0,crypto
ZIL-USD,SHORT,2026-03-18,0.004155999980866909,0.004681239900121402,0.003105520142357923,1680,False,False,False,54.19,2026-05-06,0.004681239900121402,LOSS,49.0,crypto
ZIL-USD,SHORT,2026-05-07,0.004265999887138605,0.004606293517214095,0.0035854126269876246,1730,False,True,True,67.55,2026-06-02,0.0035854126269876246,WIN,26.0,crypto
ZIL-USD,LONG,2026-06-07,0.0030720001086592674,0.0027013069568211983,0.0038133864123354056,1761,False,False,False,19.1,2026-07-19,0.0027013069568211983,LOSS,42.0,crypto
ZIL-USD,LONG,2026-07-21,0.002558999927714467,0.0023014060459217813,0.0030741876912998385,1805,False,False,False,19.68,2026-07-27,0.0023014060459217813,LOSS,6.0,crypto
ZIL-USD,SHORT,2026-07-29,0.002555999904870987,0.0030404920877781625,0.001587015539056636,1813,False,False,False,56.31,,,OPEN,,crypto
ZRX-USD,SHORT,2022-03-21,0.5508340001106262,0.6148647751817179,0.4227724499684429,222,False,False,False,55.7,2022-03-26,0.6148647751817179,LOSS,5.0,crypto
ZRX-USD,SHORT,2022-03-31,0.7711570262908936,0.8811445683608435,0.5511819421509936,232,False,False,False,80.68,2022-04-01,0.8811445683608435,LOSS,1.0,crypto
ZRX-USD,LONG,2022-05-13,0.36871400475502014,0.1796531641297525,0.7468356860055554,275,False,False,False,26.05,2022-11-09,0.1796531641297525,LOSS,180.0,crypto
ZRX-USD,LONG,2022-11-10,0.1946289986371994,0.1558717929591706,0.272143409993257,456,False,False,False,22.07,2022-12-28,0.1558717929591706,LOSS,48.0,crypto
ZRX-USD,LONG,2022-12-29,0.15353800356388092,0.13798226604686628,0.1846494785979102,505,False,False,False,30.45,2023-01-13,0.1846494785979102,WIN,15.0,crypto
ZRX-USD,SHORT,2023-01-17,0.20833300054073334,0.22634556376000278,0.17230787410219445,524,False,True,True,77.43,2023-01-21,0.22634556376000278,LOSS,4.0,crypto
ZRX-USD,LONG,2023-02-14,0.23248900473117828,0.20055793937311067,0.2963511354473135,552,False,True,False,47.73,2023-03-01,0.2963511354473135,WIN,15.0,crypto
ZRX-USD,LONG,2023-03-12,0.21373499929904938,0.1745569041780488,0.2920911895410505,578,False,False,False,35.07,2023-03-31,0.2920911895410505,WIN,19.0,crypto
ZRX-USD,SHORT,2023-04-02,0.28625598549842834,0.3370788805749929,0.1846101953452992,599,False,False,False,70.63,2023-04-04,0.3370788805749929,LOSS,2.0,crypto
ZRX-USD,SHORT,2023-04-05,0.3207570016384125,0.38495972297528214,0.19235155896467315,602,False,False,False,68.51,2023-06-10,0.19235155896467315,WIN,66.0,crypto
ZRX-USD,LONG,2023-06-13,0.1743919998407364,0.15422328070775818,0.21472943810669282,671,False,False,False,23.68,2023-06-24,0.21472943810669282,WIN,11.0,crypto
ZRX-USD,SHORT,2023-06-28,0.19710999727249146,0.2192910893834099,0.15274781305065455,686,False,False,False,65.65,2023-07-02,0.2192910893834099,LOSS,4.0,crypto
ZRX-USD,SHORT,2023-08-15,0.21119900047779083,0.23054187202783677,0.17251325737769896,734,False,False,False,61.11,2023-08-17,0.17251325737769896,WIN,2.0,crypto
ZRX-USD,LONG,2023-08-20,0.1789660006761551,0.15695085013026253,0.22299630176794022,739,False,False,False,30.94,2023-09-11,0.15695085013026253,LOSS,22.0,crypto
ZRX-USD,SHORT,2023-09-17,0.17918600142002106,0.19706045067307038,0.14343710291392242,767,False,False,False,60.12,2023-09-29,0.19706045067307038,LOSS,12.0,crypto
ZRX-USD,SHORT,2023-10-09,0.19508099555969238,0.22015368632282706,0.14493561403342303,789,False,True,True,69.9,2023-10-15,0.22015368632282706,LOSS,6.0,crypto
ZRX-USD,SHORT,2023-10-18,0.2279130071401596,0.2655364267958054,0.152666167828868,798,False,False,False,75.55,2023-10-29,0.2655364267958054,LOSS,11.0,crypto
ZRX-USD,SHORT,2023-11-16,0.4687049984931946,0.5785815848833048,0.24895182571297414,827,True,False,False,88.6,2024-03-08,0.5785815848833048,LOSS,113.0,crypto
ZRX-USD,SHORT,2024-03-15,1.3258099555969238,1.5683353827576791,0.8407591012754132,947,False,False,False,95.26,2024-03-24,0.8407591012754132,WIN,9.0,crypto
ZRX-USD,SHORT,2024-05-22,0.559598982334137,0.6431856269549014,0.392425693092608,1015,True,False,False,60.46,2024-06-17,0.392425693092608,WIN,26.0,crypto
ZRX-USD,SHORT,2024-07-11,0.3137679994106293,0.3629692016756356,0.21536559488061657,1065,False,False,False,43.17,2024-07-15,0.3629692016756356,LOSS,4.0,crypto
ZRX-USD,SHORT,2024-07-18,0.3530850112438202,0.3983600315508624,0.26253497062973574,1072,False,False,False,53.3,2024-07-26,0.3983600315508624,LOSS,8.0,crypto
ZRX-USD,SHORT,2024-09-22,0.32415199279785156,0.3601431267091981,0.25216972497515844,1138,False,True,True,68.36,2024-09-25,0.3601431267091981,LOSS,3.0,crypto
ZRX-USD,SHORT,2024-09-28,0.3553040027618408,0.39306471867557935,0.27978257093436376,1144,False,True,True,70.45,2024-11-04,0.27978257093436376,WIN,37.0,crypto
ZRX-USD,LONG,2024-11-05,0.2933039963245392,0.25400241961012365,0.37190714975337025,1182,False,False,False,32.39,2024-11-10,0.37190714975337025,WIN,5.0,crypto
ZRX-USD,SHORT,2024-11-12,0.381848007440567,0.42892081556405487,0.2877023911935913,1189,False,False,False,69.51,2024-11-18,0.42892081556405487,LOSS,6.0,crypto
ZRX-USD,LONG,2024-12-11,0.6247519850730896,0.45934168120770924,0.9555725928038503,1218,False,False,False,49.01,2024-12-19,0.45934168120770924,LOSS,8.0,crypto
ZRX-USD,LONG,2024-12-20,0.4780600070953369,0.3355433926610013,0.7630932359640081,1227,False,True,True,37.34,2025-02-02,0.3355433926610013,LOSS,44.0,crypto
ZRX-USD,LONG,2025-02-03,0.3414889872074127,0.25448143412467417,0.5155040933728898,1272,False,False,False,28.57,2025-03-04,0.25448143412467417,LOSS,29.0,crypto
ZRX-USD,SHORT,2025-03-20,0.2671529948711395,0.30616752104597644,0.1891239425214657,1317,False,False,False,47.8,2025-03-24,0.30616752104597644,LOSS,4.0,crypto
ZRX-USD,SHORT,2025-03-26,0.27612000703811646,0.31755501776105166,0.19324998559224604,1323,False,False,False,54.45,2025-06-22,0.19324998559224604,WIN,88.0,crypto
ZRX-USD,LONG,2025-06-23,0.22077299654483795,0.19316985413080295,0.27597928137290795,1412,True,False,False,28.13,2025-07-16,0.27597928137290795,WIN,23.0,crypto
ZRX-USD,SHORT,2025-07-17,0.2758669853210449,0.3013849030423412,0.22483114987845232,1436,False,True,True,71.57,2025-07-20,0.3013849030423412,LOSS,3.0,crypto
ZRX-USD,LONG,2025-09-26,0.23887500166893005,0.21100302444462543,0.2946189561175393,1507,False,False,False,32.13,2025-10-10,0.21100302444462543,LOSS,14.0,crypto
ZRX-USD,LONG,2025-10-11,0.19295500218868256,0.15249770281724978,0.2738696009315481,1522,False,False,False,27.18,2025-11-21,0.15249770281724978,LOSS,41.0,crypto
ZRX-USD,LONG,2025-12-19,0.12220100313425064,0.10637491034413948,0.15385318871447295,1591,False,False,False,21.77,2025-12-30,0.15385318871447295,WIN,11.0,crypto
ZRX-USD,SHORT,2025-12-31,0.14085200428962708,0.16745637487305964,0.08764326312276194,1603,False,False,False,71.03,2026-06-05,0.08764326312276194,WIN,156.0,crypto
ZRX-USD,LONG,2026-06-07,0.08405900001525879,0.07289157962081269,0.10639384080415099,1761,False,False,False,21.56,,,OPEN,,crypto
BABA,SHORT,2022-06-09,103.42166137695312,116.13894490019982,77.98709433045974,209,False,True,True,72.34,2022-07-07,116.13894490019982,LOSS,18.0,stocks
BABA,LONG,2022-07-19,98.57524871826172,87.51874994473891,120.68824626530733,235,False,False,False,42.61,2022-07-29,87.51874994473891,LOSS,8.0,stocks
BABA,LONG,2022-08-02,87.1602783203125,76.6820294406695,108.11677607959851,245,False,False,False,31.49,2022-09-22,76.6820294406695,LOSS,36.0,stocks
BABA,LONG,2022-10-25,59.49333572387695,50.896682696467295,76.68664177869627,304,False,False,False,24.17,2022-11-17,76.68664177869627,WIN,17.0,stocks
BABA,SHORT,2022-11-18,75.73590087890625,84.67881731291217,57.850068010894404,322,False,True,True,67.37,2022-12-02,84.67881731291217,LOSS,9.0,stocks
BABA,SHORT,2023-01-12,106.48008728027344,115.0861471958867,89.26796744904692,358,False,False,False,79.08,2023-02-21,89.26796744904692,WIN,26.0,stocks
BABA,SHORT,2023-04-03,92.59014892578125,100.02070608703124,77.72903460328126,413,False,False,False,70.2,2023-04-25,77.72903460328126,WIN,15.0,stocks
BABA,SHORT,2023-06-20,82.74674224853516,88.26723208309295,71.70576257941957,466,False,True,True,64.79,2023-07-12,88.26723208309295,LOSS,15.0,stocks
BABA,SHORT,2023-07-14,88.98590850830078,94.27406717658049,78.40959117174137,483,False,False,False,71.64,2023-07-28,94.27406717658049,LOSS,10.0,stocks
BABA,LONG,2023-09-22,83.09493255615234,78.56341102742415,92.15797561360873,532,True,False,False,30.54,2023-10-05,78.56341102742415,LOSS,9.0,stocks
BABA,SHORT,2023-11-08,79.8012466430664,83.385748881775,72.63224216564922,565,False,False,False,55.47,2023-11-17,72.63224216564922,WIN,7.0,stocks
BABA,SHORT,2024-02-07,70.23066711425781,74.78414735306936,61.12370663663472,626,False,False,False,65.06,2024-05-02,74.78414735306936,LOSS,59.0,stocks
BABA,SHORT,2024-05-07,75.69538116455078,79.32929761905552,68.4275482555413,688,False,False,False,73.87,2024-05-13,79.32929761905552,LOSS,4.0,stocks
BABA,SHORT,2024-07-15,76.0152816772461,79.6725708493385,68.70070333306128,734,False,False,False,64.01,2024-08-15,79.6725708493385,LOSS,23.0,stocks
BABA,SHORT,2024-08-20,78.96780395507812,83.36947957084728,70.16445272353982,760,False,False,False,69.39,2024-08-23,83.36947957084728,LOSS,3.0,stocks
BABA,SHORT,2024-09-25,93.01908111572266,97.89679228420502,83.26365877875793,785,False,False,False,79.42,2024-09-26,97.89679228420502,LOSS,1.0,stocks
BABA,SHORT,2024-09-30,103.40650939941406,109.98818632843552,90.24315554137115,788,False,False,False,83.11,2024-10-02,109.98818632843552,LOSS,2.0,stocks
BABA,SHORT,2024-10-03,109.95467376708984,117.2303293822311,95.40336253680732,791,False,False,False,84.9,2024-10-23,95.40336253680732,WIN,14.0,stocks
BABA,SHORT,2024-12-10,87.53304290771484,92.91395088850963,76.77122694612527,838,False,True,False,56.34,2025-01-28,92.91395088850963,LOSS,31.0,stocks
BABA,SHORT,2025-01-31,96.31265258789062,102.16429124970763,84.60937526425661,872,False,False,False,82.68,2025-02-07,102.16429124970763,LOSS,5.0,stocks
BABA,LONG,2025-04-09,102.10076904296875,88.0101514852154,130.28200415847544,919,False,True,True,22.51,2025-05-12,130.28200415847544,WIN,22.0,stocks
BABA,LONG,2025-07-08,107.00724792480469,101.33359679552251,118.35455018336904,979,False,True,True,31.06,2025-07-18,118.35455018336904,WIN,8.0,stocks
BABA,SHORT,2025-07-22,119.61149597167969,126.23374125262835,106.36700540978237,989,False,False,False,62.63,2025-08-13,126.23374125262835,LOSS,16.0,stocks
BABA,SHORT,2025-09-03,135.208251953125,143.80857965606538,118.00759654724425,1019,False,False,False,71.53,2025-09-09,143.80857965606538,LOSS,4.0,stocks
BABA,SHORT,2025-09-10,142.62017822265625,151.8916330741312,124.07726851970637,1024,False,False,False,71.71,2025-09-11,151.8916330741312,LOSS,1.0,stocks
BABA,SHORT,2025-09-12,153.64889526367188,163.82260449790417,133.3014767952073,1026,False,False,False,73.82,2025-09-17,163.82260449790417,LOSS,3.0,stocks
BABA,LONG,2025-10-13,165.29196166992188,151.27396361325555,193.32795778325453,1047,False,False,False,43.01,2025-11-14,151.27396361325555,LOSS,24.0,stocks
BABA,LONG,2025-12-18,145.97933959960938,136.04933859181597,165.8393416151962,1094,False,True,True,33.63,2026-01-12,165.8393416151962,WIN,15.0,stocks
BABA,SHORT,2026-01-16,163.89479064941406,175.59394173855856,140.49648847112508,1113,False,False,False,66.11,2026-01-22,175.59394173855856,LOSS,3.0,stocks
BABA,LONG,2026-03-02,141.2626495361328,131.43095979167725,160.92602902504393,1142,False,False,False,28.44,2026-03-05,131.43095979167725,LOSS,3.0,stocks
BABA,LONG,2026-03-06,129.59976196289062,119.77404551002559,149.2511948686207,1146,False,False,False,18.81,2026-04-02,119.77404551002559,LOSS,19.0,stocks
BABA,SHORT,2026-04-21,134.1479949951172,142.8753394390876,116.69330610717634,1177,False,False,False,63.77,2026-05-13,142.8753394390876,LOSS,16.0,stocks
BABA,LONG,2026-06-12,112.81999969482422,104.47974272693598,129.5005136306007,1214,False,False,False,29.13,2026-06-22,104.47974272693598,LOSS,5.0,stocks
BABA,SHORT,2026-07-13,112.3499984741211,120.08857220006223,96.87285102223882,1233,False,False,False,57.69,2026-07-15,120.08857220006223,LOSS,2.0,stocks
BABA,SHORT,2026-07-17,114.97000122070312,122.90356399983114,99.1028756624471,1237,False,False,False,64.8,2026-08-03,122.90356399983114,LOSS,11.0,stocks
F,SHORT,2022-07-22,9.664012908935547,10.395147867213897,8.201742992378847,238,False,True,True,64.38,2022-07-28,10.395147867213897,LOSS,4.0,stocks
F,SHORT,2022-08-02,11.427960395812988,12.244880320022771,9.794120547393423,245,False,False,False,78.37,2022-08-12,12.244880320022771,LOSS,8.0,stocks
F,LONG,2022-09-27,9.06757640838623,8.16389052200603,10.874948181146632,284,False,False,False,22.78,2022-11-10,10.874948181146632,WIN,32.0,stocks
F,LONG,2022-12-09,10.139370918273926,9.533809089165288,11.3504945764912,336,False,False,False,41.0,2022-12-16,9.533809089165288,LOSS,5.0,stocks
F,LONG,2022-12-21,9.062348365783691,8.352876959841703,10.481291177667668,344,False,False,False,24.07,2023-02-01,10.481291177667668,WIN,27.0,stocks
F,LONG,2023-02-27,9.862639427185059,9.108758601258838,11.3704010790375,388,False,False,False,39.85,2023-03-17,9.108758601258838,LOSS,14.0,stocks
F,LONG,2023-03-21,9.584588050842285,8.777216677551042,11.199330797424771,404,False,False,False,31.93,2023-06-07,11.199330797424771,WIN,54.0,stocks
F,SHORT,2023-06-15,11.964766502380371,12.6278735034324,10.638552500276312,464,False,False,False,76.45,2023-07-03,12.6278735034324,LOSS,11.0,stocks
F,LONG,2023-07-24,11.684867858886719,11.125009314538593,12.80458494758297,489,False,False,False,40.86,2023-07-28,11.125009314538593,LOSS,4.0,stocks
F,SHORT,2023-09-11,10.228443145751953,10.657330197293492,9.370669042668876,523,False,False,False,49.72,2023-09-13,10.657330197293492,LOSS,2.0,stocks
F,SHORT,2023-09-18,10.328886985778809,10.818156546440491,9.350347864455443,528,True,False,False,58.22,2023-10-27,9.350347864455443,WIN,29.0,stocks
F,LONG,2023-11-01,8.4242525100708,7.793517570832695,9.685722388547012,560,False,False,False,22.01,2023-12-14,9.685722388547012,WIN,30.0,stocks
F,SHORT,2023-12-18,10.14140796661377,10.681954126109131,9.060315647623046,592,False,False,False,73.99,2024-02-07,10.681954126109131,LOSS,34.0,stocks
F,LONG,2024-04-18,10.528544425964355,9.905206348981869,11.775220579929329,675,False,True,True,36.48,2024-07-11,11.775220579929329,WIN,57.0,stocks
F,SHORT,2024-07-17,12.79477310180664,13.36121975845484,11.661879788510241,736,False,False,False,83.45,2024-07-25,11.661879788510241,WIN,6.0,stocks
F,LONG,2024-07-29,9.728622436523438,8.862962913564331,11.45994148244165,744,False,False,False,28.27,2024-08-02,8.862962913564331,LOSS,4.0,stocks
F,SHORT,2024-10-21,9.763500213623047,10.217679867866835,8.855140905135471,803,False,False,False,61.11,2024-10-28,10.217679867866835,LOSS,5.0,stocks
F,LONG,2024-12-19,8.859241485595703,8.345729922538794,9.886264611709521,845,False,False,False,26.05,2025-02-10,8.345729922538794,LOSS,33.0,stocks
F,LONG,2025-04-09,8.92332935333252,8.027847563670232,10.714292932657095,919,False,False,False,31.61,2025-07-01,10.714292932657095,WIN,56.0,stocks
F,SHORT,2025-07-07,11.04531192779541,11.561320993509977,10.013293796366277,978,False,False,False,75.78,2025-08-27,11.561320993509977,LOSS,37.0,stocks
F,SHORT,2025-10-07,11.512351989746094,12.15763832055911,10.22177932812006,1043,True,False,False,73.96,2025-10-21,12.15763832055911,LOSS,10.0,stocks
F,SHORT,2025-10-27,12.806525230407715,13.625132534729852,11.16931062176344,1057,False,False,False,76.45,2025-12-16,13.625132534729852,LOSS,35.0,stocks
F,SHORT,2026-01-09,13.872987747192383,14.442377355873269,12.73420852983061,1108,False,False,False,72.83,2026-02-26,14.442377355873269,LOSS,32.0,stocks
F,LONG,2026-03-10,12.087635040283203,11.26243780603172,13.73802950878617,1148,False,False,False,30.89,2026-03-20,11.26243780603172,LOSS,8.0,stocks
F,SHORT,2026-04-16,12.285144805908203,12.979920447271738,10.895593523181134,1174,False,False,False,62.89,2026-05-13,12.979920447271738,LOSS,19.0,stocks
F,SHORT,2026-05-15,13.399999618530273,14.528694434431847,11.142609986727127,1195,False,False,False,76.49,2026-05-22,14.528694434431847,LOSS,5.0,stocks
F,SHORT,2026-06-01,16.6299991607666,18.046549416383527,13.79689864953275,1205,False,False,False,81.23,2026-06-18,13.79689864953275,WIN,13.0,stocks
F,SHORT,2026-07-30,14.859999656677246,15.926433427474743,12.727132115082252,1246,False,False,False,67.49,,,OPEN,,stocks
LMT,SHORT,2022-06-08,398.71282958984375,416.9440146072805,362.25045955497023,208,False,False,False,64.11,2022-06-17,362.25045955497023,WIN,7.0,stocks
LMT,LONG,2022-06-21,376.72747802734375,357.4135943331259,415.35524541577945,216,False,True,True,29.36,2022-07-18,357.4135943331259,LOSS,18.0,stocks
LMT,SHORT,2022-08-04,384.97314453125,403.7048741763481,347.50968524105383,247,False,False,False,64.56,2022-09-30,347.50968524105383,WIN,40.0,stocks
LMT,SHORT,2022-10-26,418.690185546875,441.3454373687232,373.3796819031786,305,False,False,False,70.78,2022-10-28,441.3454373687232,LOSS,2.0,stocks
LMT,SHORT,2022-10-31,440.52264404296875,463.4017880495196,394.76435602986703,308,False,False,False,77.62,2023-04-18,463.4017880495196,LOSS,115.0,stocks
LMT,LONG,2023-04-27,426.1898498535156,410.86507011702713,456.8394093264926,430,False,True,True,33.35,2023-05-04,410.86507011702713,LOSS,5.0,stocks
LMT,SHORT,2023-06-12,424.3297424316406,436.0505250599325,400.88817717505685,461,False,False,False,59.52,2023-07-17,436.0505250599325,LOSS,23.0,stocks
LMT,LONG,2023-09-13,391.047607421875,379.69530697584224,413.7522083139405,525,False,False,False,24.36,2023-09-26,379.69530697584224,LOSS,9.0,stocks
LMT,SHORT,2023-10-12,403.2623291015625,418.1932912490102,373.4004048066671,546,False,True,True,62.75,2023-10-17,418.1932912490102,LOSS,3.0,stocks
LMT,LONG,2023-12-18,418.08349609375,407.86848755991764,438.5135131614147,592,False,False,False,44.09,2024-01-23,407.86848755991764,LOSS,23.0,stocks
LMT,LONG,2024-01-30,403.8357849121094,390.03406113564944,431.43923246502925,620,False,False,False,28.49,2024-02-14,390.03406113564944,LOSS,11.0,stocks
LMT,SHORT,2024-03-28,428.6521301269531,437.8783001161968,410.1997901484658,661,False,False,False,79.72,2024-04-19,437.8783001161968,LOSS,15.0,stocks
LMT,LONG,2024-05-30,434.37225341796875,423.46851161459244,456.17973702472136,704,False,False,False,34.61,2024-07-18,456.17973702472136,WIN,33.0,stocks
LMT,SHORT,2024-07-19,450.5640869140625,461.32759620187716,429.0370683384332,738,False,False,False,69.4,2024-07-23,461.32759620187716,LOSS,2.0,stocks
LMT,SHORT,2024-07-31,514.1279296875,530.8926967470859,480.5983955683282,746,False,False,False,91.54,2024-08-02,530.8926967470859,LOSS,2.0,stocks
LMT,LONG,2024-09-13,543.697265625,528.0565329138456,574.9787310473089,777,False,False,False,62.75,2024-10-01,574.9787310473089,WIN,12.0,stocks
LMT,LONG,2024-10-31,520.9347534179688,501.6939160837819,559.4164280863424,811,False,True,True,27.09,2024-11-25,501.6939160837819,LOSS,17.0,stocks
LMT,SHORT,2025-01-23,477.383544921875,495.48684612602125,441.1769425135825,866,False,False,False,56.63,2025-01-28,441.1769425135825,WIN,3.0,stocks
LMT,SHORT,2025-03-11,453.44232177734375,475.73059340218936,408.86577852765254,898,False,True,True,67.96,2025-04-07,408.86577852765254,WIN,19.0,stocks
LMT,LONG,2025-05-15,449.8255310058594,425.6461010889369,498.1843908397043,944,False,True,False,35.94,2025-07-22,425.6461010889369,LOSS,45.0,stocks
LMT,LONG,2025-07-25,410.1087341308594,388.24201567453315,453.8421710435118,992,False,False,False,29.55,2025-09-05,453.8421710435118,WIN,29.0,stocks
LMT,SHORT,2025-10-07,501.2783508300781,516.5989619203204,470.6371286495935,1043,False,False,False,87.18,2025-11-05,470.6371286495935,WIN,21.0,stocks
LMT,SHORT,2025-12-16,471.47247314453125,490.1954846529222,434.0264501277494,1092,False,False,False,66.91,2026-01-02,490.1954846529222,LOSS,11.0,stocks
LMT,LONG,2026-02-27,650.372314453125,614.8252202344531,721.4665028904687,1141,False,False,False,57.79,2026-03-23,614.8252202344531,LOSS,16.0,stocks
LMT,LONG,2026-03-25,620.1402587890625,586.5520437683473,687.3166888304929,1159,False,False,False,36.35,2026-04-17,586.5520437683473,LOSS,16.0,stocks
LMT,LONG,2026-04-29,506.4942321777344,472.4428471094639,574.5970023142753,1183,False,False,False,17.57,2026-07-23,574.5970023142753,WIN,58.0,stocks
LMT,SHORT,2026-07-29,569.2000122070312,602.7357592903982,502.1285180402974,1245,False,False,False,71.78,2026-08-10,602.7357592903982,LOSS,8.0,stocks
PEP,LONG,2022-06-15,138.37686157226562,131.7800555109988,151.57047369479926,213,False,False,False,30.97,2022-07-12,151.57047369479926,WIN,17.0,stocks
PEP,LONG,2022-09-01,152.6027069091797,148.35110968009,161.10590136735908,267,False,False,False,38.15,2022-09-13,148.35110968009,LOSS,7.0,stocks
PEP,SHORT,2022-10-14,150.25430297851562,157.17769311090387,136.40752271373913,297,False,False,False,63.36,2022-10-25,157.17769311090387,LOSS,7.0,stocks
PEP,LONG,2022-12-19,161.09678649902344,155.73180627884625,171.8267469393778,342,False,False,False,46.37,2023-01-13,155.73180627884625,LOSS,17.0,stocks
PEP,LONG,2023-01-23,150.24098205566406,145.14287710183072,160.43719196333075,364,False,False,False,28.24,2023-03-27,160.43719196333075,WIN,44.0,stocks
PEP,LONG,2023-05-31,163.08872985839844,158.7589968443282,171.7481958865389,453,False,True,True,26.55,2023-07-21,171.7481958865389,WIN,35.0,stocks
PEP,LONG,2023-08-23,160.4184112548828,156.07264770396185,169.10993835672474,511,False,False,False,26.09,2023-09-26,156.07264770396185,LOSS,23.0,stocks
PEP,LONG,2023-10-06,145.3759765625,139.86146330253627,156.40500308242747,542,False,False,False,18.23,2023-12-13,156.40500308242747,WIN,47.0,stocks
PEP,LONG,2023-12-21,152.5891571044922,148.41224138426284,160.94298854495088,595,False,False,False,45.44,2024-03-28,160.94298854495088,WIN,66.0,stocks
PEP,SHORT,2024-04-01,159.28787231445312,163.48988235107464,150.8838522412101,662,True,False,False,73.62,2024-04-24,163.48988235107464,LOSS,17.0,stocks
PEP,LONG,2024-05-31,159.21420288085938,154.4192107881573,168.80418706626352,705,False,True,True,34.53,2024-06-10,154.4192107881573,LOSS,6.0,stocks
PEP,LONG,2024-06-11,153.20252990722656,148.3032233300194,163.0011430616409,712,False,False,False,32.87,2024-07-11,148.3032233300194,LOSS,20.0,stocks
PEP,SHORT,2024-07-22,155.60633850097656,161.00441222658748,144.81019104975474,739,False,False,False,57.56,2024-07-25,161.00441222658748,LOSS,3.0,stocks
PEP,SHORT,2024-07-29,160.75735473632812,166.3019194479537,149.66822531307696,744,False,False,False,63.19,2024-08-02,166.3019194479537,LOSS,4.0,stocks
PEP,SHORT,2024-08-05,161.52764892578125,167.93026508326804,148.72241661080767,749,False,False,False,71.8,2024-11-15,148.72241661080767,WIN,73.0,stocks
PEP,LONG,2025-01-13,136.28323364257812,131.04588069566225,146.75793953640988,859,False,False,False,23.1,2025-02-24,146.75793953640988,WIN,28.0,stocks
PEP,SHORT,2025-02-26,142.89462280273438,149.0635371171133,130.55679417397653,889,False,True,True,68.21,2025-03-04,149.0635371171133,LOSS,4.0,stocks
PEP,LONG,2025-04-09,138.52528381347656,130.63114229273435,154.31356685496098,919,False,False,False,33.04,2025-04-24,130.63114229273435,LOSS,10.0,stocks
PEP,LONG,2025-04-28,127.26931762695312,119.80475599959053,142.19844088167832,931,False,False,False,31.91,2025-08-13,142.19844088167832,WIN,74.0,stocks
PEP,LONG,2025-09-09,138.9966278076172,133.00256614958406,150.98475112368345,1023,False,False,False,42.0,2026-02-02,150.98475112368345,WIN,100.0,stocks
PEP,SHORT,2026-02-09,163.27804565429688,169.87742246651683,150.07929202985696,1128,False,False,False,86.42,2026-03-20,150.07929202985696,WIN,28.0,stocks
PEP,LONG,2026-05-15,147.5674285888672,141.20118326276292,160.2999192410757,1195,False,False,False,36.84,2026-06-01,141.20118326276292,LOSS,10.0,stocks
PEP,LONG,2026-06-02,140.5215606689453,134.36711734990936,152.8304473070172,1206,False,False,False,30.5,2026-07-20,134.36711734990936,LOSS,32.0,stocks
PEP,SHORT,2026-07-30,140.1999969482422,147.1268436496112,126.34630354550416,1246,False,False,False,58.8,,,OPEN,,stocks
GOOG,SHORT,2022-06-03,113.56275177001953,121.90897114923311,96.87031301159237,205,False,False,False,54.24,2022-08-15,121.90897114923311,LOSS,49.0,stocks
GOOG,SHORT,2022-10-26,93.9913101196289,101.13637403014359,79.70118229859955,305,True,False,False,58.78,2022-12-01,101.13637403014359,LOSS,25.0,stocks
GOOG,SHORT,2023-01-24,98.34293365478516,103.89176456458348,87.2452718351885,365,False,True,True,71.7,2023-02-02,103.89176456458348,LOSS,7.0,stocks
GOOG,SHORT,2023-05-15,115.93781280517578,121.66260528346888,104.48822784858959,442,False,False,False,75.22,2023-05-18,121.66260528346888,LOSS,3.0,stocks
GOOG,SHORT,2023-05-19,122.1728286743164,128.1193350138089,110.27981599533143,446,False,False,False,79.32,2023-06-07,128.1193350138089,LOSS,12.0,stocks
GOOG,LONG,2023-06-28,120.02179718017578,114.0081696842488,132.04905217202975,472,False,False,False,42.58,2023-07-27,132.04905217202975,WIN,20.0,stocks
GOOG,SHORT,2023-08-01,130.73733520507812,137.2913505176031,117.62930458002819,495,False,False,False,70.1,2023-09-01,137.2913505176031,LOSS,23.0,stocks
GOOG,LONG,2023-09-27,130.3110809326172,124.89175854526572,141.14972570732013,535,False,False,False,37.37,2023-10-26,124.89175854526572,LOSS,21.0,stocks
GOOG,LONG,2023-10-30,124.65099334716797,117.3579366098802,139.2371068217435,558,False,True,True,29.93,2023-11-22,139.2371068217435,WIN,17.0,stocks
GOOG,SHORT,2024-01-30,151.71240234375,156.9535860608743,141.2300349095014,620,False,False,False,79.44,2024-01-31,141.2300349095014,WIN,1.0,stocks
GOOG,LONG,2024-07-22,181.9544219970703,174.6294395612194,196.6043868687721,739,False,False,False,41.54,2024-07-24,174.6294395612194,LOSS,2.0,stocks
GOOG,LONG,2024-07-29,169.82740783691406,161.6644075988364,186.1534083130694,744,False,True,True,30.62,2024-08-05,161.6644075988364,LOSS,5.0,stocks
GOOG,SHORT,2024-09-23,162.04177856445312,169.1530906883841,147.81915431659115,783,False,True,False,57.19,2024-10-01,169.1530906883841,LOSS,6.0,stocks
GOOG,SHORT,2024-10-31,171.6011505126953,179.52834007284744,155.74677139239105,811,False,False,False,72.69,2024-11-07,179.52834007284744,LOSS,5.0,stocks
GOOG,SHORT,2024-11-08,178.72592163085938,186.52177338524757,163.13421812208298,817,False,False,False,73.26,2024-12-10,186.52177338524757,LOSS,21.0,stocks
GOOG,LONG,2025-02-13,186.9071807861328,176.7478113628069,207.2259196327846,881,False,True,True,38.92,2025-02-25,176.7478113628069,LOSS,7.0,stocks
GOOG,LONG,2025-02-28,171.3282470703125,162.01323779070367,189.95826562953016,891,False,False,False,25.62,2025-03-18,162.01323779070367,LOSS,12.0,stocks
GOOG,SHORT,2025-03-26,166.46397399902344,176.1211998442961,147.14952230847814,909,False,False,False,50.13,2025-04-04,147.14952230847814,WIN,7.0,stocks
GOOG,SHORT,2025-04-10,154.74159240722656,168.1900580380207,127.84466114563827,920,False,False,False,48.49,2025-05-16,168.1900580380207,LOSS,25.0,stocks
GOOG,SHORT,2025-06-11,178.28089904785156,187.62080839199774,159.6010803595592,962,False,False,False,67.82,2025-07-21,187.62080839199774,LOSS,26.0,stocks
GOOG,SHORT,2025-07-23,190.9646759033203,199.2971807844005,174.29966614115995,990,False,False,False,74.82,2025-08-08,199.2971807844005,LOSS,12.0,stocks
GOOG,SHORT,2025-09-08,233.70193481445312,244.54122373953402,212.02335696429134,1022,False,False,False,85.25,2025-09-15,244.54122373953402,LOSS,5.0,stocks
GOOG,LONG,2025-10-13,244.16143798828125,232.86722311618408,266.7498677324756,1047,False,False,False,44.65,2025-10-27,266.7498677324756,WIN,10.0,stocks
GOOG,LONG,2025-12-18,303.35357666015625,285.4157258801124,339.22927822024394,1094,False,False,False,44.18,2026-01-13,339.22927822024394,WIN,16.0,stocks
GOOG,LONG,2026-02-18,303.5433654785156,285.072223995493,340.48564844456087,1134,False,True,True,28.82,2026-03-26,285.072223995493,LOSS,26.0,stocks
GOOG,LONG,2026-03-31,286.68743896484375,270.9379979500156,318.1863209945001,1163,True,True,True,22.85,2026-04-08,318.1863209945001,WIN,5.0,stocks
GOOG,SHORT,2026-04-16,332.56982421875,348.4580941727902,300.7932843106696,1174,False,False,False,73.34,2026-04-27,348.4580941727902,LOSS,7.0,stocks
GOOG,LONG,2026-06-04,369.0478820800781,348.9871140016769,409.1694182368806,1208,False,False,False,36.55,2026-06-11,348.9871140016769,LOSS,5.0,stocks
GOOG,LONG,2026-07-24,319.0899963378906,295.74446664562504,365.7810557224218,1242,False,True,True,31.38,2026-08-03,365.7810557224218,WIN,6.0,stocks
GOOG,SHORT,2026-08-05,360.1300048828125,387.3317226845333,305.7265692793709,1250,False,False,False,63.48,,,OPEN,,stocks
DIS,SHORT,2022-06-03,105.36241912841797,112.75119452670009,90.58486833185373,205,False,False,False,51.03,2022-06-14,90.58486833185373,WIN,7.0,stocks
DIS,SHORT,2022-07-25,99.56444549560547,105.20574644782656,88.2818435911633,239,False,True,True,60.49,2022-08-03,105.20574644782656,LOSS,7.0,stocks
DIS,LONG,2022-12-20,84.37139129638672,78.13611532845688,96.8419432322464,343,False,False,False,31.26,2023-01-12,96.8419432322464,WIN,15.0,stocks
DIS,SHORT,2023-01-17,96.86904907226562,102.117068071883,86.37301107303088,360,False,True,True,67.19,2023-01-23,102.117068071883,LOSS,4.0,stocks
DIS,SHORT,2023-01-24,102.77369689941406,108.72361939907915,90.87385190008388,365,False,True,True,75.54,2023-02-02,108.72361939907915,LOSS,7.0,stocks
DIS,LONG,2023-02-27,97.39262390136719,91.98831059446854,108.20125051516447,388,False,False,False,36.91,2023-03-10,91.98831059446854,LOSS,9.0,stocks
DIS,LONG,2023-05-17,89.94638061523438,84.71652388576813,100.40609407416687,444,False,False,False,34.76,2023-05-30,84.71652388576813,LOSS,8.0,stocks
DIS,SHORT,2023-08-11,86.31051635742188,90.33005356686014,78.27144193854534,503,False,False,False,63.01,2023-09-01,78.27144193854534,WIN,15.0,stocks
DIS,SHORT,2023-10-12,81.78265380859375,85.02482330557687,75.2983148146275,546,False,True,True,59.84,2023-11-09,85.02482330557687,LOSS,20.0,stocks
DIS,SHORT,2023-11-10,85.58333587646484,89.71989015755958,77.31022731427538,567,False,True,True,71.54,2023-11-15,89.71989015755958,LOSS,3.0,stocks
DIS,SHORT,2024-01-30,94.2957763671875,97.83499343808316,87.21734222539618,620,False,False,False,67.12,2024-02-08,97.83499343808316,LOSS,7.0,stocks
DIS,SHORT,2024-02-09,105.43346405029297,110.7289616319765,94.8424688869259,628,False,False,False,83.12,2024-03-04,110.7289616319765,LOSS,15.0,stocks
DIS,LONG,2024-04-05,115.15095520019531,110.14886283923704,125.15513992211186,666,False,False,False,54.74,2024-04-15,110.14886283923704,LOSS,6.0,stocks
DIS,LONG,2024-04-16,110.7737045288086,106.06786489209075,120.18538380224427,673,False,False,False,40.87,2024-05-07,106.06786489209075,LOSS,15.0,stocks
DIS,LONG,2024-07-26,87.88056182861328,84.57516787330177,94.49134973923631,743,False,False,False,17.95,2024-08-05,84.57516787330177,LOSS,6.0,stocks
DIS,SHORT,2024-08-20,87.69489288330078,91.47516697954636,80.13434469080963,760,False,False,False,50.58,2024-09-18,91.47516697954636,LOSS,20.0,stocks
DIS,SHORT,2024-09-19,91.32034301757812,94.34468221896026,85.27166461481386,781,False,True,True,65.73,2024-09-27,94.34468221896026,LOSS,6.0,stocks
DIS,SHORT,2024-11-19,109.8580322265625,115.21626587980343,99.14156492008064,824,False,False,False,83.49,2024-11-27,115.21626587980343,LOSS,6.0,stocks
DIS,LONG,2025-03-14,96.81918334960938,90.98063373824432,108.49628257233948,901,False,False,False,25.08,2025-04-03,90.98063373824432,LOSS,14.0,stocks
DIS,LONG,2025-04-07,81.76234436035156,75.30036200112382,94.68630907880706,917,False,False,False,17.55,2025-05-07,94.68630907880706,WIN,21.0,stocks
DIS,SHORT,2025-05-14,110.855224609375,117.42882124060962,97.70803134690576,943,False,False,False,80.04,2025-06-10,117.42882124060962,LOSS,18.0,stocks
DIS,LONG,2025-07-10,119.82491302490234,116.01937423708758,127.43599060053188,981,False,False,False,58.28,2025-08-01,116.01937423708758,LOSS,16.0,stocks
DIS,LONG,2025-08-04,117.64645385742188,113.94091591433126,125.05752974360311,998,False,False,False,37.03,2025-08-06,113.94091591433126,LOSS,2.0,stocks
DIS,LONG,2025-08-11,110.94351959228516,106.38118918845905,120.06818039993738,1003,False,True,True,31.23,2025-11-13,106.38118918845905,LOSS,67.0,stocks
DIS,LONG,2026-01-29,110.73152923583984,106.2846196909243,119.62534832567093,1121,False,False,False,42.07,2026-02-02,106.2846196909243,LOSS,2.0,stocks
DIS,LONG,2026-02-04,106.23597717285156,100.54762879081936,117.61267393691597,1125,False,False,False,33.69,2026-02-12,100.54762879081936,LOSS,6.0,stocks
DIS,LONG,2026-03-13,98.53498077392578,93.63085005611134,108.34324220955466,1151,False,False,False,32.06,2026-03-27,93.63085005611134,LOSS,10.0,stocks
DIS,LONG,2026-03-30,93.60277557373047,89.04582203862805,102.71668264393531,1162,False,False,False,21.16,2026-04-16,102.71668264393531,WIN,12.0,stocks
DIS,SHORT,2026-04-21,103.49696350097656,107.78332575080901,94.92423900131166,1177,False,True,True,70.76,2026-05-06,107.78332575080901,LOSS,11.0,stocks
DIS,SHORT,2026-08-10,103.18000030517578,107.94689491823823,93.64621107905089,1253,False,False,False,67.71,,,OPEN,,stocks
TSLA,SHORT,2022-07-26,258.8599853515625,284.72506524369203,207.12982556730344,240,False,True,True,64.79,2022-07-29,284.72506524369203,LOSS,3.0,stocks
TSLA,SHORT,2022-08-04,308.6333312988281,334.88670649710104,256.1265809022823,247,False,False,False,75.23,2022-10-03,256.1265809022823,WIN,41.0,stocks
TSLA,LONG,2022-10-04,249.44000244140625,222.1772338938504,303.96553953651795,289,False,False,False,28.98,2022-10-07,222.1772338938504,LOSS,3.0,stocks
TSLA,LONG,2022-10-10,222.9600067138672,196.33471323898615,276.21059366362925,293,False,False,False,25.91,2022-11-08,196.33471323898615,LOSS,21.0,stocks
TSLA,SHORT,2022-12-01,194.6999969482422,216.11469893941907,151.87059296588842,330,False,False,False,49.25,2022-12-16,151.87059296588842,WIN,11.0,stocks
TSLA,LONG,2022-12-23,123.1500015258789,102.96002068329388,163.52996321104897,346,False,False,False,19.32,2023-01-06,102.96002068329388,LOSS,8.0,stocks
TSLA,SHORT,2023-01-30,166.66000366210938,187.63100958602033,124.71799181428747,369,False,True,True,74.62,2023-02-02,187.63100958602033,LOSS,3.0,stocks
TSLA,LONG,2023-03-13,174.47999572753906,152.92321029088566,217.59356660084586,398,False,False,False,40.2,2023-04-27,152.92321029088566,LOSS,32.0,stocks
TSLA,SHORT,2023-05-24,182.89999389648438,197.11739361310245,154.46519446324822,449,False,True,True,62.59,2023-05-26,197.11739361310245,LOSS,2.0,stocks
TSLA,SHORT,2023-06-05,217.61000061035156,233.86676351405038,185.09647480295394,456,False,False,False,77.8,2023-06-08,233.86676351405038,LOSS,3.0,stocks
TSLA,LONG,2023-07-24,269.05999755859375,245.55921170972337,316.0615692563345,489,False,False,False,47.27,2023-08-07,245.55921170972337,LOSS,10.0,stocks
TSLA,SHORT,2023-09-12,267.4800109863281,291.1931363039994,220.0537603509856,524,False,False,False,63.96,2023-10-19,220.0537603509856,WIN,27.0,stocks
TSLA,LONG,2023-10-24,216.52000427246094,194.18516536647522,261.1896820844324,554,False,False,False,26.04,2023-10-31,194.18516536647522,LOSS,5.0,stocks
TSLA,LONG,2024-01-08,240.4499969482422,224.1001943206283,273.14960220346995,605,False,True,True,42.84,2024-01-12,224.1001943206283,LOSS,4.0,stocks
TSLA,LONG,2024-01-19,212.19000244140625,195.91090562834464,244.74819606752948,613,False,False,False,27.35,2024-01-25,195.91090562834464,LOSS,4.0,stocks
TSLA,LONG,2024-01-26,183.25,164.79686067595475,220.1562786480905,618,False,False,False,15.91,2024-03-14,164.79686067595475,LOSS,33.0,stocks
TSLA,SHORT,2024-04-30,183.27999877929688,203.59227922333568,142.65543789121926,683,False,True,True,66.5,2024-07-01,203.59227922333568,LOSS,42.0,stocks
TSLA,SHORT,2024-07-11,241.02999877929688,264.4066506248226,194.27669508824545,732,True,False,False,88.31,2024-07-15,264.4066506248226,LOSS,2.0,stocks
TSLA,SHORT,2024-09-20,238.25,259.4614396543198,195.8271206913604,782,False,False,False,64.5,2024-09-26,259.4614396543198,LOSS,4.0,stocks
TSLA,LONG,2024-10-15,219.57000732421875,198.25146314000082,262.2070956926546,799,False,True,True,38.49,2024-10-25,262.2070956926546,WIN,8.0,stocks
TSLA,SHORT,2024-11-12,328.489990234375,361.8359265103041,261.7981176825168,819,False,False,False,81.66,2024-11-25,361.8359265103041,LOSS,9.0,stocks
TSLA,LONG,2025-01-03,410.44000244140625,361.93623394115053,507.4475394419177,854,False,False,False,44.0,2025-02-07,361.93623394115053,LOSS,23.0,stocks
TSLA,LONG,2025-02-12,336.510009765625,296.38153673515177,416.76695582657146,880,False,True,True,28.71,2025-02-26,296.38153673515177,LOSS,9.0,stocks
TSLA,LONG,2025-02-28,292.9800109863281,254.09659674737472,370.74683946423494,891,False,False,False,23.94,2025-03-07,254.09659674737472,LOSS,5.0,stocks
TSLA,SHORT,2025-03-26,272.05999755859375,310.0446890154781,196.090614644825,909,False,False,False,53.7,2025-05-12,310.0446890154781,LOSS,32.0,stocks
TSLA,SHORT,2025-05-15,342.82000732421875,378.25463831544255,271.95074534177115,944,False,False,False,74.31,2025-09-12,378.25463831544255,LOSS,82.0,stocks
TSLA,SHORT,2025-09-18,416.8500061035156,447.03730280910105,356.4754126923448,1030,False,False,False,81.74,2025-09-29,447.03730280910105,LOSS,7.0,stocks
TSLA,LONG,2025-11-17,408.9200134277344,365.1454825250559,496.4690752330913,1072,False,True,True,40.2,2025-12-22,496.4690752330913,WIN,24.0,stocks
TSLA,LONG,2026-03-23,380.8500061035156,353.4242614264562,435.70149545763445,1157,False,False,False,31.12,2026-03-30,353.4242614264562,LOSS,5.0,stocks
TSLA,LONG,2026-03-31,371.75,343.9094462440338,427.4311075119324,1163,False,False,False,31.08,2026-04-07,343.9094462440338,LOSS,4.0,stocks
TSLA,SHORT,2026-04-20,392.5,424.3351441511367,328.82971169772657,1176,False,False,False,61.53,2026-05-08,424.3351441511367,LOSS,14.0,stocks
TSLA,SHORT,2026-05-12,433.45001220703125,467.2006672056042,365.94870220988537,1192,False,False,False,75.54,2026-07-23,365.94870220988537,WIN,49.0,stocks
TSLA,LONG,2026-07-30,308.8500061035156,274.683858894817,377.1823005209129,1246,False,False,False,24.2,,,OPEN,,stocks
APA,SHORT,2022-06-08,44.377933502197266,48.453444554273574,36.22691139804465,208,False,False,False,71.7,2022-06-16,36.22691139804465,WIN,6.0,stocks
APA,LONG,2022-06-21,34.9941291809082,30.398181398294277,44.186024746136056,216,False,True,True,33.78,2022-06-30,30.398181398294277,LOSS,7.0,stocks
APA,SHORT,2022-08-01,31.34213638305664,35.01137670190898,24.003655745351963,244,False,True,False,55.79,2022-08-24,35.01137670190898,LOSS,17.0,stocks
APA,SHORT,2022-08-26,34.97159194946289,38.432178208497454,28.050419431393763,263,False,False,False,67.87,2022-09-23,28.050419431393763,WIN,19.0,stocks
APA,LONG,2022-09-28,30.17583465576172,26.35091678502361,37.825670397237936,285,False,False,False,34.73,2022-10-07,37.825670397237936,WIN,7.0,stocks
APA,LONG,2022-12-07,38.22853088378906,34.49823532737199,45.689121996623214,334,False,True,True,42.72,2023-02-17,34.49823532737199,LOSS,49.0,stocks
APA,LONG,2023-02-23,34.44400405883789,31.39711177675828,40.53778862299711,386,False,False,False,31.52,2023-03-13,31.39711177675828,LOSS,12.0,stocks
APA,LONG,2023-03-14,30.666786193847656,27.643993130018192,36.712372321506585,399,False,False,False,27.83,2023-03-16,27.643993130018192,LOSS,2.0,stocks
APA,SHORT,2023-04-04,33.54592514038086,36.589336499871536,27.459102421399507,414,False,False,False,61.11,2023-05-31,27.459102421399507,WIN,39.0,stocks
APA,SHORT,2023-06-08,30.130184173583984,32.61428352925092,25.161985462250115,459,False,False,False,54.5,2023-07-11,32.61428352925092,LOSS,21.0,stocks
APA,SHORT,2023-07-14,32.469703674316406,34.731673920823084,27.94576318130305,483,False,True,True,73.69,2023-07-24,34.731673920823084,LOSS,6.0,stocks
APA,LONG,2023-08-25,38.11711883544922,35.91075997220999,42.52983656192768,513,False,False,False,53.38,2023-09-21,35.91075997220999,LOSS,18.0,stocks
APA,LONG,2023-09-22,35.87808609008789,33.579639340735426,40.47497958879282,532,False,True,True,35.74,2023-10-04,33.579639340735426,LOSS,8.0,stocks
APA,SHORT,2023-12-20,31.869476318359375,33.66214806596684,28.284132823144446,594,False,False,False,50.19,2023-12-27,33.66214806596684,LOSS,4.0,stocks
APA,SHORT,2023-12-28,32.389862060546875,34.12316161551928,28.923262950602066,599,False,False,False,58.92,2024-01-16,28.923262950602066,WIN,11.0,stocks
APA,SHORT,2024-03-15,28.947114944458008,30.47099419709395,25.89935643918612,652,False,True,True,63.91,2024-03-20,30.47099419709395,LOSS,3.0,stocks
APA,SHORT,2024-03-22,30.2678279876709,31.816655067843076,27.170173827326543,657,False,True,True,70.56,2024-04-01,31.816655067843076,LOSS,5.0,stocks
APA,LONG,2024-05-03,26.674148559570312,24.899842083509043,30.222761511692852,686,False,False,False,25.49,2024-06-20,24.899842083509043,LOSS,32.0,stocks
APA,SHORT,2024-06-25,26.437124252319336,28.040120031644477,23.231132693669053,721,False,False,False,50.8,2024-07-15,28.040120031644477,LOSS,13.0,stocks
APA,SHORT,2024-07-19,29.181116104125977,30.760869386758138,26.021609538861654,738,False,True,True,71.43,2024-08-02,26.021609538861654,WIN,10.0,stocks
APA,LONG,2024-08-07,24.82600212097168,22.706404948779298,29.065196465356443,751,False,False,False,29.73,2024-09-10,22.706404948779298,LOSS,23.0,stocks
APA,SHORT,2024-12-16,20.3612117767334,21.74856047706957,17.586514376061054,842,False,False,False,53.02,2025-01-02,21.74856047706957,LOSS,11.0,stocks
APA,SHORT,2025-01-08,21.976001739501953,23.322313062611094,19.28337909328367,857,False,True,True,64.88,2025-01-15,23.322313062611094,LOSS,4.0,stocks
APA,SHORT,2025-01-16,23.34022331237793,24.799162620156327,20.422344696821135,862,False,True,True,77.99,2025-02-03,20.422344696821135,WIN,11.0,stocks
APA,SHORT,2025-06-16,19.542861938476562,21.095062429709593,16.438460956010502,965,False,True,True,76.71,2025-08-25,21.095062429709593,LOSS,48.0,stocks
APA,SHORT,2025-08-26,21.37451934814453,22.824709716771032,18.47413861089153,1014,False,False,False,74.89,2025-09-02,22.824709716771032,LOSS,4.0,stocks
APA,SHORT,2025-09-03,21.915645599365234,23.417889623483457,18.911157551128788,1019,True,False,False,79.95,2025-09-16,23.417889623483457,LOSS,9.0,stocks
APA,LONG,2025-10-13,22.050928115844727,20.047094803852517,26.058594739829147,1047,False,False,False,38.19,2025-12-03,26.058594739829147,WIN,36.0,stocks
APA,SHORT,2025-12-04,26.098783493041992,28.12334310049282,22.049664278140334,1084,False,False,False,69.59,2026-02-11,28.12334310049282,LOSS,46.0,stocks
APA,SHORT,2026-03-04,30.67730140686035,33.34407580246866,25.343752615643737,1144,False,False,False,72.05,2026-03-12,33.34407580246866,LOSS,6.0,stocks
APA,SHORT,2026-03-25,40.758392333984375,43.75355987250363,34.768057256945866,1159,False,False,False,86.38,2026-03-27,43.75355987250363,LOSS,2.0,stocks
APA,LONG,2026-04-09,38.440338134765625,34.0756326837965,47.16974903670388,1169,False,False,False,51.55,2026-04-17,34.0756326837965,LOSS,6.0,stocks
APA,LONG,2026-04-20,35.481109619140625,31.40214927402585,43.63903030937018,1176,False,False,False,41.68,,,OPEN,,stocks
AAPL,SHORT,2022-07-11,141.89671325683594,150.21124671062987,125.26764634924808,229,False,False,False,58.78,2022-07-20,150.21124671062987,LOSS,7.0,stocks
AAPL,LONG,2022-09-07,152.9712677001953,145.77883092799993,167.35614124458607,270,False,False,False,34.53,2022-09-16,145.77883092799993,LOSS,7.0,stocks
AAPL,SHORT,2022-10-26,146.48797607421875,155.40974718911463,128.644433844427,305,False,False,False,59.4,2022-12-20,128.644433844427,WIN,38.0,stocks
AAPL,LONG,2022-12-29,127.3371353149414,118.64928864497014,144.71282865488394,349,False,False,False,28.64,2023-02-02,144.71282865488394,WIN,23.0,stocks
AAPL,SHORT,2023-06-05,176.9446258544922,182.77087975047158,165.2921180625334,456,False,False,False,73.73,2023-06-15,182.77087975047158,LOSS,8.0,stocks
AAPL,SHORT,2023-07-03,189.63560485839844,195.06835632593908,178.77010192331716,475,False,False,False,78.33,2023-07-19,195.06835632593908,LOSS,11.0,stocks
AAPL,LONG,2023-08-14,177.065185546875,170.68174178112486,189.8320730783753,504,True,True,True,28.64,2023-08-18,170.68174178112486,LOSS,4.0,stocks
AAPL,LONG,2023-10-27,165.9751739501953,159.54717754473847,178.831166761109,557,False,False,False,29.09,2023-11-07,178.831166761109,WIN,7.0,stocks
AAPL,SHORT,2023-11-09,179.97581481933594,186.2950634797077,167.33731749859243,566,False,False,False,65.96,2023-11-15,186.2950634797077,LOSS,4.0,stocks
AAPL,LONG,2023-12-28,191.24839782714844,186.17318972500527,201.39881403143477,599,False,False,False,52.49,2024-01-02,186.17318972500527,LOSS,2.0,stocks
AAPL,LONG,2024-01-08,183.32496643066406,177.2545386362511,195.46582201948996,605,False,True,True,26.99,2024-02-02,177.2545386362511,LOSS,18.0,stocks
AAPL,LONG,2024-03-08,168.88880920410156,162.1818588192685,182.30270997376766,647,False,False,False,21.0,2024-05-03,182.30270997376766,WIN,39.0,stocks
AAPL,SHORT,2024-05-10,181.3215789794922,188.84740344334767,166.26993005178122,691,False,False,False,67.93,2024-05-15,188.84740344334767,LOSS,3.0,stocks
AAPL,LONG,2024-07-22,221.84530639648438,211.5572432487305,242.42143269199215,739,False,False,False,56.21,2024-08-05,211.5572432487305,LOSS,10.0,stocks
AAPL,LONG,2024-08-07,207.8387908935547,194.12862292392936,235.25912683280535,751,False,True,True,34.68,2024-10-15,235.25912683280535,WIN,48.0,stocks
AAPL,LONG,2024-11-05,221.5963134765625,213.55859059840637,237.67175923287476,814,False,True,True,37.11,2024-12-02,237.67175923287476,WIN,18.0,stocks
AAPL,SHORT,2024-12-05,241.28895568847656,248.3453169100473,227.17623324533508,835,False,False,False,74.86,2024-12-11,248.3453169100473,LOSS,4.0,stocks
AAPL,LONG,2025-01-15,236.1562042236328,226.66447131872027,255.1396700334579,861,False,True,True,31.99,2025-01-16,226.66447131872027,LOSS,1.0,stocks
AAPL,LONG,2025-03-14,212.18490600585938,198.62293644394123,239.30884512969567,901,False,False,False,24.64,2025-04-04,198.62293644394123,LOSS,15.0,stocks
AAPL,SHORT,2025-07-07,208.940185546875,218.2344182837571,190.3517200731108,978,False,True,True,69.13,2025-08-07,218.2344182837571,LOSS,23.0,stocks
AAPL,LONG,2025-10-14,246.8581085205078,237.23035912852697,266.1136073044695,1048,False,False,False,49.38,2025-10-27,266.1136073044695,WIN,9.0,stocks
AAPL,LONG,2025-12-16,273.8645324707031,264.0585748990153,293.4764476140788,1092,False,False,False,48.09,2026-01-06,264.0585748990153,LOSS,13.0,stocks
AAPL,LONG,2026-01-09,258.6659240722656,249.87859914048747,276.24057393582194,1108,False,True,True,24.49,2026-01-20,249.87859914048747,LOSS,6.0,stocks
AAPL,SHORT,2026-02-03,268.7485046386719,280.30680917862105,245.63189555877352,1124,False,False,False,63.74,2026-03-20,245.63189555877352,WIN,32.0,stocks
AAPL,SHORT,2026-04-16,262.9307556152344,274.70364438092656,239.38497808385,1174,False,False,False,63.35,2026-04-23,274.70364438092656,LOSS,5.0,stocks
AAPL,LONG,2026-06-11,295.375244140625,280.7795238243968,324.5666847730814,1213,False,False,False,42.43,2026-06-25,280.7795238243968,LOSS,9.0,stocks
AAPL,LONG,2026-06-26,283.53546142578125,267.23444288968903,316.1374984979657,1223,False,True,True,30.83,2026-07-09,316.1374984979657,WIN,8.0,stocks
SNAP,SHORT,2022-06-28,13.729999542236328,16.350025984129584,8.489946658449817,221,False,False,False,44.21,2022-07-21,16.350025984129584,LOSS,16.0,stocks
SNAP,SHORT,2022-07-22,9.960000038146973,12.835057788619581,4.209884537201756,238,False,False,False,60.88,2022-09-09,12.835057788619581,LOSS,34.0,stocks
SNAP,LONG,2022-10-24,8.3100004196167,6.455768599792682,12.018464059264733,303,False,False,False,28.42,2023-02-06,12.018464059264733,WIN,71.0,stocks
SNAP,LONG,2023-04-24,10.220000267028809,9.193875582182168,12.27224963672209,427,False,False,False,38.79,2023-04-28,9.193875582182168,LOSS,4.0,stocks
SNAP,LONG,2023-05-05,8.229999542236328,7.130009830020354,10.429978966668276,436,False,False,False,26.62,2023-05-30,10.429978966668276,WIN,16.0,stocks
SNAP,SHORT,2023-07-13,13.510000228881836,14.537020319262195,11.455960048121117,482,False,False,False,80.75,2023-07-26,11.455960048121117,WIN,9.0,stocks
SNAP,LONG,2023-07-31,11.359999656677246,10.082248882363835,13.915501205304068,494,False,False,False,36.13,2023-08-11,10.082248882363835,LOSS,9.0,stocks
SNAP,SHORT,2023-10-18,9.600000381469727,10.341096816276075,8.11780751185703,550,False,True,True,61.11,2023-10-25,10.341096816276075,LOSS,5.0,stocks
SNAP,LONG,2024-01-05,16.549999237060547,15.320943270512707,19.008111170156226,604,False,False,False,57.48,2024-01-17,15.320943270512707,LOSS,7.0,stocks
SNAP,LONG,2024-01-18,16.209999084472656,14.86741046514651,18.89517632312495,612,False,False,False,43.88,2024-02-07,14.86741046514651,LOSS,14.0,stocks
SNAP,LONG,2024-02-12,11.640000343322754,9.596749532085209,15.726501965797844,629,False,False,False,26.43,2024-05-01,15.726501965797844,WIN,55.0,stocks
SNAP,SHORT,2024-05-07,17.139999389648438,18.72248208947562,13.975033989994074,688,False,False,False,82.16,2024-07-24,13.975033989994074,WIN,53.0,stocks
SNAP,LONG,2024-07-29,13.350000381469727,11.985169231386543,16.079662681636094,744,False,False,False,27.62,2024-08-02,11.985169231386543,LOSS,4.0,stocks
SNAP,LONG,2024-08-06,8.640000343322754,6.871110274242133,12.177780481483996,750,False,False,False,12.72,2024-10-30,12.177780481483996,WIN,60.0,stocks
SNAP,SHORT,2024-10-31,12.15999984741211,13.169174688051799,10.141650166132731,811,False,False,False,76.54,2025-01-10,13.169174688051799,LOSS,47.0,stocks
SNAP,LONG,2025-03-05,9.789999961853027,8.847120481152661,11.67575892325376,894,False,False,False,33.98,2025-03-11,8.847120481152661,LOSS,4.0,stocks
SNAP,LONG,2025-03-12,8.890000343322754,7.957533987657765,10.754933054652732,899,False,False,False,29.08,2025-04-04,7.957533987657765,LOSS,17.0,stocks
SNAP,LONG,2025-04-09,8.819999694824219,7.526503483793984,11.406992116884688,919,True,False,False,24.57,2025-04-21,7.526503483793984,LOSS,7.0,stocks
SNAP,SHORT,2025-04-30,7.960000038146973,9.133208004913532,5.613584104613853,933,False,False,False,59.07,2025-05-12,9.133208004913532,LOSS,8.0,stocks
SNAP,LONG,2025-06-16,8.270000457763672,7.513143268920247,9.783714835450521,965,False,False,False,40.24,2025-07-15,9.783714835450521,WIN,19.0,stocks
SNAP,LONG,2025-08-13,7.320000171661377,6.459093867129519,9.041812780725094,1005,False,False,False,28.15,2025-09-22,9.041812780725094,WIN,27.0,stocks
SNAP,SHORT,2025-09-23,8.420000076293945,9.218030610358307,6.8239390081652225,1033,False,True,True,66.43,2026-02-02,6.8239390081652225,WIN,90.0,stocks
SNAP,LONG,2026-02-06,5.21999979019165,4.507724027594365,6.644551315386222,1127,False,False,False,16.06,2026-03-19,4.507724027594365,LOSS,28.0,stocks
SNAP,SHORT,2026-04-02,4.630000114440918,5.19657529001322,3.4968497632963143,1165,False,False,False,53.9,2026-04-14,5.19657529001322,LOSS,7.0,stocks
SNAP,SHORT,2026-04-20,6.0,6.640311654290807,4.719376691418386,1176,False,True,True,70.96,2026-06-17,4.719376691418386,WIN,41.0,stocks
SNAP,LONG,2026-06-24,4.53000020980835,3.8685740976001455,5.852852434224758,1221,False,False,False,29.9,,,OPEN,,stocks
BAC,SHORT,2022-06-01,32.92763900756836,35.11856177775101,28.545793467203055,203,False,False,False,54.33,2022-06-14,28.545793467203055,WIN,9.0,stocks
BAC,SHORT,2022-07-22,30.191205978393555,32.11200059322683,26.349616748727,238,False,False,False,59.11,2022-08-11,32.11200059322683,LOSS,14.0,stocks
BAC,SHORT,2022-10-19,30.8355712890625,32.996047244235434,26.51461937871663,300,False,True,True,64.96,2022-10-27,32.996047244235434,LOSS,6.0,stocks
BAC,LONG,2022-12-12,29.92772674560547,28.227899660563445,33.32738091568952,337,False,False,False,27.09,2023-02-03,33.32738091568952,WIN,36.0,stocks
BAC,LONG,2023-02-27,31.281007766723633,30.05557435670076,33.73187458676938,388,False,False,False,36.97,2023-03-08,30.05557435670076,LOSS,7.0,stocks
BAC,LONG,2023-03-14,26.46819305419922,24.539888795826403,30.32480157094485,399,False,False,False,13.79,2023-03-24,24.539888795826403,LOSS,8.0,stocks
BAC,SHORT,2023-04-19,27.664602279663086,29.27899661326104,24.43581361246718,424,False,False,False,60.94,2023-07-19,29.27899661326104,LOSS,62.0,stocks
BAC,SHORT,2023-07-25,29.824161529541016,31.156509049353485,27.159466489916078,490,False,False,False,77.68,2023-08-16,27.159466489916078,WIN,16.0,stocks
BAC,LONG,2023-08-21,27.04119110107422,25.835323525385512,29.452926252451633,509,False,False,False,34.68,2023-09-22,25.835323525385512,LOSS,23.0,stocks
BAC,LONG,2023-10-04,24.263940811157227,23.216817330677568,26.358187772116544,540,False,False,False,22.96,2023-11-03,26.358187772116544,WIN,22.0,stocks
BAC,SHORT,2023-11-07,26.340497970581055,27.731606093805617,23.55828172413193,564,False,True,True,63.35,2023-11-15,27.731606093805617,LOSS,6.0,stocks
BAC,LONG,2024-01-19,30.37871742248535,29.046950307094068,33.04225165326792,613,False,False,False,38.93,2024-01-31,33.04225165326792,WIN,8.0,stocks
BAC,SHORT,2024-03-08,33.802005767822266,35.19751231876661,31.01099266593357,647,False,False,False,71.23,2024-03-21,35.19751231876661,LOSS,9.0,stocks
BAC,LONG,2024-04-18,33.96342086791992,32.355916201869206,37.17843020002135,675,False,False,False,40.8,2024-05-15,37.17843020002135,WIN,19.0,stocks
BAC,LONG,2024-06-27,37.49432373046875,36.0528282668731,40.37731465766005,723,False,False,False,47.64,2024-07-16,40.37731465766005,WIN,12.0,stocks
BAC,SHORT,2024-07-18,41.08613204956055,42.797466939381835,37.66346226991797,737,False,False,False,76.78,2024-08-01,37.66346226991797,WIN,10.0,stocks
BAC,LONG,2024-08-07,35.63154220581055,33.46644962728659,39.961727362858454,751,False,True,True,26.08,2024-10-11,39.961727362858454,WIN,46.0,stocks
BAC,SHORT,2024-10-17,40.95978546142578,42.543192351045946,37.79297168218545,801,False,False,False,74.26,2024-11-06,42.543192351045946,LOSS,14.0,stocks
BAC,LONG,2024-12-20,42.70558166503906,40.954820090152374,46.20710481481244,846,False,True,True,31.22,2025-02-06,46.20710481481244,WIN,30.0,stocks
BAC,LONG,2025-02-27,42.65723419189453,40.896249905673,46.17920276433759,890,False,True,True,31.51,2025-03-04,40.896249905673,LOSS,3.0,stocks
BAC,SHORT,2025-05-14,43.5296630859375,45.85852800801328,38.87193324178594,943,False,False,False,74.4,2025-06-24,45.85852800801328,LOSS,27.0,stocks
BAC,LONG,2025-07-17,46.017578125,44.135315835741594,49.78210270351681,986,False,False,False,47.26,2025-08-05,44.135315835741594,LOSS,13.0,stocks
BAC,LONG,2025-08-06,44.45168685913086,42.753454387372486,47.84815180264761,1000,False,True,True,37.12,2025-08-22,47.84815180264761,WIN,12.0,stocks
BAC,LONG,2025-10-14,49.294795989990234,47.35733119123114,53.169725587508424,1048,True,False,False,34.3,2025-11-12,53.169725587508424,WIN,21.0,stocks
BAC,LONG,2026-01-22,51.88557434082031,49.69236895901403,56.27198510443287,1116,False,True,True,34.44,2026-02-24,49.69236895901403,LOSS,22.0,stocks
BAC,SHORT,2026-04-16,53.2334098815918,55.754175632465305,48.19187837984478,1174,False,False,False,75.17,2026-06-12,55.754175632465305,LOSS,40.0,stocks
BAC,SHORT,2026-06-15,55.869998931884766,58.13075290469106,51.34849098627218,1215,False,False,False,74.75,2026-06-24,58.13075290469106,LOSS,6.0,stocks
BAC,LONG,2026-07-30,61.72999954223633,59.37580400471231,66.43839061728437,1246,False,False,False,57.76,,,OPEN,,stocks
GM,SHORT,2022-06-01,36.757225036621094,40.08955963375736,30.09255584234856,203,False,False,False,52.98,2022-06-16,30.09255584234856,WIN,11.0,stocks
GM,SHORT,2022-07-22,33.29952621459961,35.99110571491372,27.916367213971384,238,False,False,False,58.6,2022-08-03,35.99110571491372,LOSS,8.0,stocks
GM,LONG,2022-09-28,33.93391036987305,31.088835624185474,39.62405986124819,285,False,False,False,32.11,2022-09-30,31.088835624185474,LOSS,2.0,stocks
GM,LONG,2022-10-03,31.64275550842285,28.691125643087844,37.54601523909287,288,False,False,False,26.65,2022-10-31,37.54601523909287,WIN,20.0,stocks
GM,LONG,2022-12-08,36.85554885864258,34.63393735483127,41.2987718662652,335,False,True,False,43.74,2022-12-16,34.63393735483127,LOSS,6.0,stocks
GM,LONG,2022-12-21,34.636497497558594,32.48698424363497,38.93552400540584,344,False,False,False,29.72,2022-12-22,32.48698424363497,LOSS,1.0,stocks
GM,LONG,2022-12-23,32.63935089111328,30.354143638939597,37.20976539546065,346,False,False,False,27.05,2023-01-12,37.20976539546065,WIN,12.0,stocks
GM,LONG,2023-03-14,34.42707061767578,31.87937810332529,39.52245564637676,399,False,False,False,31.2,2023-04-20,31.87937810332529,LOSS,26.0,stocks
GM,SHORT,2023-06-14,36.22968673706055,38.3480839496992,31.992892311783237,463,False,False,False,71.64,2023-07-07,38.3480839496992,LOSS,15.0,stocks
GM,LONG,2023-07-24,38.110992431640625,36.42963466370213,41.47370796751761,489,False,False,False,51.3,2023-07-25,36.42963466370213,LOSS,1.0,stocks
GM,LONG,2023-07-26,37.131553649902344,35.287877210145695,40.81890652941564,491,False,False,False,45.75,2023-08-04,35.287877210145695,LOSS,7.0,stocks
GM,LONG,2023-08-07,35.967864990234375,34.25877475283295,39.38604546503723,499,False,False,False,37.48,2023-08-10,34.25877475283295,LOSS,3.0,stocks
GM,LONG,2023-08-14,33.039222717285156,31.199659029355427,36.718350093144615,504,False,False,False,26.44,2023-08-25,31.199659029355427,LOSS,9.0,stocks
GM,SHORT,2023-11-06,28.305585861206055,30.344223569783498,24.228310444051168,563,False,False,False,50.4,2023-11-29,30.344223569783498,LOSS,16.0,stocks
GM,SHORT,2023-12-05,31.867691040039062,33.78239149284831,28.038290134420564,583,False,True,True,73.89,2023-12-14,33.78239149284831,LOSS,7.0,stocks
GM,LONG,2024-01-19,34.62735366821289,32.883220077110785,38.1156208504171,613,False,False,False,45.91,2024-01-31,38.1156208504171,WIN,8.0,stocks
GM,LONG,2024-05-24,43.14101028442383,41.46907373826954,46.4848833767324,701,False,False,False,39.82,2024-05-29,41.46907373826954,LOSS,2.0,stocks
GM,LONG,2024-05-30,42.456382751464844,40.733373546432446,45.90240116152964,704,False,True,True,33.39,2024-06-10,45.90240116152964,WIN,7.0,stocks
GM,LONG,2024-07-29,43.29403305053711,40.759918109633965,48.3622629323434,744,False,True,True,34.94,2024-08-02,40.759918109633965,LOSS,4.0,stocks
GM,LONG,2024-08-06,39.822662353515625,36.97744445764762,45.51309814525163,750,False,False,False,22.59,2024-08-20,45.51309814525163,WIN,10.0,stocks
GM,SHORT,2024-10-23,52.023651123046875,54.99177608795487,46.08740119323089,805,False,False,False,76.64,2024-11-08,54.99177608795487,LOSS,12.0,stocks
GM,LONG,2024-11-27,54.55995559692383,50.753873412500575,62.172119965770335,830,False,False,False,50.15,2024-12-11,50.753873412500575,LOSS,9.0,stocks
GM,SHORT,2025-03-20,48.83624267578125,52.484381680108484,41.53996466712678,905,False,False,False,57.11,2025-03-26,52.484381680108484,LOSS,4.0,stocks
GM,SHORT,2025-05-15,49.50794219970703,52.51295397189983,43.49791865532143,944,False,False,False,68.83,2025-07-03,52.51295397189983,LOSS,33.0,stocks
GM,LONG,2025-07-23,52.648319244384766,49.5408676248046,58.8632224835451,990,False,False,False,37.06,2025-09-12,58.8632224835451,WIN,36.0,stocks
GM,LONG,2025-10-03,59.738956451416016,57.02309917871463,65.17067099681879,1041,False,False,False,52.62,2025-10-07,57.02309917871463,LOSS,2.0,stocks
GM,LONG,2025-10-14,56.77833557128906,53.82846382658384,62.6780790606995,1048,True,False,False,34.78,2025-10-21,62.6780790606995,WIN,5.0,stocks
GM,LONG,2026-01-21,80.56419372558594,76.52802832032069,88.63652453611644,1115,False,False,False,39.02,2026-03-02,76.52802832032069,LOSS,27.0,stocks
GM,SHORT,2026-04-09,76.56404113769531,81.26547275577501,67.16117790153592,1169,False,False,False,54.74,2026-04-17,81.26547275577501,LOSS,6.0,stocks
GM,SHORT,2026-04-20,80.36579895019531,84.89582066208908,71.30575552640778,1176,False,False,False,64.78,2026-05-19,71.30575552640778,WIN,21.0,stocks
GM,SHORT,2026-05-28,84.16755676269531,89.16401267074534,74.17464494659527,1203,False,False,False,67.24,2026-07-28,89.16401267074534,LOSS,41.0,stocks
GM,SHORT,2026-07-30,88.4000015258789,94.06702284083626,77.0659588959642,1246,False,False,False,71.73,,,OPEN,,stocks
RACE,LONG,2022-08-24,196.99351501464844,188.09765596130674,214.78523312133183,261,False,True,False,42.95,2022-08-31,188.09765596130674,LOSS,5.0,stocks
RACE,LONG,2022-09-01,187.5598907470703,178.7159088668679,205.24785450747515,267,False,False,False,37.21,2022-09-23,178.7159088668679,LOSS,15.0,stocks
RACE,SHORT,2022-10-27,189.9207000732422,199.7884784467634,170.18514332619975,306,False,True,True,60.48,2022-11-10,199.7884784467634,LOSS,10.0,stocks
RACE,SHORT,2022-11-14,205.8562774658203,216.8017169650359,183.96539846738915,318,False,False,False,73.04,2022-12-01,216.8017169650359,LOSS,12.0,stocks
RACE,LONG,2022-12-29,209.56199645996094,202.30345257910415,224.07908422167452,349,True,False,False,39.24,2023-01-09,224.07908422167452,WIN,6.0,stocks
RACE,LONG,2023-02-27,252.8792724609375,243.58678317941653,271.46425102397944,388,False,False,False,54.38,2023-04-13,271.46425102397944,WIN,32.0,stocks
RACE,SHORT,2023-04-17,271.9207458496094,281.1426289374224,253.47697967398335,422,False,False,False,78.68,2023-05-04,281.1426289374224,LOSS,13.0,stocks
RACE,SHORT,2023-05-08,289.4042053222656,299.21501256050306,269.78259084579076,437,False,False,False,75.11,2023-06-16,299.21501256050306,LOSS,28.0,stocks
RACE,SHORT,2023-07-03,317.56793212890625,325.8546667467362,300.99446289324635,475,False,False,False,79.49,2023-08-07,300.99446289324635,WIN,24.0,stocks
RACE,SHORT,2023-11-08,328.6287536621094,340.2161171309465,305.45402672443515,565,False,False,False,76.19,2023-11-14,340.2161171309465,LOSS,4.0,stocks
RACE,LONG,2023-12-26,327.3326721191406,316.09330731924695,349.811401718928,597,False,True,True,33.44,2024-02-01,349.811401718928,WIN,25.0,stocks
RACE,SHORT,2024-02-05,362.19134521484375,381.03965615347454,324.4947233375822,624,False,False,False,67.49,2024-02-09,381.03965615347454,LOSS,4.0,stocks
RACE,LONG,2024-04-08,412.75933837890625,398.6850645613493,440.90788601402016,667,False,False,False,47.61,2024-04-19,398.6850645613493,LOSS,9.0,stocks
RACE,SHORT,2024-07-11,420.2318420410156,434.1398431010334,392.41583992098003,732,False,False,False,64.22,2024-08-14,434.1398431010334,LOSS,24.0,stocks
RACE,SHORT,2024-08-22,467.86798095703125,486.57004395018134,430.46385497073106,762,False,False,False,78.06,2024-08-30,486.57004395018134,LOSS,6.0,stocks
RACE,LONG,2024-11-07,443.9566955566406,424.8779626966905,482.1141612765409,816,False,True,True,31.69,2024-11-15,424.8779626966905,LOSS,6.0,stocks
RACE,SHORT,2025-02-07,437.8562927246094,456.6637815523398,400.2413150691485,877,False,False,False,68.67,2025-02-11,456.6637815523398,LOSS,2.0,stocks
RACE,SHORT,2025-02-18,494.986328125,515.8940187144677,453.17094694606453,883,False,False,False,76.85,2025-02-27,453.17094694606453,WIN,7.0,stocks
RACE,SHORT,2025-04-23,436.64068603515625,462.8814756206737,384.1591068641213,928,False,False,False,58.21,2025-05-05,462.8814756206737,LOSS,8.0,stocks
RACE,LONG,2025-06-16,459.5068054199219,443.74063002824977,491.0391562032661,965,False,True,True,38.84,2025-07-10,491.0391562032661,WIN,16.0,stocks
RACE,LONG,2025-08-05,436.74945068359375,413.04507645754046,484.15819913570033,999,False,False,False,26.34,2025-09-02,484.15819913570033,WIN,19.0,stocks
RACE,SHORT,2025-10-03,495.4321594238281,512.4984918385835,461.29949459431737,1041,False,False,False,66.02,2025-10-09,461.29949459431737,WIN,4.0,stocks
RACE,LONG,2025-10-15,385.1153564453125,356.8539349977209,441.6381993404957,1049,False,False,False,21.23,2025-12-10,356.8539349977209,LOSS,39.0,stocks
RACE,LONG,2026-01-21,337.7816162109375,321.48084203918165,370.3831645544492,1115,False,False,False,26.61,2026-02-11,370.3831645544492,WIN,15.0,stocks
RACE,SHORT,2026-02-13,374.7549133300781,395.45880607724223,333.3471278357499,1132,False,True,True,71.37,2026-03-09,333.3471278357499,WIN,15.0,stocks
RACE,SHORT,2026-04-21,358.5,378.90768240334694,317.6846351933061,1177,False,True,True,71.83,2026-07-02,378.90768240334694,LOSS,50.0,stocks
RACE,SHORT,2026-07-07,386.989990234375,407.8274809711563,345.31500876081236,1229,False,False,False,68.03,2026-08-03,407.8274809711563,LOSS,19.0,stocks
MSFT,SHORT,2022-05-31,263.043212890625,280.15247873669443,228.82468119848613,202,False,False,False,53.57,2022-08-10,280.15247873669443,LOSS,49.0,stocks
MSFT,LONG,2022-09-01,252.4804229736328,240.95990287336465,275.5214631741691,267,False,False,False,34.23,2022-09-15,240.95990287336465,LOSS,9.0,stocks
MSFT,SHORT,2022-10-26,224.2848663330078,240.49649483631924,191.86160932638495,305,False,False,False,59.05,2022-11-23,240.49649483631924,LOSS,20.0,stocks
MSFT,LONG,2022-12-29,234.33865356445312,221.47288942425214,260.0701818448551,349,False,False,False,39.52,2023-01-04,221.47288942425214,LOSS,3.0,stocks
MSFT,LONG,2023-01-06,218.70379638671875,204.97558743398034,246.16021429219558,354,False,False,False,31.66,2023-02-01,246.16021429219558,WIN,17.0,stocks
MSFT,SHORT,2023-02-03,251.19871520996094,264.8602509187699,223.875643792343,373,False,False,False,70.3,2023-02-08,264.8602509187699,LOSS,3.0,stocks
MSFT,LONG,2023-04-26,287.9132995605469,273.86356556473856,316.0127675521635,429,False,False,False,42.84,2023-05-25,316.0127675521635,WIN,21.0,stocks
MSFT,LONG,2023-06-22,331.8577880859375,318.58660537749216,358.4001535028282,468,False,False,False,55.74,2023-08-03,318.58660537749216,LOSS,29.0,stocks
MSFT,SHORT,2023-09-12,324.7875061035156,336.4743759977127,301.4137663151215,524,False,False,False,62.35,2023-10-25,336.4743759977127,LOSS,31.0,stocks
MSFT,LONG,2023-12-15,363.6642150878906,350.4069321551407,390.1787809533905,591,False,False,False,47.3,2024-01-19,390.1787809533905,WIN,22.0,stocks
MSFT,SHORT,2024-01-22,388.952880859375,400.4422651966552,365.97411218481454,614,False,False,False,76.98,2024-01-29,400.4422651966552,LOSS,5.0,stocks
MSFT,LONG,2024-04-16,407.43048095703125,393.5739285354119,435.14358580027,673,False,False,False,43.33,2024-04-19,393.5739285354119,LOSS,3.0,stocks
MSFT,LONG,2024-04-23,400.5413818359375,386.3150326088342,428.9940802901441,678,False,True,True,34.57,2024-04-25,386.3150326088342,LOSS,2.0,stocks
MSFT,LONG,2024-07-22,436.0865478515625,420.89140868447373,466.47682618574004,739,False,False,False,39.2,2024-07-25,420.89140868447373,LOSS,3.0,stocks
MSFT,LONG,2024-07-26,418.6899719238281,401.4424023312468,453.1851111089908,743,False,True,True,30.41,2024-08-02,401.4424023312468,LOSS,5.0,stocks
MSFT,SHORT,2024-09-16,425.43145751953125,441.5879786281847,393.1184153022243,778,False,False,False,62.91,2024-12-09,441.5879786281847,LOSS,59.0,stocks
MSFT,SHORT,2025-03-26,386.17083740234375,402.6724749873676,353.16756223229606,909,False,False,False,50.76,2025-04-07,353.16756223229606,WIN,8.0,stocks
MSFT,SHORT,2025-04-10,377.634765625,405.878924357272,321.146448160456,920,False,False,False,54.49,2025-05-01,405.878924357272,LOSS,14.0,stocks
MSFT,SHORT,2025-05-06,429.0885925292969,454.54623531234637,378.1733069631979,937,False,False,False,73.55,2025-05-19,454.54623531234637,LOSS,9.0,stocks
MSFT,LONG,2025-07-24,506.8316650390625,493.92917662539253,532.6366418664024,991,False,False,False,64.94,2025-07-31,532.6366418664024,WIN,5.0,stocks
MSFT,SHORT,2025-08-01,519.956787109375,538.6734728854417,482.5234155572416,997,False,False,False,82.42,2025-10-28,538.6734728854417,LOSS,61.0,stocks
MSFT,SHORT,2025-10-30,522.4512329101562,541.2947233316838,484.7642520671011,1060,False,False,False,73.59,2025-11-18,484.7642520671011,WIN,13.0,stocks
MSFT,LONG,2026-01-16,457.8211669921875,441.3787420374003,490.7060169017619,1113,False,False,False,29.06,2026-01-21,441.3787420374003,LOSS,2.0,stocks
MSFT,LONG,2026-01-22,449.1398620605469,431.3441770098947,484.73123216185127,1116,False,False,False,25.01,2026-01-29,431.3441770098947,LOSS,5.0,stocks
MSFT,LONG,2026-03-30,358.1842041015625,340.7270596637783,393.09849297713095,1162,False,False,False,21.13,2026-04-14,393.09849297713095,WIN,10.0,stocks
MSFT,SHORT,2026-04-20,417.1664733886719,436.54511816083954,378.40918384433655,1176,False,True,True,73.51,2026-05-29,436.54511816083954,LOSS,28.0,stocks
MSFT,LONG,2026-06-15,399.760009765625,375.58723955957765,448.1055501777197,1215,False,False,False,36.19,2026-06-18,375.58723955957765,LOSS,3.0,stocks
MSFT,SHORT,2026-08-05,487.4599914550781,520.904640484323,420.57069339658847,1250,False,False,False,80.26,,,OPEN,,stocks
C,SHORT,2022-05-27,46.36484909057617,49.548486357848134,39.99757455603225,201,False,True,True,62.98,2022-06-13,39.99757455603225,WIN,10.0,stocks
C,SHORT,2022-07-22,44.88622283935547,47.952904228202655,38.752860061661096,238,False,True,True,66.7,2022-09-23,38.752860061661096,WIN,44.0,stocks
C,LONG,2022-12-09,39.62595748901367,37.43205261479858,44.01376723744386,336,False,False,False,37.7,2023-01-13,44.01376723744386,WIN,23.0,stocks
C,SHORT,2023-01-18,43.66275405883789,45.74487805288814,39.49850607073739,361,False,False,False,75.99,2023-01-23,45.74487805288814,LOSS,3.0,stocks
C,LONG,2023-02-23,44.94082260131836,42.92637434458876,48.96971911477756,386,False,False,False,47.52,2023-03-10,42.92637434458876,LOSS,11.0,stocks
C,LONG,2023-03-14,42.28255081176758,39.54527966199826,47.75709311130622,399,False,False,False,23.08,2023-03-15,39.54527966199826,LOSS,1.0,stocks
C,SHORT,2023-06-14,43.50363540649414,45.44163089586909,39.627644427744244,463,False,False,False,66.78,2023-08-15,39.627644427744244,WIN,42.0,stocks
C,LONG,2023-08-21,38.37960433959961,36.687464652318226,41.763883714162375,509,False,False,False,24.66,2023-09-26,36.687464652318226,LOSS,25.0,stocks
C,SHORT,2023-11-08,38.646888732910156,40.311254667914,35.31815686290247,565,False,True,True,63.72,2023-11-14,40.311254667914,LOSS,4.0,stocks
C,SHORT,2023-11-16,41.280643463134766,43.052173804356904,37.73758278069049,571,False,False,False,75.28,2023-12-01,43.052173804356904,LOSS,10.0,stocks
C,SHORT,2024-01-04,49.690181732177734,51.699490199306815,45.67156479791957,603,False,False,False,80.7,2024-01-30,51.699490199306815,LOSS,17.0,stocks
C,LONG,2024-02-14,50.360355377197266,48.0473745561165,54.98631701935879,631,False,False,False,46.08,2024-03-19,54.98631701935879,WIN,23.0,stocks
C,SHORT,2024-03-22,56.74169921875,58.999190736638674,52.22671618297265,657,False,False,False,80.47,2024-03-28,58.999190736638674,LOSS,4.0,stocks
C,LONG,2024-04-11,56.63907241821289,54.2936175537483,61.329982147142076,670,False,False,False,50.6,2024-04-15,54.2936175537483,LOSS,2.0,stocks
C,LONG,2024-04-17,54.26939010620117,51.32774452566425,60.152681267275014,674,False,False,False,34.75,2024-05-13,60.152681267275014,WIN,18.0,stocks
C,LONG,2024-06-12,56.47236633300781,54.00667137482977,61.403756249363894,713,False,True,True,32.87,2024-07-09,61.403756249363894,WIN,17.0,stocks
C,SHORT,2024-07-11,61.83635330200195,64.25603886037135,56.996982185263164,732,False,False,False,73.01,2024-08-02,56.996982185263164,WIN,16.0,stocks
C,LONG,2024-08-08,55.106040954589844,51.15062975112441,63.016863361520706,752,False,True,True,29.38,2024-10-14,63.016863361520706,WIN,46.0,stocks
C,SHORT,2024-11-07,65.28543853759766,68.71043651427732,58.43544258423833,816,False,False,False,69.47,2024-12-03,68.71043651427732,LOSS,17.0,stocks
C,LONG,2024-12-23,66.87660217285156,64.05669069970303,72.51642511914864,847,False,False,False,46.47,2025-01-15,72.51642511914864,WIN,14.0,stocks
C,LONG,2025-02-26,76.31575012207031,72.3716183907139,84.20401358478313,889,False,False,False,43.39,2025-03-04,72.3716183907139,LOSS,4.0,stocks
C,LONG,2025-03-11,65.14877319335938,60.09927013363458,75.24777931280896,898,False,False,False,23.96,2025-04-04,60.09927013363458,LOSS,18.0,stocks
C,SHORT,2025-07-07,85.2247314453125,88.28630595645583,79.10158242302583,978,False,False,False,85.49,2025-07-15,88.28630595645583,LOSS,6.0,stocks
C,LONG,2025-08-04,90.17241668701172,86.12820982966625,98.26083040170266,998,False,False,False,54.85,2025-09-16,98.26083040170266,WIN,30.0,stocks
C,SHORT,2025-09-23,100.86619567871094,104.61338065722212,93.37182572168857,1033,False,False,False,76.08,2025-10-10,93.37182572168857,WIN,13.0,stocks
C,LONG,2025-10-13,94.10914611816406,89.50933562174146,103.30876711100927,1047,False,True,True,31.81,2025-12-03,103.30876711100927,WIN,36.0,stocks
C,SHORT,2025-12-12,110.13668060302734,115.07496529337658,100.26011122232887,1090,False,False,False,76.74,2025-12-22,115.07496529337658,LOSS,6.0,stocks
C,LONG,2026-01-15,115.71246337890625,109.40463925359285,128.32811162953305,1112,False,False,False,42.26,2026-02-13,109.40463925359285,LOSS,20.0,stocks
C,SHORT,2026-04-02,114.12713623046875,121.86157276673542,98.65826315793541,1165,False,False,False,58.44,2026-04-08,121.86157276673542,LOSS,3.0,stocks
C,SHORT,2026-04-16,128.07986450195312,135.53224972454652,113.17509405676634,1174,False,False,False,77.59,2026-06-10,135.53224972454652,LOSS,38.0,stocks
C,LONG,2026-07-15,134.20765686035156,126.27023569011685,150.082499200821,1235,False,False,False,40.11,2026-07-29,126.27023569011685,LOSS,10.0,stocks
WMT,SHORT,2022-07-22,41.977542877197266,43.53168183740197,38.86926495678786,238,False,True,True,71.32,2022-07-26,38.86926495678786,WIN,2.0,stocks
WMT,LONG,2022-09-26,41.87336730957031,40.05455914469609,45.51098363931875,283,False,False,False,40.05,2022-10-28,45.51098363931875,WIN,24.0,stocks
WMT,SHORT,2022-10-31,45.38753890991211,47.115008897543305,41.93259893464972,308,False,False,False,69.64,2022-11-15,47.115008897543305,LOSS,11.0,stocks
WMT,LONG,2022-12-12,47.37995910644531,45.7267102363485,50.68645684663893,337,False,False,False,43.92,2022-12-16,45.7267102363485,LOSS,4.0,stocks
WMT,LONG,2022-12-20,46.10919189453125,44.44448141178062,49.43861286003251,343,False,False,False,38.42,2023-01-19,44.44448141178062,LOSS,19.0,stocks
WMT,SHORT,2023-02-14,46.57012939453125,48.10269747166627,43.504993240261214,380,False,False,False,59.25,2023-04-05,48.10269747166627,LOSS,35.0,stocks
WMT,LONG,2023-05-18,48.86792755126953,47.5182634845718,51.567255684665,445,False,False,False,45.87,2023-05-23,47.5182634845718,LOSS,3.0,stocks
WMT,LONG,2023-05-31,47.38385772705078,46.0611063349775,50.02936051119734,453,False,True,True,34.82,2023-06-13,50.02936051119734,WIN,9.0,stocks
WMT,LONG,2023-08-18,51.13321304321289,49.55438314880902,54.290872832020625,508,False,False,False,38.98,2023-10-06,49.55438314880902,LOSS,34.0,stocks
WMT,LONG,2023-10-10,51.0263671875,49.48532984261844,54.10844187726312,544,False,True,True,32.64,2023-11-13,54.10844187726312,WIN,24.0,stocks
WMT,SHORT,2024-02-21,56.44796371459961,58.15200311811368,53.03988490757146,635,False,False,False,78.58,2024-02-26,58.15200311811368,LOSS,3.0,stocks
WMT,LONG,2024-03-27,59.39885330200195,58.00015715926833,62.19624558746919,660,False,False,False,59.15,2024-04-02,58.00015715926833,LOSS,3.0,stocks
WMT,LONG,2024-04-05,58.54777908325195,57.15773225847484,61.327872732806185,666,False,False,False,46.68,2024-05-16,61.327872732806185,WIN,29.0,stocks
WMT,SHORT,2024-05-23,63.64875793457031,65.71348118080641,59.519311442098115,700,False,False,False,76.21,2024-06-05,65.71348118080641,LOSS,8.0,stocks
WMT,LONG,2024-08-01,68.50782012939453,66.66919961755563,72.18506115307233,747,False,False,False,44.16,2024-08-02,66.66919961755563,LOSS,1.0,stocks
WMT,LONG,2024-08-08,66.41695404052734,64.24219029462564,70.76648153233074,752,False,True,True,35.79,2024-08-15,70.76648153233074,WIN,5.0,stocks
WMT,LONG,2024-10-08,78.4686050415039,76.10704098328613,83.19173315793947,794,False,False,False,51.07,2024-11-06,83.19173315793947,WIN,21.0,stocks
WMT,SHORT,2024-11-25,88.10614013671875,91.13685744081218,82.04470552853189,828,False,False,False,79.21,2024-11-29,91.13685744081218,LOSS,3.0,stocks
WMT,LONG,2024-12-24,91.43875885009766,88.00064139560554,98.31499375908189,848,False,False,False,44.58,2025-02-03,98.31499375908189,WIN,25.0,stocks
WMT,LONG,2025-02-25,96.38165283203125,91.83242534814072,105.48010779981232,888,False,False,False,35.41,2025-03-07,91.83242534814072,LOSS,8.0,stocks
WMT,SHORT,2025-04-15,92.96607971191406,99.42591281828642,80.04641349916935,923,False,False,False,62.26,2025-06-03,99.42591281828642,LOSS,33.0,stocks
WMT,LONG,2025-06-18,94.30155944824219,90.78877911437087,101.32712011598483,967,False,True,True,36.87,2025-08-06,101.32712011598483,WIN,33.0,stocks
WMT,SHORT,2025-08-12,102.7608413696289,105.8541028130387,96.57431848280933,1004,False,False,False,76.72,2025-08-21,96.57431848280933,WIN,7.0,stocks
WMT,SHORT,2025-10-16,105.83382415771484,110.16340029322642,97.1746718866917,1050,False,False,False,75.79,2025-12-01,110.16340029322642,LOSS,31.0,stocks
WMT,SHORT,2026-02-05,126.43872833251953,131.67602848658098,115.96412802439664,1126,False,False,False,78.8,2026-02-12,131.67602848658098,LOSS,5.0,stocks
WMT,SHORT,2026-04-24,129.6725311279297,135.0658973430722,118.88579869764465,1180,False,False,False,66.34,2026-05-19,135.0658973430722,LOSS,17.0,stocks
WMT,LONG,2026-06-03,116.88999938964844,110.66818970330134,129.33361876234264,1207,True,True,True,24.61,2026-07-01,110.66818970330134,LOSS,19.0,stocks
INTC,SHORT,2022-06-01,41.548038482666016,44.09123192289595,36.461651602206146,203,False,False,False,52.77,2022-06-13,36.461651602206146,WIN,8.0,stocks
INTC,LONG,2022-06-15,36.40515899658203,33.970357473555524,41.27476204263505,213,False,False,False,28.63,2022-07-01,33.970357473555524,LOSS,11.0,stocks
INTC,SHORT,2022-07-22,36.9232177734375,39.150178784839504,32.46929575063349,238,False,False,False,62.9,2022-08-22,32.46929575063349,WIN,21.0,stocks
INTC,SHORT,2022-10-14,24.651493072509766,26.60161180025115,20.751255617027,297,False,False,False,40.02,2022-10-28,26.60161180025115,LOSS,10.0,stocks
INTC,SHORT,2022-10-31,27.049091339111328,29.23019194077307,22.68689013578784,308,False,False,False,60.9,2022-11-11,29.23019194077307,LOSS,9.0,stocks
INTC,LONG,2022-12-21,25.87157440185547,24.190513609331045,29.233695986904316,344,False,False,False,32.87,2023-01-12,29.233695986904316,WIN,14.0,stocks
INTC,SHORT,2023-01-13,29.034404754638672,30.63871517120622,25.82578392150358,359,False,True,True,70.17,2023-01-27,25.82578392150358,WIN,9.0,stocks
INTC,LONG,2023-02-27,24.303081512451172,22.37425940226073,28.160725732832056,388,False,False,False,31.52,2023-03-16,28.160725732832056,WIN,13.0,stocks
INTC,SHORT,2023-03-17,29.095375061035156,31.056894462194016,25.172336258717436,402,False,True,True,69.91,2023-03-29,31.056894462194016,LOSS,8.0,stocks
INTC,LONG,2023-04-27,29.144176483154297,27.396305995548694,32.6399174583655,430,False,True,False,36.17,2023-05-25,27.396305995548694,LOSS,20.0,stocks
INTC,SHORT,2023-06-20,34.30085372924805,36.82486174965969,29.252837688424762,466,False,False,False,73.42,2023-09-07,36.82486174965969,LOSS,55.0,stocks
INTC,SHORT,2023-09-08,37.384735107421875,39.59494638165109,32.96431255896344,522,False,False,False,70.84,2023-10-23,32.96431255896344,WIN,31.0,stocks
INTC,SHORT,2023-11-20,44.14872741699219,46.58810671811096,39.26996881475465,573,False,False,False,77.63,2023-12-15,46.58810671811096,LOSS,18.0,stocks
INTC,LONG,2024-02-01,42.78696060180664,39.614786591179275,49.13130862306137,622,False,True,True,35.52,2024-04-04,39.614786591179275,LOSS,43.0,stocks
INTC,LONG,2024-04-09,37.93430709838867,35.149345570317294,43.50423015453143,668,False,False,False,29.95,2024-04-17,35.149345570317294,LOSS,6.0,stocks
INTC,SHORT,2024-05-21,31.5399227142334,33.32015205789791,27.97946402690438,698,False,False,False,44.9,2024-07-08,33.32015205789791,LOSS,31.0,stocks
INTC,SHORT,2024-07-11,33.2888298034668,35.14143436529524,29.58362067980991,732,False,True,True,78.07,2024-07-12,35.14143436529524,LOSS,1.0,stocks
INTC,LONG,2024-08-08,20.489999771118164,17.31151980289723,26.846959707560032,752,False,False,False,14.13,2025-02-18,26.846959707560032,WIN,131.0,stocks
INTC,SHORT,2025-02-19,25.719999313354492,28.398298484176813,20.36340097170985,884,False,False,False,79.85,2025-03-05,20.36340097170985,WIN,10.0,stocks
INTC,LONG,2025-04-09,21.530000686645508,18.079066680110323,28.431868699715878,919,False,False,False,28.21,2025-09-18,28.431868699715878,WIN,111.0,stocks
INTC,SHORT,2025-09-19,29.579999923706055,32.26291858921725,24.214162592683664,1031,False,False,False,79.45,2025-09-25,32.26291858921725,LOSS,4.0,stocks
INTC,SHORT,2025-09-29,34.47999954223633,37.70420344876553,28.03159172917792,1037,False,False,False,81.27,2025-10-03,37.70420344876553,LOSS,4.0,stocks
INTC,LONG,2025-11-07,38.130001068115234,34.32423573987771,45.74153172459029,1066,False,False,False,50.06,2025-11-17,34.32423573987771,LOSS,6.0,stocks
INTC,LONG,2025-11-19,35.11000061035156,31.71664898013273,41.896703870789224,1074,False,False,False,37.87,2025-12-02,41.896703870789224,WIN,8.0,stocks
INTC,LONG,2026-03-31,44.130001068115234,38.90203713473017,54.58592893488536,1163,False,True,True,39.64,2026-04-08,54.58592893488536,WIN,5.0,stocks
INTC,SHORT,2026-04-14,63.810001373291016,70.02831900052435,51.37336611882435,1172,False,False,False,79.02,2026-04-17,70.02831900052435,LOSS,3.0,stocks
INTC,LONG,2026-06-03,112.70999908447266,96.19995645660299,145.730084340212,1207,False,False,False,50.8,2026-07-16,96.19995645660299,LOSS,29.0,stocks
XOM,LONG,2022-06-21,79.9872055053711,73.69792213291352,92.56577225028624,216,False,False,False,33.18,2022-06-23,73.69792213291352,LOSS,2.0,stocks
XOM,SHORT,2022-08-01,82.61029815673828,88.23263549185512,71.3656234865046,244,False,False,False,67.28,2022-08-29,88.23263549185512,LOSS,20.0,stocks
XOM,LONG,2022-09-27,75.69673919677734,70.56439031730565,85.96143695572073,284,False,True,True,28.36,2022-10-05,85.96143695572073,WIN,6.0,stocks
XOM,LONG,2022-11-30,99.0893783569336,94.13543630461928,108.99726246156223,329,False,False,False,52.12,2022-12-06,94.13543630461928,LOSS,4.0,stocks
XOM,LONG,2022-12-12,94.4170150756836,89.23384420216814,104.7833568227145,337,True,False,False,36.2,2023-01-26,104.7833568227145,WIN,30.0,stocks
XOM,SHORT,2023-01-27,102.8895492553711,108.36159362280375,91.94546052050578,368,False,False,False,67.69,2023-03-15,91.94546052050578,WIN,32.0,stocks
XOM,LONG,2023-03-20,91.87913513183594,86.14416228290165,103.34908082970452,403,False,True,True,24.31,2023-04-03,103.34908082970452,WIN,10.0,stocks
XOM,SHORT,2023-04-04,103.15214538574219,108.72289550748782,92.01064514225092,414,False,False,False,67.75,2023-06-01,92.01064514225092,WIN,40.0,stocks
XOM,SHORT,2023-08-15,98.64373779296875,102.69337184327858,90.54446969234908,505,False,False,False,69.72,2023-09-01,102.69337184327858,LOSS,13.0,stocks
XOM,LONG,2023-10-09,101.1609115600586,96.07629086351645,111.33015295314289,543,False,True,True,32.74,2023-10-11,96.07629086351645,LOSS,2.0,stocks
XOM,LONG,2023-10-12,97.1024169921875,91.97405254255938,107.35914589144375,546,False,False,False,35.69,2023-12-06,91.97405254255938,LOSS,38.0,stocks
XOM,LONG,2023-12-08,91.62149047851562,87.80359224418892,99.25728694716904,586,False,False,False,28.15,2024-03-06,99.25728694716904,WIN,59.0,stocks
XOM,SHORT,2024-03-12,100.6195297241211,103.88695945016737,94.08467027202855,649,False,False,False,70.69,2024-03-15,103.88695945016737,LOSS,3.0,stocks
XOM,SHORT,2024-03-20,104.9575424194336,108.13757416255204,98.5974789331967,655,False,False,False,76.98,2024-03-28,108.13757416255204,LOSS,6.0,stocks
XOM,LONG,2024-04-29,111.13478088378906,106.92420171257508,119.55593922621702,682,False,False,False,49.59,2024-05-03,106.92420171257508,LOSS,4.0,stocks
XOM,LONG,2024-05-06,108.45024108886719,104.29970308596897,116.75131709466362,687,False,False,False,42.47,2024-06-04,104.29970308596897,LOSS,20.0,stocks
XOM,SHORT,2024-07-19,108.69432067871094,112.80145251927648,100.48005699757985,738,False,False,False,67.74,2024-08-15,112.80145251927648,LOSS,19.0,stocks
XOM,LONG,2024-09-09,108.56877136230469,104.1058566239043,117.49460083910546,773,False,True,True,39.58,2024-09-10,104.1058566239043,LOSS,1.0,stocks
XOM,LONG,2024-09-12,105.00048828125,100.20375754524062,114.59394975326876,776,False,True,True,35.78,2024-10-02,114.59394975326876,WIN,14.0,stocks
XOM,SHORT,2024-10-08,115.2050552368164,120.27429985525171,105.0665659999458,794,False,False,False,70.99,2024-12-13,105.0665659999458,WIN,47.0,stocks
XOM,LONG,2024-12-17,102.79864501953125,99.09297568557162,110.20998368745052,843,False,False,False,21.15,2025-03-19,110.20998368745052,WIN,61.0,stocks
XOM,SHORT,2025-03-21,110.91053009033203,115.88504121810894,100.96150783477822,906,False,False,False,65.52,2025-04-04,100.96150783477822,WIN,10.0,stocks
XOM,LONG,2025-04-09,101.5959701538086,94.22162675795674,116.3446569455123,919,False,False,False,25.6,2025-04-10,94.22162675795674,LOSS,1.0,stocks
XOM,SHORT,2025-06-18,109.69339752197266,114.07107915424345,100.93803425743107,967,False,False,False,74.08,2025-09-26,114.07107915424345,LOSS,69.0,stocks
XOM,SHORT,2025-11-12,115.53629302978516,119.50497389264635,107.59893130406277,1069,False,False,False,69.09,2025-12-29,119.50497389264635,LOSS,31.0,stocks
XOM,SHORT,2026-01-06,119.43782806396484,123.97334710798796,110.3667899759186,1105,False,False,False,71.79,2026-01-13,123.97334710798796,LOSS,5.0,stocks
XOM,LONG,2026-04-16,150.9553985595703,140.9357594997092,170.99467667929252,1174,False,True,True,36.09,2026-06-15,140.9357594997092,LOSS,41.0,stocks
XOM,SHORT,2026-07-15,144.50999450683594,151.3076489829898,130.9146855545282,1235,False,False,False,56.91,2026-07-21,151.3076489829898,LOSS,4.0,stocks
XOM,SHORT,2026-07-27,154.77000427246094,161.6392617130641,141.03148939125464,1243,False,False,False,73.83,2026-08-11,161.6392617130641,LOSS,11.0,stocks
GS,SHORT,2022-06-01,291.5003662109375,309.2038951414734,256.09330834986565,203,False,True,True,61.12,2022-06-13,256.09330834986565,WIN,8.0,stocks
GS,SHORT,2022-07-22,293.3841857910156,310.7292057941111,258.6941457848246,238,False,True,True,67.96,2022-08-10,310.7292057941111,LOSS,13.0,stocks
GS,LONG,2022-09-07,301.6493225097656,288.121859309088,328.7042489111209,270,False,True,False,41.18,2022-09-22,288.121859309088,LOSS,11.0,stocks
GS,LONG,2022-09-27,265.8960266113281,249.19576448796585,299.2965508580527,284,False,False,False,24.9,2022-10-24,299.2965508580527,WIN,19.0,stocks
GS,SHORT,2022-10-31,314.37921142578125,330.97627122612136,281.18509182510104,308,False,False,False,68.99,2022-11-07,330.97627122612136,LOSS,5.0,stocks
GS,LONG,2022-12-12,333.5898742675781,319.71371685929137,361.34218908415164,337,False,False,False,42.32,2022-12-15,319.71371685929137,LOSS,3.0,stocks
GS,LONG,2022-12-19,316.5328063964844,301.52052181369714,346.55737556205884,342,False,True,True,35.09,2023-02-08,346.55737556205884,WIN,34.0,stocks
GS,LONG,2023-03-02,322.9530029296875,308.2593126904461,352.3403834081703,391,False,True,True,34.98,2023-03-10,308.2593126904461,LOSS,6.0,stocks
GS,LONG,2023-03-14,298.0214538574219,281.0181102782102,332.0281410158452,399,False,False,False,24.34,2023-03-17,281.0181102782102,LOSS,3.0,stocks
GS,SHORT,2023-04-18,308.9007568359375,322.6794345538755,281.34340140006145,423,False,False,False,62.72,2023-06-14,322.6794345538755,LOSS,40.0,stocks
GS,SHORT,2023-07-21,328.0779724121094,342.3282972146108,299.5773228071065,488,False,False,False,71.52,2023-08-21,299.5773228071065,WIN,21.0,stocks
GS,SHORT,2023-11-09,301.50701904296875,314.2258891127084,276.0692789034895,566,False,True,True,62.85,2023-11-14,314.2258891127084,LOSS,3.0,stocks
GS,SHORT,2023-11-15,317.31640625,330.5657443426664,290.8177300646672,570,False,False,False,70.8,2023-12-01,330.5657443426664,LOSS,11.0,stocks
GS,LONG,2024-01-16,360.52825927734375,347.0324026419279,387.5199725481755,610,False,False,False,54.89,2024-03-21,387.5199725481755,WIN,46.0,stocks
GS,SHORT,2024-03-22,388.2494201660156,404.48750597465136,355.77324854874416,657,False,False,False,74.24,2024-04-23,404.48750597465136,LOSS,21.0,stocks
GS,LONG,2024-06-12,430.80908203125,415.3956949045907,461.6358562845686,713,False,False,False,44.24,2024-07-11,461.6358562845686,WIN,19.0,stocks
GS,SHORT,2024-07-18,466.8234558105469,486.8863581515935,426.6976511284536,737,True,False,False,77.03,2024-07-30,486.8863581515935,LOSS,8.0,stocks
GS,LONG,2024-08-06,451.47100830078125,423.0253920987205,508.3622407049028,750,False,False,False,38.15,2024-10-15,508.3622407049028,WIN,49.0,stocks
GS,SHORT,2024-10-17,510.9120178222656,532.0001160826909,468.73582130141517,801,False,False,False,71.97,2024-11-06,532.0001160826909,LOSS,14.0,stocks
GS,SHORT,2024-11-07,562.2640380859375,590.7890917248077,505.2139308081971,816,False,False,False,79.34,2024-11-27,590.7890917248077,LOSS,14.0,stocks
GS,LONG,2024-12-20,549.4520874023438,523.2694376144868,601.8173869780576,846,False,False,False,34.53,2025-01-17,601.8173869780576,WIN,17.0,stocks
GS,LONG,2025-02-26,599.6026000976562,569.13389900165,660.5400022896688,889,False,False,False,39.75,2025-03-04,569.13389900165,LOSS,4.0,stocks
GS,LONG,2025-03-05,578.4832763671875,542.0397030004181,651.3704231007264,894,False,True,True,33.25,2025-03-07,542.0397030004181,LOSS,2.0,stocks
GS,LONG,2025-03-11,518.3593139648438,478.3678928716206,598.34215615129,898,False,False,False,25.52,2025-04-04,478.3678928716206,LOSS,18.0,stocks
GS,SHORT,2025-07-03,709.3994140625,736.9100727376027,654.3780967122946,977,False,False,False,85.28,2025-08-27,736.9100727376027,LOSS,38.0,stocks
GS,SHORT,2025-09-19,793.3389282226562,822.4354643960108,735.1458558759471,1031,False,False,False,74.66,2025-10-14,735.1458558759471,WIN,17.0,stocks
GS,SHORT,2025-11-13,793.8316650390625,836.339254889837,708.8164853375135,1070,False,False,False,72.37,2025-12-05,836.339254889837,LOSS,15.0,stocks
GS,SHORT,2025-12-12,879.435546875,922.8702116166505,792.566217391699,1090,False,False,False,78.99,2026-01-05,922.8702116166505,LOSS,14.0,stocks
GS,LONG,2026-01-26,922.9140625,876.4057530933349,1015.9306813133303,1118,False,False,False,49.2,2026-02-05,876.4057530933349,LOSS,8.0,stocks
GS,LONG,2026-02-06,919.8339233398438,862.7818814461124,1033.9380071273065,1127,False,False,False,39.24,2026-02-13,862.7818814461124,LOSS,5.0,stocks
GS,LONG,2026-03-02,857.9190063476562,792.2836894187712,989.1896402054263,1142,False,True,True,37.34,2026-03-09,792.2836894187712,LOSS,5.0,stocks
GS,LONG,2026-03-16,791.2826538085938,729.0950179586424,915.6579255084964,1152,False,True,True,27.96,2026-04-15,915.6579255084964,WIN,21.0,stocks
GS,SHORT,2026-06-03,1041.02001953125,1095.413266416749,932.2335257602522,1207,False,False,False,78.61,2026-06-04,1095.413266416749,LOSS,1.0,stocks
GS,LONG,2026-07-01,1019.6099853515625,955.5960417699655,1147.6378725147565,1226,False,False,False,43.46,2026-07-15,1147.6378725147565,WIN,9.0,stocks
GS,LONG,2026-07-30,1024.8599853515625,946.0888274435755,1182.4023011675365,1246,False,True,True,36.69,,,OPEN,,stocks
NFLX,SHORT,2022-06-03,19.898000717163086,22.28689735526717,15.120207440954921,205,False,False,False,50.12,2022-07-21,22.28689735526717,LOSS,32.0,stocks
NFLX,SHORT,2022-07-25,21.85099983215332,23.92626424906742,17.700470998325123,239,False,True,True,68.13,2022-08-08,23.92626424906742,LOSS,10.0,stocks
NFLX,LONG,2022-10-12,22.086999893188477,19.695991261918856,26.869017155727718,295,False,False,False,39.24,2022-10-19,26.869017155727718,WIN,5.0,stocks
NFLX,SHORT,2022-10-20,26.81599998474121,29.736580848391156,20.97483825744132,301,False,True,True,66.9,2022-10-25,29.736580848391156,LOSS,3.0,stocks
NFLX,LONG,2022-12-29,29.11199951171875,26.597404896795954,34.14118874156434,349,False,True,False,38.61,2023-01-20,34.14118874156434,WIN,14.0,stocks
NFLX,LONG,2023-02-27,32.303001403808594,29.92992369841015,37.04915681460548,388,False,True,True,32.79,2023-03-09,29.92992369841015,LOSS,8.0,stocks
NFLX,SHORT,2023-05-19,36.5359992980957,38.70583007171865,32.19633775084981,446,False,False,False,73.2,2023-05-30,38.70583007171865,LOSS,6.0,stocks
NFLX,SHORT,2023-05-31,39.52299880981445,42.027090693821556,34.51481504180025,453,False,False,False,72.57,2023-06-09,42.027090693821556,LOSS,7.0,stocks
NFLX,LONG,2023-07-28,42.577999114990234,39.70286434603261,48.32826865290548,493,False,False,False,40.19,2023-09-15,39.70286434603261,LOSS,34.0,stocks
NFLX,SHORT,2023-10-25,41.125,43.78953869893701,35.795922602125984,555,False,False,False,63.5,2023-11-08,43.78953869893701,LOSS,10.0,stocks
NFLX,LONG,2023-12-07,45.20000076293945,43.358450996503855,48.88310029581065,585,False,False,False,45.57,2023-12-18,48.88310029581065,WIN,7.0,stocks
NFLX,SHORT,2024-01-30,56.28499984741211,59.57420642832309,49.70658668559015,620,False,False,False,83.05,2024-02-16,59.57420642832309,LOSS,13.0,stocks
NFLX,LONG,2024-04-01,61.430999755859375,58.68560087342618,66.92179752072576,662,False,False,False,50.55,2024-04-19,58.68560087342618,LOSS,14.0,stocks
NFLX,LONG,2024-04-23,57.775001525878906,54.05742765030719,65.21014927702234,678,False,True,True,29.91,2024-05-29,65.21014927702234,WIN,25.0,stocks
NFLX,LONG,2024-07-16,65.63200378417969,62.644371008538414,71.60726933546223,735,False,False,False,45.21,2024-07-25,62.644371008538414,LOSS,7.0,stocks
NFLX,SHORT,2024-08-21,69.71199798583984,73.20495949474773,62.72607496802408,761,False,False,False,73.9,2024-10-10,73.20495949474773,LOSS,35.0,stocks
NFLX,LONG,2024-10-18,76.38899993896484,72.34613313456565,84.47473354776324,802,False,False,False,41.36,2024-11-18,84.47473354776324,WIN,21.0,stocks
NFLX,LONG,2024-12-19,90.2040023803711,86.17578315499283,98.26044083112762,845,False,False,False,51.77,2025-01-10,86.17578315499283,LOSS,13.0,stocks
NFLX,LONG,2025-01-15,84.82599639892578,80.59330394261619,93.29138131154497,861,False,True,True,29.41,2025-01-22,93.29138131154497,WIN,4.0,stocks
NFLX,LONG,2025-03-11,89.51000213623047,82.47798504384049,103.57403632101042,898,False,True,True,29.08,2025-04-07,82.47798504384049,LOSS,19.0,stocks
NFLX,SHORT,2025-04-30,113.1719970703125,121.35708614086377,96.80181892920996,933,False,False,False,74.83,2025-05-28,121.35708614086377,LOSS,19.0,stocks
NFLX,LONG,2025-06-11,121.98799896240234,116.42914535273616,133.10570618173472,962,False,False,False,56.27,2025-06-27,133.10570618173472,WIN,11.0,stocks
NFLX,LONG,2025-07-14,126.19499969482422,120.42775879185608,137.7294815007605,983,False,False,False,47.29,2025-07-18,120.42775879185608,LOSS,4.0,stocks
NFLX,LONG,2025-07-21,123.3270034790039,116.87424046236383,136.23252951228406,988,False,False,False,40.27,2025-07-24,116.87424046236383,LOSS,3.0,stocks
NFLX,LONG,2025-10-06,116.33100128173828,110.92730924395907,127.1383853572967,1042,False,True,True,33.07,2025-10-23,110.92730924395907,LOSS,13.0,stocks
NFLX,LONG,2026-01-23,86.12000274658203,81.11076003786556,96.13848816401497,1117,False,False,False,17.97,2026-02-03,81.11076003786556,LOSS,7.0,stocks
NFLX,SHORT,2026-02-23,76.0199966430664,81.1436783620939,65.77263320501143,1137,False,False,False,37.94,2026-02-25,81.1436783620939,LOSS,2.0,stocks
NFLX,SHORT,2026-03-06,99.0199966430664,105.49313874595593,86.07371243728736,1146,False,True,True,75.77,2026-04-14,105.49313874595593,LOSS,26.0,stocks
NFLX,LONG,2026-04-22,93.23999786376953,86.66213001891468,106.39573355347923,1178,False,False,False,39.51,2026-05-11,86.66213001891468,LOSS,13.0,stocks
NFLX,LONG,2026-06-05,82.18000030517578,77.6894529355768,91.16109504437375,1209,False,False,False,26.26,2026-06-17,77.6894529355768,LOSS,8.0,stocks
NFLX,LONG,2026-06-23,72.81999969482422,68.0615914458484,82.33681619277584,1220,False,False,False,20.58,2026-07-17,68.0615914458484,LOSS,17.0,stocks
EBAY,SHORT,2022-07-25,43.25225830078125,45.806913940095484,38.14294702215278,239,False,True,True,62.17,2022-07-29,45.806913940095484,LOSS,4.0,stocks
EBAY,SHORT,2022-10-31,37.19374465942383,39.6932257985845,32.194782381102485,308,False,False,False,59.0,2022-11-10,39.6932257985845,LOSS,8.0,stocks
EBAY,SHORT,2022-11-14,42.86056900024414,46.05063655368479,36.48043389336284,318,False,True,True,74.25,2023-01-26,46.05063655368479,LOSS,49.0,stocks
EBAY,LONG,2023-02-27,42.973880767822266,40.39148446788084,48.138673367705124,388,False,False,False,35.3,2023-03-10,40.39148446788084,LOSS,9.0,stocks
EBAY,SHORT,2023-05-01,43.08589553833008,44.97093124665505,39.31582412168014,432,False,False,False,67.6,2023-07-12,44.97093124665505,LOSS,49.0,stocks
EBAY,SHORT,2023-07-20,46.352272033691406,48.329869186003116,42.39707772906799,487,False,False,False,71.82,2023-07-27,42.39707772906799,WIN,5.0,stocks
EBAY,LONG,2023-07-28,42.717350006103516,40.03978720476509,48.072475608780366,493,False,False,False,37.45,2023-10-13,40.03978720476509,LOSS,54.0,stocks
EBAY,LONG,2023-10-16,40.53317642211914,38.61958942941707,44.360350407523285,548,False,False,False,37.25,2023-10-23,38.61958942941707,LOSS,5.0,stocks
EBAY,LONG,2023-10-24,39.12067794799805,37.33644750712707,42.68913882974,554,False,False,False,30.19,2023-10-26,37.33644750712707,LOSS,2.0,stocks
EBAY,LONG,2023-10-30,36.877845764160156,35.00796144947059,40.617614393539284,558,False,False,False,25.73,2023-12-14,40.617614393539284,WIN,32.0,stocks
EBAY,LONG,2024-01-10,40.87049102783203,39.188287799443536,44.23489748460902,607,False,True,False,46.2,2024-01-16,39.188287799443536,LOSS,3.0,stocks
EBAY,LONG,2024-01-19,39.49725341796875,37.84145433521223,42.8088515834818,613,False,False,False,37.65,2024-02-22,42.8088515834818,WIN,23.0,stocks
EBAY,SHORT,2024-02-29,45.40311050415039,47.80129686136558,40.606737789720015,641,False,False,False,75.09,2024-03-05,47.80129686136558,LOSS,3.0,stocks
EBAY,SHORT,2024-03-07,48.76417922973633,51.10381578528222,44.08490611864454,646,False,False,False,78.93,2024-05-16,51.10381578528222,LOSS,49.0,stocks
EBAY,LONG,2024-07-02,51.67097473144531,49.30730952948149,56.39830513537295,726,False,False,False,46.89,2024-08-21,56.39830513537295,WIN,35.0,stocks
EBAY,SHORT,2024-08-23,57.134029388427734,59.636370247244656,52.12934767079389,763,False,False,False,71.07,2024-09-12,59.636370247244656,LOSS,13.0,stocks
EBAY,SHORT,2024-09-18,61.58054733276367,64.1873823167313,56.36687736482841,780,True,False,False,84.04,2024-10-01,64.1873823167313,LOSS,9.0,stocks
EBAY,LONG,2024-10-28,61.40507507324219,59.207926364185525,65.79937249135551,808,False,False,False,40.53,2024-10-31,59.207926364185525,LOSS,3.0,stocks
EBAY,LONG,2024-11-04,58.71451950073242,55.83863848004704,64.46628154210319,813,False,True,True,24.42,2024-12-09,64.46628154210319,WIN,24.0,stocks
EBAY,SHORT,2025-01-10,64.5127182006836,68.68280747171157,56.17253965862764,858,False,False,False,73.85,2025-02-21,68.68280747171157,LOSS,28.0,stocks
EBAY,LONG,2025-03-03,63.847023010253906,59.967578589651254,71.60591185145921,892,False,True,True,39.33,2025-04-07,59.967578589651254,LOSS,25.0,stocks
EBAY,LONG,2025-04-09,60.930667877197266,55.77546121825968,71.24108119507244,919,False,True,True,29.6,2025-05-19,71.24108119507244,WIN,27.0,stocks
EBAY,SHORT,2025-06-10,77.7714614868164,81.01446203861047,71.28546038322827,961,False,False,False,84.17,2025-07-23,81.01446203861047,LOSS,29.0,stocks
EBAY,LONG,2025-09-03,89.29613494873047,84.78525106845093,98.31790270928954,1019,False,False,False,42.93,2025-10-28,98.31790270928954,WIN,39.0,stocks
EBAY,SHORT,2025-10-30,82.92774200439453,90.43017937145771,67.92286727026817,1060,True,True,False,71.19,2026-01-05,90.43017937145771,LOSS,44.0,stocks
EBAY,SHORT,2026-01-07,89.60123443603516,93.87473535365189,81.0542326008017,1106,False,False,False,72.65,2026-01-14,93.87473535365189,LOSS,5.0,stocks
EBAY,LONG,2026-02-09,86.82821655273438,80.8557194392746,98.77321077965394,1128,False,True,True,39.14,2026-02-12,80.8557194392746,LOSS,3.0,stocks
EBAY,LONG,2026-02-13,81.87852478027344,75.60093981673393,94.43369470735246,1132,False,False,False,27.94,2026-03-17,94.43369470735246,WIN,21.0,stocks
EBAY,SHORT,2026-04-07,95.74456787109375,101.61260998267188,84.00848364793748,1167,False,False,False,68.92,2026-04-16,101.61260998267188,LOSS,7.0,stocks
EBAY,SHORT,2026-04-21,105.10860443115234,111.04506666451427,93.2356799644285,1177,False,False,False,77.97,2026-05-04,111.04506666451427,LOSS,9.0,stocks
EBAY,LONG,2026-05-28,111.81999969482422,104.59740917276746,126.26518073893774,1203,False,False,False,51.56,,,OPEN,,stocks
AMZN,SHORT,2022-06-03,122.3499984741211,133.92495506351622,99.20008529533084,205,False,False,False,57.46,2022-07-29,133.92495506351622,LOSS,38.0,stocks
AMZN,SHORT,2022-08-02,134.16000366210938,145.34361786390272,111.79277525852268,245,False,True,True,69.56,2022-08-16,145.34361786390272,LOSS,10.0,stocks
AMZN,LONG,2022-09-01,127.81999969482422,118.8359138359974,145.78817141247785,267,False,False,False,40.22,2022-09-21,118.8359138359974,LOSS,13.0,stocks
AMZN,SHORT,2023-01-18,95.45999908447266,102.36796318721605,81.64407087898587,361,False,True,True,62.39,2023-01-27,102.36796318721605,LOSS,7.0,stocks
AMZN,SHORT,2023-04-03,102.41000366210938,108.27324136700302,90.68352825232208,413,False,True,True,64.99,2023-04-24,108.27324136700302,LOSS,14.0,stocks
AMZN,SHORT,2023-05-19,116.25,122.35874058186674,104.03251883626652,446,False,False,False,72.9,2023-05-30,122.35874058186674,LOSS,6.0,stocks
AMZN,LONG,2023-07-11,128.77999877929688,122.66271889765362,141.0145585425834,480,False,False,False,52.9,2023-08-04,141.0145585425834,WIN,18.0,stocks
AMZN,LONG,2023-09-25,131.27000427246094,124.12867507493202,145.55266266751877,533,False,True,True,35.37,2023-09-28,124.12867507493202,LOSS,3.0,stocks
AMZN,SHORT,2023-11-08,142.0800018310547,149.43603790440312,127.36792968435782,565,False,False,False,67.34,2023-12-13,149.43603790440312,LOSS,24.0,stocks
AMZN,LONG,2024-01-08,149.10000610351562,143.0739284918725,161.1521613268019,605,False,False,False,40.71,2024-01-29,161.1521613268019,WIN,14.0,stocks
AMZN,LONG,2024-03-12,175.38999938964844,168.03969616383873,190.09060584126786,649,False,False,False,51.34,2024-04-25,168.03969616383873,LOSS,31.0,stocks
AMZN,LONG,2024-04-26,179.6199951171875,170.5051773861836,197.84963057919532,681,True,False,False,38.93,2024-06-27,197.84963057919532,WIN,42.0,stocks
AMZN,SHORT,2024-06-28,193.25,201.83580307895548,176.07839384208904,724,False,False,False,71.1,2024-08-02,176.07839384208904,WIN,24.0,stocks
AMZN,LONG,2024-08-06,161.92999267578125,147.71392839301123,190.3621212413213,750,False,False,False,25.31,2024-09-19,190.3621212413213,WIN,31.0,stocks
AMZN,SHORT,2024-11-08,208.17999267578125,217.8237955173645,188.89238699261477,817,False,False,False,72.74,2024-12-04,217.8237955173645,LOSS,17.0,stocks
AMZN,LONG,2025-02-26,214.35000610351562,203.26040485422402,236.52920860209883,889,False,True,True,30.2,2025-03-03,203.26040485422402,LOSS,3.0,stocks
AMZN,SHORT,2025-04-10,181.22000122070312,202.97331252336426,137.71337861538086,920,False,False,False,48.29,2025-05-12,202.97331252336426,LOSS,21.0,stocks
AMZN,SHORT,2025-05-15,205.1699981689453,220.2568186601254,174.99635718658516,944,False,False,False,68.05,2025-06-27,220.2568186601254,LOSS,29.0,stocks
AMZN,LONG,2025-08-06,222.30999755859375,211.3459222631543,244.23814814947264,1000,False,False,False,38.67,2025-10-17,211.3459222631543,LOSS,51.0,stocks
AMZN,SHORT,2025-10-30,222.86000061035156,233.36866878300302,201.84266426504865,1060,False,True,False,61.0,2025-10-31,233.36866878300302,LOSS,1.0,stocks
AMZN,SHORT,2025-11-05,250.1999969482422,264.7446643552742,221.11066213417814,1064,False,False,False,67.48,2025-11-19,221.11066213417814,WIN,10.0,stocks
AMZN,SHORT,2026-01-13,242.60000610351562,253.18404559936525,221.43192711181638,1110,True,False,False,68.57,2026-02-05,221.43192711181638,WIN,16.0,stocks
AMZN,LONG,2026-02-13,198.7899932861328,184.25037732754834,227.86922520330177,1132,False,False,False,22.18,2026-04-09,227.86922520330177,WIN,37.0,stocks
AMZN,SHORT,2026-04-17,250.55999755859375,263.74653082101895,224.18693103374335,1175,False,False,False,77.53,2026-04-24,263.74653082101895,LOSS,5.0,stocks
AMZN,LONG,2026-06-04,253.7899932861328,239.86171898803516,281.6465418823281,1208,False,False,False,37.97,2026-06-10,239.86171898803516,LOSS,4.0,stocks
AMZN,SHORT,2026-08-04,277.4200134277344,297.0658384913479,238.12836330050732,1249,False,False,False,73.32,,,OPEN,,stocks
META,LONG,2022-06-15,167.87579345703125,148.81693217959318,205.9935160119074,213,False,False,False,32.2,2022-09-14,148.81693217959318,LOSS,62.0,stocks
META,SHORT,2022-10-26,128.6898956298828,141.44646307244017,103.1767607447681,305,False,False,False,50.74,2022-10-27,103.1767607447681,WIN,1.0,stocks
META,LONG,2022-10-28,98.3364486694336,82.46687224965935,130.0756015089821,307,False,False,False,23.17,2023-01-09,130.0756015089821,WIN,48.0,stocks
META,SHORT,2023-01-17,134.18167114257812,142.90155237824345,116.74190867124747,360,False,True,True,72.69,2023-01-24,142.90155237824345,LOSS,5.0,stocks
META,SHORT,2023-02-03,184.90623474121094,200.5802686570648,153.5581669095032,373,False,False,False,86.84,2023-03-16,200.5802686570648,LOSS,28.0,stocks
META,LONG,2023-04-24,210.9376220703125,200.68199090365604,231.4488844036254,427,False,False,False,57.0,2023-04-27,231.4488844036254,WIN,3.0,stocks
META,LONG,2023-07-26,295.97088623046875,278.63621991161574,330.64021886817477,491,False,False,False,51.04,2023-08-18,278.63621991161574,LOSS,17.0,stocks
META,LONG,2023-08-21,287.37640380859375,269.20738866694245,323.71443409189635,509,False,True,True,35.72,2023-10-11,323.71443409189635,WIN,36.0,stocks
META,SHORT,2023-10-12,321.338134765625,338.4060498929296,287.20230451101577,546,False,False,False,69.5,2023-10-26,287.20230451101577,WIN,10.0,stocks
META,LONG,2023-10-27,294.14697265625,274.19295542722284,334.0550071143043,557,False,True,True,35.11,2023-11-14,334.0550071143043,WIN,12.0,stocks
META,SHORT,2024-02-05,455.4107666015625,484.4355463716741,397.3612070613393,624,False,False,False,87.04,2024-02-22,484.4355463716741,LOSS,12.0,stocks
META,LONG,2024-03-12,495.92523193359375,466.06607758908507,555.6435406226111,649,False,False,False,54.68,2024-04-25,466.06607758908507,LOSS,31.0,stocks
META,LONG,2024-05-01,435.8287048339844,397.1980216328012,513.0900712363507,684,False,True,True,27.91,2024-06-27,513.0900712363507,WIN,39.0,stocks
META,LONG,2024-07-18,472.6769714355469,441.96984342950026,534.0912274476401,737,False,True,True,31.99,2024-07-25,441.96984342950026,LOSS,5.0,stocks
META,SHORT,2024-09-24,560.1074829101562,588.1842994338502,503.95384986276827,784,False,False,False,73.96,2024-10-04,588.1842994338502,LOSS,8.0,stocks
META,SHORT,2024-12-05,605.4466552734375,633.9928770306989,548.3542117589147,835,False,False,False,69.53,2024-12-11,633.9928770306989,LOSS,4.0,stocks
META,SHORT,2025-01-31,685.790283203125,725.6227832969921,606.1252830153908,872,False,False,False,75.25,2025-02-14,725.6227832969921,LOSS,10.0,stocks
META,SHORT,2025-05-06,584.9412841796875,636.0397652937149,482.7443219516326,937,False,False,False,62.19,2025-05-12,636.0397652937149,LOSS,4.0,stocks
META,SHORT,2025-05-14,656.7007446289062,704.2656706018721,561.5708926829745,943,False,False,False,71.23,2025-06-11,704.2656706018721,LOSS,19.0,stocks
META,LONG,2025-07-18,701.979248046875,673.1471264459844,759.6434912486561,987,False,False,False,48.13,2025-07-31,759.6434912486561,WIN,9.0,stocks
META,LONG,2025-10-02,725.1639404296875,693.1231222523191,789.2455767844242,1040,False,True,True,32.5,2025-10-06,693.1231222523191,LOSS,2.0,stocks
META,LONG,2026-01-21,611.8685913085938,581.558776579314,672.4882207671533,1115,False,False,False,30.62,2026-01-26,672.4882207671533,WIN,3.0,stocks
META,SHORT,2026-01-30,715.2241821289062,757.8443499140477,629.9838465586233,1122,False,False,False,74.92,2026-02-17,629.9838465586233,WIN,11.0,stocks
META,LONG,2026-03-23,603.5006713867188,567.4639867678213,675.5740406245136,1157,False,False,False,31.68,2026-03-26,567.4639867678213,LOSS,3.0,stocks
META,LONG,2026-03-30,535.8833618164062,496.4587414174352,614.7326026143484,1162,False,False,False,21.56,2026-04-08,614.7326026143484,WIN,6.0,stocks
META,SHORT,2026-04-20,670.2887573242188,710.5438509838613,589.7785700049337,1176,False,False,False,71.32,2026-06-05,589.7785700049337,WIN,33.0,stocks
META,SHORT,2026-07-02,582.9000244140625,627.9435357008367,492.81300184051406,1227,False,False,False,59.54,2026-07-09,627.9435357008367,LOSS,4.0,stocks
META,SHORT,2026-07-13,656.72998046875,708.7563998579413,552.6771416903673,1233,False,False,False,67.34,2026-07-30,552.6771416903673,WIN,13.0,stocks
BA,SHORT,2022-07-22,158.16000366210938,171.24505748604872,131.98989601423068,238,False,True,True,71.88,2022-08-01,171.24505748604872,LOSS,6.0,stocks
BA,LONG,2022-08-24,163.60000610351562,153.32064693461086,184.15872444132515,261,False,True,False,47.58,2022-09-01,153.32064693461086,LOSS,6.0,stocks
BA,LONG,2022-09-07,155.9499969482422,144.81916157259758,178.2116676995314,270,False,False,False,38.45,2022-09-14,144.81916157259758,LOSS,5.0,stocks
BA,SHORT,2022-10-24,142.0500030517578,152.59508854454182,120.95983206618979,303,False,False,False,57.02,2022-11-02,152.59508854454182,LOSS,7.0,stocks
BA,SHORT,2023-01-09,208.57000732421875,220.54350752604748,184.6230069205613,355,False,False,False,78.5,2023-02-14,220.54350752604748,LOSS,25.0,stocks
BA,LONG,2023-02-23,208.1300048828125,197.55558398957334,229.27884666929083,386,False,False,False,43.96,2023-02-24,197.55558398957334,LOSS,1.0,stocks
BA,LONG,2023-02-28,201.5500030517578,190.65914766235167,223.3317138305701,389,False,True,True,39.91,2023-06-12,223.3317138305701,WIN,72.0,stocks
BA,SHORT,2023-06-13,220.3800048828125,231.3673350010361,198.40534464636528,462,False,False,False,69.13,2023-07-26,231.3673350010361,LOSS,29.0,stocks
BA,SHORT,2023-08-01,238.00999450683594,248.9262667173487,216.1774500858104,495,False,False,False,75.52,2023-08-25,216.1774500858104,WIN,18.0,stocks
BA,SHORT,2023-11-07,191.41000366210938,200.998274226729,172.23346253287013,564,False,False,False,56.52,2023-11-13,200.998274226729,LOSS,4.0,stocks
BA,SHORT,2023-11-16,206.60000610351562,216.1515402874228,187.4969377357013,571,False,False,False,73.96,2023-11-20,216.1515402874228,LOSS,2.0,stocks
BA,LONG,2024-01-17,203.05999755859375,188.66987154073882,231.8402495943036,611,False,False,False,22.2,2024-03-12,188.66987154073882,LOSS,38.0,stocks
BA,LONG,2024-03-15,182.52999877929688,172.47833094429063,202.63333444930936,652,False,False,False,22.95,2024-04-10,172.47833094429063,LOSS,17.0,stocks
BA,SHORT,2024-05-06,178.35000610351562,189.23437234445592,156.58127362163503,687,False,False,False,56.11,2024-06-05,189.23437234445592,LOSS,21.0,stocks
BA,LONG,2024-08-08,168.8699951171875,155.7404605526337,195.12906424629512,752,False,False,False,32.12,2024-09-13,155.7404605526337,LOSS,25.0,stocks
BA,SHORT,2024-10-23,157.05999755859375,166.30998707341573,138.5600185289498,805,False,False,False,57.22,2024-11-14,138.5600185289498,WIN,16.0,stocks
BA,LONG,2024-11-15,140.19000244140625,130.01917249156696,160.53166234108483,822,False,False,False,31.93,2024-12-09,160.53166234108483,WIN,15.0,stocks
BA,SHORT,2024-12-17,173.02999877929688,183.48088103319768,152.12823427149527,843,False,False,False,73.37,2025-01-28,183.48088103319768,LOSS,26.0,stocks
BA,LONG,2025-02-27,173.8300018310547,162.67753328438457,196.13493892439493,890,False,True,True,41.06,2025-03-04,162.67753328438457,LOSS,3.0,stocks
BA,LONG,2025-03-05,163.16000366210938,150.88261756629876,187.7147758537306,894,False,False,False,27.73,2025-03-07,150.88261756629876,LOSS,2.0,stocks
BA,LONG,2025-03-11,154.05999755859375,140.76868887802624,180.64261491972877,898,False,False,False,24.67,2025-03-21,180.64261491972877,WIN,8.0,stocks
BA,LONG,2025-06-23,201.30999755859375,190.40347481698228,223.1230430418167,969,True,False,False,44.51,2025-07-09,223.1230430418167,WIN,11.0,stocks
BA,LONG,2025-09-18,215.66000366210938,205.59399341231003,235.79202416170807,1030,False,True,True,31.25,2025-10-30,205.59399341231003,LOSS,30.0,stocks
BA,SHORT,2025-12-03,202.5399932861328,214.59189667043074,178.43618651753695,1083,False,False,False,61.61,2025-12-19,214.59189667043074,LOSS,12.0,stocks
BA,LONG,2026-02-04,235.9499969482422,222.67600384187608,262.4979831609744,1125,False,False,False,47.36,2026-03-03,222.67600384187608,LOSS,18.0,stocks
BA,SHORT,2026-04-10,217.6300048828125,231.26686349997232,190.35628764849287,1170,False,False,False,59.23,2026-04-22,231.26686349997232,LOSS,8.0,stocks
BA,LONG,2026-05-20,222.1999969482422,207.5729694235451,251.45405199763638,1198,False,True,True,39.54,2026-07-21,207.5729694235451,LOSS,41.0,stocks
BA,LONG,2026-07-22,208.64999389648438,196.16491751870151,233.6201466520501,1240,False,False,False,34.09,2026-08-03,233.6201466520501,WIN,8.0,stocks
BA,SHORT,2026-08-06,232.19000244140625,247.6501667743388,201.26967377554115,1251,False,False,False,66.39,,,OPEN,,stocks
SBUX,SHORT,2022-06-01,69.26992797851562,73.95929281544912,59.89119830464864,203,False,False,False,57.98,2022-07-18,73.95929281544912,LOSS,31.0,stocks
SBUX,SHORT,2022-07-22,75.90814971923828,79.60339779803968,68.51765356163548,238,False,True,True,70.58,2022-08-03,79.60339779803968,LOSS,8.0,stocks
SBUX,LONG,2022-08-24,78.5873031616211,75.32189948716771,85.11811051052786,261,False,True,False,49.05,2022-09-06,75.32189948716771,LOSS,8.0,stocks
SBUX,SHORT,2022-11-07,82.605712890625,88.45525417970455,70.9066303124659,313,False,False,False,61.09,2022-11-10,88.45525417970455,LOSS,3.0,stocks
SBUX,SHORT,2022-11-16,89.16110229492188,94.46382058580633,78.55566571315296,320,False,False,False,69.31,2022-12-01,94.46382058580633,LOSS,10.0,stocks
SBUX,LONG,2022-12-23,90.26331329345703,86.11300383116843,98.56393221803424,346,False,False,False,45.19,2023-01-17,98.56393221803424,WIN,14.0,stocks
SBUX,LONG,2023-02-27,94.5650634765625,90.74312400352393,102.20894242263964,388,False,True,True,35.63,2023-03-15,90.74312400352393,LOSS,12.0,stocks
SBUX,SHORT,2023-04-04,96.00513458251953,99.37994423788287,89.25551527179286,414,False,False,False,63.95,2023-04-14,99.37994423788287,LOSS,7.0,stocks
SBUX,LONG,2023-08-18,90.6834945678711,87.35311669759689,97.3442503084195,508,False,False,False,34.68,2023-09-21,87.35311669759689,LOSS,23.0,stocks
SBUX,SHORT,2023-11-08,97.2774658203125,101.27757688630037,89.27724368833677,565,False,False,False,73.94,2023-12-05,89.27724368833677,WIN,18.0,stocks
SBUX,SHORT,2024-01-31,87.2430648803711,90.48388940741742,80.76141582627844,621,False,False,False,51.11,2024-02-07,90.48388940741742,LOSS,5.0,stocks
SBUX,SHORT,2024-02-12,90.0699462890625,93.6318093102638,82.94622024665989,629,False,True,True,66.12,2024-04-04,82.94622024665989,WIN,36.0,stocks
SBUX,LONG,2024-04-08,82.2582778930664,79.65770547572333,87.45942272775255,667,False,False,False,29.29,2024-04-12,79.65770547572333,LOSS,4.0,stocks
SBUX,LONG,2024-04-15,80.35254669189453,77.7439041432478,85.56983178918799,672,False,False,False,24.63,2024-05-01,77.7439041432478,LOSS,12.0,stocks
SBUX,LONG,2024-05-06,68.77656555175781,64.28996161910835,77.74977341705673,687,False,False,False,17.18,2024-06-03,77.74977341705673,WIN,19.0,stocks
SBUX,LONG,2024-07-11,69.67859649658203,66.91329132908318,75.20920683157973,732,False,False,False,23.11,2024-07-19,75.20920683157973,WIN,6.0,stocks
SBUX,SHORT,2024-08-19,88.27020263671875,94.50525981723226,75.80008827569173,759,False,False,False,75.82,2024-09-12,94.50525981723226,LOSS,17.0,stocks
SBUX,LONG,2024-10-11,91.37830352783203,87.77339939452648,98.58811179444314,797,False,False,False,44.56,2024-11-22,98.58811179444314,WIN,30.0,stocks
SBUX,SHORT,2024-11-25,97.99609375,102.07768767237584,89.83290590524831,828,False,False,False,66.63,2024-12-16,89.83290590524831,WIN,14.0,stocks
SBUX,LONG,2024-12-24,86.51638793945312,82.40455315470322,94.74005750895293,848,True,False,False,20.39,2025-01-21,94.74005750895293,WIN,16.0,stocks
SBUX,SHORT,2025-01-31,103.61566925048828,108.19764685634367,94.45171403877751,872,False,False,False,84.9,2025-02-07,108.19764685634367,LOSS,5.0,stocks
SBUX,LONG,2025-03-14,94.91928100585938,89.0619981998315,106.63384661791511,901,False,True,True,25.59,2025-04-03,89.0619981998315,LOSS,14.0,stocks
SBUX,SHORT,2025-05-14,83.7255630493164,90.0201298880512,71.13642937184682,943,False,False,False,53.77,2025-06-11,90.0201298880512,LOSS,19.0,stocks
SBUX,SHORT,2025-06-12,91.89494323730469,96.91896571289826,81.84689828611755,963,False,False,False,71.18,2025-09-09,81.84689828611755,WIN,60.0,stocks
SBUX,SHORT,2025-10-03,84.75360107421875,88.34446825614307,77.5718667103701,1041,False,False,False,55.13,2025-10-10,77.5718667103701,WIN,5.0,stocks
SBUX,SHORT,2025-12-19,87.25260925292969,91.66101859156247,78.43579057566413,1095,False,False,False,64.59,2026-01-15,91.66101859156247,LOSS,17.0,stocks
SBUX,SHORT,2026-01-16,91.85576629638672,96.26259754330134,83.04210380255748,1113,False,False,False,68.45,2026-01-22,96.26259754330134,LOSS,3.0,stocks
SBUX,SHORT,2026-01-26,95.155029296875,99.78281943317099,85.89944902428303,1118,False,False,False,74.1,2026-01-28,99.78281943317099,LOSS,2.0,stocks
SBUX,LONG,2026-03-19,95.27159118652344,89.56860651591877,106.67756052773277,1155,False,False,False,35.84,2026-03-27,89.56860651591877,LOSS,6.0,stocks
SBUX,LONG,2026-03-31,89.06794738769531,83.35094240416433,100.50195735475728,1163,False,False,False,30.72,2026-04-17,100.50195735475728,WIN,12.0,stocks
SBUX,LONG,2026-06-05,95.29000091552734,89.85102709602882,106.1679485545244,1209,False,True,True,27.71,2026-07-09,106.1679485545244,WIN,22.0,stocks
GC=F,SHORT,2022-06-13,1828.0,1876.2437380746273,1731.5125238507453,211,False,False,False,55.51,2022-07-11,1731.5125238507453,WIN,18.0,metals
GC=F,LONG,2022-07-13,1734.199951171875,1694.2199303842158,1814.1599927471934,231,True,False,False,22.39,2022-07-21,1694.2199303842158,LOSS,6.0,metals
GC=F,SHORT,2022-08-02,1771.0999755859375,1807.6415259392568,1698.016874879299,245,False,False,False,57.0,2022-09-01,1698.016874879299,WIN,22.0,metals
GC=F,SHORT,2022-10-07,1700.5,1741.6791481804805,1618.141703639039,292,False,False,False,56.7,2022-11-03,1618.141703639039,WIN,19.0,metals
GC=F,SHORT,2022-11-09,1710.0999755859375,1752.7775305384441,1624.7448656809242,315,False,True,True,63.67,2022-11-11,1752.7775305384441,LOSS,2.0,metals
GC=F,SHORT,2022-11-16,1773.0,1811.5684673855546,1695.8630652288907,320,False,False,False,73.55,2022-12-13,1811.5684673855546,LOSS,18.0,metals
GC=F,SHORT,2023-01-17,1907.199951171875,1944.8234136371443,1831.9530262413364,360,False,False,False,75.58,2023-02-01,1944.8234136371443,LOSS,11.0,metals
GC=F,LONG,2023-02-08,1877.4000244140625,1837.7122890624885,1956.7754951172105,376,False,False,False,44.48,2023-02-15,1837.7122890624885,LOSS,5.0,metals
GC=F,LONG,2023-02-16,1842.0,1803.456773148758,1919.086453702484,382,False,True,True,33.92,2023-03-15,1919.086453702484,WIN,18.0,metals
GC=F,LONG,2023-05-19,1978.699951171875,1936.726715752797,2062.646422010031,446,False,False,False,37.75,2023-05-30,1936.726715752797,LOSS,6.0,metals
GC=F,SHORT,2023-07-17,1952.4000244140625,1985.6037613980927,1885.992550446002,484,False,False,False,59.95,2023-08-17,1885.992550446002,WIN,23.0,metals
GC=F,LONG,2024-02-15,2002.0999755859375,1965.6422655675178,2075.015395622777,632,False,True,True,35.59,2024-03-01,2075.015395622777,WIN,10.0,metals
GC=F,SHORT,2024-03-12,2160.39990234375,2200.936140646995,2079.3274257372595,649,True,False,False,83.2,2024-03-21,2200.936140646995,LOSS,7.0,metals
GC=F,LONG,2024-04-25,2329.800048828125,2263.2559589120124,2462.8882286603503,680,False,False,False,57.01,2024-07-17,2462.8882286603503,WIN,56.0,metals
GC=F,SHORT,2024-07-18,2451.800048828125,2503.0501478830365,2349.299850718302,737,False,False,False,67.85,2024-08-16,2503.0501478830365,LOSS,21.0,metals
GC=F,SHORT,2024-09-16,2580.39990234375,2629.488574932082,2482.222557167086,778,False,False,False,70.67,2024-09-24,2629.488574932082,LOSS,6.0,metals
GC=F,SHORT,2024-09-27,2644.300048828125,2690.5614336131694,2551.7772792580363,787,False,False,False,79.33,2024-10-17,2690.5614336131694,LOSS,14.0,metals
GC=F,LONG,2024-11-07,2698.39990234375,2644.8253517806174,2805.549003470015,816,False,False,False,43.71,2024-11-11,2644.8253517806174,LOSS,2.0,metals
GC=F,LONG,2024-11-18,2610.60009765625,2554.228106712067,2723.344079544616,823,False,True,True,31.18,2024-12-11,2723.344079544616,WIN,16.0,metals
GC=F,SHORT,2025-01-13,2673.5,2732.116479801866,2556.2670403962684,860,False,False,False,61.95,2025-01-16,2732.116479801866,LOSS,3.0,metals
GC=F,SHORT,2025-01-23,2763.10009765625,2818.9145696128307,2651.4711537430885,867,False,False,False,67.94,2025-01-30,2818.9145696128307,LOSS,5.0,metals
GC=F,LONG,2025-03-03,2890.199951171875,2810.7525447033836,3049.094764108858,893,False,False,False,45.37,2025-03-19,3049.094764108858,WIN,12.0,metals
GC=F,LONG,2025-04-08,2968.39990234375,2867.7934437109984,3169.612819609253,919,False,False,False,41.42,2025-04-11,3169.612819609253,WIN,3.0,metals
GC=F,LONG,2025-06-30,3294.39990234375,3192.5762232811976,3498.047260468855,975,False,False,False,42.1,2025-09-02,3498.047260468855,WIN,45.0,metals
GC=F,SHORT,2025-09-04,3565.800048828125,3643.5112425718926,3410.37766134059,1022,False,False,False,78.87,2025-09-09,3643.5112425718926,LOSS,3.0,metals
GC=F,LONG,2025-10-30,4001.300048828125,3817.427621384059,4369.044903716257,1062,False,False,False,49.61,2025-12-22,4369.044903716257,WIN,36.0,metals
GC=F,SHORT,2025-12-29,4325.10009765625,4461.858256904552,4051.583779159646,1102,True,False,False,81.52,2026-01-06,4461.858256904552,LOSS,5.0,metals
GC=F,LONG,2026-02-03,4903.7001953125,4522.479157576817,5666.1422707838665,1126,False,False,False,45.91,2026-03-23,4522.479157576817,LOSS,33.0,metals
GC=F,LONG,2026-03-25,4549.7998046875,4251.024489259383,5147.350435543734,1161,False,True,True,26.23,2026-06-09,4251.024489259383,LOSS,52.0,metals
GC=F,LONG,2026-06-12,4215.0,4020.6024414669346,4603.795117066131,1216,False,False,False,22.98,2026-06-24,4020.6024414669346,LOSS,7.0,metals
GC=F,SHORT,2026-07-23,4046.60009765625,4205.467211898192,3728.8658691723667,1243,False,False,False,51.94,2026-08-05,4205.467211898192,LOSS,9.0,metals
SI=F,LONG,2022-07-08,19.16699981689453,18.2863037636397,20.92839192340419,228,False,False,False,24.53,2022-07-14,18.2863037636397,LOSS,4.0,metals
SI=F,SHORT,2022-08-02,20.104999542236328,20.993882133301067,18.32723436010685,245,False,False,False,61.27,2022-08-30,18.32723436010685,WIN,20.0,metals
SI=F,SHORT,2022-10-05,20.479000091552734,21.58664096538441,18.26371834388938,290,False,True,True,68.54,2022-10-14,18.26371834388938,WIN,7.0,metals
SI=F,SHORT,2022-11-09,21.29800033569336,22.44026572535423,19.013469556371618,315,False,False,False,71.2,2022-12-01,22.44026572535423,LOSS,15.0,metals
SI=F,LONG,2023-01-06,23.82200050354004,22.75510118036957,25.955799149880974,354,False,False,False,50.87,2023-02-03,22.75510118036957,LOSS,19.0,metals
SI=F,LONG,2023-02-08,22.367000579833984,21.4201393366558,24.26072306619035,376,False,True,True,33.25,2023-02-23,21.4201393366558,LOSS,10.0,metals
SI=F,SHORT,2023-03-21,22.323999404907227,23.210845999425462,20.550306215870755,404,False,False,False,62.22,2023-03-24,23.210845999425462,LOSS,3.0,metals
SI=F,SHORT,2023-03-27,23.054000854492188,23.897101673174845,21.367799217126873,408,False,False,False,67.47,2023-03-30,23.897101673174845,LOSS,3.0,metals
SI=F,LONG,2023-05-19,23.920000076293945,22.971898510096533,25.81620320868877,446,False,True,True,33.25,2023-05-25,22.971898510096533,LOSS,4.0,metals
SI=F,SHORT,2023-07-20,24.80500030517578,25.57673265153018,23.261535612466986,487,True,False,False,68.76,2023-08-07,23.261535612466986,WIN,12.0,metals
SI=F,SHORT,2023-12-04,24.55500030517578,25.50931172175815,22.646377472011046,582,True,False,False,74.4,2023-12-13,22.646377472011046,WIN,7.0,metals
SI=F,SHORT,2024-02-20,23.106000900268555,23.82991819691706,21.658166306971545,634,False,True,True,59.51,2024-03-04,23.82991819691706,LOSS,9.0,metals
SI=F,SHORT,2024-03-12,24.194000244140625,24.95130703664458,22.679386659132717,649,False,False,False,69.8,2024-03-13,24.95130703664458,LOSS,1.0,metals
SI=F,SHORT,2024-04-05,27.399999618530273,28.373556248853127,25.452886357884566,666,False,False,False,81.12,2024-04-11,28.373556248853127,LOSS,4.0,metals
SI=F,LONG,2024-05-01,26.48900032043457,25.436493018425764,28.594014924452182,684,False,False,False,42.57,2024-05-10,28.594014924452182,WIN,7.0,metals
SI=F,LONG,2024-07-30,28.364999771118164,27.04982322916623,30.995352855022034,745,False,True,True,33.54,2024-08-05,27.04982322916623,LOSS,4.0,metals
SI=F,LONG,2024-11-07,31.764999389648438,30.4142413952085,34.466515378528314,816,False,False,False,40.71,2024-11-12,30.4142413952085,LOSS,3.0,metals
SI=F,LONG,2025-03-03,32.03200149536133,30.73835095211767,34.61930258184864,893,False,False,False,41.17,2025-03-27,34.61930258184864,WIN,18.0,metals
SI=F,LONG,2025-04-09,30.322999954223633,28.35539889850088,34.25820206566914,920,False,False,False,30.52,2025-06-02,34.25820206566914,WIN,36.0,metals
SI=F,SHORT,2025-06-11,36.16600036621094,37.46233080130821,33.57333949601639,963,False,False,False,73.06,2025-07-11,37.46233080130821,LOSS,21.0,metals
SI=F,LONG,2025-08-04,37.19200134277344,35.9577339225371,39.66053618324611,1000,False,False,False,43.05,2025-08-29,39.66053618324611,WIN,19.0,metals
SI=F,LONG,2025-10-23,48.481998443603516,45.1078086351041,55.23037806060235,1057,False,False,False,50.81,2025-11-28,55.23037806060235,WIN,25.0,metals
SI=F,SHORT,2025-12-02,57.983001708984375,61.30252109492343,51.34396293710627,1084,False,False,False,77.1,2025-12-10,61.30252109492343,LOSS,6.0,metals
SI=F,LONG,2026-02-04,84.16500091552734,65.33922365795021,121.8165554306816,1127,False,False,False,47.23,2026-03-23,65.33922365795021,LOSS,32.0,metals
SI=F,LONG,2026-03-25,72.36100006103516,61.61030069845212,93.86239878620123,1161,False,True,True,34.18,2026-06-24,61.61030069845212,LOSS,62.0,metals
PL=F,SHORT,2022-06-03,1017.2000122070312,1053.2429802496013,945.1140761218912,205,False,False,False,65.79,2022-06-13,945.1140761218912,WIN,6.0,metals
PL=F,SHORT,2022-08-03,885.5999755859375,915.1982073561825,826.4035120454475,246,False,False,False,56.94,2022-08-04,915.1982073561825,LOSS,1.0,metals
PL=F,SHORT,2022-08-09,931.9000244140625,960.9903441907985,873.7193848605905,250,False,True,True,65.07,2022-08-22,873.7193848605905,WIN,9.0,metals
PL=F,LONG,2022-12-20,1026.0,991.6242131957183,1094.7515736085634,343,False,False,False,45.48,2023-01-04,1094.7515736085634,WIN,9.0,metals
PL=F,LONG,2023-01-30,1011.4000244140625,976.9400723822653,1080.319928477657,369,False,True,True,38.88,2023-02-03,976.9400723822653,LOSS,4.0,metals
PL=F,SHORT,2023-03-15,967.9000244140625,1003.4115507261794,896.8769717898288,400,False,False,False,57.41,2023-04-04,1003.4115507261794,LOSS,14.0,metals
PL=F,SHORT,2023-04-14,1044.5999755859375,1077.8257846803424,978.1483573971277,421,False,False,False,66.82,2023-04-18,1077.8257846803424,LOSS,2.0,metals
PL=F,SHORT,2023-04-24,1088.800048828125,1129.1875234434208,1008.0250995975334,427,False,False,False,76.11,2023-05-31,1008.0250995975334,WIN,26.0,metals
PL=F,LONG,2023-06-01,1018.2000122070312,989.2168772833546,1076.1662820543845,454,False,True,True,35.83,2023-06-14,989.2168772833546,LOSS,9.0,metals
PL=F,LONG,2023-06-23,931.7999877929688,906.0104506977308,983.3790619834447,469,False,False,False,26.08,2023-06-29,906.0104506977308,LOSS,4.0,metals
PL=F,SHORT,2023-07-19,975.4000244140625,1002.7532907722722,920.6934916976431,486,False,False,False,59.2,2023-08-03,920.6934916976431,WIN,11.0,metals
PL=F,SHORT,2023-08-31,971.2999877929688,992.618422880728,928.6631176174503,517,False,True,True,68.41,2023-09-06,928.6631176174503,WIN,3.0,metals
PL=F,SHORT,2023-11-01,922.5999755859375,947.2802616413342,873.2394034751442,560,False,True,True,63.9,2023-11-08,873.2394034751442,WIN,5.0,metals
PL=F,LONG,2024-01-18,903.2999877929688,874.9460327414616,960.007897895983,612,False,False,False,30.57,2024-02-09,874.9460327414616,LOSS,16.0,metals
PL=F,SHORT,2024-03-08,912.0,938.8030214509436,858.3939570981129,647,False,True,True,56.7,2024-03-13,938.8030214509436,LOSS,3.0,metals
PL=F,SHORT,2024-03-14,933.4000244140625,961.295060439072,877.6099523640435,651,False,False,False,60.37,2024-04-08,961.295060439072,LOSS,16.0,metals
PL=F,SHORT,2024-04-10,964.5999755859375,996.2222043422879,901.3555180732367,669,False,False,False,65.69,2024-05-10,996.2222043422879,LOSS,22.0,metals
PL=F,SHORT,2024-05-20,1059.699951171875,1088.3018442935509,1002.4961649285233,697,False,False,False,82.37,2024-06-04,1002.4961649285233,WIN,10.0,metals
PL=F,SHORT,2024-09-16,987.9000244140625,1020.0699423429966,923.5601885561944,778,False,False,False,65.28,2024-10-22,1020.0699423429966,LOSS,26.0,metals
PL=F,LONG,2024-11-14,938.7000122070312,911.8310355184673,992.4379655841592,821,False,False,False,34.92,2024-12-30,911.8310355184673,LOSS,30.0,metals
PL=F,SHORT,2025-01-13,962.0999755859375,991.6470906759725,903.0057454058674,860,False,False,False,62.01,2025-01-30,991.6470906759725,LOSS,12.0,metals
PL=F,SHORT,2025-02-03,991.7999877929688,1025.6766956931624,924.0465719925814,874,False,False,False,72.52,2025-02-11,1025.6766956931624,LOSS,6.0,metals
PL=F,LONG,2025-03-03,966.5999755859375,937.3359461506949,1025.1280344564227,893,False,True,True,34.95,2025-04-03,937.3359461506949,LOSS,23.0,metals
PL=F,LONG,2025-04-08,899.5999755859375,862.4353968479865,973.9291330618396,919,False,False,False,30.68,2025-04-28,973.9291330618396,WIN,13.0,metals
PL=F,SHORT,2025-05-22,1078.199951171875,1110.7508031636992,1013.0982471882267,950,False,False,False,73.27,2025-06-05,1110.7508031636992,LOSS,9.0,metals
PL=F,SHORT,2025-06-13,1210.800048828125,1261.5110303897304,1109.3780857049142,965,True,False,False,84.96,2025-06-18,1261.5110303897304,LOSS,3.0,metals
PL=F,LONG,2025-08-04,1326.4000244140625,1246.2249703234,1486.7501325953876,1000,False,False,False,40.3,2025-09-23,1486.7501325953876,WIN,35.0,metals
PL=F,SHORT,2025-09-24,1484.5,1531.4652826128977,1390.5694347742046,1036,False,False,False,70.3,2025-09-26,1531.4652826128977,LOSS,2.0,metals
PL=F,SHORT,2025-09-30,1584.5999755859375,1646.1729901991912,1461.4539463594301,1040,False,False,False,76.94,2025-10-06,1646.1729901991912,LOSS,4.0,metals
PL=F,LONG,2025-10-22,1536.0,1425.4540173106864,1757.0919653786273,1056,False,False,False,43.74,2025-12-12,1757.0919653786273,WIN,36.0,metals
PL=F,SHORT,2025-12-24,2242.39990234375,2347.7989027746316,2031.6019014819867,1100,False,False,False,89.5,2025-12-26,2347.7989027746316,LOSS,1.0,metals
PL=F,LONG,2026-02-03,2195.60009765625,1944.1669060384124,2698.466480891925,1126,False,False,False,42.03,2026-03-19,1944.1669060384124,LOSS,31.0,metals
PL=F,LONG,2026-03-24,1892.0,1739.606308962087,2196.787382075826,1160,False,True,True,36.29,2026-05-13,2196.787382075826,WIN,35.0,metals
PL=F,SHORT,2026-05-14,2083.5,2189.674891200732,1871.150217598536,1196,False,False,False,64.52,2026-06-03,1871.150217598536,WIN,13.0,metals
PL=F,LONG,2026-06-12,1709.199951171875,1629.8553790361213,1867.8890954433823,1216,False,False,False,23.87,2026-06-24,1629.8553790361213,LOSS,7.0,metals
PL=F,SHORT,2026-08-10,1744.5,1805.502278753067,1622.495442493866,1255,False,True,True,61.63,,,OPEN,,metals
PA=F,LONG,2022-06-15,1826.0,1732.464447216545,2013.0711055669099,213,False,False,False,28.69,2022-07-08,2013.0711055669099,WIN,15.0,metals
PA=F,SHORT,2022-07-12,2010.199951171875,2120.6627260425043,1789.2744014306163,230,False,True,True,69.45,2022-07-29,2120.6627260425043,LOSS,13.0,metals
PA=F,SHORT,2022-10-05,2246.89990234375,2370.793307334559,1999.1130923621322,290,False,False,False,62.75,2022-10-14,1999.1130923621322,WIN,7.0,metals
PA=F,LONG,2022-10-17,1990.0999755859375,1887.7530230122388,2194.793880733335,298,False,False,False,38.22,2022-10-31,1887.7530230122388,LOSS,10.0,metals
PA=F,LONG,2023-02-13,1533.5,1458.6275322702297,1683.2449354595406,379,False,False,False,34.51,2023-02-15,1458.6275322702297,LOSS,2.0,metals
PA=F,LONG,2023-02-16,1522.699951171875,1439.6148960726955,1688.870061370234,382,False,False,False,29.73,2023-02-23,1439.6148960726955,LOSS,4.0,metals
PA=F,SHORT,2023-03-15,1430.5999755859375,1513.6212230039305,1264.5574807499515,400,False,False,False,54.25,2023-04-17,1513.6212230039305,LOSS,22.0,metals
PA=F,SHORT,2023-04-20,1585.4000244140625,1652.9781638731351,1450.2437454959172,425,False,True,True,67.33,2023-05-02,1450.2437454959172,WIN,8.0,metals
PA=F,SHORT,2023-07-19,1302.5,1348.0400933821918,1211.4198132356164,486,False,False,False,53.78,2023-08-08,1211.4198132356164,WIN,14.0,metals
PA=F,SHORT,2023-08-14,1262.0,1308.5994441844316,1168.8011116311368,504,False,False,False,56.94,2023-10-05,1168.8011116311368,WIN,37.0,metals
PA=F,LONG,2023-10-06,1164.199951171875,1121.1553909398217,1250.2890716359816,542,False,False,False,34.71,2023-10-20,1121.1553909398217,LOSS,10.0,metals
PA=F,LONG,2023-11-14,1022.7000122070312,980.9299127456159,1106.240211129862,569,False,False,False,23.4,2023-12-04,980.9299127456159,LOSS,13.0,metals
PA=F,SHORT,2023-12-21,1216.699951171875,1275.415567416093,1099.2687186834391,595,False,True,True,69.28,2024-01-02,1099.2687186834391,WIN,6.0,metals
PA=F,SHORT,2024-02-21,946.0999755859375,998.3525118679047,841.5949030220031,635,False,False,False,55.26,2024-03-06,998.3525118679047,LOSS,10.0,metals
PA=F,SHORT,2024-03-07,1031.0,1086.8307937169009,919.3384125661983,646,False,True,True,62.23,2024-05-31,919.3384125661983,WIN,59.0,metals
PA=F,LONG,2024-06-03,913.0,874.0597344522546,990.8805310954908,706,False,False,False,32.05,2024-07-02,990.8805310954908,WIN,20.0,metals
PA=F,SHORT,2024-07-05,1035.800048828125,1083.5209565772054,940.3582333299642,728,False,True,True,66.65,2024-07-18,940.3582333299642,WIN,9.0,metals
PA=F,SHORT,2024-09-18,1068.300048828125,1119.1432442077323,966.6136580689104,780,False,False,False,73.03,2024-10-24,1119.1432442077323,LOSS,26.0,metals
PA=F,LONG,2024-11-13,929.5,875.2596434668984,1037.9807130662032,820,False,False,False,33.18,2024-11-21,1037.9807130662032,WIN,6.0,metals
PA=F,SHORT,2025-01-13,934.7999877929688,967.2837081929256,869.8325469930551,860,False,False,False,57.33,2025-01-21,967.2837081929256,LOSS,5.0,metals
PA=F,SHORT,2025-01-24,1001.2000122070312,1031.9242916502144,939.751453320665,868,False,False,False,65.73,2025-01-31,1031.9242916502144,LOSS,5.0,metals
PA=F,SHORT,2025-02-03,1039.199951171875,1081.834623385715,953.9306067441948,874,False,False,False,69.55,2025-02-24,953.9306067441948,WIN,14.0,metals
PA=F,LONG,2025-03-03,951.2000122070312,909.2106423953227,1035.1787518304484,893,True,False,False,34.32,2025-04-04,909.2106423953227,LOSS,24.0,metals
PA=F,LONG,2025-04-08,877.9000244140625,847.8109375597148,938.0781981227578,919,False,False,False,29.41,2025-04-14,938.0781981227578,WIN,4.0,metals
PA=F,SHORT,2025-05-22,1024.0,1057.851102274211,956.2977954515782,950,False,False,False,71.19,2025-06-06,1057.851102274211,LOSS,10.0,metals
PA=F,SHORT,2025-06-10,1068.0,1115.2057115543653,973.5885768912694,962,False,False,False,69.46,2025-06-26,1115.2057115543653,LOSS,11.0,metals
PA=F,SHORT,2025-07-14,1230.5,1297.381909955237,1096.736180089526,984,False,False,False,73.92,2025-07-17,1297.381909955237,LOSS,3.0,metals
PA=F,LONG,2025-08-01,1207.9000244140625,1150.0729971197838,1323.5540790026198,998,False,False,False,47.33,2025-08-06,1150.0729971197838,LOSS,3.0,metals
PA=F,LONG,2025-08-07,1160.9000244140625,1105.4500992287979,1271.7998747845918,1002,False,False,False,38.88,2025-08-19,1105.4500992287979,LOSS,8.0,metals
PA=F,SHORT,2025-09-15,1204.0,1259.6273658462446,1092.7452683075107,1028,False,False,False,63.8,2025-09-25,1259.6273658462446,LOSS,8.0,metals
PA=F,SHORT,2025-09-29,1265.699951171875,1322.2941203668186,1152.5116127819879,1038,False,False,False,67.06,2025-10-06,1322.2941203668186,LOSS,5.0,metals
PA=F,SHORT,2025-10-09,1430.5,1499.843187992819,1291.8136240143622,1046,False,False,False,77.71,2025-10-13,1499.843187992819,LOSS,2.0,metals
PA=F,SHORT,2025-10-15,1569.0999755859375,1643.4174550550738,1420.465016647665,1050,False,False,False,81.05,2025-10-16,1643.4174550550738,LOSS,1.0,metals
PA=F,SHORT,2025-10-17,1499.199951171875,1596.9318697036972,1303.7361141082306,1052,True,False,False,84.49,2025-12-16,1596.9318697036972,LOSS,41.0,metals
PA=F,SHORT,2025-12-24,1766.300048828125,1874.0031467915396,1550.8938529012958,1099,True,False,False,85.25,2025-12-26,1874.0031467915396,LOSS,1.0,metals
PA=F,LONG,2026-03-25,1416.0,1312.3031687656235,1623.393662468753,1160,False,False,False,31.03,2026-06-05,1312.3031687656235,LOSS,50.0,metals
PA=F,LONG,2026-06-10,1230.800048828125,1162.4251804984126,1367.5497854875498,1213,False,False,False,27.11,2026-06-24,1162.4251804984126,LOSS,9.0,metals
HG=F,SHORT,2022-06-03,4.477499961853027,4.662243018599455,4.108013848360173,205,False,False,False,64.89,2022-06-16,4.108013848360173,WIN,9.0,metals
HG=F,SHORT,2022-08-02,3.5244998931884766,3.708729375374956,3.156040928815518,245,False,False,False,51.46,2022-08-11,3.708729375374956,LOSS,7.0,metals
HG=F,LONG,2022-09-27,3.322999954223633,3.1653305168825443,3.63833882890581,284,False,False,False,30.6,2022-11-04,3.63833882890581,WIN,28.0,metals
HG=F,SHORT,2022-11-07,3.629499912261963,3.8091089032448777,3.2702819302961332,313,False,True,True,62.58,2022-11-11,3.8091089032448777,LOSS,4.0,metals
HG=F,SHORT,2022-11-14,3.8550000190734863,4.039930066047109,3.4851399251262407,318,False,True,True,69.98,2023-01-10,4.039930066047109,LOSS,38.0,metals
HG=F,SHORT,2023-01-19,4.226500034332275,4.370313449091798,3.9388732048132304,362,False,False,False,77.79,2023-02-27,3.9388732048132304,WIN,26.0,metals
HG=F,LONG,2023-04-27,3.864500045776367,3.7420938472154224,4.109312442898257,430,False,False,False,32.65,2023-05-11,3.7420938472154224,LOSS,10.0,metals
HG=F,SHORT,2023-06-07,3.754499912261963,3.878563691959693,3.506372352866503,458,False,False,False,51.96,2023-06-15,3.878563691959693,LOSS,6.0,metals
HG=F,SHORT,2023-06-16,3.884500026702881,3.9986402824242866,3.6562195152600694,465,False,True,True,62.32,2023-07-31,3.9986402824242866,LOSS,29.0,metals
HG=F,SHORT,2023-10-31,3.6414999961853027,3.7263174673057566,3.471865053944395,559,False,False,False,54.35,2023-11-17,3.7263174673057566,LOSS,13.0,metals
HG=F,SHORT,2023-11-22,3.7664999961853027,3.856065881973126,3.587368224609656,575,False,True,True,68.23,2023-12-01,3.856065881973126,LOSS,7.0,metals
HG=F,LONG,2024-01-10,3.7809998989105225,3.6880206524850068,3.966958391761554,608,False,False,False,38.33,2024-02-09,3.6880206524850068,LOSS,21.0,metals
HG=F,SHORT,2024-03-14,4.0370001792907715,4.130463559439431,3.8500734189934516,652,False,False,False,73.63,2024-03-18,4.130463559439431,LOSS,2.0,metals
HG=F,SHORT,2024-04-05,4.239500045776367,4.342199676804927,4.034100783719248,667,False,False,False,77.15,2024-04-15,4.342199676804927,LOSS,6.0,metals
HG=F,LONG,2024-05-28,4.875500202178955,4.6281063385958445,5.370287929345176,703,False,False,False,53.21,2024-05-31,4.6281063385958445,LOSS,3.0,metals
HG=F,LONG,2024-06-03,4.677000045776367,4.4415886551450345,5.1478228270390325,707,False,False,False,43.78,2024-06-25,4.4415886551450345,LOSS,15.0,metals
HG=F,LONG,2024-07-25,4.112500190734863,3.9453032009805193,4.446894170243551,743,False,False,False,29.4,2024-08-05,3.9453032009805193,LOSS,7.0,metals
HG=F,SHORT,2024-09-27,4.540999889373779,4.69244846802867,4.238102732063998,788,False,False,False,78.88,2024-11-06,4.238102732063998,WIN,28.0,metals
HG=F,SHORT,2025-01-17,4.337500095367432,4.4459181068544495,4.120664072393396,865,False,False,False,75.57,2025-02-06,4.4459181068544495,LOSS,13.0,metals
HG=F,LONG,2025-04-10,4.321000099182129,4.022909750405844,4.917180796734698,922,False,False,False,26.03,2025-06-02,4.917180796734698,WIN,35.0,metals
HG=F,SHORT,2025-06-06,4.829999923706055,5.054833484541001,4.380332802036163,961,False,False,False,62.96,2025-06-26,5.054833484541001,LOSS,13.0,metals
HG=F,SHORT,2025-06-30,5.03000020980835,5.203761880970571,4.682476867483906,976,False,False,False,69.14,2025-07-08,5.203761880970571,LOSS,6.0,metals
HG=F,SHORT,2025-07-09,5.44350004196167,5.726638634060825,4.8772228577633605,983,False,False,False,78.34,2025-07-23,5.726638634060825,LOSS,10.0,metals
HG=F,LONG,2025-08-07,4.378499984741211,3.9779245191024537,5.179650916018725,1004,False,False,False,26.98,2025-10-27,5.179650916018725,WIN,56.0,metals
HG=F,SHORT,2025-12-29,5.490499973297119,5.739001997272902,4.993495925345554,1103,False,False,False,75.25,2026-01-05,5.739001997272902,LOSS,4.0,metals
HG=F,LONG,2026-02-18,5.793499946594238,5.45602249548839,6.468454848805935,1137,False,False,False,43.15,2026-03-18,5.45602249548839,LOSS,20.0,metals
HG=F,LONG,2026-03-23,5.439499855041504,5.110267335903157,6.097964893318197,1160,False,True,True,31.99,2026-04-17,6.097964893318197,WIN,18.0,metals
HG=F,SHORT,2026-04-20,6.035999774932861,6.244842100378484,5.618315124041615,1179,False,False,False,69.58,2026-05-08,6.244842100378484,LOSS,14.0,metals
HG=F,LONG,2026-06-25,6.070499897003174,5.824793657704608,6.561912375600306,1225,False,True,True,34.11,2026-08-04,6.561912375600306,WIN,27.0,metals
HG=F,SHORT,2026-08-06,6.686999797821045,6.900178899879888,6.260641593703358,1254,False,False,False,68.34,,,OPEN,,metals
^NDX,SHORT,2022-06-01,12548.3603515625,13354.165574627648,10936.749905432203,203,False,False,False,51.06,2022-08-08,13354.165574627648,LOSS,46.0,indices
^NDX,LONG,2022-09-07,12259.3896484375,11698.361424903198,13381.446095506104,270,False,False,False,31.79,2022-09-21,11698.361424903198,LOSS,10.0,indices
^NDX,SHORT,2022-10-26,11405.900390625,12040.293018709717,10137.115134455566,305,False,False,False,57.17,2022-12-01,12040.293018709717,LOSS,25.0,indices
^NDX,LONG,2022-12-29,10951.0498046875,10432.584748233518,11987.979917595465,349,False,False,False,32.51,2023-01-26,11987.979917595465,WIN,18.0,indices
^NDX,LONG,2023-04-26,12806.48046875,12412.044032111202,13595.353342027596,429,False,False,False,43.91,2023-05-17,13595.353342027596,WIN,15.0,indices
^NDX,SHORT,2023-05-19,13803.490234375,14152.096678388018,13106.277346348965,446,False,False,False,73.4,2023-05-26,14152.096678388018,LOSS,5.0,indices
^NDX,SHORT,2023-05-31,14254.08984375,14649.41435740058,13463.440816448841,453,False,False,False,75.71,2023-06-05,14649.41435740058,LOSS,3.0,indices
^NDX,LONG,2023-06-27,14945.91015625,14494.309994867273,15849.110479015453,471,False,False,False,55.4,2023-07-18,15849.110479015453,WIN,14.0,indices
^NDX,LONG,2023-08-07,15407.849609375,14974.727548191906,16274.093731741188,499,False,False,False,46.71,2023-08-11,14974.727548191906,LOSS,4.0,indices
^NDX,LONG,2023-08-14,15205.58984375,14764.652564478207,16087.464402293586,504,False,False,False,39.8,2023-08-17,14764.652564478207,LOSS,3.0,indices
^NDX,LONG,2023-08-18,14694.83984375,14260.124732307571,15564.270066634857,508,False,True,True,33.96,2023-08-31,15564.270066634857,WIN,9.0,indices
^NDX,LONG,2024-01-08,16649.869140625,16266.393535919926,17416.82035003515,605,False,False,False,46.77,2024-01-22,17416.82035003515,WIN,9.0,indices
^NDX,LONG,2024-03-18,17985.009765625,17494.97784092547,18965.073615024063,653,False,False,False,47.97,2024-04-17,17494.97784092547,LOSS,21.0,indices
^NDX,LONG,2024-04-22,17210.890625,16667.940315379783,18296.791244240434,677,False,True,True,28.86,2024-05-14,18296.791244240434,WIN,16.0,indices
^NDX,SHORT,2024-05-16,18557.9609375,19007.053462435753,17659.775887628493,695,False,False,False,68.47,2024-06-05,19007.053462435753,LOSS,13.0,indices
^NDX,LONG,2024-07-22,19822.869140625,19263.753978258097,20941.099465358806,739,False,False,False,41.69,2024-07-24,19263.753978258097,LOSS,2.0,indices
^NDX,LONG,2024-07-26,19023.66015625,18384.833501279125,20301.31346619175,743,False,True,True,32.53,2024-08-02,18384.833501279125,LOSS,5.0,indices
^NDX,LONG,2024-11-05,20227.4609375,19688.76292471229,21304.85696307542,814,False,False,False,46.17,2024-12-04,21304.85696307542,WIN,20.0,indices
^NDX,LONG,2025-02-26,21132.919921875,20485.77636699624,22427.20703163252,889,False,True,True,38.27,2025-02-28,20485.77636699624,LOSS,2.0,indices
^NDX,LONG,2025-03-05,20628.4609375,19785.2121989349,22314.9584146302,894,False,True,True,32.5,2025-03-07,19785.2121989349,LOSS,2.0,indices
^NDX,LONG,2025-08-04,23188.609375,22671.300010883722,24223.228103232555,998,False,False,False,46.7,2025-09-15,24223.228103232555,WIN,29.0,indices
^NDX,LONG,2025-10-13,24750.25,24126.09277241216,25998.564455175678,1047,False,False,False,44.35,2025-10-28,25998.564455175678,WIN,11.0,indices
^NDX,LONG,2025-11-19,24640.51953125,23785.344436538297,26350.869720673407,1074,False,True,True,38.44,2026-03-20,23785.344436538297,LOSS,82.0,indices
^NDX,LONG,2026-03-23,24188.58984375,23324.116249418254,25917.537032413493,1157,False,True,True,34.37,2026-03-27,23324.116249418254,LOSS,4.0,indices
^NDX,LONG,2026-03-31,23740.189453125,22810.72435464742,25599.11965008016,1163,False,False,False,28.16,2026-04-14,25599.11965008016,WIN,9.0,indices
^NDX,SHORT,2026-04-20,26590.33984375,27415.427901936113,24940.163727377774,1176,False,False,False,75.84,2026-04-30,27415.427901936113,LOSS,8.0,indices
^NDX,LONG,2026-06-11,29446.1796875,28200.354570221352,31937.829922057295,1213,False,False,False,42.05,2026-07-24,28200.354570221352,LOSS,29.0,indices
^NDX,LONG,2026-07-30,28106.349609375,26852.744176125332,30613.560475874336,1246,False,True,True,30.83,,,OPEN,,indices
^DJI,SHORT,2022-08-01,32798.3984375,33806.54710416395,30782.101104172107,244,False,True,True,66.86,2022-08-15,33806.54710416395,LOSS,10.0,indices
^DJI,LONG,2022-09-01,31656.419921875,30742.244920187088,33484.769925250825,267,False,False,False,33.34,2022-09-16,30742.244920187088,LOSS,10.0,indices
^DJI,SHORT,2022-10-19,30423.810546875,31707.757039617412,27855.917561390175,300,False,False,False,54.31,2022-10-25,31707.757039617412,LOSS,4.0,indices
^DJI,SHORT,2022-10-27,32033.279296875,33259.72395449982,29580.389981625354,306,False,True,True,65.66,2022-11-08,33259.72395449982,LOSS,8.0,indices
^DJI,LONG,2022-12-08,33781.48046875,32813.121063299885,35718.19927965023,335,False,False,False,52.36,2022-12-16,32813.121063299885,LOSS,6.0,indices
^DJI,LONG,2022-12-21,33376.48046875,32311.59926225193,35506.24288174614,344,False,False,False,41.53,2023-03-09,32311.59926225193,LOSS,52.0,indices
^DJI,LONG,2023-03-13,31819.140625,30901.478253901056,33654.46536719789,398,False,False,False,30.31,2023-04-11,33654.46536719789,WIN,20.0,indices
^DJI,LONG,2023-05-17,33420.76953125,32694.421517980998,34873.465557788004,444,False,False,False,40.15,2023-05-25,32694.421517980998,LOSS,6.0,indices
^DJI,SHORT,2023-06-14,33979.328125,34617.8449140165,32702.294546966994,463,False,False,False,66.01,2023-07-17,34617.8449140165,LOSS,21.0,indices
^DJI,SHORT,2023-07-25,35438.0703125,35984.02740411869,34346.156129262614,490,False,False,False,75.01,2023-08-18,34346.156129262614,WIN,18.0,indices
^DJI,LONG,2023-08-21,34463.69140625,33807.58298725907,35775.90824423186,509,False,True,True,38.75,2023-09-25,33807.58298725907,LOSS,24.0,indices
^DJI,LONG,2023-09-28,33666.33984375,33041.9935344939,34915.0324622622,536,False,False,False,28.21,2023-10-03,33041.9935344939,LOSS,3.0,indices
^DJI,LONG,2023-10-04,33129.55078125,32464.682703994407,34459.286935761185,540,False,False,False,23.11,2023-10-27,32464.682703994407,LOSS,17.0,indices
^DJI,SHORT,2023-11-08,34112.26953125,34800.12265856749,32736.563276615023,565,False,False,False,61.63,2023-11-14,34800.12265856749,LOSS,4.0,indices
^DJI,LONG,2024-01-18,37468.609375,36862.164813332754,38681.49849833449,612,False,False,False,52.71,2024-02-02,38681.49849833449,WIN,11.0,indices
^DJI,LONG,2024-02-14,38424.26953125,37782.22109544013,39708.36640286974,631,False,False,False,53.05,2024-03-21,39708.36640286974,WIN,25.0,indices
^DJI,LONG,2024-04-05,38904.0390625,38173.311592074264,40365.49400335147,666,False,False,False,40.38,2024-04-12,38173.311592074264,LOSS,5.0,indices
^DJI,LONG,2024-04-17,37753.30859375,36943.85371122301,39372.21835880398,674,False,True,True,31.35,2024-05-09,39372.21835880398,WIN,16.0,indices
^DJI,SHORT,2024-07-18,40665.01953125,41483.40034958751,39028.257894574985,737,False,False,False,84.6,2024-08-05,39028.257894574985,WIN,12.0,indices
^DJI,LONG,2024-08-06,38997.66015625,37835.318243984824,41322.34398078035,750,False,True,True,34.32,2024-08-26,41322.34398078035,WIN,14.0,indices
^DJI,LONG,2024-10-28,42387.5703125,41562.536047416834,44037.63884266633,808,False,False,False,44.89,2024-11-08,44037.63884266633,WIN,9.0,indices
^DJI,LONG,2024-12-20,42840.26171875,41873.92047669578,44772.944202858445,846,False,True,True,27.47,2025-01-13,41873.92047669578,LOSS,13.0,indices
^DJI,LONG,2025-03-05,43006.58984375,41850.66857605678,45318.432379136444,894,False,True,True,33.3,2025-03-10,41850.66857605678,LOSS,3.0,indices
^DJI,LONG,2025-04-09,40608.44921875,38168.96731593177,45487.413024386464,919,False,False,False,20.53,2025-04-21,38168.96731593177,LOSS,7.0,indices
^DJI,SHORT,2025-07-07,44406.359375,45365.26829403781,42488.541536924386,978,False,False,False,76.59,2025-08-22,45365.26829403781,LOSS,34.0,indices
^DJI,SHORT,2025-10-06,46694.96875,47447.941347515276,45189.02355496945,1042,False,False,False,69.11,2025-10-27,47447.941347515276,LOSS,15.0,indices
^DJI,LONG,2025-11-19,46138.76953125,45045.44357616213,48325.421441425744,1074,False,True,True,38.8,2025-12-11,48325.421441425744,WIN,15.0,indices
^DJI,LONG,2026-01-21,49077.23046875,48023.92232970852,51183.84674683296,1115,False,False,False,46.82,2026-03-03,48023.92232970852,LOSS,28.0,indices
^DJI,LONG,2026-03-04,48739.41015625,47442.01712165689,51334.196225436215,1144,False,True,True,39.9,2026-03-06,47442.01712165689,LOSS,2.0,indices
^DJI,LONG,2026-03-10,47706.51171875,46214.392320255196,50690.75051573961,1148,False,True,True,35.84,2026-03-18,46214.392320255196,LOSS,6.0,indices
^DJI,SHORT,2026-04-10,47916.5703125,49337.003142509886,45075.70465248023,1170,False,False,False,62.13,2026-04-17,49337.003142509886,LOSS,5.0,indices
^DJI,SHORT,2026-04-20,49442.55859375,50743.66526309457,46840.34525506086,1176,False,False,False,70.16,2026-05-22,50743.66526309457,LOSS,24.0,indices
^DJI,LONG,2026-06-11,50848.75,49523.909452660446,53498.43109467911,1213,False,False,False,45.86,2026-08-04,53498.43109467911,WIN,36.0,indices
^GSPC,SHORT,2022-05-31,4132.14990234375,4328.727979348151,3738.9937483349477,202,False,False,False,54.71,2022-06-13,3738.9937483349477,WIN,9.0,indices
^GSPC,SHORT,2022-08-01,4118.6298828125,4268.743911034047,3818.401826369405,244,False,True,True,67.16,2022-08-12,4268.743911034047,LOSS,9.0,indices
^GSPC,LONG,2022-09-01,3966.85009765625,3836.1059255013297,4228.338441966091,267,False,False,False,35.43,2022-09-20,3836.1059255013297,LOSS,12.0,indices
^GSPC,SHORT,2022-10-26,3830.60009765625,4001.9098173938087,3487.9806581811326,305,False,True,True,58.83,2022-11-14,4001.9098173938087,LOSS,13.0,indices
^GSPC,LONG,2022-12-21,3878.43994140625,3742.4315337345674,4150.456756749615,344,False,False,False,38.94,2023-02-02,4150.456756749615,WIN,28.0,indices
^GSPC,LONG,2023-02-23,4012.320068359375,3893.4855179687484,4249.989169140628,386,False,True,False,42.21,2023-03-10,3893.4855179687484,LOSS,11.0,indices
^GSPC,LONG,2023-03-13,3855.760009765625,3730.079330441021,4107.121368414833,398,False,False,False,33.5,2023-03-31,4107.121368414833,WIN,14.0,indices
^GSPC,SHORT,2023-04-04,4100.60009765625,4215.6281627455155,3870.543967477719,414,False,False,False,65.15,2023-05-30,4215.6281627455155,LOSS,38.0,indices
^GSPC,SHORT,2023-06-16,4409.58984375,4499.3963784008865,4229.976774448227,465,False,False,False,77.46,2023-07-13,4499.3963784008865,LOSS,17.0,indices
^GSPC,LONG,2023-08-07,4518.43994140625,4436.373831970021,4682.572160278709,499,False,False,False,46.6,2023-08-15,4436.373831970021,LOSS,6.0,indices
^GSPC,LONG,2023-08-21,4399.77001953125,4309.673662049851,4579.962734494047,509,False,True,True,33.09,2023-09-25,4309.673662049851,LOSS,24.0,indices
^GSPC,SHORT,2023-11-07,4378.3798828125,4483.962665860285,4167.214316716931,564,False,False,False,59.78,2023-11-14,4483.962665860285,LOSS,5.0,indices
^GSPC,LONG,2024-01-08,4763.5400390625,4683.149456801473,4924.321203584554,605,False,False,False,54.0,2024-01-29,4924.321203584554,WIN,14.0,indices
^GSPC,LONG,2024-04-05,5204.33984375,5107.945046526203,5397.129438197593,666,False,False,False,47.54,2024-04-12,5107.945046526203,LOSS,5.0,indices
^GSPC,LONG,2024-04-22,5010.60009765625,4892.122678483949,5247.554936000852,677,False,True,True,29.84,2024-05-14,5247.554936000852,WIN,16.0,indices
^GSPC,LONG,2024-07-22,5564.41015625,5460.1593569437,5772.9117548626,739,False,False,False,48.41,2024-07-24,5460.1593569437,LOSS,2.0,indices
^GSPC,LONG,2024-07-26,5459.10009765625,5334.852596414627,5707.595100139495,743,False,False,False,38.11,2024-08-02,5334.852596414627,LOSS,5.0,indices
^GSPC,LONG,2024-08-06,5240.02978515625,5057.4434317539935,5605.202491960763,750,False,True,True,29.58,2024-08-19,5605.202491960763,WIN,9.0,indices
^GSPC,LONG,2024-11-05,5782.759765625,5670.45491212327,6007.369472628459,814,False,False,False,41.95,2024-11-08,6007.369472628459,WIN,3.0,indices
^GSPC,LONG,2024-12-20,5930.85009765625,5805.925405370253,6180.699482228243,846,False,False,False,35.7,2025-01-13,5805.925405370253,LOSS,13.0,indices
^GSPC,LONG,2025-02-28,5954.5,5806.718559679031,6250.062880641937,891,False,True,True,32.46,2025-03-04,5806.718559679031,LOSS,2.0,indices
^GSPC,LONG,2025-03-05,5842.6298828125,5668.2629059388055,6191.363836559889,894,False,True,True,32.28,2025-03-07,5668.2629059388055,LOSS,2.0,indices
^GSPC,LONG,2025-03-11,5572.06982421875,5370.3108049735,5975.58786270925,898,False,False,False,29.14,2025-04-04,5370.3108049735,LOSS,18.0,indices
^GSPC,LONG,2025-04-09,5456.89990234375,5082.6805606350035,6205.338585761243,919,True,False,False,20.51,2025-06-30,6205.338585761243,WIN,55.0,indices
^GSPC,SHORT,2025-07-07,6229.97998046875,6353.426767255665,5983.0864068949195,978,False,False,False,76.68,2025-07-23,6353.426767255665,LOSS,12.0,indices
^GSPC,LONG,2025-08-04,6329.93994140625,6212.666248758437,6564.487326701876,998,False,False,False,46.07,2025-09-11,6564.487326701876,WIN,27.0,indices
^GSPC,SHORT,2025-09-23,6656.919921875,6756.831850115161,6457.096065394679,1033,False,False,False,75.35,2025-10-09,6756.831850115161,LOSS,12.0,indices
^GSPC,LONG,2025-10-13,6654.72021484375,6526.9249862442675,6910.310672042715,1047,False,False,False,40.72,2025-10-28,6910.310672042715,WIN,11.0,indices
^GSPC,LONG,2025-11-19,6642.16015625,6475.810764348858,6974.858940052283,1074,False,True,True,37.8,2026-01-09,6974.858940052283,WIN,34.0,indices
^GSPC,LONG,2026-01-21,6875.6201171875,6742.549755897673,7141.760839767154,1115,False,False,False,39.27,2026-03-03,6742.549755897673,LOSS,28.0,indices
^GSPC,LONG,2026-03-16,6699.3798828125,6508.296041704968,7081.547565027564,1152,False,True,True,32.25,2026-03-20,6508.296041704968,LOSS,4.0,indices
^GSPC,LONG,2026-03-23,6581.0,6384.3547807941795,6974.290438411641,1157,False,False,False,29.04,2026-03-27,6384.3547807941795,LOSS,4.0,indices
^GSPC,LONG,2026-03-30,6343.72021484375,6145.207301355031,6740.746041821189,1162,False,False,False,27.98,2026-04-08,6740.746041821189,WIN,6.0,indices
^GSPC,SHORT,2026-04-20,7109.14013671875,7285.774621248466,6755.8711676593175,1176,False,False,False,74.69,2026-05-06,7285.774621248466,LOSS,12.0,indices
^GSPC,LONG,2026-06-11,7394.2998046875,7200.5109614204575,7781.877491221585,1213,False,False,False,39.02,2026-08-05,7781.877491221585,WIN,37.0,indices
^GSPC,SHORT,2026-08-06,7709.9599609375,7892.210886073496,7345.458110665508,1251,False,False,False,65.96,,,OPEN,,indices
^GDAXI,SHORT,2022-05-31,14388.349609375,14894.375165734724,13376.298496655552,205,False,True,True,62.27,2022-06-14,13376.298496655552,WIN,10.0,indices
^GDAXI,LONG,2022-06-15,13485.2900390625,12966.5651458204,14522.739825546701,216,False,False,False,32.12,2022-06-22,12966.5651458204,LOSS,5.0,indices
^GDAXI,SHORT,2022-08-01,13479.6298828125,13958.173083629386,12522.543481178727,249,False,True,True,59.49,2022-09-21,12522.543481178727,WIN,37.0,indices
^GDAXI,SHORT,2022-10-19,12741.41015625,13263.374979730712,11697.480509288576,306,False,True,True,57.42,2022-10-31,13263.374979730712,LOSS,8.0,indices
^GDAXI,LONG,2022-12-09,14370.7197265625,14030.670594667981,15050.817990351537,343,False,False,False,56.42,2022-12-15,14030.670594667981,LOSS,4.0,indices
^GDAXI,LONG,2022-12-21,14097.8203125,13717.15802462635,14859.144888247301,351,False,False,False,40.11,2023-01-11,14859.144888247301,WIN,14.0,indices
^GDAXI,LONG,2023-02-27,15381.4296875,15002.602049957793,16139.084962584413,398,False,False,False,46.9,2023-03-13,15002.602049957793,LOSS,10.0,indices
^GDAXI,LONG,2023-03-14,15232.830078125,14788.908000865193,16120.674232644615,409,False,False,False,36.17,2023-03-15,14788.908000865193,LOSS,1.0,indices
^GDAXI,LONG,2023-03-16,14967.099609375,14461.67361386782,15977.951600389359,411,False,True,True,35.27,2023-03-20,14461.67361386782,LOSS,2.0,indices
^GDAXI,SHORT,2023-05-22,16223.990234375,16536.44229625608,15599.086110612843,455,False,False,False,70.61,2023-07-06,15599.086110612843,WIN,33.0,indices
^GDAXI,LONG,2023-07-07,15603.400390625,15252.123869025243,16305.953433824514,489,False,True,True,33.27,2023-07-27,16305.953433824514,WIN,14.0,indices
^GDAXI,LONG,2023-09-28,15323.5,14989.173984182815,15992.15203163437,548,False,False,False,30.29,2023-10-04,14989.173984182815,LOSS,4.0,indices
^GDAXI,SHORT,2023-11-06,15135.9697265625,15480.237317124223,14447.434545439053,575,False,False,False,54.63,2023-11-14,15480.237317124223,LOSS,6.0,indices
^GDAXI,SHORT,2023-11-20,15901.330078125,16225.812578490864,15252.365077393271,585,False,False,False,73.65,2023-11-30,16225.812578490864,LOSS,8.0,indices
^GDAXI,LONG,2024-01-08,16716.470703125,16414.647791038944,17320.116527297112,617,False,False,False,54.73,2024-01-17,16414.647791038944,LOSS,7.0,indices
^GDAXI,LONG,2024-01-18,16567.349609375,16243.935517850732,17214.177792423536,625,False,False,False,42.99,2024-02-22,17214.177792423536,WIN,25.0,indices
^GDAXI,SHORT,2024-02-26,17423.23046875,17689.13553776063,16891.42033072874,652,False,False,False,72.0,2024-02-29,17689.13553776063,LOSS,3.0,indices
^GDAXI,SHORT,2024-03-04,17716.169921875,17966.63577290859,17215.23821980782,657,False,False,False,79.83,2024-03-12,17966.63577290859,LOSS,6.0,indices
^GDAXI,LONG,2024-04-08,18318.970703125,18038.650638976927,18879.610831421145,680,False,False,False,57.53,2024-04-10,18038.650638976927,LOSS,2.0,indices
^GDAXI,LONG,2024-04-15,18026.580078125,17668.645756326223,18742.448721722554,685,False,False,False,45.28,2024-04-19,17668.645756326223,LOSS,4.0,indices
^GDAXI,LONG,2024-06-17,18068.2109375,17639.337600668237,18925.957611163525,729,False,True,True,36.23,2024-08-02,17639.337600668237,LOSS,34.0,indices
^GDAXI,LONG,2024-08-07,17615.150390625,17073.95162991497,18697.547912045062,766,False,True,True,29.35,2024-08-27,18697.547912045062,WIN,14.0,indices
^GDAXI,LONG,2024-11-01,19254.970703125,18863.102611378814,20038.706886617372,828,False,False,False,42.39,2024-11-13,18863.102611378814,LOSS,8.0,indices
^GDAXI,SHORT,2024-12-09,20345.9609375,20776.490404149677,19484.902004200645,854,False,False,False,74.4,2025-01-17,20776.490404149677,LOSS,24.0,indices
^GDAXI,LONG,2025-03-05,23081.029296875,22327.788171891054,24587.511546842892,911,False,False,False,52.68,2025-03-11,22327.788171891054,LOSS,4.0,indices
^GDAXI,LONG,2025-03-12,22676.41015625,21823.15065646927,24382.929155811456,916,False,False,False,49.04,2025-04-03,21823.15065646927,LOSS,16.0,indices
^GDAXI,LONG,2025-04-10,20562.73046875,19157.509780786702,23373.171844676595,937,False,True,True,27.14,2025-05-06,23373.171844676595,WIN,15.0,indices
^GDAXI,LONG,2025-06-20,23350.55078125,22727.049186155687,24597.553971438625,985,False,False,False,35.88,2025-07-09,24597.553971438625,WIN,13.0,indices
^GDAXI,LONG,2025-08-04,23757.689453125,23110.2945693847,25052.4792206056,1016,False,True,True,37.33,2025-11-18,23110.2945693847,LOSS,76.0,indices
^GDAXI,SHORT,2026-01-06,24892.19921875,25341.031842826982,23994.533970596036,1122,False,False,False,72.7,2026-01-12,25341.031842826982,LOSS,4.0,indices
^GDAXI,LONG,2026-01-30,24538.810546875,24022.8963626444,25570.638915336203,1140,False,False,False,37.89,2026-03-03,24022.8963626444,LOSS,22.0,indices
^GDAXI,LONG,2026-03-04,24205.359375,23486.702339267802,25642.673446464396,1163,False,True,True,31.01,2026-03-06,23486.702339267802,LOSS,2.0,indices
^GDAXI,LONG,2026-03-10,23968.630859375,23098.745379227148,25708.401819670704,1167,True,True,True,31.05,2026-03-19,23098.745379227148,LOSS,7.0,indices
^GDAXI,SHORT,2026-04-20,24417.80078125,25352.408261926186,22548.585819897628,1194,False,False,False,65.19,2026-05-25,25352.408261926186,LOSS,24.0,indices
^GDAXI,SHORT,2026-05-26,25184.890625,26010.713545279355,23533.24478444129,1219,False,False,False,65.37,2026-08-03,26010.713545279355,LOSS,49.0,indices
^GDAXI,SHORT,2026-08-05,26126.30078125,26774.4339178034,24830.034508143202,1270,False,False,False,70.76,,,OPEN,,indices
^FTSE,SHORT,2022-08-01,7413.39990234375,7610.506704360622,7019.186298310005,244,False,False,False,62.81,2022-09-23,7019.186298310005,WIN,37.0,indices
^FTSE,SHORT,2022-11-02,7144.10009765625,7347.439246010017,6737.421800948716,309,False,True,True,64.97,2022-11-04,7347.439246010017,LOSS,2.0,indices
^FTSE,SHORT,2022-11-07,7300.0,7509.884422030034,6880.231155939931,312,False,False,False,71.51,2022-11-29,7509.884422030034,LOSS,16.0,indices
^FTSE,LONG,2022-12-21,7497.2998046875,7341.331756245158,7809.235901572183,344,True,False,False,44.39,2023-01-13,7809.235901572183,WIN,14.0,indices
^FTSE,LONG,2023-02-27,7935.10009765625,7804.14635461193,8197.00758374489,389,False,False,False,50.25,2023-03-10,7804.14635461193,LOSS,9.0,indices
^FTSE,LONG,2023-03-20,7403.89990234375,7168.446229214219,7874.807248602812,404,True,False,False,26.24,2023-04-14,7874.807248602812,WIN,17.0,indices
^FTSE,LONG,2023-05-26,7627.2001953125,7487.280012252679,7907.040561432143,449,False,True,True,31.45,2023-05-31,7487.280012252679,LOSS,2.0,indices
^FTSE,LONG,2023-06-01,7490.2998046875,7346.829254383568,7777.240905295364,452,False,False,False,27.94,2023-07-06,7346.829254383568,LOSS,25.0,indices
^FTSE,LONG,2023-07-10,7273.7998046875,7134.732100178578,7551.935213705345,479,False,False,False,24.75,2023-07-19,7551.935213705345,WIN,7.0,indices
^FTSE,SHORT,2023-07-26,7676.89990234375,7813.108099471227,7404.483508088795,491,False,False,False,67.0,2023-08-15,7404.483508088795,WIN,14.0,indices
^FTSE,SHORT,2023-09-18,7652.89990234375,7809.0720373468575,7340.555632337535,528,False,False,False,73.93,2023-10-23,7340.555632337535,WIN,25.0,indices
^FTSE,SHORT,2023-12-15,7576.39990234375,7724.519495790424,7280.160715450402,592,False,False,False,68.86,2023-12-20,7724.519495790424,LOSS,3.0,indices
^FTSE,SHORT,2023-12-21,7694.7001953125,7841.089352785156,7401.921880367188,596,False,False,False,69.21,2024-03-21,7841.089352785156,LOSS,62.0,indices
^FTSE,SHORT,2024-03-27,7932.0,8051.675878273736,7692.648243452528,662,False,False,False,73.07,2024-04-23,8051.675878273736,LOSS,17.0,indices
^FTSE,LONG,2024-05-30,8231.099609375,8098.213701903518,8496.871424317964,704,False,False,False,40.95,2024-07-25,8098.213701903518,LOSS,40.0,indices
^FTSE,SHORT,2024-07-30,8274.400390625,8426.459947951642,7970.281275971716,747,False,False,False,59.69,2024-08-05,7970.281275971716,WIN,4.0,indices
^FTSE,LONG,2024-08-06,8026.7001953125,7827.450451270631,8425.199683396238,752,False,True,True,35.55,2025-01-17,8425.199683396238,WIN,114.0,indices
^FTSE,LONG,2025-03-13,8542.599609375,8375.607003537483,8876.584821050033,905,False,True,True,39.72,2025-04-04,8375.607003537483,LOSS,16.0,indices
^FTSE,LONG,2025-04-08,7910.5,7608.369068910525,8514.76186217895,923,False,False,False,13.84,2025-04-09,7608.369068910525,LOSS,1.0,indices
^FTSE,LONG,2025-06-27,8798.900390625,8667.05290684647,9062.595358182061,977,True,False,False,46.05,2025-07-23,9062.595358182061,WIN,18.0,indices
^FTSE,LONG,2025-09-01,9196.2998046875,9071.52284318368,9445.85372769514,1022,False,False,False,53.37,2025-10-01,9445.85372769514,WIN,22.0,indices
^FTSE,LONG,2025-11-21,9539.7001953125,9353.164138685948,9912.772308565603,1081,False,False,False,41.85,2025-12-30,9912.772308565603,WIN,25.0,indices
^FTSE,SHORT,2026-01-07,10048.2001953125,10216.019391214488,9712.561803508524,1111,False,False,False,76.53,2026-01-15,10216.019391214488,LOSS,6.0,indices
^FTSE,LONG,2026-03-10,10412.2001953125,10110.881358980072,11014.837867977356,1155,False,False,False,38.45,2026-03-19,10110.881358980072,LOSS,7.0,indices
^FTSE,SHORT,2026-07-06,10651.7998046875,10884.248568120682,10186.902277821137,1235,False,False,False,66.57,2026-07-28,10884.248568120682,LOSS,16.0,indices
^FTSE,SHORT,2026-07-30,10897.2998046875,11124.406650280545,10443.08611350141,1253,False,False,False,70.4,,,OPEN,,indices
^N225,SHORT,2022-06-10,27824.2890625,28564.479452430933,26343.908282638135,204,True,False,False,68.65,2022-06-15,26343.908282638135,WIN,3.0,indices
^N225,LONG,2022-08-30,28195.580078125,27470.361044561836,29646.018145251328,259,False,False,False,44.93,2022-09-07,27470.361044561836,LOSS,6.0,indices
^N225,LONG,2022-09-08,28065.279296875,27345.344541889357,29505.148806846286,266,True,False,False,38.88,2022-09-21,27345.344541889357,LOSS,8.0,indices
^N225,LONG,2022-09-27,26571.869140625,25824.224653910947,28067.158114053105,277,False,False,False,30.59,2022-09-30,25824.224653910947,LOSS,3.0,indices
^N225,LONG,2022-12-09,27901.009765625,27283.379784318826,29136.26972823735,327,False,False,False,44.63,2022-12-19,27283.379784318826,LOSS,6.0,indices
^N225,LONG,2022-12-26,26405.869140625,25735.696461778225,27746.21449831855,338,False,False,False,28.86,2023-01-04,25735.696461778225,LOSS,5.0,indices
^N225,SHORT,2023-03-10,28143.970703125,28714.788544336738,27002.335020701525,388,False,False,False,74.38,2023-03-16,27002.335020701525,WIN,4.0,indices
^N225,LONG,2023-03-17,27333.7890625,26634.21384538698,28732.939496726038,393,False,False,False,38.08,2023-04-21,28732.939496726038,WIN,24.0,indices
^N225,SHORT,2023-05-23,30957.76953125,31576.98324236525,29719.342109019497,436,False,False,False,85.13,2023-06-05,31576.98324236525,LOSS,9.0,indices
^N225,LONG,2023-06-28,33193.98828125,32181.230639030924,35219.50356568815,462,False,False,False,54.55,2023-07-10,32181.230639030924,LOSS,8.0,indices
^N225,LONG,2023-07-13,32419.330078125,31442.776559199552,34372.437115975896,473,False,False,False,40.89,2023-08-17,31442.776559199552,LOSS,23.0,indices
^N225,SHORT,2023-09-07,32991.078125,33749.23404964235,31474.7662757153,511,False,False,False,64.24,2023-10-03,31474.7662757153,WIN,17.0,indices
^N225,LONG,2023-10-05,31075.359375,30150.919916369257,32924.238292261485,530,False,True,True,26.37,2023-11-15,32924.238292261485,WIN,27.0,indices
^N225,SHORT,2023-11-16,33424.41015625,34421.600441170405,31430.02958640919,558,False,False,False,67.15,2024-01-10,34421.600441170405,LOSS,34.0,indices
^N225,SHORT,2024-01-16,35619.1796875,36604.80424286573,33647.930576768544,596,False,False,False,77.63,2024-01-23,36604.80424286573,LOSS,5.0,indices
^N225,LONG,2024-03-14,38807.37890625,37709.74531463469,41002.64608948062,636,False,False,False,52.69,2024-03-22,41002.64608948062,WIN,5.0,indices
^N225,LONG,2024-04-08,39347.0390625,38115.864693792275,41809.38779991545,652,False,False,False,43.78,2024-04-17,38115.864693792275,LOSS,7.0,indices
^N225,LONG,2024-04-22,37438.609375,36173.26381230156,39969.30050039689,662,False,True,True,28.89,2024-07-02,39969.30050039689,WIN,48.0,indices
^N225,SHORT,2024-07-08,40780.69921875,41708.46310008902,38925.171456071956,714,False,False,False,73.35,2024-07-09,41708.46310008902,LOSS,1.0,indices
^N225,SHORT,2024-07-12,41190.6796875,42276.895054817294,39018.24895286541,718,True,False,False,80.24,2024-07-25,39018.24895286541,WIN,8.0,indices
^N225,LONG,2024-07-29,38468.62890625,37234.97472602869,40935.93726669262,728,False,True,True,28.38,2024-08-02,37234.97472602869,LOSS,4.0,indices
^N225,LONG,2024-08-06,34675.4609375,32152.141472832558,39722.099866834884,734,False,False,False,16.78,2024-09-27,39722.099866834884,WIN,35.0,indices
^N225,SHORT,2024-09-30,37919.55078125,39710.15887415767,34338.33459543466,770,False,False,False,68.06,2024-10-15,39710.15887415767,LOSS,10.0,indices
^N225,SHORT,2024-12-13,39470.44140625,40545.52741926602,37320.26938021796,822,False,False,False,63.9,2025-02-28,37320.26938021796,WIN,48.0,indices
^N225,LONG,2025-03-03,37785.46875,36692.1280767262,39972.1500965476,871,False,False,False,28.91,2025-03-11,36692.1280767262,LOSS,6.0,indices
^N225,LONG,2025-04-08,33012.578125,31065.8757647002,36905.9828455996,896,False,False,False,13.04,2025-05-02,36905.9828455996,WIN,17.0,indices
^N225,SHORT,2025-07-01,39986.328125,40977.36283019925,38004.2587146015,953,False,False,False,75.63,2025-07-23,40977.36283019925,LOSS,15.0,indices
^N225,SHORT,2025-07-25,41456.23046875,42529.829803151646,39309.03179994671,970,False,False,False,78.83,2025-08-12,42529.829803151646,LOSS,11.0,indices
^N225,LONG,2025-11-20,49823.94140625,47786.10509789165,53899.61402296671,1049,False,False,False,42.92,2026-01-14,53899.61402296671,WIN,34.0,indices
^N225,SHORT,2026-01-15,54110.5,55770.60760616881,50790.284787662385,1084,False,False,False,70.51,2026-02-09,55770.60760616881,LOSS,17.0,indices
^N225,SHORT,2026-02-13,56941.96875,59103.19075797392,52619.52473405216,1104,False,False,False,73.18,2026-02-26,59103.19075797392,LOSS,8.0,indices
^N225,LONG,2026-03-06,55620.83984375,53099.2017749375,60664.115981375,1118,False,False,False,46.4,2026-03-09,53099.2017749375,LOSS,1.0,indices
^N225,LONG,2026-03-10,54248.390625,51234.34818620249,60276.475502595014,1120,False,True,True,36.6,2026-03-23,51234.34818620249,LOSS,8.0,indices
^N225,LONG,2026-06-09,65416.62890625,62291.22485016201,71667.43701842598,1180,False,False,False,51.39,2026-06-19,71667.43701842598,WIN,8.0,indices
^N225,LONG,2026-07-09,67743.8515625,63981.08835636176,75269.37797477648,1202,False,False,False,44.86,2026-07-17,63981.08835636176,LOSS,6.0,indices
^N225,LONG,2026-07-21,66232.1875,62196.41346761465,74303.7355647707,1209,False,False,False,38.02,2026-07-28,62196.41346761465,LOSS,5.0,indices
^FCHI,SHORT,2022-05-31,6468.7998046875,6711.246618685119,5983.906176692262,207,False,True,True,59.18,2022-06-14,5983.906176692262,WIN,10.0,indices
^FCHI,LONG,2022-06-15,6030.1298828125,5786.522804130437,6517.344040176626,218,False,False,False,30.24,2022-07-05,5786.522804130437,LOSS,14.0,indices
^FCHI,SHORT,2022-08-01,6436.85986328125,6648.76231804683,6013.05495375009,251,False,True,True,69.77,2022-09-01,6013.05495375009,WIN,23.0,indices
^FCHI,LONG,2022-09-02,6167.509765625,5967.8125280780905,6566.904240718819,275,False,False,False,26.36,2022-09-21,5967.8125280780905,LOSS,13.0,indices
^FCHI,SHORT,2022-10-26,6276.31005859375,6504.768476894492,5819.393221992266,313,False,True,True,65.8,2022-11-10,6504.768476894492,LOSS,11.0,indices
^FCHI,LONG,2022-12-09,6677.64013671875,6536.504788826921,6959.910832502408,345,False,False,False,57.67,2022-12-15,6536.504788826921,LOSS,4.0,indices
^FCHI,LONG,2022-12-21,6580.240234375,6402.806279620739,6935.108143883523,353,False,False,False,38.18,2023-01-11,6935.108143883523,WIN,14.0,indices
^FCHI,LONG,2023-02-27,7295.5498046875,7110.24411582612,7666.16118241026,400,False,False,False,51.21,2023-03-13,7110.24411582612,LOSS,10.0,indices
^FCHI,LONG,2023-03-16,7025.72021484375,6783.336523068361,7510.487598394528,413,False,True,True,33.54,2023-04-14,7510.487598394528,WIN,19.0,indices
^FCHI,LONG,2023-05-26,7319.18017578125,7150.550650425142,7656.439226493467,461,False,True,True,34.91,2023-05-31,7150.550650425142,LOSS,3.0,indices
^FCHI,LONG,2023-06-01,7137.43017578125,6963.005105328618,7486.280316686514,465,False,True,True,30.96,2023-07-28,7486.280316686514,WIN,41.0,indices
^FCHI,SHORT,2023-09-18,7276.14013671875,7464.434068069587,6899.552274017076,542,False,True,False,59.36,2023-10-19,6899.552274017076,WIN,23.0,indices
^FCHI,SHORT,2023-11-06,7013.72998046875,7190.259762001562,6660.670417403126,577,False,False,False,54.81,2023-11-14,7190.259762001562,LOSS,6.0,indices
^FCHI,SHORT,2023-11-16,7168.39990234375,7337.8278745660655,6829.543957899119,585,False,False,False,63.48,2023-12-01,7337.8278745660655,LOSS,11.0,indices
^FCHI,LONG,2024-01-08,7450.240234375,7313.26506210123,7724.19057892254,619,False,False,False,45.4,2024-01-17,7313.26506210123,LOSS,7.0,indices
^FCHI,LONG,2024-04-03,8153.22998046875,8024.271459565207,8411.147022275836,679,False,False,False,59.13,2024-04-05,8024.271459565207,LOSS,2.0,indices
^FCHI,LONG,2024-04-15,8045.10986328125,7874.896709542349,8385.536170759053,687,False,False,False,42.79,2024-06-10,7874.896709542349,LOSS,39.0,indices
^FCHI,LONG,2024-06-17,7571.56982421875,7359.376257037617,7995.956958581017,731,False,False,False,24.39,2024-07-25,7359.376257037617,LOSS,28.0,indices
^FCHI,LONG,2024-08-07,7266.009765625,7022.5292139317835,7752.970869011433,768,False,False,False,29.48,2024-09-27,7752.970869011433,WIN,37.0,indices
^FCHI,LONG,2024-11-01,7409.10986328125,7225.888989488146,7775.551610867458,830,False,False,False,36.34,2024-11-12,7225.888989488146,LOSS,7.0,indices
^FCHI,SHORT,2024-12-10,7394.77978515625,7587.385579092657,7009.568197283435,857,False,True,True,64.23,2025-01-16,7587.385579092657,LOSS,24.0,indices
^FCHI,SHORT,2025-01-27,7906.580078125,8089.838968928418,7540.062296518165,888,False,False,False,78.51,2025-02-13,8089.838968928418,LOSS,13.0,indices
^FCHI,LONG,2025-03-05,8173.75,7965.498941906372,8590.252116187256,915,False,False,False,51.59,2025-03-11,7965.498941906372,LOSS,4.0,indices
^FCHI,LONG,2025-03-14,8028.27978515625,7795.074202896146,8494.690949676458,922,False,False,False,43.57,2025-03-31,7795.074202896146,LOSS,11.0,indices
^FCHI,LONG,2025-04-08,7100.419921875,6756.698312658914,7787.863140307172,939,False,False,False,17.53,2025-05-12,7787.863140307172,WIN,21.0,indices
^FCHI,LONG,2025-06-16,7742.240234375,7570.397641354866,8085.925420415268,985,False,True,True,41.48,2025-06-19,7570.397641354866,LOSS,3.0,indices
^FCHI,LONG,2025-06-24,7615.990234375,7434.604740462796,7978.761222199408,991,False,False,False,34.3,2025-08-19,7978.761222199408,WIN,40.0,indices
^FCHI,SHORT,2025-10-06,7971.77978515625,8144.248450323355,7626.842454822039,1065,False,False,False,70.23,2025-10-16,8144.248450323355,LOSS,8.0,indices
^FCHI,LONG,2025-11-10,8055.509765625,7870.529677936906,8425.469941001187,1090,False,False,False,37.39,2026-02-12,8425.469941001187,WIN,65.0,indices
^FCHI,SHORT,2026-06-19,8421.1396484375,8637.107253655808,7989.204438000885,1243,False,False,False,67.29,2026-08-03,8637.107253655808,LOSS,31.0,indices
^FCHI,SHORT,2026-08-10,8726.0302734375,8899.446720218992,8379.197379874517,1279,False,False,False,70.68,,,OPEN,,indices
^STOXX50E,SHORT,2022-05-31,3789.2099609375,3942.789516838229,3482.0508491360424,204,False,True,True,59.21,2022-06-14,3482.0508491360424,WIN,9.0,indices
^STOXX50E,SHORT,2022-08-02,3684.6298828125,3811.471552154941,3430.946544127618,247,False,True,True,66.47,2022-08-16,3811.471552154941,LOSS,10.0,indices
^STOXX50E,LONG,2022-09-02,3544.3798828125,3420.2050656028814,3792.729517231737,270,False,False,False,28.01,2022-09-23,3420.2050656028814,LOSS,15.0,indices
^STOXX50E,SHORT,2022-10-27,3604.510009765625,3739.437118758866,3334.6557917791433,309,False,True,True,67.62,2022-11-08,3739.437118758866,LOSS,8.0,indices
^STOXX50E,LONG,2022-12-13,3986.830078125,3891.1310007023126,4178.228232970375,342,False,False,False,58.78,2022-12-15,3891.1310007023126,LOSS,2.0,indices
^STOXX50E,LONG,2022-12-21,3872.14990234375,3765.4754027816807,4085.4989014678886,348,False,False,False,39.92,2023-01-11,4085.4989014678886,WIN,13.0,indices
^STOXX50E,LONG,2023-02-27,4248.009765625,4137.500300794382,4469.028695286235,394,False,False,False,46.34,2023-03-13,4137.500300794382,LOSS,10.0,indices
^STOXX50E,LONG,2023-03-14,4179.47021484375,4050.335190058615,4437.74026441402,405,False,False,False,35.15,2023-03-15,4050.335190058615,LOSS,1.0,indices
^STOXX50E,LONG,2023-03-16,4116.97998046875,3968.032812753028,4414.874315900194,407,False,True,True,34.96,2023-07-03,4414.874315900194,WIN,72.0,indices
^STOXX50E,LONG,2023-07-07,4236.60009765625,4136.055824717536,4437.688643533678,483,False,True,True,36.15,2023-07-27,4437.688643533678,WIN,14.0,indices
^STOXX50E,LONG,2023-09-27,4131.68017578125,4028.6274363710722,4337.7856546016055,540,False,False,False,32.83,2023-10-20,4028.6274363710722,LOSS,17.0,indices
^STOXX50E,SHORT,2023-11-06,4158.64013671875,4263.829467942172,3948.261474271905,568,False,False,False,58.23,2023-11-14,4263.829467942172,LOSS,6.0,indices
^STOXX50E,SHORT,2023-11-16,4302.4501953125,4402.247550223374,4102.8554854907525,576,False,False,False,69.75,2023-12-01,4402.247550223374,LOSS,11.0,indices
^STOXX50E,LONG,2024-01-08,4485.47998046875,4407.806816465374,4640.826308475502,609,False,False,False,49.73,2024-01-17,4407.806816465374,LOSS,7.0,indices
^STOXX50E,LONG,2024-01-18,4453.0498046875,4366.713111225297,4625.723191611905,617,False,False,False,39.09,2024-01-26,4625.723191611905,WIN,6.0,indices
^STOXX50E,LONG,2024-04-03,5069.25,4991.223822228364,5225.302355543272,669,False,False,False,64.75,2024-04-05,4991.223822228364,LOSS,2.0,indices
^STOXX50E,LONG,2024-04-15,4984.47998046875,4877.621384956389,5198.197171493472,677,False,False,False,44.81,2024-06-14,4877.621384956389,LOSS,41.0,indices
^STOXX50E,LONG,2024-06-17,4880.419921875,4751.243909531825,5138.77194656135,719,False,True,True,35.27,2024-08-02,4751.243909531825,LOSS,33.0,indices
^STOXX50E,LONG,2024-08-07,4668.06005859375,4501.519493986012,5001.141187809226,755,False,False,False,29.3,2024-09-26,5001.141187809226,WIN,36.0,indices
^STOXX50E,LONG,2024-11-01,4877.75,4761.3248346128785,5110.600330774243,817,False,True,True,37.87,2024-11-12,4761.3248346128785,LOSS,7.0,indices
^STOXX50E,SHORT,2024-12-10,4951.740234375,5067.133821201208,4720.953060722584,844,False,False,False,65.99,2025-01-16,5067.133821201208,LOSS,21.0,indices
^STOXX50E,LONG,2025-03-05,5489.1201171875,5334.337606482669,5798.685138597162,899,False,False,False,49.61,2025-03-11,5334.337606482669,LOSS,4.0,indices
^STOXX50E,LONG,2025-03-14,5404.18017578125,5232.084939622833,5748.370648098084,906,False,False,False,44.61,2025-03-31,5232.084939622833,LOSS,11.0,indices
^STOXX50E,LONG,2025-04-08,4773.64990234375,4525.732564017354,5269.484578996542,923,False,False,False,19.31,2025-05-02,5269.484578996542,WIN,15.0,indices
^STOXX50E,LONG,2025-06-16,5339.56982421875,5211.857461664071,5594.994549328108,967,False,False,False,42.13,2025-06-19,5211.857461664071,LOSS,3.0,indices
^STOXX50E,LONG,2025-06-20,5233.580078125,5103.896204116348,5492.947826142305,971,False,True,True,35.15,2025-08-22,5492.947826142305,WIN,44.0,indices
^STOXX50E,SHORT,2025-10-06,5628.72021484375,5734.1074514876,5417.94574155605,1046,False,False,False,74.87,2025-10-29,5734.1074514876,LOSS,17.0,indices
^STOXX50E,LONG,2025-11-10,5664.4599609375,5538.009880911536,5917.360120989428,1071,False,False,False,41.73,2025-11-18,5538.009880911536,LOSS,6.0,indices
^STOXX50E,LONG,2025-11-20,5569.919921875,5420.909686986789,5867.940391651422,1079,False,True,True,40.6,2026-01-05,5867.940391651422,WIN,26.0,indices
^STOXX50E,SHORT,2026-01-07,5923.56982421875,6032.665031216071,5705.379410224108,1107,False,False,False,74.08,2026-01-13,6032.665031216071,LOSS,4.0,indices
^STOXX50E,LONG,2026-03-10,5837.169921875,5617.237932689981,6277.033900245038,1151,True,True,True,31.83,2026-03-19,5617.237932689981,LOSS,7.0,indices
^STOXX50E,SHORT,2026-06-19,6293.1298828125,6453.548728767808,5972.292190901884,1219,False,False,False,72.65,2026-08-04,6453.548728767808,LOSS,32.0,indices
^HSI,LONG,2022-07-18,20846.1796875,19890.97254078021,22756.59398093958,228,False,False,False,34.28,2022-08-01,19890.97254078021,LOSS,10.0,indices
^HSI,SHORT,2022-08-29,20023.220703125,20756.53118936015,18556.5997306547,258,False,False,False,51.94,2022-09-19,18556.5997306547,WIN,14.0,indices
^HSI,LONG,2022-09-30,17222.830078125,16468.84095448424,18730.80832540652,281,False,False,False,20.94,2022-10-12,16468.84095448424,LOSS,7.0,indices
^HSI,SHORT,2022-11-09,16358.51953125,17498.549107693405,14078.46037836319,308,False,False,False,52.77,2022-11-14,17498.549107693405,LOSS,3.0,indices
^HSI,SHORT,2022-11-17,18045.66015625,19259.99494144126,15616.990585867483,314,False,True,True,65.93,2022-12-05,19259.99494144126,LOSS,12.0,indices
^HSI,SHORT,2023-01-06,20991.640625,22026.616225960748,18921.689423078504,347,False,False,False,73.4,2023-01-20,22026.616225960748,LOSS,10.0,indices
^HSI,LONG,2023-02-07,21298.69921875,20401.959359819604,23092.17893661079,366,False,False,False,49.0,2023-02-22,20401.959359819604,LOSS,11.0,indices
^HSI,LONG,2023-05-30,18595.779296875,17859.231282379584,20068.875325865833,441,False,False,False,29.97,2023-06-16,20068.875325865833,WIN,13.0,indices
^HSI,SHORT,2023-06-19,19912.890625,20603.79352925081,18531.084816498384,455,False,True,True,63.61,2023-07-06,18531.084816498384,WIN,12.0,indices
^HSI,LONG,2023-08-22,17791.009765625,17041.816197822245,19289.39690123051,499,False,False,False,25.1,2023-10-24,17041.816197822245,LOSS,41.0,indices
^HSI,SHORT,2023-11-07,17670.16015625,18334.335445592136,16341.809577565728,550,False,False,False,59.1,2023-12-05,16341.809577565728,WIN,20.0,indices
^HSI,LONG,2023-12-06,16463.259765625,15799.613565348136,17790.552166178728,571,False,False,False,30.69,2024-01-17,15799.613565348136,LOSS,27.0,indices
^HSI,LONG,2024-01-18,15391.7900390625,14742.361793293096,16690.64653060131,599,False,False,False,26.06,2024-02-21,16690.64653060131,WIN,22.0,indices
^HSI,SHORT,2024-02-23,16725.859375,17457.703049239764,15262.172026520471,623,False,True,True,63.38,2024-04-26,17457.703049239764,LOSS,42.0,indices
^HSI,SHORT,2024-04-30,17763.029296875,18429.831334353596,16429.42522191781,667,False,False,False,69.0,2024-05-03,18429.831334353596,LOSS,2.0,indices
^HSI,SHORT,2024-05-07,18479.369140625,19137.758242523167,17162.590936828667,671,False,False,False,77.76,2024-05-14,19137.758242523167,LOSS,5.0,indices
^HSI,SHORT,2024-08-20,17511.080078125,18108.046577192035,16317.14707999093,743,False,True,True,57.66,2024-08-30,18108.046577192035,LOSS,8.0,indices
^HSI,SHORT,2024-10-03,22113.509765625,23224.156737650464,19892.21582157407,772,False,False,False,91.86,2024-10-07,23224.156737650464,LOSS,2.0,indices
^HSI,LONG,2025-01-14,19219.779296875,18538.095210690648,20583.147469243704,841,False,True,True,30.74,2025-02-04,20583.147469243704,WIN,12.0,indices
^HSI,SHORT,2025-02-05,20597.08984375,21325.864264770742,19139.541001708516,854,False,False,False,69.27,2025-02-10,21325.864264770742,LOSS,3.0,indices
^HSI,SHORT,2025-02-11,21294.859375,22039.45852488282,19805.661075234362,858,False,False,False,74.83,2025-02-13,22039.45852488282,LOSS,2.0,indices
^HSI,LONG,2025-03-24,23905.560546875,22789.613424519484,26137.45479158603,887,False,False,False,53.49,2025-04-03,22789.613424519484,LOSS,8.0,indices
^HSI,LONG,2025-04-10,20681.779296875,19185.470731490273,23674.396427644453,899,False,True,True,27.55,2025-05-12,23674.396427644453,WIN,18.0,indices
^HSI,LONG,2025-06-20,23530.48046875,22801.533801575617,24988.373803098766,946,False,False,False,43.58,2025-07-21,24988.373803098766,WIN,20.0,indices
^HSI,SHORT,2025-07-25,25388.349609375,26014.47914207838,24136.09054396824,970,False,False,False,75.73,2025-09-09,26014.47914207838,LOSS,32.0,indices
^HSI,SHORT,2025-09-18,26544.849609375,27335.510494909217,24963.527838306567,1009,False,False,False,71.89,2025-10-02,27335.510494909217,LOSS,9.0,indices
^HSI,LONG,2025-10-15,25910.599609375,24963.492124070825,27804.81457998335,1026,False,False,False,36.94,2026-01-28,27804.81457998335,WIN,71.0,indices
^HSI,SHORT,2026-01-30,27387.109375,28176.712477482204,25807.90317003559,1099,False,False,False,74.99,2026-03-03,25807.90317003559,WIN,19.0,indices
^HSI,LONG,2026-03-05,25321.33984375,24319.51958863879,27324.980353972423,1120,False,True,True,33.66,2026-03-23,24319.51958863879,LOSS,12.0,indices
^HSI,LONG,2026-03-24,25063.7109375,23989.317799886467,27212.497212727067,1133,False,False,False,31.51,2026-06-18,23989.317799886467,LOSS,57.0,indices
^HSI,SHORT,2026-07-09,24030.1796875,24956.173276935097,22178.192508629807,1203,False,False,False,52.87,2026-07-16,24956.173276935097,LOSS,5.0,indices
^HSI,SHORT,2026-07-17,24562.240234375,25545.1890927756,22596.3425175738,1209,False,False,False,63.69,2026-07-29,25545.1890927756,LOSS,8.0,indices
FTSEMIB.MI,SHORT,2022-05-31,24505.0,25345.03315705856,22824.933685882883,205,False,True,True,61.25,2022-06-10,22824.933685882883,WIN,8.0,indices
FTSEMIB.MI,LONG,2022-06-15,22474.0,21437.47707042247,24547.045859155063,216,False,False,False,25.61,2022-06-30,21437.47707042247,LOSS,11.0,indices
FTSEMIB.MI,SHORT,2022-08-05,22587.0,23417.055832437156,20926.888335125688,253,False,True,True,62.41,2022-09-28,20926.888335125688,WIN,37.0,indices
FTSEMIB.MI,SHORT,2022-10-28,22529.0,23411.909302525943,20763.181394948115,312,False,True,True,67.04,2022-11-07,23411.909302525943,LOSS,6.0,indices
FTSEMIB.MI,LONG,2022-12-09,24277.0,23660.127797554465,25510.74440489107,342,False,False,False,53.14,2022-12-16,23660.127797554465,LOSS,5.0,indices
FTSEMIB.MI,LONG,2022-12-20,23718.0,23028.06387312596,25097.87225374808,349,False,False,False,39.99,2023-01-06,25097.87225374808,WIN,12.0,indices
FTSEMIB.MI,LONG,2023-02-27,27444.0,26740.64438937923,28850.711221241538,397,False,False,False,51.7,2023-03-13,26740.64438937923,LOSS,10.0,indices
FTSEMIB.MI,LONG,2023-03-14,26801.0,25875.509444810537,28651.981110378925,408,False,False,False,34.59,2023-03-15,25875.509444810537,LOSS,1.0,indices
FTSEMIB.MI,LONG,2023-03-16,25919.0,24818.17396006623,28120.65207986754,410,False,True,True,33.47,2023-03-20,24818.17396006623,LOSS,2.0,indices
FTSEMIB.MI,LONG,2023-05-26,26713.0,25917.23121781585,28304.5375643683,458,False,True,True,35.5,2023-06-30,28304.5375643683,WIN,25.0,indices
FTSEMIB.MI,SHORT,2023-07-28,29500.0,30114.21717651797,28271.56564696406,503,False,False,False,76.8,2023-08-08,28271.56564696406,WIN,7.0,indices
FTSEMIB.MI,LONG,2023-08-09,28308.0,27534.401966816327,29855.196066367345,511,False,False,False,36.98,2023-10-03,27534.401966816327,LOSS,38.0,indices
FTSEMIB.MI,LONG,2023-10-05,27491.0,26708.303927852416,29056.39214429517,551,False,True,True,33.49,2023-11-14,29056.39214429517,WIN,28.0,indices
FTSEMIB.MI,SHORT,2023-11-15,29467.0,30225.795111168372,27949.409777663255,580,False,False,False,69.07,2023-12-06,30225.795111168372,LOSS,15.0,indices
FTSEMIB.MI,LONG,2024-01-04,30404.0,29823.32344123263,31565.353117534738,613,False,False,False,51.07,2024-02-15,31565.353117534738,WIN,30.0,indices
FTSEMIB.MI,SHORT,2024-02-26,32558.0,33139.26219248048,31395.475615039046,650,False,False,False,80.14,2024-03-05,33139.26219248048,LOSS,6.0,indices
FTSEMIB.MI,LONG,2024-04-15,33954.0,33229.94087265247,35402.11825469506,683,False,False,False,47.73,2024-05-16,35402.11825469506,WIN,22.0,indices
FTSEMIB.MI,LONG,2024-06-17,32908.0,31884.037190326882,34955.925619346235,727,False,True,True,31.24,2024-08-05,31884.037190326882,LOSS,35.0,indices
FTSEMIB.MI,LONG,2024-08-07,31832.0,30642.20386572835,34211.5922685433,764,False,False,False,21.74,2024-08-30,34211.5922685433,WIN,16.0,indices
FTSEMIB.MI,LONG,2024-10-04,33594.0,32730.516064776595,35320.96787044681,805,False,True,True,41.6,2024-11-27,32730.516064776595,LOSS,38.0,indices
FTSEMIB.MI,SHORT,2025-02-19,38348.0,39134.377707485364,36775.24458502927,898,False,False,False,82.24,2025-02-26,39134.377707485364,LOSS,5.0,indices
FTSEMIB.MI,LONG,2025-03-05,38519.0,37370.565410632014,40815.86917873597,908,False,False,False,49.47,2025-04-03,37370.565410632014,LOSS,21.0,indices
FTSEMIB.MI,LONG,2025-04-10,34277.0,31983.917220976364,38863.16555804727,934,False,False,False,24.26,2025-05-08,38863.16555804727,WIN,17.0,indices
FTSEMIB.MI,LONG,2025-06-16,39929.0,38894.04598308269,41998.908033834625,978,False,False,False,44.72,2025-06-23,38894.04598308269,LOSS,5.0,indices
FTSEMIB.MI,LONG,2025-06-24,39474.0,38408.38022881588,41605.23954236825,984,False,False,False,39.85,2025-07-30,41605.23954236825,WIN,26.0,indices
FTSEMIB.MI,SHORT,2025-07-31,40988.0,42042.14023059189,38879.71953881622,1011,False,False,False,70.59,2025-08-13,42042.14023059189,LOSS,9.0,indices
FTSEMIB.MI,SHORT,2025-08-18,42642.0,43629.466747127975,40667.06650574405,1022,False,False,False,70.7,2025-11-10,43629.466747127975,LOSS,60.0,indices
FTSEMIB.MI,SHORT,2025-11-13,44755.0,45844.26927672442,42576.461446551155,1085,False,False,False,72.25,2025-11-19,42576.461446551155,WIN,4.0,indices
FTSEMIB.MI,LONG,2026-01-22,45091.0,44163.57922647494,46945.84154705012,1130,False,False,False,42.46,2026-02-04,46945.84154705012,WIN,9.0,indices
FTSEMIB.MI,LONG,2026-03-04,45337.0,43756.98767341614,48497.024653167726,1159,False,True,True,36.65,2026-03-06,43756.98767341614,LOSS,2.0,indices
FTSEMIB.MI,SHORT,2026-06-22,52797.0,54159.38926299217,50072.22147401566,1234,False,False,False,74.67,,,OPEN,,indices
^RUT,SHORT,2022-05-31,1864.0400390625,1966.1735597440731,1659.7729976993537,202,False,False,False,55.65,2022-06-16,1659.7729976993537,WIN,12.0,indices
^RUT,LONG,2022-09-07,1832.0,1758.899863935913,1978.2002721281742,270,False,False,False,32.8,2022-09-22,1758.899863935913,LOSS,11.0,indices
^RUT,SHORT,2022-11-01,1851.3900146484375,1934.5006457183072,1685.1687525086982,309,False,True,True,63.61,2023-02-01,1934.5006457183072,LOSS,62.0,indices
^RUT,LONG,2023-03-14,1776.8900146484375,1703.3039170327343,1924.062209879844,399,False,False,False,24.91,2023-03-24,1703.3039170327343,LOSS,8.0,indices
^RUT,SHORT,2023-06-05,1806.7099609375,1870.2018273807996,1679.7262280509008,456,False,True,True,62.7,2023-06-07,1870.2018273807996,LOSS,2.0,indices
^RUT,SHORT,2023-06-09,1865.7099609375,1929.6977367148954,1737.7344093827091,460,False,False,False,66.25,2023-07-12,1929.6977367148954,LOSS,21.0,indices
^RUT,LONG,2023-08-11,1925.1099853515625,1873.3367499572573,2028.6564561401728,503,False,False,False,44.35,2023-08-16,1873.3367499572573,LOSS,3.0,indices
^RUT,LONG,2023-08-21,1856.010009765625,1804.2460374556726,1959.5379543855297,509,False,False,False,32.62,2023-09-21,1804.2460374556726,LOSS,22.0,indices
^RUT,SHORT,2023-11-07,1733.1500244140625,1791.049264892505,1617.3515434571773,564,False,False,False,53.81,2023-11-14,1791.049264892505,LOSS,5.0,indices
^RUT,SHORT,2023-11-16,1773.760009765625,1839.6701882419125,1641.93965281305,571,False,True,True,63.52,2023-12-01,1839.6701882419125,LOSS,10.0,indices
^RUT,LONG,2024-01-04,1957.72998046875,1895.8116557029673,2081.5666300003154,603,False,False,False,51.62,2024-03-04,2081.5666300003154,WIN,40.0,indices
^RUT,LONG,2024-04-11,2042.5999755859375,1980.0038785807776,2167.7921695962573,670,False,False,False,42.77,2024-04-15,1980.0038785807776,LOSS,2.0,indices
^RUT,LONG,2024-04-19,1947.6600341796875,1883.1631713621898,2076.653759814683,676,False,True,True,31.31,2024-05-07,2076.653759814683,WIN,12.0,indices
^RUT,SHORT,2024-07-18,2198.2900390625,2269.8778573870163,2055.1144024134674,737,False,False,False,76.0,2024-07-31,2269.8778573870163,LOSS,9.0,indices
^RUT,SHORT,2024-09-20,2227.889892578125,2306.2903996792515,2071.088878375872,782,False,False,False,66.29,2024-11-06,2306.2903996792515,LOSS,33.0,indices
^RUT,SHORT,2024-11-12,2391.85009765625,2467.4505995469085,2240.649093874933,819,False,False,False,75.97,2024-12-18,2240.649093874933,WIN,25.0,indices
^RUT,LONG,2024-12-20,2242.3701171875,2159.5538992720903,2408.0025530183193,846,False,True,True,29.11,2025-01-13,2159.5538992720903,LOSS,13.0,indices
^RUT,LONG,2025-02-26,2174.169921875,2107.0953569234175,2308.319051778165,889,False,False,False,30.87,2025-03-03,2107.0953569234175,LOSS,3.0,indices
^RUT,LONG,2025-03-05,2100.75,2022.3331927632637,2257.5836144734726,894,False,False,False,25.24,2025-03-10,2022.3331927632637,LOSS,3.0,indices
^RUT,SHORT,2025-07-07,2214.22998046875,2278.573354256932,2085.543232892386,978,False,False,False,73.29,2025-07-23,2278.573354256932,LOSS,12.0,indices
^RUT,LONG,2025-08-04,2212.300048828125,2142.9318798985355,2351.036386687304,998,False,False,False,40.14,2025-08-22,2351.036386687304,WIN,14.0,indices
^RUT,LONG,2025-10-13,2461.419921875,2386.4606402716336,2611.338485081733,1047,False,False,False,43.79,2025-11-07,2386.4606402716336,LOSS,19.0,indices
^RUT,LONG,2025-11-14,2388.22998046875,2302.108410456587,2560.473120493076,1071,False,True,True,38.87,2025-12-10,2560.473120493076,WIN,17.0,indices
^RUT,SHORT,2026-01-16,2677.739990234375,2741.678065483457,2549.863839736211,1113,False,False,False,72.26,2026-03-06,2549.863839736211,WIN,33.0,indices
^RUT,LONG,2026-03-09,2553.669921875,2440.759483170866,2779.4907992832677,1147,False,True,True,35.69,2026-03-20,2440.759483170866,LOSS,9.0,indices
^RUT,SHORT,2026-04-10,2630.590087890625,2734.172182667022,2423.4258983378313,1170,False,False,False,62.55,2026-04-17,2734.172182667022,LOSS,5.0,indices
^RUT,SHORT,2026-04-21,2764.969970703125,2861.0752511717105,2572.759409765954,1177,False,False,False,75.41,2026-05-06,2861.0752511717105,LOSS,11.0,indices
^RUT,LONG,2026-05-20,2817.3701171875,2722.10077170013,3007.9088081622403,1198,False,False,False,45.45,2026-06-22,3007.9088081622403,WIN,21.0,indices
^RUT,LONG,2026-07-30,2946.10009765625,2863.859357247242,3110.5815784742663,1246,False,False,False,41.07,,,OPEN,,indices
^IBEX,LONG,2022-06-15,8174.7001953125,7869.4971618799655,8785.106262177569,216,False,False,False,28.66,2022-07-14,7869.4971618799655,LOSS,21.0,indices
^IBEX,SHORT,2022-08-17,8434.7998046875,8653.036420190318,7998.326573681865,261,False,True,True,72.03,2022-08-29,7998.326573681865,WIN,8.0,indices
^IBEX,LONG,2022-09-02,7932.2001953125,7702.90734047273,8390.78590499204,273,False,False,False,25.12,2022-09-23,7702.90734047273,LOSS,15.0,indices
^IBEX,LONG,2022-12-09,8289.2001953125,8103.382214522143,8660.836156893214,343,False,False,False,51.62,2022-12-16,8103.382214522143,LOSS,5.0,indices
^IBEX,LONG,2022-12-20,8185.2001953125,7974.000539326877,8607.599507283747,350,False,False,False,44.11,2023-01-05,8607.599507283747,WIN,11.0,indices
^IBEX,LONG,2023-02-27,9314.2998046875,9108.88515671341,9725.12910063568,398,False,False,False,56.34,2023-03-13,9108.88515671341,LOSS,10.0,indices
^IBEX,LONG,2023-03-20,8833.099609375,8432.608652595492,9634.081522934015,413,False,True,True,35.56,2023-06-30,9634.081522934015,WIN,71.0,indices
^IBEX,LONG,2023-10-05,9157.7001953125,8910.06298675875,9652.97461242,553,False,False,False,32.05,2023-10-25,8910.06298675875,LOSS,14.0,indices
^IBEX,SHORT,2023-11-10,9371.7001953125,9604.146996770312,8906.806592396875,579,False,False,False,63.58,2023-11-14,9604.146996770312,LOSS,2.0,indices
^IBEX,SHORT,2023-11-21,9827.5,10042.292885901456,9397.914228197089,586,False,False,False,78.11,2023-11-29,10042.292885901456,LOSS,6.0,indices
^IBEX,SHORT,2024-02-26,10138.400390625,10334.929554790024,9745.342062294952,652,False,False,False,60.41,2024-03-07,10334.929554790024,LOSS,8.0,indices
^IBEX,SHORT,2024-03-14,10490.5,10703.354414612013,10064.791170775974,665,False,False,False,78.07,2024-03-19,10703.354414612013,LOSS,3.0,indices
^IBEX,LONG,2024-04-17,10633.900390625,10378.850008037729,11144.001155799542,687,False,False,False,39.97,2024-04-26,11144.001155799542,WIN,7.0,indices
^IBEX,LONG,2024-06-12,11245.400390625,10982.211402984392,11771.778365906215,726,False,False,False,46.28,2024-06-14,10982.211402984392,LOSS,2.0,indices
^IBEX,LONG,2024-06-18,11067.7001953125,10781.299132049384,11640.502321838732,730,False,True,True,38.02,2024-08-02,10781.299132049384,LOSS,33.0,indices
^IBEX,LONG,2024-08-07,10599.0,10256.538738469937,11283.922523060126,766,False,True,True,24.77,2024-08-23,11283.922523060126,WIN,12.0,indices
^IBEX,LONG,2024-11-07,11570.099609375,11295.573497758705,12119.15183260759,832,False,True,True,37.55,2024-11-13,11295.573497758705,LOSS,4.0,indices
^IBEX,SHORT,2024-12-09,12011.5,12290.873443912556,11452.753112174887,854,False,False,False,67.58,2024-12-19,11452.753112174887,WIN,8.0,indices
^IBEX,SHORT,2025-01-31,12368.900390625,12637.78955850289,11831.122054869222,890,False,False,False,76.78,2025-02-06,12637.78955850289,LOSS,4.0,indices
^IBEX,LONG,2025-03-14,13005.2001953125,12608.343711360023,13798.913163217454,920,False,False,False,45.78,2025-04-04,12608.343711360023,LOSS,15.0,indices
^IBEX,LONG,2025-04-10,12307.599609375,11576.043862963155,13770.71110219869,939,False,True,True,28.44,2025-05-13,13770.71110219869,WIN,20.0,indices
^IBEX,LONG,2025-06-16,14110.7998046875,13770.905271401023,14790.588871260454,983,False,False,False,45.14,2025-06-19,13770.905271401023,LOSS,3.0,indices
^IBEX,LONG,2025-06-20,13850.2998046875,13504.930391512698,14541.038631037103,987,False,False,False,40.04,2025-07-31,14541.038631037103,WIN,29.0,indices
^IBEX,SHORT,2025-08-01,14126.7001953125,14481.612641167127,13416.875303603247,1017,True,False,False,65.94,2025-08-06,14481.612641167127,LOSS,3.0,indices
^IBEX,SHORT,2025-08-12,14859.0,15198.98054360495,14179.0389127901,1024,False,False,False,72.73,2025-08-14,15198.98054360495,LOSS,2.0,indices
^IBEX,SHORT,2025-08-18,15251.7001953125,15583.206743722367,14588.687098492766,1028,False,False,False,80.73,2025-10-02,15583.206743722367,LOSS,33.0,indices
^IBEX,SHORT,2025-10-30,16040.2998046875,16389.127454110767,15342.644505840966,1081,False,False,False,75.74,2025-11-11,16389.127454110767,LOSS,8.0,indices
^IBEX,SHORT,2025-11-13,16577.400390625,16960.8694200093,15810.462331856397,1091,False,False,False,75.79,2025-11-18,15810.462331856397,WIN,3.0,indices
^IBEX,LONG,2025-11-20,15988.900390625,15546.960905402635,16872.77936106973,1096,False,False,False,46.15,2025-12-11,16872.77936106973,WIN,15.0,indices
^IBEX,LONG,2026-01-22,17663.400390625,17286.236585297436,18417.728001280128,1138,False,False,False,54.55,2026-02-23,18417.728001280128,WIN,22.0,indices
^IBEX,LONG,2026-03-04,17487.0,16804.186247003487,18852.627505993027,1167,False,True,True,33.23,2026-03-09,16804.186247003487,LOSS,3.0,indices
^IBEX,LONG,2026-03-10,17445.0,16649.323947518067,19036.352104963866,1171,True,True,True,35.08,2026-03-20,16649.323947518067,LOSS,8.0,indices
^IBEX,SHORT,2026-06-19,19347.400390625,19864.835277822036,18312.530616230928,1241,False,False,False,75.17,2026-07-03,19864.835277822036,LOSS,10.0,indices
^AXJO,LONG,2022-06-21,6523.7998046875,6308.972689742983,6953.4540345765345,216,False,False,False,20.49,2022-07-29,6953.4540345765345,WIN,28.0,indices
^AXJO,SHORT,2022-08-02,6998.10009765625,7138.185121011851,6717.930050945048,246,False,True,True,69.75,2022-09-19,6717.930050945048,WIN,34.0,indices
^AXJO,LONG,2022-12-21,7115.10009765625,6983.954719308984,7377.390854350782,346,False,False,False,37.63,2023-01-03,6983.954719308984,LOSS,6.0,indices
^AXJO,LONG,2023-02-28,7258.39990234375,7143.92478934773,7487.350128335789,391,False,True,True,33.8,2023-03-10,7143.92478934773,LOSS,8.0,indices
^AXJO,SHORT,2023-04-05,7237.2001953125,7368.013465486883,6975.573654963733,417,False,False,False,59.3,2023-04-12,7368.013465486883,LOSS,3.0,indices
^AXJO,SHORT,2023-04-13,7324.10009765625,7452.021910499465,7068.25647196982,421,False,False,False,66.19,2023-06-26,7068.25647196982,WIN,50.0,indices
^AXJO,LONG,2023-08-18,7148.10009765625,7023.594758272302,7397.110776424146,510,False,False,False,35.46,2023-09-22,7023.594758272302,LOSS,25.0,indices
^AXJO,SHORT,2023-11-07,6977.10009765625,7102.448636403434,6726.4030201618825,567,False,False,False,55.42,2023-11-15,7102.448636403434,LOSS,6.0,indices
^AXJO,SHORT,2023-11-16,7058.39990234375,7182.8661654617335,6809.467376107783,574,False,True,True,63.32,2023-12-06,7182.8661654617335,LOSS,14.0,indices
^AXJO,SHORT,2023-12-21,7504.10009765625,7625.445655151431,7261.408982665887,599,False,False,False,80.89,2024-01-02,7625.445655151431,LOSS,5.0,indices
^AXJO,LONG,2024-01-19,7421.2001953125,7298.854341074318,7665.8919037888645,617,False,False,False,42.69,2024-01-31,7665.8919037888645,WIN,7.0,indices
^AXJO,SHORT,2024-03-11,7704.2001953125,7831.498061584286,7449.604462768928,652,True,False,False,72.91,2024-03-25,7831.498061584286,LOSS,10.0,indices
^AXJO,LONG,2024-04-18,7642.10009765625,7512.287429420466,7901.7254341278185,678,False,True,True,35.63,2024-04-19,7512.287429420466,LOSS,1.0,indices
^AXJO,LONG,2024-04-22,7649.2001953125,7501.538209929987,7944.524166077526,680,False,True,True,34.75,2024-07-12,7944.524166077526,WIN,57.0,indices
^AXJO,SHORT,2024-07-18,8036.5,8161.45557600848,7786.588847983039,741,False,False,False,69.29,2024-08-05,7786.588847983039,WIN,12.0,indices
^AXJO,LONG,2024-08-07,7699.7998046875,7505.548041531644,8088.3033309992115,755,False,True,True,38.36,2024-08-27,8088.3033309992115,WIN,14.0,indices
^AXJO,LONG,2024-11-04,8164.60009765625,8032.666690092675,8428.4669127834,818,False,False,False,41.05,2024-11-19,8428.4669127834,WIN,11.0,indices
^AXJO,LONG,2024-12-17,8314.0,8181.891193385503,8578.217613228993,849,False,False,False,37.87,2024-12-19,8181.891193385503,LOSS,2.0,indices
^AXJO,LONG,2024-12-23,8201.599609375,8040.697200936025,8523.40442625295,853,False,True,True,28.46,2025-01-30,8523.40442625295,WIN,24.0,indices
^AXJO,SHORT,2025-01-31,8532.2998046875,8676.165275503317,8244.568863055865,878,False,False,False,67.45,2025-02-24,8244.568863055865,WIN,16.0,indices
^AXJO,LONG,2025-02-27,8268.2001953125,8122.290579885666,8560.019426166167,897,False,True,True,34.71,2025-03-05,8122.290579885666,LOSS,4.0,indices
^AXJO,LONG,2025-03-10,7962.2998046875,7798.7090016857355,8289.481410691029,904,False,False,False,24.56,2025-03-12,7798.7090016857355,LOSS,2.0,indices
^AXJO,LONG,2025-06-24,8555.5,8433.654718765552,8799.190562468895,976,False,False,False,54.72,2025-08-06,8799.190562468895,WIN,31.0,indices
^AXJO,LONG,2025-09-05,8871.2001953125,8732.7250244676,9148.1505370023,1029,False,False,False,47.16,2025-11-13,8732.7250244676,LOSS,49.0,indices
^AXJO,LONG,2025-11-17,8636.400390625,8487.92126100072,8933.35864987356,1080,False,True,True,29.28,2025-11-18,8487.92126100072,LOSS,1.0,indices
^AXJO,LONG,2025-11-20,8552.7001953125,8388.187832639333,8881.724920658835,1083,False,False,False,21.42,2025-11-21,8388.187832639333,LOSS,1.0,indices
^AXJO,SHORT,2025-12-24,8762.7001953125,8904.178785944208,8479.743014049083,1107,False,False,False,63.68,2026-01-16,8904.178785944208,LOSS,14.0,indices
^AXJO,SHORT,2026-01-19,8874.5,8996.43859143561,8630.62281712878,1122,False,False,False,72.35,2026-02-11,8996.43859143561,LOSS,16.0,indices
^AXJO,LONG,2026-03-05,8940.2998046875,8758.216089752741,9304.467234557018,1154,False,False,False,44.11,2026-03-09,8758.216089752741,LOSS,2.0,indices
^AXJO,LONG,2026-03-11,8743.5,8515.231485074943,9200.037029850115,1158,False,True,True,37.84,2026-03-19,8515.231485074943,LOSS,6.0,indices
^AXJO,SHORT,2026-06-18,8911.099609375,9115.538312063056,8502.222203998888,1226,False,False,False,65.14,2026-08-04,9115.538312063056,LOSS,33.0,indices
^AXJO,SHORT,2026-08-10,9232.599609375,9394.272706827163,8909.253414470673,1263,False,False,False,75.71,,,OPEN,,indices
CL=F,SHORT,2022-06-06,118.5,128.17210494042644,99.15579011914713,206,False,False,False,65.74,2022-07-05,99.15579011914713,WIN,19.0,commodities
CL=F,SHORT,2022-08-25,92.5199966430664,101.15679703133218,75.24639586653487,262,False,False,False,52.76,2022-11-21,75.24639586653487,WIN,61.0,commodities
CL=F,LONG,2022-11-22,80.94999694824219,73.3721001995464,96.10579044563377,324,False,False,False,36.47,2022-12-07,73.3721001995464,LOSS,10.0,commodities
CL=F,LONG,2023-02-06,74.11000061035156,68.32358586668018,85.68283009769434,374,False,False,False,35.1,2023-03-15,68.32358586668018,LOSS,26.0,commodities
CL=F,LONG,2023-03-20,67.63999938964844,61.126126248297496,80.66774567235032,403,False,False,False,27.81,2023-04-03,80.66774567235032,WIN,10.0,commodities
CL=F,SHORT,2023-04-05,80.61000061035156,86.4409673458516,68.94806713935148,415,False,True,True,67.23,2023-05-03,68.94806713935148,WIN,19.0,commodities
CL=F,SHORT,2023-07-10,72.98999786376953,77.69949211300516,63.571009365298266,479,False,True,True,59.39,2023-07-24,77.69949211300516,LOSS,10.0,commodities
CL=F,LONG,2023-08-25,79.83000183105469,75.70609091550347,88.07782366215713,513,False,False,False,46.97,2023-09-06,88.07782366215713,WIN,7.0,commodities
CL=F,LONG,2023-10-09,86.37999725341797,80.95732224112987,97.22534727799416,543,False,False,False,36.35,2023-10-31,80.95732224112987,LOSS,16.0,commodities
CL=F,SHORT,2023-12-21,73.88999938964844,79.0230635967499,63.6238709754455,595,False,False,False,50.98,2024-01-29,79.0230635967499,LOSS,24.0,commodities
CL=F,SHORT,2024-03-20,81.68000030517578,85.58752024294895,73.86496042962943,655,False,False,False,69.28,2024-04-03,85.58752024294895,LOSS,9.0,commodities
CL=F,SHORT,2024-04-08,86.43000030517578,90.07523728068712,79.1395263541531,667,False,False,False,73.27,2024-05-01,79.1395263541531,WIN,17.0,commodities
CL=F,LONG,2024-05-06,78.4800033569336,74.62870517093327,86.18259972893424,687,False,False,False,29.73,2024-06-03,74.62870517093327,LOSS,19.0,commodities
CL=F,SHORT,2024-06-21,80.7300033569336,84.34703474019737,73.49594059040604,719,False,False,False,65.79,2024-07-02,84.34703474019737,LOSS,7.0,commodities
CL=F,LONG,2024-07-31,77.91000366210938,73.81607429956483,86.09786238719846,746,True,False,False,31.16,2024-08-02,73.81607429956483,LOSS,2.0,commodities
CL=F,SHORT,2024-10-08,73.56999969482422,79.35317641227559,62.00364625992148,794,False,True,True,66.32,2025-01-15,79.35317641227559,LOSS,68.0,commodities
CL=F,SHORT,2025-03-25,69.0,72.25163317473724,62.49673365052553,909,False,False,False,52.78,2025-04-02,72.25163317473724,LOSS,6.0,commodities
CL=F,SHORT,2025-04-03,66.94999694824219,70.73067813557326,59.38863457358005,916,True,False,False,63.32,2025-04-07,59.38863457358005,WIN,2.0,commodities
CL=F,SHORT,2025-06-10,64.9800033569336,68.95624968754984,57.027510695701096,962,False,True,True,63.04,2025-06-12,68.95624968754984,LOSS,2.0,commodities
CL=F,SHORT,2025-06-16,71.7699966430664,77.90336767228591,59.5032545846274,966,False,False,False,78.9,2025-06-23,77.90336767228591,LOSS,4.0,commodities
CL=F,LONG,2025-08-08,63.880001068115234,59.74056505890478,72.15887308653615,1004,False,False,False,39.26,2025-10-10,59.74056505890478,LOSS,44.0,commodities
CL=F,LONG,2025-10-13,59.4900016784668,56.20175889754307,66.06648724031425,1049,False,False,False,34.17,2025-12-16,56.20175889754307,LOSS,45.0,commodities
CL=F,LONG,2025-12-17,55.939998626708984,52.94427431668092,61.93144724676512,1095,False,False,False,30.66,2026-01-14,61.93144724676512,WIN,18.0,commodities
CL=F,SHORT,2026-01-15,59.189998626708984,62.868346403562995,51.83330307300096,1114,False,True,True,66.4,2026-01-28,62.868346403562995,LOSS,8.0,commodities
CL=F,SHORT,2026-01-30,65.20999908447266,69.12379428549937,57.382408682419225,1124,False,False,False,69.81,2026-03-02,69.12379428549937,LOSS,20.0,commodities
CL=F,SHORT,2026-03-10,83.44999694824219,98.23437243713583,53.8812459704549,1150,True,False,False,91.2,2026-03-13,98.23437243713583,LOSS,3.0,commodities
CL=F,LONG,2026-04-20,89.61000061035156,72.29852729186729,124.23294724732011,1178,False,False,False,40.86,2026-06-24,72.29852729186729,LOSS,45.0,commodities
CL=F,SHORT,2026-07-16,78.94999694824219,86.70704137088583,63.4359081029549,1238,False,True,False,55.03,2026-07-22,86.70704137088583,LOSS,4.0,commodities
CL=F,SHORT,2026-07-24,89.30999755859375,97.77593837149286,72.37811593279554,1244,False,False,False,72.95,,,OPEN,,commodities
BZ=F,SHORT,2022-06-01,116.29000091552734,125.83537481825783,97.19925311006637,203,False,False,False,68.44,2022-07-14,97.19925311006637,WIN,29.0,commodities
BZ=F,SHORT,2022-08-30,99.30999755859375,108.2360255899639,81.45794149585345,265,False,False,False,59.83,2022-11-28,81.45794149585345,WIN,62.0,commodities
BZ=F,LONG,2022-11-30,85.43000030517578,78.313643937235,99.66271304105734,329,True,False,False,30.09,2022-12-07,78.313643937235,LOSS,5.0,commodities
BZ=F,LONG,2023-03-20,73.79000091552734,67.3282754814687,86.71345178364464,403,False,False,False,27.91,2023-04-12,86.71345178364464,WIN,16.0,commodities
BZ=F,SHORT,2023-07-10,77.69000244140625,82.19279954933529,68.68440822554817,479,False,True,True,60.2,2023-07-24,82.19279954933529,LOSS,10.0,commodities
BZ=F,LONG,2023-08-24,83.36000061035156,79.62072230372968,90.83855722359533,512,False,False,False,47.77,2023-09-05,90.83855722359533,WIN,7.0,commodities
BZ=F,LONG,2023-10-09,88.1500015258789,83.14867486640179,98.15265484483314,543,False,True,True,31.76,2023-11-07,83.14867486640179,LOSS,21.0,commodities
BZ=F,SHORT,2023-12-21,79.38999938964844,84.4152598706639,69.33947842761751,596,False,False,False,52.73,2024-01-29,84.4152598706639,LOSS,24.0,commodities
BZ=F,SHORT,2024-03-20,85.94999694824219,89.42569372993074,78.99860338486508,656,False,False,False,70.11,2024-04-03,89.42569372993074,LOSS,9.0,commodities
BZ=F,SHORT,2024-04-08,90.37999725341797,93.77166539765018,83.59666096495354,668,False,False,False,75.7,2024-05-01,83.59666096495354,WIN,17.0,commodities
BZ=F,LONG,2024-05-06,83.33000183105469,79.56023435734846,90.86953677846714,688,False,False,False,32.35,2024-06-03,79.56023435734846,LOSS,19.0,commodities
BZ=F,SHORT,2024-06-21,85.23999786376953,88.59340735330257,78.53317888470346,720,False,False,False,63.71,2024-07-30,78.53317888470346,WIN,26.0,commodities
BZ=F,LONG,2024-07-31,80.72000122070312,77.14556419100512,87.86887528009913,747,False,False,False,29.55,2024-08-02,77.14556419100512,LOSS,2.0,commodities
BZ=F,SHORT,2024-10-08,77.18000030517578,82.75210598631949,66.03578894288836,795,False,True,True,67.83,2025-04-04,66.03578894288836,WIN,123.0,commodities
BZ=F,SHORT,2025-06-20,77.01000213623047,83.04005013327858,64.94990614213424,970,False,False,False,77.33,2025-10-02,64.94990614213424,WIN,73.0,commodities
BZ=F,LONG,2025-10-03,64.52999877929688,61.40070185505426,70.78859262778211,1044,False,False,False,36.13,2025-10-16,61.40070185505426,LOSS,9.0,commodities
BZ=F,LONG,2025-12-17,59.68000030517578,56.82982881007091,65.38034329538553,1096,False,False,False,28.46,2026-01-13,65.38034329538553,WIN,17.0,commodities
BZ=F,SHORT,2026-01-15,63.7599983215332,67.46156291151763,56.356869141564346,1115,False,True,True,68.29,2026-01-27,67.46156291151763,LOSS,7.0,commodities
BZ=F,SHORT,2026-03-10,87.80000305175781,101.65601908594293,60.08797098338758,1151,True,False,False,91.04,2026-03-12,101.65601908594293,LOSS,2.0,commodities
BZ=F,LONG,2026-04-09,95.91999816894531,77.57159468116703,132.61680514450188,1172,False,False,False,45.61,2026-06-18,77.57159468116703,LOSS,49.0,commodities
BZ=F,SHORT,2026-07-16,84.2300033569336,92.2403468409712,68.20931638885838,1239,False,True,False,57.58,2026-07-22,92.2403468409712,LOSS,4.0,commodities
BZ=F,SHORT,2026-07-24,96.77999877929688,105.86074959418349,78.61849714952365,1245,False,False,False,76.36,2026-08-05,78.61849714952365,WIN,8.0,commodities
NG=F,LONG,2022-06-22,6.857999801635742,5.507573811750507,9.558851781406213,217,False,True,True,35.49,2022-06-30,5.507573811750507,LOSS,6.0,commodities
NG=F,LONG,2022-09-12,8.24899959564209,7.107520980322208,10.531956826281853,273,False,True,True,40.11,2022-09-22,7.107520980322208,LOSS,8.0,commodities
NG=F,LONG,2022-10-24,5.198999881744385,4.279778945935804,7.037441753361547,303,False,False,False,23.63,2022-11-07,7.037441753361547,WIN,10.0,commodities
NG=F,SHORT,2022-11-08,6.138000011444092,7.2931557663985895,3.8276885015350963,314,False,False,False,57.92,2022-11-23,7.2931557663985895,LOSS,11.0,commodities
NG=F,LONG,2023-01-04,4.171999931335449,3.119850858538215,6.276298076929917,352,False,False,False,29.98,2023-01-20,3.119850858538215,LOSS,11.0,commodities
NG=F,SHORT,2023-03-06,2.572000026702881,3.117484380361562,1.4810313193855187,393,False,False,False,57.6,2023-10-05,3.117484380361562,LOSS,148.0,commodities
NG=F,SHORT,2023-10-12,3.3440001010894775,3.641968984659063,2.7480623339503065,546,False,False,False,74.53,2023-11-27,2.7480623339503065,WIN,32.0,commodities
NG=F,SHORT,2024-01-10,3.0390000343322754,3.443063572667013,2.2308729576628004,608,False,False,False,73.41,2024-01-30,2.2308729576628004,WIN,13.0,commodities
NG=F,SHORT,2024-04-30,1.9910000562667847,2.2618392097518587,1.4493217492966366,684,False,True,True,64.34,2024-05-06,2.2618392097518587,LOSS,4.0,commodities
NG=F,SHORT,2024-05-07,2.2070000171661377,2.4642439817210806,1.6925120880562519,689,False,True,True,68.16,2024-05-16,2.4642439817210806,LOSS,7.0,commodities
NG=F,LONG,2024-06-24,2.811000108718872,2.469056748196213,3.49488682976419,721,False,False,False,50.3,2024-07-02,2.469056748196213,LOSS,6.0,commodities
NG=F,LONG,2024-07-03,2.4179999828338623,2.1156556078212767,3.0226887328590335,728,False,False,False,40.02,2024-07-17,2.1156556078212767,LOSS,9.0,commodities
NG=F,SHORT,2024-08-15,2.197000026702881,2.4504461558109267,1.6901077684867891,758,False,False,False,53.51,2024-09-20,2.4504461558109267,LOSS,25.0,commodities
NG=F,SHORT,2024-09-24,2.5510001182556152,2.8191565852038902,2.0146871843590652,785,False,False,False,69.43,2024-09-27,2.8191565852038902,LOSS,3.0,commodities
NG=F,SHORT,2024-10-01,2.8959999084472656,3.1819433763740865,2.324112972593624,790,False,False,False,74.32,2024-10-18,2.324112972593624,WIN,13.0,commodities
NG=F,LONG,2024-10-21,2.312000036239624,2.0506268235773364,2.8347464615641993,804,False,False,False,34.29,2024-10-30,2.8347464615641993,WIN,7.0,commodities
NG=F,LONG,2025-01-29,3.5350000858306885,2.914965584932288,4.7750690876274895,872,False,False,False,43.83,2025-03-10,4.7750690876274895,WIN,27.0,commodities
NG=F,LONG,2025-04-09,3.815999984741211,3.2634229524412217,4.921154049341189,921,False,True,True,35.0,2025-04-15,3.2634229524412217,LOSS,4.0,commodities
NG=F,SHORT,2025-06-20,3.8469998836517334,4.245513176663133,3.0499732976289344,970,False,False,False,64.68,2025-07-28,3.0499732976289344,WIN,26.0,commodities
NG=F,SHORT,2025-09-10,3.0290000438690186,3.298902899064613,2.4891943334778297,1027,True,False,False,59.61,2025-09-29,3.298902899064613,LOSS,13.0,commodities
NG=F,SHORT,2025-10-02,3.441999912261963,3.7595181171996574,2.8069635023865738,1043,False,False,False,70.51,2025-10-30,3.7595181171996574,LOSS,20.0,commodities
NG=F,LONG,2025-12-10,4.59499979019165,4.081124092792144,5.622751184990664,1091,False,False,False,50.67,2025-12-12,4.081124092792144,LOSS,2.0,commodities
NG=F,LONG,2025-12-17,4.02400016784668,3.5138632020096288,5.0442740995207815,1096,False,True,True,35.72,2026-01-05,3.5138632020096288,LOSS,11.0,commodities
NG=F,SHORT,2026-01-29,3.9179999828338623,5.818102871964694,0.11779420457219913,1124,True,True,False,82.79,,,OPEN,,commodities
CT=F,LONG,2022-06-30,103.94000244140625,93.15536766151172,125.50927200119531,223,False,False,False,22.12,2022-07-14,93.15536766151172,LOSS,9.0,commodities
CT=F,SHORT,2022-08-17,118.31999969482422,125.85723265555903,103.2455337733546,256,False,True,True,75.09,2022-09-16,103.2455337733546,WIN,21.0,commodities
CT=F,SHORT,2022-11-09,86.5,93.7567057573665,71.98658848526699,315,False,False,False,57.47,2024-02-14,93.7567057573665,LOSS,317.0,commodities
CT=F,LONG,2024-03-13,94.9000015258789,89.96154402710678,104.77691652342315,651,False,False,False,51.92,2024-04-03,89.96154402710678,LOSS,14.0,commodities
CT=F,SHORT,2024-05-29,81.0999984741211,85.42682971671661,72.44633598893006,704,False,False,False,59.89,2024-06-04,72.44633598893006,WIN,4.0,commodities
CT=F,SHORT,2024-07-19,69.9800033569336,73.28549224063347,63.369025589533834,739,False,False,False,52.3,2024-09-20,73.28549224063347,LOSS,44.0,commodities
CT=F,LONG,2024-11-19,66.88999938964844,64.49684012429822,71.67631792034888,825,False,False,False,28.39,2024-11-25,71.67631792034888,WIN,4.0,commodities
CT=F,SHORT,2024-11-29,73.3499984741211,75.87768366172014,68.294628098923,832,False,True,True,67.18,2024-12-18,68.294628098923,WIN,13.0,commodities
CT=F,SHORT,2025-02-13,66.83000183105469,68.73216187100532,63.02568175115343,883,False,False,False,52.92,2025-03-05,63.02568175115343,WIN,13.0,commodities
CT=F,SHORT,2025-03-13,66.52999877929688,68.44602257057564,62.69795119673935,902,False,True,True,58.03,2025-04-02,68.44602257057564,LOSS,14.0,commodities
CT=F,SHORT,2025-05-07,70.47000122070312,73.65616614020034,64.0976713817087,940,False,False,False,68.88,2025-06-20,64.0976713817087,WIN,30.0,commodities
CT=F,SHORT,2025-06-30,66.27999877929688,68.74306574441306,61.35386484906451,976,False,True,True,62.96,2025-11-20,61.35386484906451,WIN,102.0,commodities
CT=F,LONG,2026-01-27,63.83000183105469,62.42269980643447,66.64460588029512,1122,False,False,False,33.33,2026-02-02,62.42269980643447,LOSS,4.0,commodities
CT=F,LONG,2026-02-09,61.61000061035156,60.044422385922324,64.74115705921004,1131,False,False,False,23.36,2026-02-25,64.74115705921004,WIN,11.0,commodities
CT=F,SHORT,2026-03-11,65.16999816894531,66.86621846621574,61.777557574404454,1152,False,False,False,67.03,2026-03-16,66.86621846621574,LOSS,3.0,commodities
CT=F,SHORT,2026-03-18,68.69999694824219,70.71174713135439,64.67649658201779,1157,False,False,False,79.58,2026-03-30,70.71174713135439,LOSS,8.0,commodities
CT=F,LONG,2026-05-28,76.7699966430664,72.079509011066,86.15097190706723,1206,False,False,False,40.11,2026-06-09,72.079509011066,LOSS,8.0,commodities
CT=F,SHORT,2026-07-08,76.20999908447266,79.62166738067027,69.38666249207742,1233,False,False,False,58.31,2026-07-10,79.62166738067027,LOSS,2.0,commodities
CT=F,SHORT,2026-07-16,77.69000244140625,81.49924231542148,70.07152269337578,1239,True,False,False,66.26,2026-08-05,81.49924231542148,LOSS,14.0,commodities
ZS=F,LONG,2022-06-24,1610.75,1534.5364430633815,1763.177113873237,219,False,True,True,32.74,2022-07-15,1534.5364430633815,LOSS,14.0,commodities
ZS=F,LONG,2022-07-18,1497.25,1388.6358094241316,1714.4783811517368,234,False,False,False,29.35,2022-08-10,1714.4783811517368,WIN,17.0,commodities
ZS=F,LONG,2022-10-03,1374.0,1301.3015417277918,1519.3969165444164,288,False,False,False,30.94,2022-12-30,1519.3969165444164,WIN,62.0,commodities
ZS=F,SHORT,2023-01-03,1487.25,1535.940299015131,1389.8694019697382,351,False,True,True,66.19,2023-01-12,1535.940299015131,LOSS,7.0,commodities
ZS=F,LONG,2023-03-01,1504.25,1464.6471735813766,1583.4556528372468,390,False,True,True,37.56,2023-03-20,1464.6471735813766,LOSS,13.0,commodities
ZS=F,LONG,2023-03-24,1428.25,1382.7114079120854,1519.3271841758292,407,False,False,False,24.13,2023-04-03,1519.3271841758292,WIN,6.0,commodities
ZS=F,LONG,2023-05-22,1341.25,1286.9573895001338,1449.8352209997324,447,False,False,False,18.76,2023-05-31,1286.9573895001338,LOSS,6.0,commodities
ZS=F,SHORT,2023-06-12,1372.75,1426.4999244084556,1265.2501511830887,461,False,False,False,54.75,2023-06-15,1426.4999244084556,LOSS,3.0,commodities
ZS=F,SHORT,2023-06-22,1500.5,1564.7153220140817,1372.0693559718366,468,False,False,False,74.38,2023-06-30,1564.7153220140817,LOSS,6.0,commodities
ZS=F,LONG,2023-08-03,1428.75,1356.4456115508572,1573.3587768982857,497,False,False,False,38.78,2023-08-11,1356.4456115508572,LOSS,6.0,commodities
ZS=F,LONG,2023-08-16,1334.75,1262.5160558068953,1479.2178883862093,506,False,False,False,25.97,2023-10-03,1262.5160558068953,LOSS,33.0,commodities
ZS=F,SHORT,2023-10-20,1302.25,1344.0109766414769,1218.7280467170463,552,False,False,False,56.1,2023-11-06,1344.0109766414769,LOSS,11.0,commodities
ZS=F,SHORT,2023-11-08,1349.0,1392.0104495090666,1262.9791009818668,565,False,True,True,66.2,2023-11-15,1392.0104495090666,LOSS,5.0,commodities
ZS=F,LONG,2024-01-09,1241.5,1204.248767314557,1316.002465370886,606,False,False,False,28.09,2024-01-18,1204.248767314557,LOSS,6.0,commodities
ZS=F,SHORT,2024-03-18,1187.75,1221.7491320906893,1119.7517358186215,653,False,False,False,62.3,2024-03-21,1221.7491320906893,LOSS,3.0,commodities
ZS=F,SHORT,2024-03-22,1192.5,1228.8116074459126,1119.8767851081748,657,False,False,False,64.75,2024-05-06,1228.8116074459126,LOSS,30.0,commodities
ZS=F,SHORT,2024-05-08,1212.75,1251.6842894402655,1134.881421119469,689,False,True,True,69.49,2024-05-23,1251.6842894402655,LOSS,11.0,commodities
ZS=F,LONG,2024-07-17,1097.25,1056.3002343892292,1179.1495312215416,736,False,False,False,30.65,2024-07-29,1056.3002343892292,LOSS,8.0,commodities
ZS=F,LONG,2024-08-01,1022.0,975.0904445055428,1115.8191109889144,747,False,False,False,24.64,2024-08-15,975.0904445055428,LOSS,10.0,commodities
ZS=F,SHORT,2024-09-06,989.25,1026.4387086035545,914.8725827928911,772,False,False,False,53.37,2024-09-23,1026.4387086035545,LOSS,11.0,commodities
ZS=F,SHORT,2024-09-24,1042.25,1077.2469828039698,972.2560343920604,784,False,True,True,64.15,2024-10-17,972.2560343920604,WIN,17.0,commodities
ZS=F,LONG,2024-12-19,963.0,932.423405401028,1024.153189197944,845,False,False,False,29.0,2025-01-13,1024.153189197944,WIN,15.0,commodities
ZS=F,SHORT,2025-01-16,1019.0,1052.5510892743605,951.897821451279,863,False,True,True,70.4,2025-01-21,1052.5510892743605,LOSS,2.0,commodities
ZS=F,LONG,2025-03-05,997.75,963.3685610439294,1066.5128779121412,895,False,False,False,30.13,2025-05-13,1066.5128779121412,WIN,48.0,commodities
ZS=F,LONG,2025-06-03,1040.75,1012.1671439547432,1097.9157120905136,957,False,True,False,41.68,2025-07-10,1012.1671439547432,LOSS,25.0,commodities
ZS=F,SHORT,2025-08-14,1008.5,1037.976049560109,949.547900879782,1007,False,False,False,62.11,2025-08-22,1037.976049560109,LOSS,6.0,commodities
ZS=F,SHORT,2025-10-24,1041.75,1064.9591892342776,995.3316215314449,1057,False,False,False,65.76,2025-10-27,1064.9591892342776,LOSS,1.0,commodities
ZS=F,SHORT,2025-11-04,1108.25,1141.6682713461767,1041.4134573076467,1064,False,False,False,84.2,2025-11-17,1141.6682713461767,LOSS,9.0,commodities
ZS=F,LONG,2025-12-10,1091.25,1060.4183281385997,1152.9133437228006,1089,False,False,False,40.53,2025-12-16,1060.4183281385997,LOSS,4.0,commodities
ZS=F,SHORT,2026-01-29,1072.25,1099.729312486027,1017.2913750279458,1122,False,False,False,58.67,2026-02-04,1099.729312486027,LOSS,4.0,commodities
ZS=F,SHORT,2026-02-09,1110.75,1146.5464674305654,1039.1570651388693,1129,False,False,False,71.08,2026-02-20,1146.5464674305654,LOSS,8.0,commodities
ZS=F,LONG,2026-03-17,1157.0,1113.0247897320637,1244.9504205358726,1154,False,False,False,50.3,2026-06-08,1113.0247897320637,LOSS,57.0,commodities
ZS=F,LONG,2026-06-10,1123.0,1088.5227309347392,1191.9545381305215,1213,False,True,True,27.35,2026-07-07,1191.9545381305215,WIN,17.0,commodities
ZS=F,SHORT,2026-07-09,1179.75,1218.5253298932741,1102.1993402134517,1232,False,False,False,68.23,2026-07-20,1218.5253298932741,LOSS,7.0,commodities
KC=F,SHORT,2022-06-03,232.39999389648438,246.37251011187897,204.4549614656952,205,False,False,False,64.34,2022-07-14,204.4549614656952,WIN,27.0,commodities
KC=F,LONG,2022-07-15,203.6999969482422,192.48337429161904,226.13324226148848,233,False,False,False,29.33,2022-08-12,226.13324226148848,WIN,20.0,commodities
KC=F,SHORT,2022-08-26,242.0,256.4661263133387,213.06774737332262,263,False,False,False,68.97,2022-10-12,213.06774737332262,WIN,32.0,commodities
KC=F,LONG,2022-10-21,190.89999389648438,177.47962997703365,217.74072173538582,302,False,False,False,24.91,2022-10-28,177.47962997703365,LOSS,5.0,commodities
KC=F,LONG,2022-10-31,177.6999969482422,163.29200180041488,206.5159872438968,308,False,False,False,14.6,2022-11-10,163.29200180041488,LOSS,8.0,commodities
KC=F,SHORT,2022-12-01,163.35000610351562,174.90060706906652,140.24880417241383,330,False,False,False,47.57,2022-12-28,174.90060706906652,LOSS,18.0,commodities
KC=F,LONG,2023-01-12,149.39999389648438,138.1670219540962,171.8659377812607,358,False,False,False,27.13,2023-01-31,171.8659377812607,WIN,12.0,commodities
KC=F,SHORT,2023-02-01,175.89999389648438,187.42984603216678,152.84028962511957,371,False,True,True,73.05,2023-02-17,187.42984603216678,LOSS,12.0,commodities
KC=F,SHORT,2023-04-14,193.39999389648438,205.35480395330285,169.49037378284743,421,False,False,False,67.47,2023-04-18,205.35480395330285,LOSS,2.0,commodities
KC=F,SHORT,2023-04-19,202.5500030517578,215.36024912646988,176.92951090233367,424,False,False,False,71.78,2023-05-30,176.92951090233367,WIN,28.0,commodities
KC=F,LONG,2023-05-31,178.64999389648438,169.59096119771746,196.7680592940182,453,False,False,False,33.54,2023-06-21,169.59096119771746,LOSS,14.0,commodities
KC=F,LONG,2023-06-26,167.9499969482422,157.11635660698886,189.61727763074884,470,False,False,False,32.17,2023-07-17,157.11635660698886,LOSS,14.0,commodities
KC=F,SHORT,2023-09-20,158.1999969482422,166.86331556543112,140.87335971386432,530,False,True,True,71.98,2023-10-23,166.86331556543112,LOSS,23.0,commodities
KC=F,SHORT,2023-10-25,162.3000030517578,171.07559266846917,144.7488238183351,555,True,True,True,74.77,2023-11-03,171.07559266846917,LOSS,7.0,commodities
KC=F,SHORT,2023-12-19,202.39999389648438,215.46525050041006,176.269480688633,594,False,False,False,72.47,2024-01-18,176.269480688633,WIN,19.0,commodities
KC=F,LONG,2024-03-21,185.6999969482422,176.82086368214033,203.4582634804459,657,False,True,True,38.23,2024-04-03,203.4582634804459,WIN,8.0,commodities
KC=F,SHORT,2024-04-10,214.64999389648438,225.4551259037387,193.03972988197575,670,False,False,False,73.41,2024-04-12,225.4551259037387,LOSS,2.0,commodities
KC=F,SHORT,2024-04-18,239.85000610351562,255.87601823586985,207.79798183880717,676,False,False,False,88.12,2024-05-03,207.79798183880717,WIN,11.0,commodities
KC=F,SHORT,2024-07-10,245.6999969482422,259.2290940896963,218.641802665334,732,False,False,False,69.65,2024-08-27,259.2290940896963,LOSS,34.0,commodities
KC=F,LONG,2024-10-04,257.3500061035156,242.60429190593953,286.8414344986678,793,False,False,False,44.78,2024-11-01,242.60429190593953,LOSS,20.0,commodities
KC=F,SHORT,2024-11-19,279.75,297.0981047198378,245.0537905603244,825,False,False,False,68.61,2024-11-21,297.0981047198378,LOSS,2.0,commodities
KC=F,SHORT,2024-11-29,321.6499938964844,340.3119983744798,284.3259849404935,832,False,False,False,84.41,2024-12-10,340.3119983744798,LOSS,7.0,commodities
KC=F,SHORT,2025-02-07,404.3500061035156,427.19477089657136,358.66047651740416,879,False,False,False,88.28,2025-02-10,427.19477089657136,LOSS,1.0,commodities
KC=F,LONG,2025-04-11,357.70001220703125,328.24802564722927,416.6039853266352,923,True,True,True,28.79,2025-04-28,416.6039853266352,WIN,10.0,commodities
KC=F,SHORT,2025-04-29,412.6499938964844,439.4983845633199,358.9532125628133,934,False,False,False,70.57,2025-05-23,358.9532125628133,WIN,18.0,commodities
KC=F,SHORT,2025-07-17,312.5,327.91508653463035,281.6698269307393,989,False,False,False,51.84,2025-08-14,327.91508653463035,LOSS,20.0,commodities
KC=F,SHORT,2025-08-18,343.6000061035156,366.24401413142243,298.311990047702,1011,False,False,False,68.98,2025-08-21,366.24401413142243,LOSS,3.0,commodities
KC=F,SHORT,2025-08-25,389.95001220703125,414.54932483067864,340.75138695973646,1016,False,False,False,81.91,2025-09-15,414.54932483067864,LOSS,14.0,commodities
KC=F,LONG,2025-09-24,367.75,340.40649417853336,422.43701164293327,1037,False,False,False,38.88,2025-10-22,422.43701164293327,WIN,20.0,commodities
KC=F,LONG,2025-12-10,400.79998779296875,379.88717759944154,442.62560818002316,1091,False,False,False,43.12,2025-12-17,379.88717759944154,LOSS,5.0,commodities
KC=F,LONG,2025-12-22,347.3500061035156,326.48488498700607,389.08024833653474,1099,False,False,False,24.13,2026-02-03,326.48488498700607,LOSS,28.0,commodities
KC=F,SHORT,2026-03-10,300.54998779296875,314.4535393306879,272.7428847175305,1151,False,False,False,50.27,2026-03-24,314.4535393306879,LOSS,10.0,commodities
KC=F,SHORT,2026-03-25,316.1000061035156,332.12300620018476,284.05400591017735,1162,False,True,True,62.94,2026-05-18,284.05400591017735,WIN,37.0,commodities
KC=F,LONG,2026-05-21,273.3999938964844,259.3400663369012,301.5198490156507,1202,False,False,False,29.81,2026-06-02,259.3400663369012,LOSS,7.0,commodities
KC=F,SHORT,2026-06-18,275.1000061035156,292.0628106806507,241.17439694924542,1221,False,False,False,59.37,2026-06-24,292.0628106806507,LOSS,3.0,commodities
KC=F,SHORT,2026-06-25,288.79998779296875,307.93963961852285,250.52068414186056,1225,False,True,True,67.53,2026-06-30,307.93963961852285,LOSS,3.0,commodities
KC=F,SHORT,2026-07-02,315.6499938964844,335.95697359948014,275.03603449049285,1230,False,False,False,78.9,2026-07-06,335.95697359948014,LOSS,1.0,commodities
KC=F,SHORT,2026-07-07,331.6000061035156,358.02235252900607,278.75531325253473,1232,False,False,False,82.03,,,OPEN,,commodities
SB=F,LONG,2022-10-04,17.90999984741211,17.010124897136965,19.709749747962398,289,False,False,False,36.51,2022-11-11,19.709749747962398,WIN,28.0,commodities
SB=F,SHORT,2022-11-16,20.270000457763672,21.035881489816393,18.73823839365823,320,False,False,False,79.36,2022-12-23,21.035881489816393,LOSS,26.0,commodities
SB=F,LONG,2023-01-09,19.170000076293945,18.324153775434212,20.861692678013412,355,False,True,True,34.46,2023-01-27,20.861692678013412,WIN,13.0,commodities
SB=F,LONG,2023-03-03,20.920000076293945,19.73660082516197,23.2867985785579,392,False,False,False,40.68,2023-04-06,23.2867985785579,WIN,24.0,commodities
SB=F,SHORT,2023-04-12,24.049999237060547,25.199087569684824,21.751822571811992,419,False,False,False,81.52,2023-04-20,25.199087569684824,LOSS,6.0,commodities
SB=F,LONG,2023-05-26,25.3700008392334,24.045325203520882,28.01935211065843,451,False,False,False,42.21,2023-06-26,24.045325203520882,LOSS,19.0,commodities
SB=F,LONG,2023-06-30,22.889999389648438,21.367749617451484,25.934498934042345,474,False,True,True,25.03,2023-09-05,25.934498934042345,WIN,45.0,commodities
SB=F,SHORT,2023-09-06,26.219999313354492,27.645194516643976,23.369608906775525,520,False,False,False,71.85,2023-10-18,27.645194516643976,LOSS,30.0,commodities
SB=F,LONG,2023-12-04,25.809999465942383,24.479591630026036,28.470815137775077,583,False,True,True,28.11,2023-12-06,24.479591630026036,LOSS,2.0,commodities
SB=F,LONG,2023-12-08,23.360000610351562,21.76606798381698,26.547865863420725,587,False,False,False,23.74,2023-12-12,21.76606798381698,LOSS,2.0,commodities
SB=F,SHORT,2024-01-17,22.350000381469727,23.862938353787946,19.324124436833287,612,False,False,False,54.28,2024-01-23,23.862938353787946,LOSS,4.0,commodities
SB=F,SHORT,2024-01-25,24.040000915527344,25.533820684452614,21.052361377676803,618,False,True,True,68.38,2024-03-01,21.052361377676803,WIN,25.0,commodities
SB=F,LONG,2024-03-06,21.450000762939453,19.82562478787518,24.698752713067996,646,False,False,False,33.46,2024-04-16,19.82562478787518,LOSS,28.0,commodities
SB=F,LONG,2024-04-18,19.59000015258789,18.421909845227372,21.926180767308928,676,False,False,False,22.75,2024-05-14,18.421909845227372,LOSS,18.0,commodities
SB=F,SHORT,2024-06-07,19.0,19.933674604008253,17.132650791983494,711,False,False,False,54.27,2024-06-27,19.933674604008253,LOSS,13.0,commodities
SB=F,SHORT,2024-07-01,20.229999542236328,21.224675207037624,18.240648212633737,726,False,True,True,65.9,2024-07-23,18.240648212633737,WIN,15.0,commodities
SB=F,LONG,2024-07-25,18.65999984741211,17.62597959812035,20.72804034599563,743,False,False,False,31.36,2024-08-20,17.62597959812035,LOSS,18.0,commodities
SB=F,SHORT,2024-08-30,19.3799991607666,20.507291931967405,17.125413618364995,769,False,True,True,67.52,2024-09-18,20.507291931967405,LOSS,12.0,commodities
SB=F,SHORT,2024-09-25,23.420000076293945,24.914475199894348,20.43104982909314,786,False,False,False,81.14,2024-12-16,20.43104982909314,WIN,57.0,commodities
SB=F,LONG,2024-12-23,19.540000915527344,18.476336939834567,21.667328866912897,848,False,False,False,29.8,2025-01-14,18.476336939834567,LOSS,14.0,commodities
SB=F,SHORT,2025-01-31,19.350000381469727,20.346437664715076,17.357125814979028,874,False,False,False,54.76,2025-02-14,20.346437664715076,LOSS,10.0,commodities
SB=F,SHORT,2025-05-14,18.059999465942383,18.922779988639903,16.334438420547343,945,False,False,False,55.56,2025-06-06,16.334438420547343,WIN,16.0,commodities
SB=F,SHORT,2025-07-08,16.1299991607666,17.032527632852716,14.324942216594373,982,False,False,False,50.04,2025-08-12,17.032527632852716,LOSS,25.0,commodities
SB=F,SHORT,2025-08-13,16.850000381469727,17.55876438929252,15.43247236582414,1008,False,True,True,62.32,2025-09-08,15.43247236582414,WIN,17.0,commodities
SB=F,LONG,2025-09-09,15.84000015258789,15.240138692314526,17.03972307313462,1026,False,False,False,34.21,2025-09-18,15.240138692314526,LOSS,7.0,commodities
SB=F,SHORT,2025-10-07,16.6299991607666,17.33735781559252,15.215281851114767,1046,False,True,True,69.91,2025-10-21,15.215281851114767,WIN,10.0,commodities
SB=F,SHORT,2025-12-01,14.760000228881836,15.459193532482727,13.361613621680053,1084,False,False,False,60.28,2026-03-19,15.459193532482727,LOSS,74.0,commodities
SB=F,SHORT,2026-03-23,15.520000457763672,16.261556263931297,14.036888845428422,1160,False,True,True,71.85,2026-04-09,14.036888845428422,WIN,12.0,commodities
SB=F,SHORT,2026-07-07,15.140000343322754,15.919459269319711,13.58108249132884,1232,False,False,False,69.87,2026-08-07,15.919459269319711,LOSS,23.0,commodities
ZW=F,LONG,2022-06-02,1058.25,965.1304669664415,1244.489066067117,204,False,True,True,37.3,2022-06-22,965.1304669664415,LOSS,13.0,commodities
ZW=F,SHORT,2022-08-30,798.25,866.4178509713751,661.9142980572499,265,False,False,False,55.84,2022-09-15,866.4178509713751,LOSS,11.0,commodities
ZW=F,LONG,2022-10-20,849.25,781.4359005367687,984.8781989264626,301,False,False,False,43.06,2022-11-23,781.4359005367687,LOSS,24.0,commodities
ZW=F,LONG,2022-11-30,771.5,720.3753147873925,873.7493704252149,329,False,False,False,29.66,2022-12-05,720.3753147873925,LOSS,3.0,commodities
ZW=F,LONG,2022-12-07,727.0,679.9746418035553,821.0507163928894,334,False,False,False,23.48,2023-03-08,679.9746418035553,LOSS,61.0,commodities
ZW=F,LONG,2023-04-28,619.75,582.8508502121383,693.5482995757234,431,False,False,False,26.43,2023-05-31,582.8508502121383,LOSS,22.0,commodities
ZW=F,SHORT,2023-06-26,724.25,772.8617538471365,627.0264923057271,470,False,True,True,75.08,2023-07-12,627.0264923057271,WIN,11.0,commodities
ZW=F,SHORT,2023-09-19,584.0,618.9193506316228,514.1612987367544,529,False,False,False,49.92,2023-12-05,618.9193506316228,LOSS,54.0,commodities
ZW=F,SHORT,2023-12-08,615.0,645.8278886023221,553.3442227953558,586,False,True,True,69.68,2024-03-05,553.3442227953558,WIN,58.0,commodities
ZW=F,LONG,2024-03-08,526.75,495.49127296417,589.26745407166,647,False,False,False,28.28,2024-04-24,589.26745407166,WIN,32.0,commodities
ZW=F,SHORT,2024-04-29,590.25,623.8737609915178,523.0024780169645,682,False,True,True,70.32,2024-05-06,623.8737609915178,LOSS,5.0,commodities
ZW=F,SHORT,2024-05-07,624.75,656.8955065979773,560.4589868040455,688,False,False,False,73.21,2024-05-13,656.8955065979773,LOSS,4.0,commodities
ZW=F,LONG,2024-06-11,626.5,583.50705631041,712.48588737918,712,False,True,True,33.79,2024-06-18,583.50705631041,LOSS,5.0,commodities
ZW=F,LONG,2024-08-27,508.25,477.8907004418339,568.9685991163321,765,False,False,False,29.01,2024-09-13,568.9685991163321,WIN,12.0,commodities
ZW=F,LONG,2024-10-22,576.0,546.9854924238392,634.0290151523216,804,False,True,False,44.52,2024-11-13,546.9854924238392,LOSS,16.0,commodities
ZW=F,LONG,2024-11-15,536.5,507.0655421781859,595.3689156436282,822,False,False,False,26.13,2025-02-14,595.3689156436282,WIN,61.0,commodities
ZW=F,LONG,2025-03-05,530.75,500.18927208977794,591.8714558204441,895,False,False,False,29.15,2025-05-12,500.18927208977794,LOSS,47.0,commodities
ZW=F,SHORT,2025-05-22,544.5,567.3631417375246,498.7737165249507,950,False,True,True,62.35,2025-06-18,567.3631417375246,LOSS,18.0,commodities
ZW=F,LONG,2025-08-04,516.75,494.9588760345257,560.3322479309486,999,False,False,False,36.86,2025-08-20,494.9588760345257,LOSS,12.0,commodities
ZW=F,SHORT,2025-09-18,524.25,542.681851217969,487.38629756406203,1031,False,True,True,60.61,2025-11-03,542.681851217969,LOSS,32.0,commodities
ZW=F,SHORT,2025-11-06,535.5,556.9876554256775,492.52468914864494,1066,True,False,False,74.66,2026-02-19,556.9876554256775,LOSS,70.0,commodities
ZW=F,LONG,2026-04-13,582.25,548.6317468515265,649.486506296947,1172,False,False,False,40.73,2026-04-28,649.486506296947,WIN,11.0,commodities
ZW=F,SHORT,2026-04-29,642.25,676.6090845282912,573.5318309434176,1184,False,False,False,71.83,2026-05-19,676.6090845282912,LOSS,14.0,commodities
ZW=F,LONG,2026-06-08,583.25,551.6888425103529,646.3723149792943,1211,False,True,True,32.92,2026-07-15,646.3723149792943,WIN,25.0,commodities
ZW=F,SHORT,2026-07-20,674.0,710.6909146981809,600.6181706036382,1239,False,False,False,74.48,2026-07-24,710.6909146981809,LOSS,4.0,commodities
CC=F,LONG,2022-06-15,2332.0,2230.0115446757036,2535.976910648593,213,False,False,False,30.43,2022-07-14,2230.0115446757036,LOSS,19.0,commodities
CC=F,SHORT,2022-07-27,2355.0,2455.279472071498,2154.4410558570044,241,False,False,False,57.24,2022-11-04,2455.279472071498,LOSS,71.0,commodities
CC=F,SHORT,2022-11-11,2520.0,2626.4881115650746,2307.0237768698507,317,False,False,False,73.07,2022-12-23,2626.4881115650746,LOSS,29.0,commodities
CC=F,SHORT,2023-02-23,2729.0,2827.337349328077,2532.325301343846,386,False,False,False,72.78,2023-03-01,2827.337349328077,LOSS,4.0,commodities
CC=F,LONG,2023-05-05,3109.0,2992.2098292705396,3342.580341458921,436,False,False,False,51.76,2023-05-16,2992.2098292705396,LOSS,7.0,commodities
CC=F,LONG,2023-05-19,3068.0,2932.6198063377205,3338.760387324559,446,False,False,False,41.09,2023-07-05,3338.760387324559,WIN,30.0,commodities
CC=F,SHORT,2023-07-27,3529.0,3655.831254009375,3275.3374919812504,492,False,False,False,72.65,2023-08-08,3275.3374919812504,WIN,8.0,commodities
CC=F,LONG,2023-08-14,3321.0,3160.485495658761,3642.029008682478,504,False,False,False,40.05,2023-09-12,3642.029008682478,WIN,20.0,commodities
CC=F,LONG,2023-12-06,4241.0,4078.28911975771,4566.42176048458,584,False,False,False,56.16,2024-01-08,4078.28911975771,LOSS,21.0,commodities
CC=F,LONG,2024-01-09,4162.0,4004.1217014084054,4477.756597183189,606,False,False,False,38.24,2024-01-17,4477.756597183189,WIN,5.0,commodities
CC=F,SHORT,2024-01-25,4625.0,4852.244929393691,4170.510141212619,617,False,False,False,77.69,2024-01-31,4852.244929393691,LOSS,4.0,commodities
CC=F,SHORT,2024-02-09,5888.0,6251.097383713648,5161.805232572704,628,False,False,False,89.44,2024-02-21,6251.097383713648,LOSS,7.0,commodities
CC=F,LONG,2024-04-24,11043.0,9622.849179135588,13883.301641728824,679,False,False,False,56.99,2024-04-30,9622.849179135588,LOSS,4.0,commodities
CC=F,LONG,2024-05-07,9593.0,8191.677594803607,12395.644810392787,688,True,False,False,37.2,2024-05-13,8191.677594803607,LOSS,4.0,commodities
CC=F,SHORT,2024-08-08,8178.0,9173.81410889898,6186.371782202041,752,False,True,False,56.29,2024-08-09,9173.81410889898,LOSS,1.0,commodities
CC=F,SHORT,2024-08-12,8731.0,9794.22747144861,6604.5450571027795,754,False,False,False,60.43,2024-08-23,9794.22747144861,LOSS,9.0,commodities
CC=F,SHORT,2024-08-26,9880.0,10862.652664548996,7914.6946709020085,764,False,False,False,65.85,2024-09-16,7914.6946709020085,WIN,14.0,commodities
CC=F,LONG,2024-09-23,7786.0,6783.932940424644,9790.134119150713,783,False,True,True,33.59,2024-10-24,6783.932940424644,LOSS,23.0,commodities
CC=F,SHORT,2024-11-18,8404.0,9253.571586334147,6704.856827331707,823,False,False,False,67.26,2024-12-05,9253.571586334147,LOSS,12.0,commodities
CC=F,LONG,2024-12-30,11507.0,10135.121586153355,14250.75682769329,851,False,False,False,46.48,2025-02-06,10135.121586153355,LOSS,26.0,commodities
CC=F,LONG,2025-02-11,10131.0,9032.643102955946,12327.713794088108,880,False,True,True,33.32,2025-02-21,9032.643102955946,LOSS,7.0,commodities
CC=F,LONG,2025-02-25,8675.0,7644.98859612863,10735.02280774274,889,False,False,False,26.14,2025-03-21,7644.98859612863,LOSS,18.0,commodities
CC=F,SHORT,2025-04-04,8512.0,9384.963966054773,6766.0720678904545,917,False,False,False,64.28,2025-04-23,9384.963966054773,LOSS,12.0,commodities
CC=F,SHORT,2025-05-20,10874.0,11690.573813613233,9240.852372773534,948,False,False,False,73.18,2025-05-29,9240.852372773534,WIN,6.0,commodities
CC=F,LONG,2025-06-23,9189.0,8103.624435318999,11359.751129362003,970,False,True,True,33.95,2025-07-17,8103.624435318999,LOSS,18.0,commodities
CC=F,LONG,2025-07-18,7800.0,7064.392349740416,9271.215300519169,989,False,False,False,27.39,2025-08-11,9271.215300519169,WIN,16.0,commodities
CC=F,SHORT,2025-08-12,8793.0,9599.419253994853,7180.161492010295,1006,False,True,True,54.52,2025-09-08,7180.161492010295,WIN,18.0,commodities
CC=F,LONG,2025-10-06,6283.0,5799.997206642927,7249.0055867141455,1044,False,False,False,24.57,2025-10-13,5799.997206642927,LOSS,5.0,commodities
CC=F,LONG,2025-10-14,5899.0,5413.055321602678,6870.889356794643,1050,False,False,False,21.8,2025-11-13,5413.055321602678,LOSS,22.0,commodities
CC=F,SHORT,2025-12-12,6226.0,6555.298513660413,5567.402972679174,1092,False,True,True,68.19,2026-01-09,5567.402972679174,WIN,18.0,commodities
CC=F,LONG,2026-01-22,4469.0,3874.4524630617134,5658.095073876573,1118,False,False,False,26.19,2026-02-10,3874.4524630617134,LOSS,13.0,commodities
CC=F,SHORT,2026-03-12,3223.0,3503.568432552725,2661.86313489455,1152,False,False,False,46.32,2026-04-14,3503.568432552725,LOSS,22.0,commodities
CC=F,SHORT,2026-04-15,3477.0,3790.198666318761,2850.6026673624783,1175,False,False,False,62.26,2026-05-04,3790.198666318761,LOSS,13.0,commodities
CC=F,SHORT,2026-05-08,4113.0,4410.22862728869,3518.542745422619,1192,False,True,True,78.28,2026-05-11,4410.22862728869,LOSS,1.0,commodities
CC=F,SHORT,2026-05-12,4503.0,4851.702234754024,3805.5955304919516,1194,False,True,True,75.26,2026-05-18,3805.5955304919516,WIN,4.0,commodities
CC=F,SHORT,2026-06-26,5014.0,5448.263379423659,4145.473241152682,1225,False,False,False,78.83,2026-07-07,5448.263379423659,LOSS,6.0,commodities
ZC=F,LONG,2022-06-03,727.0,690.4356215400795,800.128756919841,205,False,True,True,32.06,2022-07-15,690.4356215400795,LOSS,28.0,commodities
ZC=F,LONG,2022-07-20,592.25,530.5732447510073,715.6035104979853,236,False,False,False,24.72,2022-09-12,715.6035104979853,WIN,37.0,commodities
ZC=F,LONG,2022-11-14,657.25,633.8711112875621,704.0077774248757,318,False,False,False,36.33,2022-12-02,633.8711112875621,LOSS,13.0,commodities
ZC=F,LONG,2022-12-07,627.75,604.7877724126478,673.6744551747045,334,False,False,False,24.9,2022-12-27,673.6744551747045,WIN,13.0,commodities
ZC=F,SHORT,2022-12-29,679.5,698.6889558111567,641.1220883776866,349,False,False,False,68.16,2023-02-28,641.1220883776866,WIN,40.0,commodities
ZC=F,LONG,2023-03-01,640.5,619.2267402336744,683.0465195326512,390,False,False,False,24.67,2023-03-09,619.2267402336744,LOSS,6.0,commodities
ZC=F,SHORT,2023-04-03,657.75,679.6764433703821,613.8971132592358,413,False,True,True,63.72,2023-04-18,679.6764433703821,LOSS,10.0,commodities
ZC=F,LONG,2023-05-22,571.0,535.9890877369708,641.0218245260585,447,False,False,False,19.02,2023-06-20,641.0218245260585,WIN,19.0,commodities
ZC=F,SHORT,2023-06-22,660.5,695.4686599136162,590.5626801727676,468,False,False,False,71.69,2023-06-28,590.5626801727676,WIN,4.0,commodities
ZC=F,SHORT,2023-09-21,475.25,497.37905222884393,430.99189554231214,531,False,False,False,54.33,2023-10-05,497.37905222884393,LOSS,10.0,commodities
ZC=F,SHORT,2023-10-06,492.0,512.2408225409586,451.5183549180829,542,False,False,False,61.54,2023-11-28,451.5183549180829,WIN,36.0,commodities
ZC=F,SHORT,2023-12-19,472.75,490.62104017009955,437.0079196598009,593,False,True,True,56.63,2024-01-18,437.0079196598009,WIN,19.0,commodities
ZC=F,LONG,2024-02-20,418.75,404.362067471613,447.525865056774,634,False,False,False,21.93,2024-02-22,404.362067471613,LOSS,2.0,commodities
ZC=F,LONG,2024-02-26,407.0,390.5118247359626,439.9763505280748,638,True,False,False,17.08,2024-03-15,439.9763505280748,WIN,14.0,commodities
ZC=F,SHORT,2024-03-18,436.0,452.43278651465715,403.1344269706857,653,False,True,True,61.21,2024-05-03,452.43278651465715,LOSS,33.0,commodities
ZC=F,LONG,2024-06-06,452.0,434.0997683871309,487.8004632257382,709,False,True,False,39.21,2024-06-24,434.0997683871309,LOSS,11.0,commodities
ZC=F,LONG,2024-07-02,402.0,382.04597886053995,441.9080422789201,726,False,False,False,23.61,2024-07-31,382.04597886053995,LOSS,20.0,commodities
ZC=F,SHORT,2024-09-06,383.75,399.6777947052133,351.89441058957345,772,False,False,False,58.08,2024-09-16,399.6777947052133,LOSS,6.0,commodities
ZC=F,SHORT,2024-09-19,405.75,421.8619194457271,373.5261611085458,781,False,True,True,70.79,2024-09-30,421.8619194457271,LOSS,7.0,commodities
ZC=F,LONG,2025-02-12,490.25,470.6808989155874,529.3882021688252,881,False,False,False,52.74,2025-02-27,470.6808989155874,LOSS,10.0,commodities
ZC=F,LONG,2025-03-06,449.5,427.4892762084437,493.5214475831126,896,True,True,True,28.01,2025-06-23,427.4892762084437,LOSS,74.0,commodities
ZC=F,SHORT,2025-08-26,387.5,401.59229031741063,359.31541936517874,1015,False,False,False,50.35,2025-09-02,401.59229031741063,LOSS,4.0,commodities
ZC=F,SHORT,2025-09-03,397.75,413.0797830681084,367.09043386378323,1020,False,False,False,62.49,2025-09-15,413.0797830681084,LOSS,8.0,commodities
ZC=F,SHORT,2025-09-17,426.75,443.5195918906274,393.2108162187452,1030,False,False,False,74.87,2025-12-18,443.5195918906274,LOSS,65.0,commodities
ZC=F,LONG,2026-01-16,424.75,411.62909904640856,450.9918019071829,1114,False,False,False,33.48,2026-03-09,450.9918019071829,WIN,34.0,commodities
ZC=F,SHORT,2026-03-17,454.0,470.25440464681367,421.49119070637266,1154,False,False,False,67.62,2026-03-23,470.25440464681367,LOSS,4.0,commodities
ZC=F,LONG,2026-04-13,440.25,423.4236651471128,473.90266970577443,1172,False,True,True,39.0,2026-05-04,473.90266970577443,WIN,15.0,commodities
ZC=F,LONG,2026-06-08,418.75,399.91498625019835,456.4200274996033,1211,False,False,False,26.44,2026-06-29,399.91498625019835,LOSS,14.0,commodities
